CREATE TABLE Departments (
    DepartmentID INT PRIMARY KEY,
    DepartmentName VARCHAR(100),
    Location VARCHAR(100),
    ManagerID INT,
    Budget DECIMAL(15, 2),
    PhoneNumber VARCHAR(20),
    Email VARCHAR(100),
    EstablishedDate DATE,
    NumberOfEmployees INT,
    ParentDepartmentID INT,
    FOREIGN KEY (ParentDepartmentID) REFERENCES Departments(DepartmentID)
);

CREATE TABLE Engineers (
    EngineerID INT PRIMARY KEY,
    FirstName VARCHAR(50),
    LastName VARCHAR(50),
    MiddleName VARCHAR(50),
    BirthDate DATE,
    HireDate DATE,
    Position VARCHAR(100),
    DepartmentID INT,
    Email VARCHAR(100),
    PhoneNumber VARCHAR(20),
    FOREIGN KEY (DepartmentID) REFERENCES Departments(DepartmentID)
);

CREATE TABLE Clients (
    ClientID INT PRIMARY KEY,
    ClientName VARCHAR(100),
    ContactName VARCHAR(100),
    ContactEmail VARCHAR(100),
    ContactPhone VARCHAR(20),
    Address VARCHAR(200),
    City VARCHAR(100),
    Country VARCHAR(100),
    PostalCode VARCHAR(20),
    Industry VARCHAR(100),
    Website VARCHAR(100)
);

CREATE TABLE Projects (
    ProjectID INT PRIMARY KEY,
    ProjectName VARCHAR(100),
    StartDate DATE,
    EndDate DATE,
    Budget DECIMAL(15, 2),
    DepartmentID INT,
    ProjectManagerID INT,
    Status VARCHAR(50),
    ClientID INT,
    Description TEXT,
    FOREIGN KEY (DepartmentID) REFERENCES Departments(DepartmentID),
    FOREIGN KEY (ClientID) REFERENCES Clients(ClientID)
);

CREATE TABLE Tasks (
    TaskID INT PRIMARY KEY,
    TaskName VARCHAR(100),
    ProjectID INT,
    AssignedTo INT,
    StartDate DATE,
    DueDate DATE,
    Status VARCHAR(50),
    Priority VARCHAR(50),
    Description TEXT,
    CompletionDate DATE,
    FOREIGN KEY (ProjectID) REFERENCES Projects(ProjectID)
);

CREATE TABLE Suppliers (
    SupplierID INT PRIMARY KEY,
    SupplierName VARCHAR(100),
    ContactName VARCHAR(100),
    ContactEmail VARCHAR(100),
    ContactPhone VARCHAR(20),
    Address VARCHAR(200),
    City VARCHAR(100),
    Country VARCHAR(100),
    PostalCode VARCHAR(20),
    Website VARCHAR(100)
);

CREATE TABLE Materials (
    MaterialID INT PRIMARY KEY,
    MaterialName VARCHAR(100),
    SupplierID INT,
    UnitPrice DECIMAL(10, 2),
    QuantityInStock INT,
    ReorderLevel INT,
    UnitOfMeasure VARCHAR(50),
    Category VARCHAR(100),
    Description TEXT,
    LastOrderDate DATE,
    FOREIGN KEY (SupplierID) REFERENCES Suppliers(SupplierID)
);

CREATE TABLE Equipment (
    EquipmentID INT PRIMARY KEY,
    EquipmentName VARCHAR(100),
    Manufacturer VARCHAR(100),
    ModelNumber VARCHAR(100),
    PurchaseDate DATE,
    WarrantyExpiryDate DATE,
    DepartmentID INT,
    Location VARCHAR(100),
    Status VARCHAR(50),
    MaintenanceSchedule TEXT,
    FOREIGN KEY (DepartmentID) REFERENCES Departments(DepartmentID)
);

CREATE TABLE MaintenanceRecords (
    MaintenanceID INT PRIMARY KEY,
    EquipmentID INT,
    MaintenanceDate DATE,
    EngineerID INT,
    Description TEXT,
    Cost DECIMAL(10, 2),
    NextScheduledDate DATE,
    Status VARCHAR(50),
    MaintenanceType VARCHAR(100),
    SupplierID INT,
    FOREIGN KEY (EngineerID) REFERENCES Engineers(EngineerID),
    FOREIGN KEY (SupplierID) REFERENCES Suppliers(SupplierID),
    FOREIGN KEY (EquipmentID) REFERENCES Equipment(EquipmentID)
);

CREATE TABLE Certifications (
    CertificationID INT PRIMARY KEY,
    CertificationName VARCHAR(100),
    IssuingOrganization VARCHAR(100),
    IssueDate DATE,
    ExpiryDate DATE,
    EngineerID INT,
    CertificationLevel VARCHAR(50),
    Description TEXT,
    RenewalRequirements TEXT,
    Status VARCHAR(50),
    CertificationNumber VARCHAR(50),
    FOREIGN KEY (EngineerID) REFERENCES Engineers(EngineerID)
);

CREATE TABLE TrainingPrograms (
    TrainingID INT PRIMARY KEY,
    ProgramName VARCHAR(100),
    Provider VARCHAR(100),
    StartDate DATE,
    EndDate DATE,
    Cost DECIMAL(10, 2),
    Location VARCHAR(100),
    Description TEXT,
    EngineerID INT,
    Status VARCHAR(50),
    CertificationID INT,
    FOREIGN KEY (EngineerID) REFERENCES Engineers(EngineerID),
    FOREIGN KEY (CertificationID) REFERENCES Certifications(CertificationID)
);

CREATE TABLE SafetyIncidents (
    IncidentID INT PRIMARY KEY,
    DateOfIncident DATE,
    EngineerID INT,
    Description TEXT,
    Location VARCHAR(100),
    SeverityLevel VARCHAR(50),
    ReportedBy INT,
    CorrectiveActions TEXT,
    Status VARCHAR(50),
    EquipmentID INT,
    FOREIGN KEY (EngineerID) REFERENCES Engineers(EngineerID),
    FOREIGN KEY (EquipmentID) REFERENCES Equipment(EquipmentID)
);

CREATE TABLE DesignDocuments (
    DocumentID INT PRIMARY KEY,
    DocumentName VARCHAR(100),
    ProjectID INT,
    AuthorID INT,
    CreationDate DATE,
    LastModifiedDate DATE,
    Version VARCHAR(50),
    Status VARCHAR(50),
    FilePath VARCHAR(200),
    Description TEXT,
    FOREIGN KEY (ProjectID) REFERENCES Projects(ProjectID)
);

CREATE TABLE QualityAssurance (
    QAID INT PRIMARY KEY,
    ProjectID INT,
    EngineerID INT,
    DateOfInspection DATE,
    Findings TEXT,
    Recommendations TEXT,
    Status VARCHAR(50),
    FollowUpDate DATE,
    QAType VARCHAR(100),
    DocumentID INT,
    FOREIGN KEY (EngineerID) REFERENCES Engineers(EngineerID),
    FOREIGN KEY (ProjectID) REFERENCES Projects(ProjectID),
    FOREIGN KEY (DocumentID) REFERENCES DesignDocuments(DocumentID)
);

CREATE TABLE Budgets (
    BudgetID INT PRIMARY KEY,
    ProjectID INT,
    DepartmentID INT,
    FiscalYear INT,
    TotalBudget DECIMAL(15, 2),
    SpentAmount DECIMAL(15, 2),
    RemainingAmount DECIMAL(15, 2),
    Status VARCHAR(50),
    LastUpdated DATE,
    ApprovedBy INT,
    FOREIGN KEY (DepartmentID) REFERENCES Departments(DepartmentID),
    FOREIGN KEY (ProjectID) REFERENCES Projects(ProjectID)
);


INSERT INTO Departments (DepartmentID, DepartmentName, Location, ManagerID, Budget, PhoneNumber, Email, EstablishedDate, NumberOfEmployees, ParentDepartmentID) VALUES
(101, 'Разработка программного обеспечения', 'Москва', 201, 5000000.00, '+7 (495) 123-4567', 'dev@company.ru', '2005-09-01', 150, NULL),
(102, 'Финансовый отдел', 'Санкт-Петербург', 202, 2000000.00, '+7 (812) 234-5678', 'finance@company.ru', '2007-03-15', 50, NULL),
(103, 'Человеческие ресурсы', 'Новосибирск', 203, 800000.00, '+7 (383) 345-6789', 'hr@company.ru', '2010-11-20', 25, NULL),
(104, 'Отдел маркетинга', 'Екатеринбург', 204, 1200000.00, '+7 (343) 456-7890', 'marketing@company.ru', '2008-07-10', 30, 101),
(105, 'Юридический отдел', 'Казань', 205, 900000.00, '+7 (843) 567-8901', 'legal@company.ru', '2011-04-05', 20, NULL),
(106, 'Аналитический центр', 'Челябинск', 206, 1500000.00, '+7 (351) 678-9012', 'analytics@company.ru', '2013-02-14', 40, 102),
(107, 'Отдел контроля качества', 'Самара', 207, 1100000.00, '+7 (846) 789-0123', 'quality@company.ru', '2014-12-01', 35, 101),
(108, 'Отдел закупок', 'Омск', 208, 700000.00, '+7 (381) 890-1234', 'purchasing@company.ru', '2009-11-11', 15, 105),
(109, 'Отдел поддержки клиентов', 'Ростов-на-Дону', 209, 650000.00, '+7 (863) 901-2345', 'support@company.ru', '2017-05-23', 80, NULL),
(110, 'Отдел исследований и разработок', 'Уфа', 210, 3000000.00, '+7 (347) 012-3456', 'rnd@company.ru', '2012-08-19', 60, 101),
(111, 'Технический отдел', 'Красноярск', 211, 1000000.00, '+7 (391) 123-4567', 'tech@company.ru', '2006-10-30', 40, NULL),
(112, 'Учебный центр', 'Воронеж', 212, 500000.00, '+7 (473) 234-5678', 'training@company.ru', '2015-01-25', 10, 103),
(113, 'Организационный отдел', 'Волгоград', 213, 400000.00, '+7 (844) 345-6789', 'organization@company.ru', '2018-09-02', 12, 101),
(114, 'Служба безопасности', 'Пермь', 214, 550000.00, '+7 (342) 456-7890', 'security@company.ru', '2007-02-14', 18, NULL),
(115, 'Отдел внутренних ИТ-сервисов', 'Воронеж', 215, 600000.00, '+7 (473) 567-8901', 'itservices@company.ru', '2016-03-12', 22, 111),
(116, 'Отдел транспортировки', 'Краснодар', 216, 750000.00, '+7 (861) 678-9012', 'transport@company.ru', '2008-06-17', 28, NULL),
(117, 'Отдел управления проектами', 'Тольятти', 217, 950000.00, '+7 (848) 789-0123', 'pm@company.ru', '2009-10-08', 32, 107),
(118, 'Отдел инноваций', 'Ижевск', 218, 1750000.00, '+7 (341) 890-1234', 'innovation@company.ru', '2013-07-22', 45, 101),
(119, 'Служба поддержки ИТ', 'Кемерово', 219, 720000.00, '+7 (384) 901-2345', 'itsupport@company.ru', '2015-12-03', 30, 111),
(120, 'Отдел развития регионов', 'Саратов', 220, 820000.00, '+7 (845) 012-3456', 'regionaldev@company.ru', '2019-04-18', 26, NULL),
(121, 'Связи с общественностью', 'Тюмень', 221, 670000.00, '+7 (345) 123-4567', 'pr@company.ru', '2010-05-28', 16, 104),
(122, 'Аудиторская служба', 'Барнаул', 222, 550000.00, '+7 (385) 234-5678', 'audit@company.ru', '2017-03-15', 14, 105),
(123, 'Отдел корпоративных отношений', 'Оренбург', 223, 480000.00, '+7 (353) 345-6789', 'corporate@company.ru', '2011-09-09', 17, NULL),
(124, 'Логистический центр', 'Томск', 224, 900000.00, '+7 (382) 456-7890', 'logistics@company.ru', '2013-08-11', 34, 116),
(125, 'Эколого-промышленный отдел', 'Киров', 225, 610000.00, '+7 (833) 567-8901', 'eco@company.ru', '2014-06-04', 20, NULL),
(126, 'Отдел внешнеэкономических связей', 'Сочи', 226, 1100000.00, '+7 (862) 678-9012', 'foreignrelations@company.ru', '2010-03-16', 38, NULL),
(127, 'Отдел кадров', 'Астрахань', 227, 750000.00, '+7 (851) 789-0123', 'personnel@company.ru', '2016-11-13', 18, 103),
(128, 'Отдел риск-менеджмента', 'Ярославль', 228, 590000.00, '+7 (485) 890-1234', 'risk@company.ru', '2019-07-26', 12, 102),
(129, 'Отдел технической поддержки', 'Хабаровск', 229, 630000.00, '+7 (421) 901-2345', 'techsupport@company.ru', '2012-04-29', 28, 119),
(130, 'Служба эксплуатации и ремонта', 'Владивосток', 230, 920000.00, '+7 (423) 012-3456', 'maintenance@company.ru', '2005-12-07', 36, 111),
(131, 'Отдел внутреннего аудита', 'Махачкала', 231, 680000.00, '+7 (872) 123-4567', 'internalaudit@company.ru', '2014-05-30', 13, 122),
(132, 'Служба планирования', 'Тверь', 232, 500000.00, '+7 (482) 234-5678', 'planning@company.ru', '2015-03-11', 14, 107),
(133, 'Отдел научных исследований', 'Рязань', 233, 1200000.00, '+7 (491) 345-6789', 'research@company.ru', '2008-10-17', 40, 110),
(134, 'Отдел стратегического маркетинга', 'Калининград', 234, 1100000.00, '+7 (401) 456-7890', 'strategicmarketing@company.ru', '2011-01-13', 25, 104),
(135, 'Отдел мониторинга', 'Тула', 235, 600000.00, '+7 (487) 567-8901', 'monitoring@company.ru', '2019-09-18', 15, 106),
(136, 'Служба управления активами', 'Курск', 236, 850000.00, '+7 (471) 678-9012', 'assetmanagement@company.ru', '2017-07-22', 22, 102),
(137, 'Отдел стандартизации', 'Чебоксары', 237, 750000.00, '+7 (835) 789-0123', 'standardization@company.ru', '2012-02-09', 18, 107),
(138, 'Служба информационной безопасности', 'Ульяновск', 238, 820000.00, '+7 (842) 890-1234', 'infosecurity@company.ru', '2013-11-25', 20, 114),
(139, 'Отдел внутреннего обучения', 'Липецк', 239, 400000.00, '+7 (474) 901-2345', 'intraining@company.ru', '2014-08-02', 10, 112),
(140, 'Отдел сельскохозяйственных проектов', 'Калуга', 240, 950000.00, '+7 (484) 012-3456', 'agroprojects@company.ru', '2015-06-12', 30, NULL),
(141, 'Исследовательский центр', 'Ялта', 241, 1550000.00, '+7 (800) 123-4567', 'researchcenter@company.ru', '2006-12-01', 55, NULL),
(142, 'Отдел безопасности данных', 'Брянск', 242, 870000.00, '+7 (910) 234-5678', 'datasecurity@company.ru', '2010-05-15', 20, 114),
(143, 'Отдел аутсорсинга', 'Белгород', 243, 640000.00, '+7 (472) 345-6789', 'outsourcing@company.ru', '2017-08-10', 25, NULL),
(144, 'Центр разработки приложений', 'Чита', 244, 1880000.00, '+7 (302) 456-7890', 'appdevcenter@company.ru', '2011-07-25', 70, 101),
(145, 'Служба IT-инфраструктуры', 'Вологда', 245, 1330000.00, '+7 (817) 567-8901', 'itinfrastructure@company.ru', '2008-02-14', 40, 119),
(146, 'Био-технологический отдел', 'Кострома', 246, 720000.00, '+7 (494) 678-9012', 'biotech@company.ru', '2012-09-22', 18, 135),
(147, 'Отдел контрактов', 'Псков', 247, 790000.00, '+7 (811) 789-0123', 'contracts@company.ru', '2013-05-28', 23, 136),
(148, 'Отдел научного анализа', 'Курган', 248, 1150000.00, '+7 (352) 890-1234', 'scianalysis@company.ru', '2014-11-18', 32, NULL),
(149, 'Центр финансовых технологий', 'Севастополь', 249, 1300000.00, '+7 (869) 901-2345', 'fintech@company.ru', '2009-04-30', 45, 102),
(150, 'Отдел кибербезопасности', 'Новгород', 250, 950000.00, '+7 (816) 012-3456', 'cybersecurity@company.ru', '2016-07-05', 22, 114),
(151, 'Отдел машинного обучения', 'Владикавказ', 251, 1120000.00, '+7 (867) 123-4567', 'machinelearning@company.ru', '2015-10-20', 28, 110),
(152, 'Центр клиентских сервисов', 'Биробиджан', 252, 570000.00, '+7 (426) 234-5678', 'customerservices@company.ru', '2010-01-16', 27, 109),
(153, 'Отдел контрактного права', 'Петрозаводск', 253, 860000.00, '+7 (814) 345-6789', 'contractlaw@company.ru', '2018-06-02', 14, 105),
(154, 'Интеграционный центр', 'Апатиты', 254, 700000.00, '+7 (815) 456-7890', 'integration@company.ru', '2012-03-11', 24, 117),
(155, 'Отдел управления качеством данных', 'Мурманск', 255, 630000.00, '+7 (815) 567-8901', 'dataquality@company.ru', '2016-12-19', 20, 107),
(156, 'Отдел экологического мониторинга', 'Архангельск', 256, 450000.00, '+7 (818) 678-9012', 'environmentalmonitoring@company.ru', '2007-09-07', 18, 125),
(157, 'Центр технологических исследований', 'Салехард', 257, 1580000.00, '+7 (349) 789-0123', 'technoresearch@company.ru', '2013-01-23', 38, 118),
(158, 'Служба проектного анализа', 'Улан-Удэ', 258, 935000.00, '+7 (301) 890-1234', 'projectanalysis@company.ru', '2014-06-30', 17, 117),
(159, 'Отдел управления цепями поставок', 'Йошкар-Ола', 259, 1250000.00, '+7 (836) 901-2345', 'supplychain@company.ru', '2015-02-17', 36, 106),
(160, 'Центр управления данными', 'Уссурийск', 260, 1080000.00, '+7 (423) 012-3456', 'datacenter@company.ru', '2019-03-12', 34, 106),
(161, 'Отдел стратегического маркетинга', 'Нальчик', 261, 1370000.00, '+7 (866) 123-4567', 'stratmarketing@company.ru', '2007-07-22', 28, 104),
(162, 'Отдел по работе с общественностью', 'Магнитогорск', 262, 840000.00, '+7 (351) 234-5678', 'publicrelations@company.ru', '2011-11-05', 25, 104),
(163, 'Центр аудита безопасности', 'Смоленск', 263, 1020000.00, '+7 (481) 345-6789', 'securityaudit@company.ru', '2014-12-25', 20, 114),
(164, 'Отдел финансового планирования', 'Полярные Зори', 264, 910000.00, '+7 (815) 456-7890', 'finplanning@company.ru', '2015-04-13', 21, 114),
(165, 'Служба бизнес-аналитики', 'Калуга', 265, 1750000.00, '+7 (484) 567-8901', 'businesanalytics@company.ru', '2018-01-20', 45, 105),
(166, 'Отдел международных отношений', 'Томск', 266, 1200000.00, '+7 (382) 678-9012', 'international@company.ru', '2016-08-27', 30, NULL),
(167, 'Центр разработки ПО', 'Орск', 267, 1680000.00, '+7 (353) 789-0123', 'softdevcenter@company.ru', '2006-01-30', 55, 101),
(168, 'Отдел управления сменами', 'Комсомольск-на-Амуре', 268, 780000.00, '+7 (421) 890-1234', 'shiftmanagement@company.ru', '2017-11-06', 19, 116),
(169, 'Центр клиентских услуг', 'Кисловодск', 269, 880000.00, '+7 (879) 901-2345', 'clientservices@company.ru', '2010-04-15', 32, 109),
(170, 'Служба продуктового анализа', 'Невинномысск', 270, 620000.00, '+7 (865) 012-3456', 'productanalysis@company.ru', '2012-11-01', 22, 106),
(171, 'Отдел обработки данных', 'Элиста', 271, 730000.00, '+7 (847) 123-4567', 'dataprocess@company.ru', '2011-06-04', 27, 106),
(172, 'Центр искусственного интеллекта', 'Сургут', 272, 2250000.00, '+7 (346) 234-5678', 'aicenter@company.ru', '2009-09-14', 50, 101),
(173, 'Отдел по управлению активами', 'Сызрань', 273, 1040000.00, '+7 (846) 345-6789', 'assetmanagement@company.ru', '2018-10-26', 25, 136),
(174, 'Центр разработки интерфейсов', 'Миасс', 274, 910000.00, '+7 (351) 456-7890', 'interfacedev@company.ru', '2013-07-06', 28, 110),
(175, 'Отдел внутреннего консалтинга', 'Грозный', 275, 800000.00, '+7 (871) 567-8901', 'internalconsulting@company.ru', '2015-05-19', 30, 103),
(176, 'Центр стратегической аналитики', 'Рыбинск', 276, 2230000.00, '+7 (485) 678-9012', 'stratanalytics@company.ru', '2013-03-22', 40, 118),
(177, 'Служба клиентской поддержки', 'Находка', 277, 570000.00, '+7 (423) 789-0123', 'clientsupport@company.ru', '2019-12-08', 15, 109),
(178, 'Отдел управления контрактами', 'Печора', 278, 850000.00, '+7 (821) 890-1234', 'contractmanagement@company.ru', '2011-08-28', 21, 107),
(179, 'Центр разработок технологий', 'Стерлитамак', 279, 4800000.00, '+7 (347) 901-2345', 'techdevelopment@company.ru', '2012-02-13', 65, 110),
(180, 'Отдел управления инвестициями', 'Волжский', 280, 1520000.00, '+7 (844) 012-3456', 'investment@company.ru', '2015-11-29', 35, 102),
(181, 'Служба бизнес-развития', 'Вуктыл', 281, 1420000.00, '+7 (821) 123-4567', 'businessdev@company.ru', '2014-07-15', 40, 105),
(182, 'Отдел исследования рынка', 'Кавказская', 282, 580000.00, '+7 (861) 234-5678', 'marketresearch@company.ru', '2016-01-25', 20, 104),
(183, 'Центр искусственного зрения', 'Анапа', 283, 910000.00, '+7 (861) 345-6789', 'visioncenter@company.ru', '2008-05-20', 28, 110),
(184, 'Отдел управления продуктами', 'Златоуст', 284, 970000.00, '+7 (351) 456-7890', 'productmanagement@company.ru', '2013-12-11', 30, 110),
(185, 'Служба финансового контроля', 'Майкоп', 285, 670000.00, '+7 (877) 567-8901', 'financialcontrol@company.ru', '2007-01-02', 18, 102),
(186, 'Отдел исследований и разработок', 'Владикавказ', 286, 1100000.00, '+7 (867) 678-9012', 'rnd@company.ru', '2010-09-26', 37, 110),
(187, 'Центр знаний и инноваций', 'Усинск', 287, 2100000.00, '+7 (821) 789-0123', 'knowledgecenter@company.ru', '2012-05-14', 45, 118),
(188, 'Отдел корпоративного обучения', 'Пятигорск', 288, 850000.00, '+7 (879) 890-1234', 'corplearning@company.ru', '2019-02-09', 25, 112),
(189, 'Служба анализа данных', 'Геленджик', 289, 940000.00, '+7 (861) 901-2345', 'dataanalysis@company.ru', '2014-04-29', 32, 135),
(190, 'Отдел киберугроз', 'Бугульма', 290, 1050000.00, '+7 (855) 012-3456', 'cyberthreats@company.ru', '2017-06-17', 38, 126),
(191, 'Центр управления продуктами', 'Раменское', 291, 960000.00, '+7 (496) 123-4567', 'productcenter@company.ru', '2009-10-09', 40, NULL),
(192, 'Служба разработок и инноваций', 'Кирово-Чепецк', 292, 1220000.00, '+7 (833) 234-5678', 'innodev@company.ru', '2018-11-29', 50, 118),
(193, 'Отдел управления рисками', 'Шахты', 293, 750000.00, '+7 (863) 345-6789', 'riskmanagement@company.ru', '2015-11-03', 28, 102),
(194, 'Центр данных и технологий', 'Балаково', 294, 1820000.00, '+7 (845) 456-7890', 'techcenter@company.ru', '2016-04-28', 60, 110),
(195, 'Отдел управления технологиями', 'Орёл', 295, 1150000.00, '+7 (486) 567-8901', 'techmanagement@company.ru', '2013-06-16', 39, 110),
(196, 'Служба безопасности сети', 'Канск', 296, 950000.00, '+7 (391) 678-9012', 'networksecurity@company.ru', '2006-08-31', 20, 107),
(197, 'Отдел управления проектами', 'Мур', 297, 780000.00, '+7 (487) 789-0123', 'projectmanagement@company.ru', '2008-11-20', 27, 117),
(198, 'Центр корпоративных исследований', 'Тамбов', 298, 1550000.00, '+7 (475) 890-1234', 'corporateresearch@company.ru', '2015-07-06', 46, 118),
(199, 'Служба технического развития', 'Великий Новгород', 299, 1300000.00, '+7 (816) 901-2345', 'technicaldevelopment@company.ru', '2012-03-18', 34, 110),
(200, 'Отдел научных исследований', 'Саранск', 300, 1000000.00, '+7 (834) 012-3456', 'scientificresearch@company.ru', '2007-12-22', 32, 110),
(201, 'Агентство цифровых решений', 'Мурманск', 301, 2500000.00, '+7 (815) 012-3456', 'digitalagency@company.ru', '2021-04-14', 60, 106),
(202, 'Отдел экологической политики', 'Калуга', 302, 1700000.00, '+7 (484) 234-5678', 'ecopolicy@company.ru', '2016-07-18', 35, 102),
(203, 'Центр вычислительных технологий', 'Самара', 303, 3200000.00, '+7 (846) 345-6789', 'computingcenter@company.ru', '2018-12-03', 70, 101),
(204, 'Сектор интернет-аналитики', 'Пермь', 304, 1500000.00, '+7 (342) 456-7890', 'webanalytics@company.ru', '2012-06-25', 25, 114),
(205, 'Блок регионального развития', 'Иркутск', 305, 2100000.00, '+7 (395) 567-8901', 'regionalgrowth@company.ru', '2015-09-10', 55, 120),
(206, 'Департамент финансового анализа', 'Липецк', 306, 2800000.00, '+7 (474) 678-9012', 'finanalysis@company.ru', '2014-11-14', 65, 102),
(207, 'Отдел клиентской аналитики', 'Орёл', 307, 1100000.00, '+7 (486) 789-0123', 'clientanalytics@company.ru', '2010-05-30', 40, 109),
(208, 'Служба технического сопровождения', 'Брянск', 308, 900000.00, '+7 (910) 890-1234', 'techsupportservice@company.ru', '2019-07-20', 28, 119),
(209, 'Центр маркетинга и продаж', 'Челябинск', 309, 3800000.00, '+7 (351) 901-2345', 'marketingsales@company.ru', '2012-02-17', 80, 104),
(210, 'Отдел системного администрирования', 'Барнаул', 310, 1350000.00, '+7 (385) 012-3456', 'sysadmin@company.ru', '2017-08-21', 50, 111),
(211, 'Центр технической экспертизы', 'Воронеж', 311, 1900000.00, '+7 (473) 123-4567', 'techskills@company.ru', '2018-03-13', 55, 106),
(212, 'Блок обеспечения качества ИТ', 'Тюмень', 312, 1200000.00, '+7 (345) 234-5678', 'itquality@company.ru', '2013-12-07', 38, 107),
(213, 'Отдел стратегических инициатив', 'Петропавловск-Камчатский', 313, 2500000.00, '+7 (415) 345-6789', 'strategicinitiatives@company.ru', '2016-05-22', 58, 105),
(214, 'Сектор управленческого консалтинга', 'Калининград', 314, 1400000.00, '+7 (401) 456-7890', 'managementconsulting@company.ru', '2014-09-05', 33, 107),
(215, 'Агентство инноваций', 'Иваново', 315, 1185000.00, '+7 (493) 567-8901', 'innovationagency@company.ru', '2019-10-03', 49, 118),
(216, 'Центр среднего бизнеса', 'Саратов', 316, 1950000.00, '+7 (845) 678-9012', 'midbusiness@company.ru', '2015-11-16', 75, 105),
(217, 'Отдел анализа данных', 'Магадан', 317, 1800000.00, '+7 (413) 789-0123', 'dataanalysisdept@company.ru', '2013-01-06', 42, 106),
(218, 'Служба клиентского сервиса', 'Киров', 318, 1020000.00, '+7 (833) 890-1234', 'clientservice@company.ru', '2008-06-18', 30, 109),
(219, 'Департамент контекстной рекламы', 'Кемерово', 319, 850000.00, '+7 (384) 901-2345', 'contextualads@company.ru', '2012-11-10', 26, 121),
(220, 'Центр аналитики и прогнозирования', 'Уфа', 320, 1600000.00, '+7 (347) 012-3456', 'analyticscenter@company.ru', '2016-07-27', 47, 101),
(221, 'Сектор разработки ИТ-систем', 'Смоленск', 321, 2300000.00, '+7 (481) 123-4567', 'itsystemdev@company.ru', '2010-02-18', 59, 110),
(222, 'Отдел контроля корпоративных рисков', 'Нарьян-Мар', 322, 2140000.00, '+7 (818) 234-5678', 'corporaterisk@company.ru', '2018-01-09', 55, 136),
(223, 'Служба продуктового контроля', 'Тамбов', 323, 920000.00, '+7 (475) 345-6789', 'productcontrol@company.ru', '2017-03-23', 29, 178),
(224, 'Центр корпоративных решений', 'Кострома', 324, 1630000.00, '+7 (494) 456-7890', 'corporatesolutions@company.ru', '2015-06-01', 44, 104),
(225, 'Сектор промышленных технологий', 'Новосибирск', 325, 1450000.00, '+7 (383) 567-8901', 'industrialtech@company.ru', '2011-07-13', 38, 133),
(226, 'Блок корпоративных закупок', 'Тула', 326, 1300000.00, '+7 (487) 678-9012', 'corporateprocurements@company.ru', '2019-04-25', 34, 117),
(227, 'Отдел стратегического планирования', 'Жуковский', 327, 1700000.00, '+7 (495) 789-0123', 'strategicplanning@company.ru', '2013-11-18', 48, 110),
(228, 'Справочно-аналитический отдел', 'Саратов', 328, 990000.00, '+7 (845) 890-1234', 'refanalytics@company.ru', '2009-03-12', 21, 105),
(229, 'Центр внешнеэкономической деятельности', 'Волгоград', 329, 2200000.00, '+7 (844) 901-2345', 'foreignbiz@company.ru', '2014-09-09', 52, 102),
(230, 'Отдел протокольного обслуживания', 'Почеп', 330, 790000.00, '+7 (483) 012-3456', 'protocolservice@company.ru', '2017-01-14', 20, 104),
(231, 'Сектор технологической инновации', 'Чита', 331, 3000000.00, '+7 (302) 123-4567', 'techinnovation@company.ru', '2015-10-22', 72, 101),
(232, 'Отдел развития предпринимательства', 'Горно-Алтайск', 332, 1120000.00, '+7 (388) 234-5678', 'bizdev@company.ru', '2013-06-30', 37, 118),
(233, 'Центр социального планирования', 'Нальчик', 333, 1400000.00, '+7 (866) 345-6789', 'socialplanning@company.ru', '2018-12-07', 30, 105),
(234, 'Блок поддержки малого бизнеса', 'Анапа', 334, 850000.00, '+7 (861) 456-7890', 'smallbizsupport@company.ru', '2007-05-19', 22, 120),
(235, 'Центр разработки инфраструктур', 'Сургут', 335, 1180000.00, '+7 (346) 567-8901', 'infra@company.ru', '2014-03-25', 31, 101),
(236, 'Сектор телекоммуникационных услуг', 'Курск', 336, 950000.00, '+7 (471) 678-9012', 'telecomservices@company.ru', '2017-08-11', 28, 115),
(237, 'Отдел информационных технологий', 'Псков', 337, 1250000.00, '+7 (811) 789-0123', 'informatics@company.ru', '2016-10-19', 36, 111),
(238, 'Центр народного образования', 'Саратов', 338, 1420000.00, '+7 (845) 890-1234', 'socialedu@company.ru', '2019-11-13', 50, 103),
(239, 'Служба прогнозирования и анализа', 'Арзамас', 339, 1950000.00, '+7 (831) 901-2345', 'forecastanalysis@company.ru', '2010-07-22', 69, 105),
(240, 'Центр внутренней безопасности', 'Каменск-Уральский', 340, 2500000.00, '+7 (343) 012-3456', 'internalsecurity@company.ru', '2013-02-09', 75, 114),
(241, 'Отдел цифрового взаимодействия', 'Зерноград', 341, 1430000.00, '+7 (863) 123-4567', 'digitalcomm@company.ru', '2016-12-20', 58, 101),
(242, 'Служба управления внутренними ресурсами', 'Тольятти', 342, 1780000.00, '+7 (848) 234-5678', 'internalresources@company.ru', '2015-04-16', 64, 102),
(243, 'Центр мобильных приложений', 'Белгород', 343, 2300000.00, '+7 (472) 345-6789', 'mobileapps@company.ru', '2012-01-05', 90, 110),
(244, 'Отдел телекоммуникационного сопровождения', 'Волгодонск', 344, 870000.00, '+7 (863) 456-7890', 'telecomsupport@company.ru', '2014-05-28', 27, 115),
(245, 'Центр внедрения технологий', 'Ханты-Мансийск', 345, 3300000.00, '+7 (346) 567-8901', 'techimplementation@company.ru', '2010-06-19', 85, 101),
(246, 'Отдел автоматизации бизнес-процессов', 'Элиста', 346, 1550000.00, '+7 (847) 678-9012', 'bizautomation@company.ru', '2013-07-04', 39, 110),
(247, 'Служба управления информацией', 'Коммунар', 347, 1050000.00, '+7 (812) 789-0123', 'infoservice@company.ru', '2016-09-17', 34, 111),
(248, 'Центр научной организации', 'Ульяновск', 348, 1480000.00, '+7 (842) 890-1234', 'scienceorg@company.ru', '2019-05-01', 53, 105),
(249, 'Сектор логистических решений', 'Рыбинск', 349, 890000.00, '+7 (485) 901-2345', 'logisticsolutions@company.ru', '2018-02-24', 29, 116),
(250, 'Отдел системной интеграции', 'Северодвинск', 350, 1750000.00, '+7 (818) 012-3456', 'systemintegration@company.ru', '2010-11-08', 42, 118),
(251, 'Отдел управления инновациями', 'Барнаул', 351, 2100000.00, '+7 (385) 567-8901', 'innovationmanagement@company.ru', '2014-06-15', 56, 101),
(252, 'Служба поддержки клиентов', 'Казань', 352, 920000.00, '+7 (843) 678-9012', 'clientservicesupport@company.ru', '2012-03-25', 32, 107),
(253, 'Центр технологической экспертизы', 'Самара', 353, 2750000.00, '+7 (846) 789-0123', 'techexpertise@company.ru', '2015-08-07', 48, 118),
(254, 'Отдел сервисных операций', 'Новосибирск', 354, 1500000.00, '+7 (383) 890-1234', 'serviceoperations@company.ru', '2018-04-12', 44, 105),
(255, 'Служба аналитики продаж', 'Красноярск', 355, 980000.00, '+7 (391) 901-2345', 'salesanalytics@company.ru', '2009-11-23', 30, 104),
(256, 'Центр разработки AI', 'Сочи', 356, 3100000.00, '+7 (862) 012-3456', 'aidevelopmentcenter@company.ru', '2011-06-03', 55, 110),
(257, 'Отдел телекоммуникационной аналитики', 'Уфа', 357, 750000.00, '+7 (347) 123-4567', 'telecomanalysis@company.ru', '2017-02-20', 28, 107),
(258, 'Служба корпоративных инноваций', 'Воронеж', 358, 1650000.00, '+7 (473) 234-5678', 'corpinnovations@company.ru', '2013-07-09', 42, 111),
(259, 'Центр экспертизы данных', 'Тюмень', 359, 2450000.00, '+7 (345) 345-6789', 'dataexpertise@company.ru', '2016-05-30', 60, 110),
(260, 'Отдел развития ритейл-сервисов', 'Ростов-на-Дону', 360, 1250000.00, '+7 (863) 456-7890', 'retailservices@company.ru', '2010-09-18', 41, 115),
(261, 'Служба цифровых решений', 'Пермь', 361, 1850000.00, '+7 (342) 567-8901', 'digitalservices@company.ru', '2019-11-22', 58, 116),
(262, 'Центр управления качеством', 'Челябинск', 362, 950000.00, '+7 (351) 678-9012', 'qualitymanagement@company.ru', '2014-01-12', 37, 107),
(263, 'Отдел стратегических исследований', 'Иркутск', 363, 3100000.00, '+7 (395) 789-0123', 'strategicresearch@company.ru', '2017-07-04', 53, 118),
(264, 'Служба разработки мобильных приложений', 'Омск', 364, 2700000.00, '+7 (381) 890-1234', 'mobiledevelopment@company.ru', '2008-08-10', 50, 101),
(265, 'Центр инновационного развития', 'Волгоград', 365, 2300000.00, '+7 (844) 901-2345', 'innodevcenter@company.ru', '2013-03-16', 46, 104),
(266, 'Отдел сельскохозяйственных инноваций', 'Калуга', 366, 1750000.00, '+7 (484) 012-3456', 'agroinnovation@company.ru', '2012-12-25', 39, 105),
(267, 'Служба промышленного анализа', 'Тольятти', 367, 910000.00, '+7 (848) 123-4567', 'industryanalysis@company.ru', '2015-05-08', 34, 108),
(268, 'Центр клиентского взаимодействия', 'Архангельск', 368, 1250000.00, '+7 (818) 234-5678', 'clientinteraction@company.ru', '2018-10-15', 41, 109),
(269, 'Отдел цифровой трансформации', 'Калининград', 369, 2100000.00, '+7 (401) 345-6789', 'digitaltransformation@company.ru', '2011-11-29', 45, 110),
(270, 'Служба интеграции данных', 'Владивосток', 370, 1400000.00, '+7 (423) 456-7890', 'dataintegration@company.ru', '2016-08-11', 36, 114),
(271, 'Центр робототехники', 'Мурманск', 371, 3000000.00, '+7 (815) 567-8901', 'roboticscenter@company.ru', '2009-04-03', 59, 112),
(272, 'Отдел исследований покупательского поведения', 'Псков', 372, 1200000.00, '+7 (811) 678-9012', 'consumerresearch@company.ru', '2012-02-14', 30, 103),
(273, 'Служба тяжелого машиностроения', 'Свердловск', 373, 2450000.00, '+7 (343) 789-0123', 'heavyengineering@company.ru', '2014-12-25', 66, 120),
(274, 'Центр аналитического прогнозирования', 'Новосибирск', 374, 1320000.00, '+7 (383) 890-1234', 'analyticalforecasting@company.ru', '2010-07-01', 40, 105),
(275, 'Отдел цифровой коммерции', 'Астрахань', 375, 1620000.00, '+7 (851) 901-2345', 'digitalcommerce@company.ru', '2015-09-26', 46, 104),
(276, 'Служба научных исследований', 'Хабаровск', 376, 2040000.00, '+7 (421) 012-3456', 'scientificservices@company.ru', '2018-06-17', 49, 110),
(277, 'Центр управления проектами', 'Владикавказ', 377, 1550000.00, '+7 (867) 123-4567', 'projectcenter@company.ru', '2014-04-05', 57, 102),
(278, 'Отдел экологического контроля', 'Кемерово', 378, 800000.00, '+7 (384) 234-5678', 'environmentcontrol@company.ru', '2016-02-18', 26, 125),
(279, 'Служба аналитической разработки', 'Петрозаводск', 379, 910000.00, '+7 (814) 345-6789', 'analyticsdevelopment@company.ru', '2007-01-29', 33, 112),
(280, 'Центр инженерных решений', 'Волгодонск', 380, 2750000.00, '+7 (863) 456-7890', 'engineeringcenter@company.ru', '2019-03-10', 60, 101);


INSERT INTO Engineers VALUES
(1, 'Алексей', 'Иванов', 'Сергеевич', '1985-05-15', '2010-09-01', 'Инженер-программист', 246, 'a.ivanov@example.com', '+79161234567'),
(2, 'Мария', 'Петренко', 'Александровна', '1990-11-20', '2012-06-15', 'Инженер-электрик', 196, 'm.petrenko@example.com', '+79161234568'),
(3, 'Дмитрий', 'Смирнов', 'Алексеевич', '1988-02-10', '2011-03-05', 'Инженер-механик', 248, 'd.smirnov@example.com', '+79161234569'),
(4, 'Наталья', 'Козлова', 'Олеговна', '1992-08-25', '2013-07-20', 'Инженер-химик', 247, 'n.kozlova@example.com', '+79161234570'),
(5, 'Григорий', 'Богданов', 'Максимович', '1987-04-17', '2010-04-17', 'Инженер-строитель', 272, 'g.bogdanov@example.com', '+79161234571'),
(6, 'Светлана', 'Рябова', 'Сергеевна', '1989-03-12', '2013-09-03', 'Инженер-эколог', 164, 's.ryabova@example.com', '+79161234572'),
(7, 'Иван', 'Кузнецов', 'Петрович', '1984-06-07', '2009-05-11', 'Инженер-электронщик', 109, 'i.kuznetsov@example.com', '+79161234573'),
(8, 'Елена', 'Новикова', 'Владимировна', '1991-09-23', '2014-11-04', 'Инженер-технолог', 177, 'e.novikova@example.com', '+79161234574'),
(9, 'Вячеслав', 'Соколов', 'Геннадьевич', '1983-12-02', '2008-01-22', 'Инженер-геодезист', 148, 'v.sokolov@example.com', '+79161234575'),
(10, 'Анна', 'Лебедева', 'Дмитриевна', '1993-01-07', '2015-04-12', 'Инженер-геолог', 155, 'a.lebedeva@example.com', '+79161234576'),
(11, 'Михаил', 'Фролов', 'Борисович', '1982-10-15', '2007-08-10', 'Инженер-проектировщик', 212, 'm.frolov@example.com', '+79161234577'),
(12, 'Ольга', 'Орлова', 'Евгеньевна', '1990-06-28', '2012-03-13', 'Инженер-генетик', 198, 'o.orlova@example.com', '+79161234578'),
(13, 'Роман', 'Земцов', 'Федорович', '1986-11-19', '2011-10-07', 'Инженер-авиастроитель', 169, 'r.zemcov@example.com', '+79161234579'),
(14, 'Екатерина', 'Тихонова', 'Васильевна', '1985-08-14', '2010-02-08', 'Инженер-менеджер', 110, 'e.tikhonova@example.com', '+79161234580'),
(15, 'Андрей', 'Тарасов', 'Олегович', '1987-05-29', '2012-01-04', 'Инженер-теплотехник', 233, 'a.tarasov@example.com', '+79161234581'),
(16, 'Марина', 'Павлова', 'Викторовна', '1990-04-09', '2014-03-15', 'Инженер-эколог', 145, 'm.pavlova@example.com', '+79161234582'),
(17, 'Сергей', 'Воробьев', 'Иванович', '1984-12-20', '2009-11-16', 'Инженер-сметчик', 156, 's.vorobyev@example.com', '+79161234583'),
(18, 'Лилия', 'Савина', 'Егоровна', '1992-07-16', '2013-02-27', 'Инженер-материаловед', 280, 'l.savina@example.com', '+79161234584'),
(19, 'Павел', 'Кузьмин', 'Александрович', '1983-10-03', '2008-06-23', 'Инженер-акустик', 139, 'p.kuzmin@example.com', '+79161234585'),
(20, 'Виктория', 'Макарова', 'Ильинична', '1991-05-08', '2014-09-17', 'Инженер-гидротехник', 137, 'v.makarova@example.com', '+79161234586'),
(21, 'Анатолий', 'Киселев', 'Павлович', '1989-02-03', '2011-05-22', 'Инженер-безопасности', 210, 'a.kiselev@example.com', '+79161234587'),
(22, 'Алина', 'Захарова', 'Денисовна', '1985-11-27', '2010-11-20', 'Инженер-диспетчер', 182, 'a.zaharova@example.com', '+79161234588'),
(23, 'Игорь', 'Гусев', 'Андреевич', '1987-01-19', '2010-07-02', 'Инженер-связист', 105, 'i.gusev@example.com', '+79161234589'),
(24, 'Людмила', 'Куликова', 'Алексеевна', '1993-12-11', '2015-08-05', 'Инженер-конструктор', 122, 'l.kulikova@example.com', '+79161234590'),
(25, 'Владимир', 'Мельников', 'Олегович', '1988-09-28', '2012-10-28', 'Инженер-лазерщик', 146, 'v.melnikov@example.com', '+79161234591'),
(26, 'Надежда', 'Медведева', 'Петровна', '1990-07-05', '2013-07-19', 'Инженер-звукооператор', 103, 'n.medvedeva@example.com', '+79161234592'),
(27, 'Константин', 'Демин', 'Григорьевич', '1989-04-20', '2011-04-13', 'Инженер-консультант', 155, 'k.demin@example.com', '+79161234593'),
(28, 'Вероника', 'Крылова', 'Ивановна', '1991-03-14', '2014-02-09', 'Инженер-исследователь', 209, 'v.krylova@example.com', '+79161234594'),
(29, 'Владислав', 'Никифоров', 'Дмитриевич', '1986-01-02', '2011-01-11', 'Инженер-оптик', 268, 'v.nikiforov@example.com', '+79161234595'),
(30, 'Юлия', 'Назарова', 'Сергеевна', '1992-06-18', '2015-05-06', 'Инженер-испытатель', 176, 'y.nazarova@example.com', '+79161234596'),
(31, 'Василий', 'Савицкий', 'Михайлович', '1984-11-08', '2008-12-22', 'Инженер-автомеханик', 135, 'v.savitsky@example.com', '+79161234597'),
(32, 'Ксения', 'Беляева', 'Владимировна', '1987-08-23', '2010-03-15', 'Инженер-технолог', 265, 'k.belyaeva@example.com', '+79161234598'),
(33, 'Николай', 'Докучаев', 'Аркадьевич', '1985-12-30', '2010-12-16', 'Инженер-социолог', 167, 'n.dokuchaev@example.com', '+79161234599'),
(34, 'Оксана', 'Беспалова', 'Федоровна', '1989-10-13', '2012-09-05', 'Инженер-физик', 229, 'o.bespalova@example.com', '+79161234600'),
(35, 'Денис', 'Моисеев', 'Игоревич', '1984-02-18', '2009-03-18', 'Инженер-повар', 117, 'd.moiseev@example.com', '+79161234601'),
(36, 'Эльвира', 'Гаврилова', 'Борисовна', '1990-11-29', '2012-08-11', 'Инженер-рекрутер', 213, 'e.gavrilova@example.com', '+79161234602'),
(37, 'Леонид', 'Князев', 'Павлович', '1983-04-10', '2007-05-02', 'Инженер-чертежник', 185, 'l.knyazev@example.com', '+79161234603'),
(38, 'Валентина', 'Щукина', 'Семеновна', '1991-09-02', '2013-12-09', 'Инженер-сейсмолог', 279, 'v.shukina@example.com', '+79161234604'),
(39, 'Евгений', 'Чистяков', 'Анатольевич', '1984-07-16', '2008-02-22', 'Инженер-флорист', 257, 'e.chistyakov@example.com', '+79161234605'),
(40, 'Татьяна', 'Покровская', 'Елизаветовна', '1985-03-30', '2009-07-25', 'Инженер-транспорт', 181, 't.pokrovskaya@example.com', '+79161234606'),
(41, 'Станислав', 'Колесников', 'Романович', '1987-05-25', '2010-04-09', 'Инженер-архитектор', 218, 's.kolesnikov@example.com', '+79161234607'),
(42, 'Арина', 'Боброва', 'Андреевна', '1991-10-15', '2014-06-19', 'Инженер-подводник', 163, 'a.bobrova@example.com', '+79161234608'),
(43, 'Александр', 'Калашников', 'Евгеньевич', '1982-06-09', '2007-09-04', 'Инженер-металлург', 142, 'a.kalashnikov@example.com', '+79161234609'),
(44, 'Кристина', 'Белова', 'Васильевна', '1989-01-26', '2012-03-14', 'Инженер-технический писатель', 113, 'k.belova@example.com', '+79161234610'),
(45, 'Олег', 'Трофимов', 'Александрович', '1986-09-20', '2010-06-13', 'Инженер-пожарник', 254, 'o.trofimov@example.com', '+79161234611'),
(46, 'Юлианна', 'Давыдова', 'Юрьевна', '1990-03-04', '2013-04-20', 'Инженер-биотехнолог', 231, 'y.davydova@example.com', '+79161234612'),
(47, 'Федор', 'Афанасьев', 'Георгиевич', '1983-02-05', '2008-04-21', 'Инженер-разработчик', 135, 'f.afanasyev@example.com', '+79161234613'),
(48, 'Дарья', 'Прохорова', 'Рудольфовна', '1992-08-10', '2015-11-18', 'Инженер-аналитик', 132, 'd.prohorova@example.com', '+79161234614'),
(49, 'Петр', 'Рогов', 'Иосифович', '1988-05-14', '2011-07-09', 'Инженер-звукоизолятор', 247, 'p.rogov@example.com', '+79161234615'),
(50, 'Антон', 'Якушев', 'Степанович', '1984-09-06', '2009-11-25', 'Инженер-дублер', 117, 'a.yakushev@example.com', '+79161234616'),
(51, 'Елизавета', 'Пономарева', 'Вениаминовна', '1987-11-24', '2012-12-19', 'Инженер-патентовед', 223, 'e.ponomareva@example.com', '+79161234617'),
(52, 'Максим', 'Третьяков', 'Валентинович', '1985-07-03', '2010-03-27', 'Инженер-радиофизик', 148, 'm.tretyakov@example.com', '+79161234618'),
(53, 'Наталья', 'Федорова', 'Михайловна', '1989-02-17', '2013-09-10', 'Инженер-метеоролог', 271, 'n.fedorova@example.com', '+79161234619'),
(54, 'Борис', 'Румянцев', 'Анатольевич', '1991-12-24', '2014-02-20', 'Инженер-зоопсихолог', 192, 'b.rumyantsev@example.com', '+79161234620'),
(55, 'Валерия', 'Субботина', 'Романовна', '1988-03-08', '2010-11-12', 'Инженер-биолог', 104, 'v.subbotina@example.com', '+79161234621'),
(56, 'Оксана', 'Печенкина', 'Николаевна', '1984-04-25', '2009-06-01', 'Инженер-технолог', 207, 'o.pechenkina@example.com', '+79161234622'),
(57, 'Егор', 'Шилов', 'Станиславович', '1986-10-11', '2012-04-18', 'Инженер-экспедитор', 120, 'e.shilov@example.com', '+79161234623'),
(58, 'Полина', 'Лапина', 'Кирилловна', '1985-07-31', '2010-08-07', 'Инженер-химик', 143, 'p.lapina@example.com', '+79161234624'),
(59, 'Алла', 'Березина', 'Львовна', '1990-09-14', '2013-06-25', 'Инженер-промышленник', 197, 'a.berezina@example.com', '+79161234625'),
(60, 'Илья', 'Соловьев', 'Александрович', '1984-02-29', '2009-09-24', 'Инженер-программист', 127, 'i.solovyov@example.com', '+79161234626'),
(61, 'Лариса', 'Киселева', 'Иосифовна', '1992-08-12', '2015-03-09', 'Инженер-архитектор', 148, 'l.kiseleva@example.com', '+79161234627'),
(62, 'Семен', 'Терентьев', 'Феликсович', '1989-06-17', '2012-01-22', 'Инженер-конструктор', 255, 's.terentyev@example.com', '+79161234628'),
(63, 'Милана', 'Елистратова', 'Артемьевна', '1990-04-21', '2014-11-10', 'Инженер-технолог', 177, 'm.elistratova@example.com', '+79161234629'),
(64, 'Георгий', 'Ушаков', 'Юлианович', '1987-05-07', '2010-03-06', 'Инженер-строитель', 199, 'g.ushakov@example.com', '+79161234630'),
(65, 'София', 'Авдеева', 'Викторовна', '1984-01-14', '2009-12-07', 'Инженер-исследователь', 178, 's.avdeeva@example.com', '+79161234631'),
(66, 'Владимир', 'Ларин', 'Всеволодович', '1986-07-16', '2012-02-02', 'Инженер-программист', 270, 'v.larin@example.com', '+79161234632'),
(67, 'Вера', 'Архипова', 'Геннадьевна', '1991-12-02', '2015-08-24', 'Инженер-механик', 212, 'v.arhipova@example.com', '+79161234633'),
(68, 'Геннадий', 'Шестаков', 'Никитич', '1986-09-25', '2010-01-28', 'Инженер-биотехнолог', 272, 'g.shestakov@example.com', '+79161234634'),
(69, 'Кира', 'Ефремова', 'Борисовна', '1989-11-19', '2012-10-21', 'Инженер-менеджер', 255, 'k.efremova@example.com', '+79161234635'),
(70, 'Макар', 'Зиминов', 'Степанович', '1982-10-29', '2007-07-08', 'Инженер-математик', 272, 'm.ziminov@example.com', '+79161234636'),
(71, 'Анжела', 'Дмитриева', 'Александровна', '1993-01-07', '2015-01-23', 'Инженер-химик', 154, 'a.dmitrieva@example.com', '+79161234637'),
(72, 'Лев', 'Рыбин', 'Аркадьевич', '1986-06-14', '2010-05-19', 'Инженер-физик', 274, 'l.rybin@example.com', '+79161234638'),
(73, 'Зоя', 'Жирнова', 'Анатольевна', '1985-09-30', '2010-08-28', 'Инженер-аналитик', 184, 'z.zhirnova@example.com', '+79161234639'),
(74, 'Степан', 'Щукин', 'Петрович', '1988-12-06', '2012-11-30', 'Инженер-геолог', 196, 's.shchukin@example.com', '+79161234640'),
(75, 'Диана', 'Курулина', 'Сергеевна', '1992-05-22', '2015-06-24', 'Инженер-акустик', 162, 'd.kurulina@example.com', '+79161234641'),
(76, 'Василиса', 'Андреева', 'Валерьевна', '1987-02-18', '2011-01-07', 'Инженер-химик', 266, 'v.andreeva@example.com', '+79161234642'),
(77, 'Тимур', 'Фомичев', 'Казимирович', '1984-06-21', '2008-10-11', 'Инженер-логист', 125, 't.fomichev@example.com', '+79161234643'),
(78, 'Лидия', 'Карпова', 'Эдуардовна', '1989-03-03', '2012-06-04', 'Инженер-геодезист', 188, 'l.karpova@example.com', '+79161234644'),
(79, 'Сергей', 'Греков', 'Олегович', '1986-08-11', '2009-02-26', 'Инженер-консультант', 155, 's.grekov@example.com', '+79161234645'),
(80, 'Нина', 'Воронцова', 'Михайловна', '1990-12-24', '2014-09-11', 'Инженер-оптик', 200, 'n.vorontsova@example.com', '+79161234646'),
(81, 'Ярослав', 'Давыдов', 'Павлович', '1983-04-04', '2008-01-14', 'Инженер-софтвер', 134, 'y.davydov@example.com', '+79161234647'),
(82, 'Тамара', 'Максимова', 'Адамовна', '1991-11-29', '2013-12-28', 'Инженер-патентовед', 266, 't.maksimova@example.com', '+79161234648'),
(83, 'Евдокия', 'Щербакова', 'Ивановна', '1985-03-05', '2009-03-21', 'Инженер-строитель', 194, 'e.shcherbakova@example.com', '+79161234649'),
(84, 'Артем', 'Галкин', 'Леонидович', '1988-09-16', '2012-02-14', 'Инженер-эколог', 120, 'a.galkin@example.com', '+79161234650'),
(85, 'Алина', 'Казакова', 'Елисеевна', '1993-10-20', '2015-11-08', 'Инженер-технолог', 201, 'a.kazakova@example.com', '+79161234651'),
(86, 'Галина', 'Никитина', 'Робертовна', '1987-05-19', '2011-04-03', 'Инженер-градостроитель', 129, 'g.nikitina@example.com', '+79161234652'),
(87, 'Илья', 'Петров', 'Адамович', '1984-02-17', '2009-06-20', 'Инженер-генетик', 183, 'i.petrov@example.com', '+79161234653'),
(88, 'Эльвира', 'Яковлева', 'Алексеевна', '1986-01-08', '2010-09-05', 'Инженер-сварщик', 198, 'e.yakovleva@example.com', '+79161234654'),
(89, 'Павел', 'Титов', 'Владиславович', '1983-06-25', '2008-05-16', 'Инженер-проектировщик', 136, 'p.titov@example.com', '+79161234655'),
(90, 'Вера', 'Князева', 'Игоревна', '1990-08-11', '2014-01-29', 'Инженер-флорист', 247, 'v.knyazeva@example.com', '+79161234656'),
(91, 'Матвей', 'Фомин', 'Евстафьевич', '1985-04-19', '2010-02-01', 'Инженер-химик', 274, 'm.fomin@example.com', '+79161234657'),
(92, 'Татьяна', 'Капустина', 'Филипповна', '1987-06-15', '2011-10-22', 'Инженер-менеджер', 280, 't.kapustina@example.com', '+79161234658'),
(93, 'Дмитрий', 'Попов', 'Сергеевич', '1989-12-09', '2012-11-26', 'Инженер-трубопроводчик', 137, 'd.popov@example.com', '+79161234659'),
(94, 'Раиса', 'Коломиец', 'Ивановна', '1984-03-27', '2008-09-30', 'Инженер-водолаз', 242, 'r.kolomiets@example.com', '+79161234660'),
(95, 'Олег', 'Леонов', 'Валентинович', '1986-11-05', '2010-05-18', 'Инженер-радиоэлектроник', 170, 'o.leonov@example.com', '+79161234661'),
(96, 'Людмила', 'Мазурова', 'Георгиевна', '1991-12-29', '2015-02-15', 'Инженер-звукорежиссер', 243, 'l.mazurova@example.com', '+79161234662'),
(97, 'Владислава', 'Павлова', 'Вячеславовна', '1989-09-08', '2012-12-04', 'Инженер-физик', 167, 'v.pavlova@example.com', '+79161234663'),
(98, 'Инесса', 'Филатова', 'Адамовна', '1985-07-26', '2009-05-09', 'Инженер-генетик', 264, 'i.filatova@example.com', '+79161234664'),
(99, 'Юрий', 'Миллер', 'Рудольфович', '1986-10-17', '2010-07-17', 'Инженер-конструктор', 249, 'y.miller@example.com', '+79161234665'),
(100, 'Ирина', 'Баженова', 'Макаровна', '1992-05-27', '2015-10-02', 'Инженер-программист', 227, 'i.bazhenova@example.com', '+79161234666'),
(101, 'Александр', 'Белкин', 'Филиппович', '1983-01-12', '2008-07-25', 'Инженер-геодезист', 161, 'a.belkin@example.com', '+79161234667'),
(102, 'Карина', 'Гусева', 'Валерьевна', '1990-12-04', '2014-03-07', 'Инженер-механик', 168, 'k.guseva@example.com', '+79161234668'),
(103, 'Константин', 'Ефимов', 'Романович', '1985-10-30', '2010-11-19', 'Инженер-программист', 276, 'k.efimov@example.com', '+79161234669'),
(104, 'Марина', 'Золотарева', 'Алексеевна', '1992-02-21', '2015-06-15', 'Инженер-эколог', 119, 'm.zolotareva@example.com', '+79161234670'),
(105, 'Владислав', 'Ильин', 'Геннадьевич', '1984-05-13', '2009-09-16', 'Инженер-электрик', 121, 'v.ilin@example.com', '+79161234671'),
(106, 'Светлана', 'Колесникова', 'Петровна', '1988-11-22', '2011-01-13', 'Инженер-строитель', 263, 's.kolesnikova@example.com', '+79161234672'),
(107, 'Артем', 'Литвинов', 'Данилович', '1989-04-15', '2012-03-25', 'Инженер-конструктор', 182, 'a.litvinov@example.com', '+79161234673'),
(108, 'Екатерина', 'Михайлова', 'Семеновна', '1991-01-05', '2014-10-11', 'Инженер-химик', 113, 'e.mihaylova@example.com', '+79161234674'),
(109, 'Егор', 'Новиков', 'Олегович', '1987-03-18', '2011-02-28', 'Инженер-геолог', 120, 'e.novikov@example.com', '+79161234675'),
(110, 'Ирина', 'Орлова', 'Николаевна', '1993-06-28', '2015-11-01', 'Инженер-метеоролог', 230, 'i.orlova@example.com', '+79161234676'),
(111, 'Сергей', 'Пономарев', 'Федорович', '1986-09-15', '2010-07-05', 'Инженер-испытатель', 238, 's.ponomarev@example.com', '+79161234677'),
(112, 'Ольга', 'Романова', 'Владиславовна', '1985-04-26', '2010-03-18', 'Инженер-генетик', 101, 'o.romanova@example.com', '+79161234678'),
(113, 'Павел', 'Симонов', 'Евгеньевич', '1989-07-09', '2012-08-30', 'Инженер-подводник', 105, 'p.simonov@example.com', '+79161234679'),
(114, 'Людмила', 'Тихонова', 'Ильинична', '1992-10-01', '2015-05-17', 'Инженер-физик', 117, 'l.tikhonova@example.com', '+79161234680'),
(115, 'Даниил', 'Ушаков', 'Богданович', '1987-08-25', '2011-07-14', 'Инженер-охраны', 193, 'd.ushakov@example.com', '+79161234681'),
(116, 'Анна', 'Фомина', 'Валентиновна', '1983-06-12', '2008-11-27', 'Инженер-фармацевт', 173, 'a.fomina@example.com', '+79161234682'),
(117, 'Дмитрий', 'Харитонов', 'Денисович', '1988-02-28', '2011-05-30', 'Инженер-механик', 270, 'd.kharitonov@example.com', '+79161234683'),
(118, 'Юлия', 'Цветкова', 'Борисовна', '1991-11-19', '2014-12-14', 'Инженер-исследователь', 259, 'y.tsvetkova@example.com', '+79161234684'),
(119, 'Николай', 'Чернов', 'Георгиевич', '1986-12-27', '2010-08-07', 'Инженер-консультант', 278, 'n.chernov@example.com', '+79161234685'),
(120, 'Алина', 'Шубина', 'Игоревна', '1990-05-17', '2013-01-26', 'Инженер-менеджер', 170, 'a.shubina@example.com', '+79161234686'),
(121, 'Роман', 'Щербаков', 'Юрьевич', '1985-06-06', '2009-02-19', 'Инженер-монтажер', 276, 'r.scherbakov@example.com', '+79161234687'),
(122, 'Татьяна', 'Юдина', 'Павловна', '1992-01-31', '2015-04-08', 'Инженер-исследователь', 220, 't.yudina@example.com', '+79161234688'),
(123, 'Алексей', 'Яковлев', 'Арсеньевич', '1984-09-11', '2008-10-20', 'Инженер-проектировщик', 245, 'a.yakovlev@example.com', '+79161234689'),
(124, 'Евгения', 'Алексеева', 'Константиновна', '1987-12-09', '2011-03-17', 'Инженер-археолог', 192, 'e.alexeeva@example.com', '+79161234690'),
(125, 'Виктор', 'Баранов', 'Дмитриевич', '1990-03-02', '2014-05-05', 'Инженер-геолог', 180, 'v.baranov@example.com', '+79161234691'),
(126, 'Полина', 'Белоусова', 'Ольговна', '1986-08-18', '2010-09-06', 'Инженер-генетик', 234, 'p.belousova@example.com', '+79161234692'),
(127, 'Олег', 'Бородин', 'Львович', '1988-06-24', '2011-10-15', 'Инженер-организатор', 127, 'o.borodin@example.com', '+79161234693'),
(128, 'Ксения', 'Булатова', 'Андреевна', '1993-07-14', '2015-02-11', 'Инженер-управленец', 276, 'k.bulatova@example.com', '+79161234694'),
(129, 'Арсений', 'Быков', 'Борисович', '1987-05-20', '2011-12-08', 'Инженер-программист', 128, 'a.bykov@example.com', '+79161234695'),
(130, 'Елена', 'Васильева', 'Филипповна', '1984-02-13', '2008-05-30', 'Инженер-конструктор', 258, 'e.vasilieva@example.com', '+79161234696'),
(131, 'Антон', 'Волков', 'Аркадьевич', '1988-01-01', '2011-02-09', 'Инженер-логист', 211, 'a.volkov@example.com', '+79161234697'),
(132, 'Анастасия', 'Воронкова', 'Геннадьевна', '1989-09-23', '2012-04-14', 'Инженер-изобретатель', 219, 'a.voronkova@example.com', '+79161234698'),
(133, 'Леонид', 'Гладков', 'Никитич', '1991-04-04', '2014-06-23', 'Инженер-биотехнолог', 273, 'l.gladkov@example.com', '+79161234699'),
(134, 'Вероника', 'Горшкова', 'Сергеевна', '1986-07-21', '2010-11-26', 'Инженер-менеджер', 236, 'v.gorshkova@example.com', '+79161234700'),
(135, 'Виктория', 'Григорьева', 'Федоровна', '1992-11-10', '2015-10-14', 'Инженер-тестировщик', 168, 'v.grigorieva@example.com', '+79161234701'),
(136, 'Глеб', 'Дмитриев', 'Витальевич', '1985-04-16', '2009-07-11', 'Инженер-электроник', 227, 'g.dmitriev@example.com', '+79161234702'),
(137, 'Алена', 'Дроздова', 'Ивановна', '1989-10-21', '2013-03-13', 'Инженер-испытатель', 187, 'a.drozdova@example.com', '+79161234703'),
(138, 'Михаил', 'Емельянов', 'Романович', '1987-11-09', '2011-05-02', 'Инженер-строитель', 226, 'm.emelyanov@example.com', '+79161234704'),
(139, 'Тимофей', 'Зайцев', 'Леонидович', '1990-08-19', '2014-02-12', 'Инженер-химик', 265, 't.zaitsev@example.com', '+79161234705'),
(140, 'Алла', 'Зубова', 'Давидовна', '1983-12-22', '2008-04-03', 'Инженер-эколог', 192, 'a.zubova@example.com', '+79161234706'),
(141, 'Сергей', 'Казаков', 'Павлович', '1986-03-13', '2010-10-20', 'Инженер-оптик', 136, 's.kazakov@example.com', '+79161234707'),
(142, 'Татьяна', 'Кириллова', 'Анатольевна', '1991-07-24', '2014-01-21', 'Инженер-геофизик', 112, 't.kirillova@example.com', '+79161234708'),
(143, 'Егор', 'Ковалев', 'Игоревич', '1985-09-09', '2010-03-29', 'Инженер-технолог', 254, 'e.kovalev@example.com', '+79161234709'),
(144, 'Диана', 'Козина', 'Александровна', '1990-04-10', '2014-04-29', 'Инженер-менеджер', 112, 'd.kozina@example.com', '+79161234710'),
(145, 'Алексей', 'Крюков', 'Анатольевич', '1987-01-16', '2011-07-24', 'Инженер-диспетчер', 128, 'a.kryukov@example.com', '+79161234711'),
(146, 'Мария', 'Курочкина', 'Олеговна', '1989-05-14', '2013-11-16', 'Инженер-транспорт', 150, 'm.kurochkina@example.com', '+79161234712'),
(147, 'Максим', 'Лебедев', 'Васильевич', '1984-07-30', '2008-09-09', 'Инженер-лесовод', 217, 'm.lebedev@example.com', '+79161234713'),
(148, 'Ольга', 'Логинова', 'Михайловна', '1992-03-25', '2015-09-26', 'Инженер-испытатель', 171, 'o.loginova@example.com', '+79161234714'),
(149, 'Владимир', 'Малышев', 'Алексеевич', '1986-02-16', '2010-06-07', 'Инженер-консультант', 186, 'v.malyshev@example.com', '+79161234715'),
(150, 'Надежда', 'Мартынова', 'Евгеньевна', '1988-06-01', '2012-05-23', 'Инженер-геолог', 191, 'n.martynova@example.com', '+79161234716'),
(151, 'Роман', 'Медведев', 'Феликсович', '1985-11-25', '2010-01-16', 'Инженер-картограф', 196, 'r.medvedev@example.com', '+79161234717'),
(152, 'Валентина', 'Наумова', 'Ивановна', '1991-10-02', '2015-06-25', 'Инженер-конструктор', 245, 'v.naumova@example.com', '+79161234718'),
(153, 'Михаил', 'Николаев', 'Анатольевич', '1987-11-18', '2011-06-10', 'Инженер-акустик', 233, 'm.nikolaev@example.com', '+79161234719'),
(154, 'Юлия', 'Осипова', 'Валерьевна', '1992-12-06', '2015-08-01', 'Инженер-механик', 134, 'y.osipova@example.com', '+79161234720'),
(155, 'Георгий', 'Пестов', 'Степанович', '1986-10-29', '2010-12-31', 'Инженер-экоменеджер', 256, 'g.pestov@example.com', '+79161234721'),
(156, 'Светлана', 'Панфилова', 'Аркадьевна', '1989-02-19', '2012-02-16', 'Инженер-микробиолог', 255, 's.panfilova@example.com', '+79161234722'),
(157, 'Игорь', 'Рожков', 'Леонидович', '1983-08-11', '2008-07-16', 'Инженер-электронщик', 228, 'i.rozhkov@example.com', '+79161234723'),
(158, 'Зоя', 'Селезнева', 'Филипповна', '1988-12-28', '2012-08-29', 'Инженер-гидробиолог', 218, 'z.selezneva@example.com', '+79161234724'),
(159, 'Евгений', 'Семенов', 'Артурович', '1985-05-07', '2010-04-27', 'Инженер-строитель', 214, 'e.semenov@example.com', '+79161234725'),
(160, 'Людмила', 'Сысоева', 'Дмитриевна', '1990-01-22', '2014-08-15', 'Инженер-программист', 245, 'l.sysoeva@example.com', '+79161234726'),
(161, 'Константин', 'Титов', 'Денисович', '1987-08-02', '2011-11-07', 'Инженер-химик', 269, 'k.titov@example.com', '+79161234727'),
(162, 'Алина', 'Уварова', 'Тимофеевна', '1993-03-11', '2015-07-08', 'Инженер-эколог', 131, 'a.uvarova@example.com', '+79161234728'),
(163, 'Лев', 'Фомичев', 'Владимирович', '1989-06-16', '2013-10-05', 'Инженер-менеджер', 253, 'l.fomichev@example.com', '+79161234729'),
(164, 'Елизавета', 'Хохлова', 'Мартыновна', '1991-11-17', '2015-01-31', 'Инженер-исследователь', 137, 'e.hohlova@example.com', '+79161234730'),
(165, 'Денис', 'Чесноков', 'Игоревич', '1984-07-07', '2008-02-18', 'Инженер-конструктор', 245, 'd.chesnokov@example.com', '+79161234731'),
(166, 'Дарья', 'Шишкина', 'Яковлевна', '1988-09-14', '2012-01-13', 'Инженер-геолог', 162, 'd.shishkina@example.com', '+79161234732'),
(167, 'Матвей', 'Эрис', 'Герасимович', '1986-11-02', '2010-05-21', 'Инженер-процессовик', 247, 'm.eris@example.com', '+79161234733'),
(168, 'Денис', 'Юрьев', 'Сергеевич', '1989-07-29', '2013-09-14', 'Инженер-энергетик', 227, 'd.yurev@example.com', '+79161234734'),
(169, 'Софья', 'Ярова', 'Тарасовна', '1992-05-04', '2015-04-25', 'Инженер-технолог', 214, 's.yarova@example.com', '+79161234735'),
(170, 'Игорь', 'Алёшин', 'Иванович', '1987-08-15', '2012-03-09', 'Инженер-медиатор', 141, 'i.alioshin@example.com', '+79161234736'),
(171, 'Кристина', 'Бакулина', 'Никитична', '1991-09-05', '2015-07-29', 'Инженер-логист', 149, 'k.bakulina@example.com', '+79161234737'),
(172, 'Виктор', 'Васин', 'Михайлович', '1986-07-03', '2011-10-17', 'Инженер-генетик', 104, 'v.vasin@example.com', '+79161234738'),
(173, 'Полина', 'Галушкина', 'Прокопьевна', '1990-12-14', '2014-09-19', 'Инженер-пищевая безопасность', 127, 'p.galushkina@example.com', '+79161234739'),
(174, 'Глеб', 'Кулаков', 'Макарович', '1988-01-30', '2012-11-11', 'Инженер-инспектор', 162, 'g.kulakov@example.com', '+79161234740'),
(175, 'Валентина', 'Кудрявцева', 'Альбертовна', '1985-10-19', '2009-01-04', 'Инженер-строитель', 189, 'v.kudryavceva@example.com', '+79161234741'),
(176, 'Максим', 'Лапшин', 'Артемьевич', '1987-06-20', '2011-09-25', 'Инженер-аналитик', 244, 'm.lapshin@example.com', '+79161234742'),
(177, 'Мария', 'Суркова', 'Васильевна', '1993-02-08', '2015-03-28', 'Инженер-сейсмолог', 204, 'm.surkova@example.com', '+79161234743'),
(178, 'Андрей', 'Павлов', 'Михайлович', '1984-08-30', '2008-06-11', 'Инженер-эколог', 171, 'a.pavlov@example.com', '+79161234744'),
(179, 'Лидия', 'Перевозина', 'Трофимовна', '1990-03-21', '2014-12-02', 'Инженер-менеджер', 198, 'l.perevozina@example.com', '+79161234745'),
(180, 'Илья', 'Потылицын', 'Игоревич', '1986-01-08', '2010-02-22', 'Инженер-программист', 164, 'i.potylitzyn@example.com', '+79161234746'),
(181, 'Маргарита', 'Салтыкова', 'Георгиевна', '1987-02-19', '2011-11-09', 'Инженер-проектировщик', 260, 'm.saltykova@example.com', '+79161234747'),
(182, 'Сергей', 'Спиридонов', 'Геннадьевич', '1989-08-28', '2013-05-15', 'Инженер-теплотехник', 209, 's.spiridonov@example.com', '+79161234748'),
(183, 'Екатерина', 'Солодова', 'Филипповна', '1992-07-27', '2014-05-10', 'Инженер-биолог', 105, 'e.solodova@example.com', '+79161234749'),
(184, 'Дмитрий', 'Сорокин', 'Ильич', '1985-03-17', '2009-04-07', 'Инженер-эколог', 206, 'd.sorokin@example.com', '+79161234750'),
(185, 'Анна', 'Тищенко', 'Кирилловна', '1991-04-16', '2015-06-13', 'Инженер-физик', 127, 'a.tischenko@example.com', '+79161234751'),
(186, 'Тимур', 'Травкин', 'Владиславович', '1986-05-20', '2010-05-03', 'Инженер-боеприпасник', 183, 't.travkin@example.com', '+79161234752'),
(187, 'Вера', 'Бахтина', 'Павловна', '1987-12-04', '2011-06-25', 'Инженер-молекулярщик', 186, 'v.bahtina@example.com', '+79161234753'),
(188, 'Ян', 'Долгов', 'Алексеевич', '1988-06-06', '2012-01-02', 'Инженер-технолог', 212, 'y.dolgov@example.com', '+79161234754'),
(189, 'Людмила', 'Локтева', 'Борисовна', '1989-09-15', '2013-11-29', 'Инженер-ионизатор', 169, 'l.lokteva@example.com', '+79161234755'),
(190, 'Павел', 'Рожков', 'Семёнович', '1985-01-24', '2010-12-17', 'Инженер-технитер', 121, 'p.rozhkov@example.com', '+79161234756'),
(191, 'Елена', 'Толстых', 'Олеговна', '1992-10-07', '2015-08-20', 'Инженер-ечита', 189, 'e.tolstyh@example.com', '+79161234757'),
(192, 'Алексей', 'Богомолов', 'Петрович', '1987-03-14', '2011-10-25', 'Инженер-программист', 159, 'a.bogomolov@example.com', '+79161234758'),
(193, 'Надежда', 'Вдовина', 'Григорьевна', '1991-02-05', '2014-09-30', 'Инженер-консультант', 138, 'n.vdovina@example.com', '+79161234759'),
(194, 'Галина', 'Воронова', 'Артёмовна', '1986-11-11', '2009-08-18', 'Инженер-диспетчер', 202, 'g.voronova@example.com', '+79161234760'),
(195, 'Олег', 'Голицын', 'Александрович', '1988-05-30', '2012-03-31', 'Инженер-исследователь', 277, 'o.golitsyn@example.com', '+79161234761'),
(196, 'Мария', 'Давыдова', 'Степановна', '1990-08-01', '2013-02-18', 'Инженер-химик', 159, 'm.davydova@example.com', '+79161234762'),
(197, 'Юлия', 'Ершова', 'Аркадьевна', '1985-07-20', '2010-03-23', 'Инженер-социолог', 135, 'y.ershova@example.com', '+79161234763'),
(198, 'Петр', 'Завьялов', 'Иванович', '1992-09-04', '2014-08-24', 'Инженер-менеджер', 111, 'p.zavyalov@example.com', '+79161234764'),
(199, 'Ольга', 'Ивлева', 'Константиновна', '1987-10-03', '2011-07-06', 'Инженер-геодезист', 119, 'o.ivleva@example.com', '+79161234765'),
(200, 'Максим', 'Котов', 'Максимович', '1990-01-21', '2013-01-12', 'Инженер-конструктор', 197, 'm.kotov@example.com', '+79161234766'),
(201, 'Александра', 'Ляхова', 'Павловна', '1986-02-14', '2010-07-14', 'Инженер-геодезист', 128, 'a.lyahova@example.com', '+79161234767'), 
(202, 'Иван', 'Медведев', 'Андреевич', '1989-05-05', '2012-09-12', 'Инженер-строитель', 267, 'i.medvedev@example.com', '+79161234768'), 
(203, 'Михаил', 'Григорьев', 'Петрович', '1987-10-09', '2011-05-29', 'Инженер-электронщик', 181, 'm.grigorev@example.com', '+79161234769'), 
(204, 'Зинаида', 'Колосова', 'Константиновна', '1991-03-23', '2015-07-01', 'Инженер-программист', 186, 'z.kolosova@example.com', '+79161234770'), 
(205, 'Артур', 'Сафонов', 'Геннадьевич', '1983-07-12', '2008-03-04', 'Инженер-электрик', 252, 'a.safonov@example.com', '+79161234771'), 
(206, 'Нина', 'Животова', 'Марковна', '1992-09-19', '2014-11-02', 'Инженер-технолог', 128, 'n.zhivotova@example.com', '+79161234772'), 
(207, 'Валентин', 'Муравьев', 'Львович', '1985-11-30', '2010-10-13', 'Инженер-эколог', 278, 'v.muravev@example.com', '+79161234773'), 
(208, 'Лариса', 'Евсеева', 'Викторовна', '1990-02-28', '2013-06-17', 'Инженер-химик', 160, 'l.evseeva@example.com', '+79161234774'), 
(209, 'Павел', 'Шевчук', 'Тимофеевич', '1988-06-14', '2012-02-16', 'Инженер-механик', 231, 'p.shevchuk@example.com', '+79161234775'), 
(210, 'Екатерина', 'Гурова', 'Дмитриевна', '1987-12-01', '2011-08-15', 'Инженер-теплотехник', 125, 'e.gurova@example.com', '+79161234776'),
(211, 'Борис', 'Рогачев', 'Леонидович', '1984-07-25', '2009-05-22', 'Инженер-гидроэнергетик', 140, 'b.rogachev@example.com', '+79161234777'), 
(212, 'Алла', 'Фокина', 'Львовна', '1989-03-13', '2012-03-23', 'Инженер-конструктор', 196, 'a.fokina@example.com', '+79161234778'), 
(213, 'Евгения', 'Лаптева', 'Марковна', '1986-08-22', '2011-12-27', 'Инженер-архитектор', 217, 'e.lapteva@example.com', '+79161234779'), 
(214, 'Ольга', 'Петухова', 'Романовна', '1987-01-19', '2011-10-30', 'Инженер-испытатель', 101, 'o.petukhova@example.com', '+79161234780'), 
(215, 'Ирина', 'Артамонова', 'Тихоновна', '1985-06-24', '2010-08-12', 'Инженер-звукооператор', 133, 'i.artamonova@example.com', '+79161234781'), 
(216, 'Антон', 'Яковлев', 'Сергеевич', '1990-12-05', '2014-04-20', 'Инженер-проектировщик', 149, 'a.yakovlev@example.com', '+79161234782'), 
(217, 'Оксана', 'Трофимова', 'Николаевна', '1991-08-17', '2014-07-07', 'Инженер-химик', 180, 'o.trofimova@example.com', '+79161234783'), 
(218, 'Роман', 'Дьяконов', 'Петрович', '1988-01-22', '2011-09-23', 'Инженер-механик', 119, 'r.dyakonov@example.com', '+79161234784'), 
(219, 'Светлана', 'Волкова', 'Геннадьевна', '1986-03-21', '2011-02-14', 'Инженер-строитель', 224, 's.volkova@example.com', '+79161234785'), 
(220, 'Фёдор', 'Гаврилов', 'Богданович', '1989-04-26', '2012-06-09', 'Инженер-ботаник', 167, 'f.gavrilov@example.com', '+79161234786'),
(221, 'Эмиль', 'Рыбаков', 'Валентинович', '1986-05-11', '2010-11-10', 'Инженер-консультант', 142, 'e.rybakov@example.com', '+79161234787'), 
(222, 'Игорь', 'Гончаров', 'Денисович', '1992-02-02', '2014-03-15', 'Инженер-физик', 137, 'i.goncharov@example.com', '+79161234788'), 
(223, 'Семён', 'Остапенко', 'Георгиевич', '1991-01-18', '2014-11-18', 'Инженер-проектировщик', 168, 's.ostapenko@example.com', '+79161234789'), 
(224, 'Марина', 'Малышева', 'Казимировна', '1987-10-05', '2011-06-01', 'Инженер-биотехнолог', 168, 'm.malysheva@example.com', '+79161234790'), 
(225, 'Анна', 'Чернова', 'Федоровна', '1985-09-03', '2010-06-14', 'Инженер-эколог', 207, 'a.chernova@example.com', '+79161234791'), 
(226, 'Людмила', 'Лазарева', 'Олеговна', '1988-12-21', '2012-05-19', 'Инженер-гидротехник', 117, 'l.lazareva@example.com', '+79161234792'), 
(227, 'Сергей', 'Карпов', 'Михайлович', '1986-07-09', '2010-02-05', 'Инженер-гидролог', 271, 's.karpov@example.com', '+79161234793'), 
(228, 'Юлия', 'Кудряшова', 'Викторовна', '1989-10-15', '2012-07-26', 'Инженер-аналитик', 271, 'y.kudryashova@example.com', '+79161234794'), 
(229, 'Андрей', 'Лукин', 'Ярославович', '1987-11-07', '2011-01-11', 'Инженер-геофизик', 272, 'a.lukin@example.com', '+79161234795'), 
(230, 'Наталья', 'Павлова', 'Владимировна', '1985-08-02', '2010-03-09', 'Инженер-строитель', 216, 'n.pavlova@example.com', '+79161234796'),
(231, 'Олеся', 'Морозова', 'Александровна', '1992-05-30', '2015-02-28', 'Инженер-конструктор', 218, 'o.morozova@example.com', '+79161234797'), 
(232, 'Виталий', 'Терехов', 'Юрьевич', '1984-04-23', '2009-05-25', 'Инженер-лесовод', 274, 'v.terekhov@example.com', '+79161234798'), 
(233, 'Роман', 'Кузьмин', 'Анатольевич', '1988-09-20', '2012-03-19', 'Инженер-архитектор', 258, 'r.kuzmin@example.com', '+79161234799'), 
(234, 'Елена', 'Жукова', 'Дмитриевна', '1987-02-22', '2011-01-27', 'Инженер-консультант', 278, 'e.zhukova@example.com', '+79161234800'), 
(235, 'Филипп', 'Андреев', 'Павлович', '1985-10-08', '2010-09-12', 'Инженер-электрик', 119, 'f.andreev@example.com', '+79161234801'), 
(236, 'Ангелина', 'Герасимова', 'Тимуровна', '1990-12-29', '2014-08-08', 'Инженер-звукооператор', 213, 'a.gerasimova@example.com', '+79161234802'), 
(237, 'Станислав', 'Глушков', 'Васильевич', '1986-06-05', '2010-05-14', 'Инженер-транспорт', 123, 's.glushkov@example.com', '+79161234803'), 
(238, 'Анна', 'Поликарпова', 'Георгиевна', '1991-04-29', '2015-03-10', 'Инженер-эколог', 198, 'a.polikarpova@example.com', '+79161234804'), 
(239, 'Алексей', 'Спиридонов', 'Борисович', '1983-09-01', '2008-03-20', 'Инженер-геофизик', 212, 'a.spiridonov@example.com', '+79161234805'), 
(240, 'Марина', 'Касаткина', 'Никитична', '1993-06-11', '2015-07-13', 'Инженер-испытатель', 173, 'm.kasatkina@example.com', '+79161234806'),
(241, 'Илья', 'Никифоров', 'Аркадьевич', '1984-11-14', '2009-04-06', 'Инженер-теплотехник', 154, 'i.nikiforov@example.com', '+79161234807'), 
(242, 'Зоя', 'Шестакова', 'Тарасовна', '1990-03-08', '2014-10-20', 'Инженер-технолог', 177, 'z.shestakova@example.com', '+79161234808'), 
(243, 'Лев', 'Горбунов', 'Леонидович', '1989-08-30', '2013-02-05', 'Инженер-механик', 182, 'l.gorbunov@example.com', '+79161234809'), 
(244, 'Савелий', 'Бондарев', 'Михайлович', '1986-01-06', '2010-09-25', 'Инженер-программист', 242, 's.bondarev@example.com', '+79161234810'), 
(245, 'Ксения', 'Носова', 'Егоровна', '1991-09-11', '2015-01-18', 'Инженер-менеджер', 199, 'k.nosova@example.com', '+79161234811'), 
(246, 'Маргарита', 'Агафонова', 'Денисовна', '1984-08-06', '2008-09-10', 'Инженер-электронщик', 183, 'm.agafonova@example.com', '+79161234812'), 
(247, 'Анатолий', 'Прохоров', 'Игоревич', '1987-02-10', '2011-05-15', 'Инженер-энергетик', 279, 'a.prohorov@example.com', '+79161234813'), 
(248, 'Олеся', 'Голубева', 'Александровна', '1989-07-07', '2014-11-29', 'Инженер-гидроэнергетик', 207, 'o.golubeva@example.com', '+79161234814'), 
(249, 'Святослав', 'Беляков', 'Федорович', '1992-02-20', '2015-09-04', 'Инженер-химик', 143, 's.belyakov@example.com', '+79161234815'), 
(250, 'Дарья', 'Куриленко', 'Павловна', '1985-03-03', '2010-03-20', 'Инженер-программист', 244, 'd.kurilenko@example.com', '+79161234816'),
(251, 'Ярослав', 'Рубцов', 'Гаврилович', '1987-07-30', '2011-10-23', 'Инженер-конструктор', 186, 'y.rubcov@example.com', '+79161234817'), 
(252, 'Юлия', 'Москалева', 'Тимофеевна', '1991-05-19', '2014-04-30', 'Инженер-менеджер', 247, 'y.moskaleva@example.com', '+79161234818'), 
(253, 'Галина', 'Бровкина', 'Николаевна', '1988-11-25', '2012-08-21', 'Инженер-логист', 192, 'g.brovkina@example.com', '+79161234819'), 
(254, 'Михаил', 'Калинов', 'Богданович', '1989-01-13', '2013-10-09', 'Инженер-звукооператор', 217, 'm.kalinov@example.com', '+79161234820'), 
(255, 'Максим', 'Чесноков', 'Федорович', '1984-12-17', '2009-06-08', 'Инженер-градостроитель', 190, 'm.chesnokov@example.com', '+79161234821'), 
(256, 'Алиса', 'Волошина', 'Александровна', '1992-06-04', '2015-05-05', 'Инженер-теплотехник', 167, 'a.voloshina@example.com', '+79161234822'), 
(257, 'Василиса', 'Новокрещенова', 'Валерьевна', '1985-07-29', '2010-04-22', 'Инженер-гидроэнергетик', 180, 'v.novokreshchenova@example.com', '+79161234823'), 
(258, 'Виктория', 'Грекова', 'Борисовна', '1988-05-25', '2012-12-15', 'Инженер-химик', 112, 'v.grekova@example.com', '+79161234824'), 
(259, 'Кирилл', 'Савельев', 'Викторович', '1987-06-22', '2011-08-04', 'Инженер-геодезист', 143, 'k.savelev@example.com', '+79161234825'), 
(260, 'Дарья', 'Синицына', 'Арсентьевна', '1990-08-12', '2014-03-09', 'Инженер-конструктор', 276, 'd.sinitsyna@example.com', '+79161234826'),
(261, 'Дмитрий', 'Игнатьев', 'Олегович', '1986-09-26', '2010-04-15', 'Инженер-физик', 245, 'd.ignatev@example.com', '+79161234827'), 
(262, 'Лидия', 'Танкова', 'Степановна', '1993-04-11', '2015-04-05', 'Инженер-эколог', 230, 'l.tankova@example.com', '+79161234828'), 
(263, 'Егор', 'Корнеев', 'Тимофеевич', '1988-08-26', '2012-11-09', 'Инженер-проектировщик', 272, 'e.korneev@example.com', '+79161234829'), 
(264, 'Вячеслав', 'Сучков', 'Тарасович', '1989-12-03', '2013-05-07', 'Инженер-технолог', 150, 'v.suchkov@example.com', '+79161234830'), 
(265, 'Галина', 'Позднякова', 'Константиновна', '1987-06-08', '2011-07-17', 'Инженер-гидролог', 162, 'g.pozdnyakova@example.com', '+79161234831'), 
(266, 'Валентин', 'Кротов', 'Леонидович', '1990-01-31', '2013-02-21', 'Инженер-радиотехник', 256, 'v.krotov@example.com', '+79161234832'), 
(267, 'Светлана', 'Просвирина', 'Павловна', '1986-03-28', '2011-07-04', 'Инженер-проектировщик', 151, 's.prosvirina@example.com', '+79161234833'), 
(268, 'Максим', 'Ежов', 'Аркадьевич', '1987-09-24', '2011-02-06', 'Инженер-консультант', 160, 'm.ezov@example.com', '+79161234834'), 
(269, 'Иван', 'Пасынков', 'Дмитриевич', '1988-04-17', '2012-11-23', 'Инженер-биотехнолог', 190, 'i.pasynkov@example.com', '+79161234835'), 
(270, 'Марфа', 'Батькова', 'Львовна', '1985-11-11', '2010-10-26', 'Инженер-геодезист', 185, 'm.batkova@example.com', '+79161234836'),
(271, 'Константин', 'Миронов', 'Аркадьевич', '1985-02-15', '2010-06-30', 'Инженер-робототехник', 260, 'k.mironov@example.com', '+79161234837'),
(272, 'Александра', 'Трубникова', 'Ивановна', '1989-07-20', '2012-07-07', 'Инженер-разработчик', 252, 'a.trubnikova@example.com', '+79161234838'), 
(273, 'Денис', 'Мещеряков', 'Сергеевич', '1990-03-29', '2013-04-18', 'Инженер-механик', 150, 'd.mescheriakov@example.com', '+79161234839'), 
(274, 'Вероника', 'Шелест', 'Александровна', '1991-03-19', '2014-05-30', 'Инженер-эколог', 144, 'v.shelest@example.com', '+79161234840'), 
(275, 'Олег', 'Шибанов', 'Максимович', '1987-12-14', '2011-02-15', 'Инженер-конструктор', 229, 'o.shibanov@example.com', '+79161234841'), 
(276, 'Ирина', 'Гавриленко', 'Емельяновна', '1986-11-18', '2010-10-27', 'Инженер-архитектор', 160, 'i.gavrilenko@example.com', '+79161234842'), 
(277, 'Фёдор', 'Калугин', 'Львович', '1984-06-19', '2009-05-25', 'Инженер-авиастроитель', 273, 'f.kalugin@example.com', '+79161234843'), 
(278, 'Екатерина', 'Суворова', 'Валентиновна', '1992-09-06', '2015-07-21', 'Инженер-металлург', 181, 'e.suvorova@example.com', '+79161234844'), 
(279, 'Анатолий', 'Титов', 'Артемович', '1988-10-11', '2012-03-04', 'Инженер-геофизик', 247, 'a.titov@example.com', '+79161234845'), 
(280, 'Лариса', 'Горина', 'Филипповна', '1990-04-14', '2013-01-10', 'Инженер-логист', 154, 'l.gorina@example.com', '+79161234846'),
(281, 'Алексей', 'Ивлов', 'Борисович', '1983-08-08', '2008-11-04', 'Инженер-химик', 126, 'a.ivlov@example.com', '+79161234847'), 
(282, 'Елена', 'Олейник', 'Владимировна', '1989-01-09', '2012-12-25', 'Инженер-сварщик', 155, 'e.oleinik@example.com', '+79161234848'), 
(283, 'Максим', 'Фадеев', 'Романович', '1985-05-23', '2010-01-13', 'Инженер-нефтяник', 215, 'm.fadeev@example.com', '+79161234849'), 
(284, 'Наталья', 'Шевелева', 'Геннадьевна', '1991-06-16', '2015-09-13', 'Инженер-гидротехник', 240, 'n.sheveleva@example.com', '+79161234850'), 
(285, 'Кирилл', 'Филатов', 'Игоревич', '1988-09-05', '2012-08-16', 'Инженер-разведчик', 217, 'k.filatov@example.com', '+79161234851'), 
(286, 'Ольга', 'Краузе', 'Павловна', '1987-02-11', '2011-01-03', 'Инженер-флорист', 234, 'o.krauze@example.com', '+79161234852'), 
(287, 'Дмитрий', 'Зыков', 'Алескевич', '1986-10-21', '2010-12-09', 'Инженер-ветеринар', 110, 'd.zykov@example.com', '+79161234853'), 
(288, 'Анна', 'Шилова', 'Рустамовна', '1992-11-18', '2015-06-15', 'Инженер-металлург', 146, 'a.shilova@example.com', '+79161234854'), 
(289, 'Павел', 'Лапшин', 'Семенович', '1986-04-04', '2010-08-08', 'Инженер-трубопроводчик', 183, 'p.lapshin@example.com', '+79161234855'), 
(290, 'Светлана', 'Андропова', 'Петровна', '1990-07-25', '2014-10-07', 'Инженер-аналитик', 107, 's.andropova@example.com', '+79161234856'),
(291, 'Иван', 'Крамской', 'Германович', '1984-01-17', '2009-10-23', 'Инженер-дизайнер', 276, 'i.kramskoy@example.com', '+79161234857'), 
(292, 'Виктория', 'Ершова', 'Юрьевна', '1989-05-19', '2013-03-19', 'Инженер-консультант', 210, 'v.ershova@example.com', '+79161234858'), 
(293, 'Николай', 'Шувалов', 'Арсений', '1987-09-22', '2011-11-29', 'Инженер-метеоролог', 236, 'n.shuvalov@example.com', '+79161234859'), 
(294, 'Леонид', 'Пономаренко', 'Валерьевич', '1986-07-14', '2010-06-03', 'Инженер-электронщик', 172, 'l.ponomarenko@example.com', '+79161234860'), 
(295, 'Сергей', 'Егоров', 'Владиленович', '1990-09-10', '2014-01-22', 'Инженер-машиностроитель', 174, 's.egorov@example.com', '+79161234861'), 
(296, 'Евгения', 'Казакова', 'Александровна', '1988-03-11', '2012-02-24', 'Инженер-ёнопластик', 125, 'e.kazakova@example.com', '+79161234862'), 
(297, 'Олег', 'Ларин', 'Ионович', '1985-11-28', '2010-02-08', 'Инженер-еколог', 162, 'o.larin@example.com', '+79161234863'), 
(298, 'Марина', 'Дачная', 'Максимовна', '1992-02-25', '2015-03-18', 'Инженер-акустик', 162, 'm.dachnaya@example.com', '+79161234864'), 
(299, 'Владислав', 'Васильев', 'Миронович', '1983-06-12', '2008-04-04', 'Инженер-транспорт', 201, 'v.vasiliev@example.com', '+79161234865'), 
(300, 'Полина', 'Эрнст', 'Георгиевна', '1990-10-13', '2014-12-04', 'Инженер-биолог', 144, 'p.ernst@example.com', '+79161234866'),
(301, 'Макар', 'Котов', 'Степанович', '1991-02-07', '2015-09-17', 'Инженер-экспериментатор', 155, 'm.kotov@example.com', '+79161234867'),
(302, 'Алиса', 'Фокина', 'Никитичнова', '1985-08-23', '2010-07-13', 'Инженер-генетик', 180, 'a.fokina@example.com', '+79161234868'),
(303, 'Степан', 'Карпов', 'Олегович', '1987-05-11', '2011-12-19', 'Инженер-диспетчер', 182, 's.karpov@example.com', '+79161234869'),
(304, 'Екатерина', 'Цветкова', 'Ярославовна', '1988-10-07', '2012-06-28', 'Инженер-археолог', 229, 'e.tsvetkova@example.com', '+79161234870'),
(305, 'Татьяна', 'Ерофеева', 'Данииловна', '1986-03-12', '2010-05-05', 'Инженер-биотехнолог', 176, 't.erofeeva@example.com', '+79161234871'),
(306, 'Петр', 'Кулагин', 'Филиппович', '1984-12-02', '2009-03-09', 'Инженер-химик', 121, 'p.kulagin@example.com', '+79161234872'),
(307, 'Мария', 'Морозова', 'Ильинична', '1989-04-21', '2013-07-02', 'Инженер-технолог', 148, 'm.morozova@example.com', '+79161234873'),
(308, 'Антон', 'Ветров', 'Игоревич', '1991-11-16', '2014-11-25', 'Инженер-генетик', 243, 'a.vetrov@example.com', '+79161234874'),
(309, 'Игорь', 'Овчинников', 'Георгиевич', '1986-09-23', '2010-06-19', 'Инженер-испытатель', 177, 'i.ovchinnikov@example.com', '+79161234875'),
(310, 'Анастасия', 'Григорьева', 'Вадимовна', '1992-01-11', '2015-08-22', 'Инженер-электрик', 141, 'a.grigoreva@example.com', '+79161234876'),
(311, 'Егор', 'Лебедев', 'Алексеевич', '1987-02-20', '2011-09-10', 'Инженер-дизайнер', 159, 'e.lebedev@example.com', '+79161234877'), 
(312, 'Елена', 'Сорокина', 'Петровна', '1984-11-05', '2009-02-26', 'Инженер-проектировщик', 122, 'e.sorokina@example.com', '+79161234878'), 
(313, 'Никита', 'Булгаков', 'Артемович', '1989-08-07', '2013-04-27', 'Инженер-разработчик', 238, 'n.bulgakov@example.com', '+79161234879'), 
(314, 'Людмила', 'Григорьева', 'Дмитриевна', '1990-06-19', '2014-10-18', 'Инженер-пищевик', 269, 'l.grigoreva@example.com', '+79161234880'), 
(315, 'Павел', 'Третьяков', 'Русланович', '1986-01-28', '2010-05-10', 'Инженер-механик', 202, 'p.tretyakov@example.com', '+79161234881'), 
(316, 'Вера', 'Синицына', 'Львовна', '1985-04-04', '2010-04-14', 'Инженер-эколог', 134, 'v.sinitsyna@example.com', '+79161234882'), 
(317, 'Илья', 'Краснов', 'Владимирович', '1992-02-15', '2015-05-03', 'Инженер-метеоролог', 212, 'i.krasnov@example.com', '+79161234883'), 
(318, 'Артемий', 'Кириллов', 'Федорович', '1988-07-02', '2012-09-01', 'Инженер-консультант', 174, 'a.kirillov@example.com', '+79161234884'), 
(319, 'Виталий', 'Александров', 'Олегович', '1983-09-16', '2008-06-22', 'Инженер-геофизик', 258, 'v.alexandrov@example.com', '+79161234885'), 
(320, 'Маргарита', 'Иванова', 'Валентиновна', '1991-09-03', '2015-02-23', 'Инженер-звукооператор', 269, 'm.ivanova@example.com', '+79161234886');


INSERT INTO Clients (ClientID, ClientName, ContactName, ContactEmail, ContactPhone, Address, City, Country, PostalCode, Industry, Website) VALUES
(101, 'ООО СтройИмпакт', 'Алексей Смирнов', 'a.smirnov@impact.ru', '+7 495 123 4567', 'ул. Ленина, 10', 'Москва', 'Россия', '123456', 'Строительство', 'http://www.impact.ru'),
(102, 'ЗАО ТехноДизель', 'Елена Иванова', 'e.ivanova@techdiesel.ru', '+7 812 987 6543', 'пр. Невский, 50', 'Санкт-Петербург', 'Россия', '190000', 'Промышленность', 'http://www.techdiesel.ru'),
(103, 'ООО ЛайтТех', 'Игорь Кузнецов', 'i.kuznetsov@lighttech.ru', '+7 343 564 7890', 'ул. Карла Маркса, 15', 'Екатеринбург', 'Россия', '620000', 'Энергетика', 'http://www.lighttech.ru'),
(104, 'ОАО АгроФарм', 'Мария Васильева', 'm.vasileva@agrofarm.ru', '+7 863 321 0987', 'ул. Советская, 5', 'Ростов-на-Дону', 'Россия', '344000', 'Сельское хозяйство', 'http://www.agrofarm.ru'),
(105, 'ООО Инновация', 'Дмитрий Петров', 'd.petrov@inno.com', '+7 495 432 5632', 'ул. Тверская, 22', 'Москва', 'Россия', '125009', 'Технологии', 'http://www.inno.com'),
(106, 'ЗАО ГазСпецКомплект', 'Анна Федорова', 'a.fedorova@gaskomplekt.ru', '+7 499 756 4312', 'ул. Арбат, 5', 'Москва', 'Россия', '119019', 'Газовая промышленность', 'http://www.gaskomplekt.ru'),
(107, 'ООО МедикалГрупп', 'Олег Семенов', 'o.semenov@medicgroup.ru', '+7 831 234 5678', 'пр. Ленина, 25', 'Нижний Новгород', 'Россия', '603000', 'Медицина', 'http://www.medicgroup.ru'),
(108, 'АО ТрансСтрой', 'Виктор Андреев', 'v.andreev@transstroy.ru', '+7 383 435 0987', 'ул. Красный проспект, 10', 'Новосибирск', 'Россия', '630000', 'Транспорт', 'http://www.transstroy.ru'),
(109, 'ООО НаноСинтез', 'Ирина Ковалева', 'i.kovaleva@nanosyntez.ru', '+7 846 293 8425', 'ул. Луговая, 3', 'Самара', 'Россия', '443000', 'Химическая промышленность', 'http://www.nanosyntez.ru'),
(110, 'ЗАО ЭкоСфера', 'Сергей Назаров', 's.nazarov@ecosfera.ru', '+7 421 234 8756', 'ул. Циолковского, 22', 'Хабаровск', 'Россия', '680000', 'Экология', 'http://www.ecosfera.ru'),
(111, 'ООО СевМорПуть', 'Наталья Морозова', 'n.morozova@sevmorput.ru', '+7 815 212 9876', 'ул. Полярная, 5', 'Мурманск', 'Россия', '183000', 'Морские перевозки', 'http://www.sevmorput.ru'),
(112, 'ООО ЭнерджиПлюс', 'Георгий Костин', 'g.kostin@energyplus.ru', '+7 812 678 9034', 'пр. Большевиков, 30', 'Санкт-Петербург', 'Россия', '192000', 'Возобновляемая энергетика', 'http://www.energyplus.ru'),
(113, 'ОАО ХимТех', 'Кирилл Соколов', 'k.sokolov@chemtech.ru', '+7 345 678 2345', 'ул. Северная, 8', 'Тюмень', 'Россия', '625000', 'Химическая промышленность', 'http://www.chemtech.ru'),
(114, 'АО АвтоЛайн', 'Татьяна Белова', 't.belova@autoline.ru', '+7 351 234 5670', 'ул. Машиностроителей, 1', 'Челябинск', 'Россия', '454000', 'Автомобилестроение', 'http://www.autoline.ru'),
(115, 'ЗАО ЛесПром', 'Александр Никифоров', 'a.nikiforov@lesprom.ru', '+7 342 789 1234', 'ул. Кировская, 14', 'Пермь', 'Россия', '614000', 'Лесная промышленность', 'http://www.lesprom.ru'),
(116, 'ООО ПищПромКомплекс', 'Маргарита Соколова', 'm.sokolova@foodcomplex.ru', '+7 496 234 9567', 'ул. Центральная, 5', 'Подольск', 'Россия', '142100', 'Пищевая промышленность', 'http://www.foodcomplex.ru'),
(117, 'АО АльфаСистемы', 'Евгений Орлов', 'e.orlov@alphasystems.ru', '+7 495 876 5432', 'ул. Новая, 7', 'Москва', 'Россия', '125047', 'ИТ', 'http://www.alphasystems.ru'),
(118, 'ООО СтройБазис', 'Галина Шевченко', 'g.shevchenko@stroibasis.ru', '+7 861 234 7654', 'ул. Комсомольская, 20', 'Краснодар', 'Россия', '350000', 'Строительство', 'http://www.stroibasis.ru'),
(119, 'ЗАО АгроПласт', 'Николай Чирков', 'n.chirkov@agroplast.ru', '+7 495 678 9532', 'ул. Полевая, 17', 'Москва', 'Россия', '115088', 'Агрокомплекс', 'http://www.agroplast.ru'),
(120, 'ООО МеталлТрейд', 'Павел Сидоров', 'p.sidorov@metaltrade.ru', '+7 831 678 1243', 'ул. Чкалова, 22', 'Нижний Новгород', 'Россия', '603005', 'Металлургия', 'http://www.metaltrade.ru'),
(121, 'ООО КомплектСтрой', 'Никита Орлов', 'n.orlov@komplektstroy.ru', '+7 495 431 9948', 'ул. Большая Дмитровка, 12', 'Москва', 'Россия', '125009', 'Строительство', 'http://www.komplektstroy.ru'),
(122, 'АО БиоХимТехнологии', 'Светлана Козлова', 's.kozlova@biochimtech.ru', '+7 812 348 9012', 'ул. Садовая, 4', 'Санкт-Петербург', 'Россия', '191123', 'Биотехнологии', 'http://www.biochimtech.ru'),
(123, 'ЗАО ВентиляКом', 'Виктор Лебедев', 'v.lebedev@ventiliacom.ru', '+7 383 333 5566', 'ул. Никитина, 7', 'Новосибирск', 'Россия', '630090', 'Вентиляция и охлаждение', 'http://www.ventiliacom.ru'),
(124, 'ООО ПаркХим', 'Александра Ковальчук', 'a.kovalchuk@parkhim.ru', '+7 831 493 7784', 'ул. Богородская, 20', 'Нижний Новгород', 'Россия', '603011', 'Химическая продукция', 'http://www.parkhim.ru'),
(125, 'ЗАО Энергонефть', 'Павел Дмитриев', 'p.dmitriev@energoneft.ru', '+7 845 223 4456', 'пр. Ленина, 15', 'Саратов', 'Россия', '410000', 'Нефтяная промышленность', 'http://www.energoneft.ru'),
(126, 'ООО ВодоСервис', 'Елена Бойко', 'e.boyko@vodaservice.ru', '+7 492 458 6812', 'ул. Советская, 71', 'Владимир', 'Россия', '600000', 'Водоснабжение', 'http://www.vodaservice.ru'),
(127, 'АО МехПром', 'Роман Соловьев', 'r.soloviev@mehprom.ru', '+7 843 486 1234', 'ул. Большакова, 43', 'Казань', 'Россия', '420000', 'Машиностроение', 'http://www.mehprom.ru'),
(128, 'ЗАО СветоТех', 'Ирина Жукова', 'i.zhukova@svetotek.ru', '+7 471 223 9898', 'ул. Крылова, 9', 'Курск', 'Россия', '305000', 'Светотехника', 'http://www.svetotek.ru'),
(129, 'ООО МетКом', 'Ольга Фомина', 'o.fomina@metcom.ru', '+7 492 623 4567', 'ул. Победы, 47', 'Владимир', 'Россия', '600901', 'Металлообработка', 'http://www.metcom.ru'),
(130, 'ОАО АгроПро', 'Денис Никифоров', 'd.nikiforov@agropro.ru', '+7 394 824 1122', 'ул. Строителей, 2', 'Иркутск', 'Россия', '664000', 'Сельское хозяйство', 'http://www.agropro.ru'),
(131, 'АО ЛесПромКомплекс', 'Маргарита Одинцова', 'm.odintsova@lespromkomplex.ru', '+7 491 499 1123', 'ул. Гагарина, 55', 'Рязань', 'Россия', '390000', 'Лесная промышленность', 'http://www.lespromkomplex.ru'),
(132, 'ЗАО ГазПро', 'Сергей Трофимов', 's.trofimov@gazpro.ru', '+7 495 612 7812', 'ул. Вавилова, 8', 'Москва', 'Россия', '117312', 'Газовая промышленность', 'http://www.gazpro.ru'),
(133, 'ООО ЖелезТех', 'Людмила Басова', 'l.basova@zheleztech.ru', '+7 345 938 7767', 'ул. Зои Космодемьянской, 14', 'Тюмень', 'Россия', '625000', 'Металлургия', 'http://www.zheleztech.ru'),
(134, 'ЗАО МедИнТех', 'Тимур Щукин', 't.shchukin@medintech.ru', '+7 351 232 1123', 'ул. Лесная, 10', 'Челябинск', 'Россия', '454001', 'Медицинская техника', 'http://www.medintech.ru'),
(135, 'АО ЭкоПром', 'Галина Ильина', 'g.ilina@ekoprom.ru', '+7 481 232 3344', 'ул. Центральная, 18', 'Смоленск', 'Россия', '214000', 'Экологические технологии', 'http://www.ekoprom.ru'),
(136, 'ООО ХимПродукт', 'Анастасия Лебедева', 'a.lebedeva@himprodukt.ru', '+7 812 674 2233', 'ул. Куйбышева, 42', 'Санкт-Петербург', 'Россия', '197046', 'Химическая промышленность', 'http://www.himprodukt.ru'),
(137, 'ЗАО СтройРекон', 'Ярослав Анисимов', 'y.anisimov@stroyrekon.ru', '+7 843 333 6547', 'ул. Новаторов, 51', 'Казань', 'Россия', '420111', 'Строительство и реконструкция', 'http://www.stroyrekon.ru'),
(138, 'ООО МорТех', 'Михаил Петров', 'm.petrov@mortech.ru', '+7 431 678 9956', 'пр. Морской, 21', 'Севастополь', 'Россия', '299011', 'Судостроение', 'http://www.mortech.ru'),
(139, 'АО АгроТех', 'Кирилл Васильев', 'k.vasiliev@agrotech.ru', '+7 491 721 7788', 'ул. Дорожная, 6', 'Рязань', 'Россия', '390005', 'Сельскохозяйственная техника', 'http://www.agrotech.ru'),
(140, 'ЗАО ЭлектроКомплект', 'Валентина Башмакова', 'v.bashmakova@elektrokomplekt.ru', '+7 345 998 1127', 'ул. Энергетиков, 5', 'Тюмень', 'Россия', '625000', 'Энергетика', 'http://www.elektrokomplekt.ru'),
(141, 'ООО ИнвестСтрой', 'Юлия Романова', 'y.romanova@investstroy.ru', '+7 485 999 8765', 'ул. Заводская, 27', 'Ярославль', 'Россия', '150000', 'Инвестиции в строительство', 'http://www.investstroy.ru'),
(142, 'АО МетПромТех', 'Игорь Гончаров', 'i.goncharov@metpromtech.ru', '+7 812 967 8877', 'ул. Красного Курсанта, 8', 'Санкт-Петербург', 'Россия', '197135', 'Металлургия', 'http://www.metpromtech.ru'),
(143, 'ЗАО ХимСинтез', 'Екатерина Власова', 'e.vlasova@himsyntez.ru', '+7 495 876 2349', 'ул. Кравченко, 21', 'Москва', 'Россия', '119331', 'Химическая промышленность', 'http://www.himsyntez.ru'),
(144, 'ООО ЭлектроКомп', 'Даниил Бабушкин', 'd.babushkin@elektrocomp.ru', '+7 495 478 8994', 'ул. Малая Дмитровка, 44', 'Москва', 'Россия', '127006', 'Электротехническая продукция', 'http://www.elektrocomp.ru'),
(145, 'АО СтройКомплекс', 'Алиса Киреева', 'a.kireeva@stroykomplex.ru', '+7 421 456 2834', 'ул. Восточная, 11', 'Хабаровск', 'Россия', '680010', 'Строительство', 'http://www.stroykomplex.ru'),
(146, 'ЗАО МеталлИнвест', 'Олег Мартынов', 'o.martynov@metallinvest.ru', '+7 499 674 2212', 'ул. Большая Серпуховская, 14', 'Москва', 'Россия', '115093', 'Инвестиции в металлургию', 'http://www.metallinvest.ru'),
(147, 'ООО АгроСоюз', 'Мария Макарова', 'm.makarova@agrosoyuz.ru', '+7 812 349 2244', 'ул. Маршала Новикова, 2', 'Санкт-Петербург', 'Россия', '197349', 'Сельскохозяйственное производство', 'http://www.agrosoyuz.ru'),
(148, 'АО ГазТранс', 'Петр Воронин', 'p.voronin@gaztrans.ru', '+7 495 888 3344', 'ул. Красная Пресня, 18', 'Москва', 'Россия', '123995', 'Транспортировка газа', 'http://www.gaztrans.ru'),
(149, 'ООО ХимПродукция', 'Лидия Данилова', 'l.danilova@himprodukciya.ru', '+7 843 222 3344', 'пр. Лазарева, 4', 'Казань', 'Россия', '420066', 'Производство химической продукции', 'http://www.himprodukciya.ru'),
(150, 'ЗАО ЭкоТехника', 'Аркадий Гладышев', 'a.gladishev@ekotehnika.ru', '+7 351 455 3345', 'ул. Труда, 68', 'Челябинск', 'Россия', '454021', 'Экологическая инженерия', 'http://www.ekotehnika.ru'),
(151, 'ООО МедКомпЛайн', 'Анастасия Кудрявцева', 'a.kudryavceva@medcompline.ru', '+7 471 299 3355', 'ул. Гоголя, 9', 'Курск', 'Россия', '305019', 'Медицинские приборы', 'http://www.medcompline.ru'),
(152, 'АО СветоТехПро', 'Сюзанна Горина', 's.gorina@svetotechpro.ru', '+7 421 341 2233', 'ул. Комсомольская, 30', 'Хабаровск', 'Россия', '680021', 'Производство светотехники', 'http://www.svetotechpro.ru'),
(153, 'ЗАО СтройПроект', 'Иван Щербаков', 'i.shcherbakov@stroyproekt.ru', '+7 495 786 9951', 'ул. Льва Толстого, 20', 'Москва', 'Россия', '119021', 'Проектирование и строительство', 'http://www.stroyproekt.ru'),
(154, 'ООО ЕвроХим', 'Евгений Рябов', 'e.ryabov@eurochim.ru', '+7 812 888 3377', 'ул. Академика Павлова, 40', 'Санкт-Петербург', 'Россия', '195220', 'Производство химикатов', 'http://www.eurochim.ru'),
(155, 'АО ЭкоСистемы', 'Александр Кириченко', 'a.kirichenko@ecosistemy.ru', '+7 495 451 3349', 'ул. Мичуринский проспект, 9', 'Москва', 'Россия', '119192', 'Экологические системы', 'http://www.ecosistemy.ru'),
(156, 'ЗАО Фруктово', 'Николай Ершов', 'n.ershov@fruktovo.ru', '+7 345 786 2245', 'ул. Коммунистическая, 33', 'Тюмень', 'Россия', '625027', 'Пищевая промышленность', 'http://www.fruktovo.ru'),
(157, 'ООО МашКомплект', 'Игорь Сурков', 'i.surkov@mashkomplekt.ru', '+7 421 998 5544', 'ул. Луговая, 22', 'Хабаровск', 'Россия', '680031', 'Комплекты для машиностроения', 'http://www.mashkomplekt.ru'),
(158, 'АО ХимТехСервис', 'Людмила Ивашина', 'l.ivashina@himtehservis.ru', '+7 812 469 7349', 'пр. Просвещения, 15', 'Санкт-Петербург', 'Россия', '195271', 'Химические технологии', 'http://www.himtehservis.ru'),
(159, 'ЗАО ЭнергоСбер', 'Владислав Гармаш', 'v.garmash@energosber.ru', '+7 485 772 3344', 'ул. Пролетарская, 17', 'Ярославль', 'Россия', '150026', 'Энергосберегающие технологии', 'http://www.energosber.ru'),
(160, 'ООО ПластИндустрия', 'Екатерина Светлова', 'e.svetlova@plastindustry.ru', '+7 918 445 6621', 'ул. Гагарина, 10', 'Сочи', 'Россия', '354000', 'Производство пластиков', 'http://www.plastindustry.ru'),
(161, 'АО АлюТэк', 'Артур Мартыненко', 'a.martynenko@alyutek.ru', '+7 495 456 2234', 'ул. Краснопресненская, 5', 'Москва', 'Россия', '123242', 'Алюминиевые технологии', 'http://www.alyutek.ru'),
(162, 'ЗАО Древком', 'Лилия Гусева', 'l.guseva@drevkom.ru', '+7 411 223 3445', 'ул. Советская, 12', 'Якутск', 'Россия', '677000', 'Деревообрабатывающая промышленность', 'http://www.drevkom.ru'),
(163, 'ООО НаноТехПро', 'Константин Богданов', 'k.bogdanov@nanotechpro.ru', '+7 861 445 3342', 'ул. Средняя, 5', 'Краснодар', 'Россия', '350020', 'Нанотехнологии', 'http://www.nanotechpro.ru'),
(164, 'АО БашЭнерго', 'Анжела Сторожева', 'a.storozheva@bashenergo.ru', '+7 347 268 5544', 'ул. Революционная, 14', 'Уфа', 'Россия', '450077', 'Энергетика', 'http://www.bashenergo.ru'),
(165, 'ЗАО ЭкоТехСервис', 'Кирилл Фролов', 'k.frolov@ekotechservice.ru', '+7 861 333 2233', 'ул. Розы Люксембург, 15', 'Краснодар', 'Россия', '350000', 'Экологические технологии', 'http://www.ekotechservice.ru'),
(166, 'ООО Инноватио', 'Наталья Рыбакова', 'n.rybakova@innovatio.ru', '+7 495 845 9099', 'ул. Гарибальди, 8', 'Москва', 'Россия', '117418', 'Инновации и технологии', 'http://www.innovatio.ru'),
(167, 'АО ХимПромТех', 'Борис Смирнов', 'b.smirnov@himpromtech.ru', '+7 353 299 4752', 'ул. Пермская, 26', 'Оренбург', 'Россия', '460000', 'Химическая промышленность', 'http://www.himpromtech.ru'),
(168, 'ЗАО ЛесИнвест', 'Евгения Каменская', 'e.kamenskaya@lesinvest.ru', '+7 383 555 6655', 'ул. Крылова, 8', 'Новосибирск', 'Россия', '630007', 'Инвестиции в древесину', 'http://www.lesinvest.ru'),
(169, 'ООО ЭнергоКом', 'Дмитрий Фадеев', 'd.fadeev@energocom.ru', '+7 401 257 9912', 'пр. Советский, 3', 'Калининград', 'Россия', '236040', 'Энергетика', 'http://www.energocom.ru'),
(170, 'АО МедИнновации', 'Марина Терентьева', 'm.terentyeva@medinnovations.ru', '+7 411 232 5544', 'ул. Дзержинского, 31', 'Якутск', 'Россия', '677005', 'Медицинские инновации', 'http://www.medinnovations.ru'),
(171, 'ЗАО АгротехПроект', 'Степан Рябец', 's.ryabets@agrotechproekt.ru', '+7 411 229 8877', 'пер. Маяковского, 12', 'Якутск', 'Россия', '677000', 'Технологии для агрокомплексов', 'http://www.agrotechproekt.ru'),
(172, 'ООО ТелекомТраст', 'Оксана Зайцева', 'o.zaytseva@telecomtrust.ru', '+7 495 873 3345', 'ул. Профсоюзная, 84/32', 'Москва', 'Россия', '117292', 'Телекоммуникации', 'http://www.telecomtrust.ru'),
(173, 'АО ПромСервис', 'Алексей Шарапов', 'a.sharapov@promservice.ru', '+7 471 222 4456', 'ул. Энгельса, 15', 'Курск', 'Россия', '305000', 'Промышленное обслуживание', 'http://www.promservice.ru'),
(174, 'ЗАО ЭкоТехнология', 'Станислав Маслов', 's.maslov@ecotechnology.ru', '+7 383 345 7766', 'ул. Восстания, 18', 'Новосибирск', 'Россия', '630110', 'Экологичные технологии', 'http://www.ecotechnology.ru'),
(175, 'ООО СвязьСервис', 'Дарья Чернышева', 'd.chernysheva@svyazservice.ru', '+7 812 223 4455', 'ул. Димитрова, 7', 'Санкт-Петербург', 'Россия', '192012', 'Услуги связи', 'http://www.svyazservice.ru'),
(176, 'АО СнабКомплект', 'Ольга Борисова', 'o.borisova@snabkomplekt.ru', '+7 495 123 5678', 'пер. Гоголя, 1', 'Москва', 'Россия', '123098', 'Промышленное снабжение', 'http://www.snabkomplekt.ru'),
(177, 'ЗАО ТехноЛайн', 'Григорий Верещагин', 'g.vereshchagin@technoline.ru', '+7 861 333 5544', 'ул. Коммунаров, 15', 'Краснодар', 'Россия', '350000', 'Технологические процессы', 'http://www.technoline.ru'),
(178, 'АО Энергосила', 'Рэм Давыдов', 'r.davydov@energosila.ru', '+7 391 267 5544', 'ул. Ленина, 69', 'Красноярск', 'Россия', '660000', 'Энергосистемы', 'http://www.energosila.ru'),
(179, 'ЗАО СтройАльфа', 'Петр Гаврилов', 'p.gavrilov@stroyalfa.ru', '+7 421 365 5544', 'ул. Тургенева, 12', 'Хабаровск', 'Россия', '680000', 'Строительные проекты', 'http://www.stroyalfa.ru'),
(180, 'ООО ХимБио', 'Алина Осипова', 'a.osipova@himbio.ru', '+7 811 223 7788', 'ул. Октябрьская, 10', 'Великий Новгород', 'Россия', '173000', 'Биохимические технологии', 'http://www.himbio.ru'),
(181, 'АО СтройМатериалы', 'Егор Щербаков', 'e.shcherbakov@stroymaterials.ru', '+7 495 322 4455', 'ул. Басманная, 18', 'Москва', 'Россия', '105066', 'Строительные материалы', 'http://www.stroymaterials.ru'),
(182, 'ЗАО ЭкономТранзит', 'Наталья Долгих', 'n.dolgikh@ekonomtransit.ru', '+7 394 298 9988', 'ул. Солнечная, 91', 'Иркутск', 'Россия', '664043', 'Логистика', 'http://www.ekonomtransit.ru'),
(183, 'ООО ФармаКом', 'Кристина Киселева', 'k.kiseleva@pharmacom.ru', '+7 831 444 6677', 'ул. Ленина, 13', 'Нижний Новгород', 'Россия', '603000', 'Фармацевтика', 'http://www.pharmacom.ru'),
(184, 'АО УралМеталл', 'Михаил Котов', 'm.kotov@uralmetall.ru', '+7 499 667 3322', 'ул. Большая Ордынка, 69', 'Москва', 'Россия', '115035', 'Металлургия', 'http://www.uralmetall.ru'),
(185, 'ЗАО СтальКомплект', 'Полина Гуляева', 'p.gulyaeva@steelcomplekt.ru', '+7 812 776 3344', 'ул. Литейный проспект, 14', 'Санкт-Петербург', 'Россия', '191028', 'Поставка стали', 'http://www.steelcomplekt.ru'),
(186, 'ООО ХимЭкспорт', 'Владислав Жуков', 'v.zhukov@chemexport.ru', '+7 495 567 4450', 'пер. Уланский, 8', 'Москва', 'Россия', '101000', 'Экспорт химикатов', 'http://www.chemexport.ru'),
(187, 'АО Логистический Центр', 'Роман Степанов', 'r.stepanov@logcenter.ru', '+7 343 276 5544', 'ул. Ленина, 34', 'Екатеринбург', 'Россия', '620014', 'Логистика', 'http://www.logcenter.ru'),
(188, 'ЗАО КамТех', 'Евгений Цветков', 'e.tsvetkov@kamtech.ru', '+7 345 678 9087', 'ул. Республики, 37', 'Тюмень', 'Россия', '625000', 'Каменные технологии', 'http://www.kamtech.ru'),
(189, 'ООО ХимЛайн', 'Мария Шелест', 'm.shelest@himline.ru', '+7 842 323 6789', 'ул. Куйбышева, 27', 'Ульяновск', 'Россия', '432000', 'Химическая продукция', 'http://www.himline.ru'),
(190, 'ЗАО СтройПуть', 'Андрей Григорьев', 'a.grigoriev@stroydata.ru', '+7 499 763 5567', 'ул. Маросейка, 13', 'Москва', 'Россия', '101000', 'Инфраструктурные проекты', 'http://www.stroypath.ru'),
(191, 'ООО ТехКом', 'Ирина Малинина', 'i.malinina@techcom.ru', '+7 812 555 6678', 'пр. Обуховской Обороны, 223', 'Санкт-Петербург', 'Россия', '192012', 'Техническое обслуживание', 'http://www.techcom.ru'),
(192, 'АО СибХимТранс', 'Аркадий Лебедев', 'a.lebedev@sohhimtrans.ru', '+7 343 333 5567', 'ул. Высоцкого, 16', 'Екатеринбург', 'Россия', '620051', 'Поставка химикатов', 'http://www.sibhimtrans.ru'),
(193, 'ЗАО ВентСервис', 'Роман Воронов', 'r.voronov@ventservice.ru', '+7 495 854 6677', 'ул. Покровка, 32', 'Москва', 'Россия', '105062', 'Системы вентиляции', 'http://www.ventservice.ru'),
(194, 'ООО Партнер Кит', 'Матвей Шаров', 'm.sharov@kitpartner.ru', '+7 347 333 4456', 'ул. Коммунистическая, 30', 'Уфа', 'Россия', '450000', 'Поставки комплектующих', 'http://www.kitpartner.ru'),
(195, 'АО ЭнергоСфера', 'Анна Михайлова', 'a.mikhailova@energosfera.ru', '+7 812 865 7809', 'ул. Дибуновская, 52', 'Санкт-Петербург', 'Россия', '197183', 'Энергетические системы', 'http://www.energosfera.ru'),
(196, 'ЗАО ТехноПрофи', 'Артем Бубнов', 'a.bubnov@technoprofi.ru', '+7 843 233 4457', 'ул. Правды, 19', 'Казань', 'Россия', '420111', 'Профессинальные технологии', 'http://www.technoprofi.ru'),
(197, 'ООО СтройАктив', 'Дарья Воронова', 'd.voronova@stroyaktiv.ru', '+7 485 844 7768', 'ул. Демократическая, 7', 'Ярославль', 'Россия', '150014', 'Активы в строительстве', 'http://www.stroyaktiv.ru'),
(198, 'АО МеталИндустрия', 'Виталий Иванов', 'v.ivanov@metindustry.ru', '+7 495 777 1126', 'ул. Садовая-Кудринская, 22', 'Москва', 'Россия', '123242', 'Металлическая продукция', 'http://www.metindustry.ru'),
(199, 'ЗАО ХимСервис', 'Таисия Громова', 't.gromova@chemservice.ru', '+7 812 798 4452', 'ул. Профессора Попова, 5', 'Санкт-Петербург', 'Россия', '197022', 'Химическая промышленность', 'http://www.chemservice.ru'),
(200, 'ЗАО АвтоПром', 'Михаил Игнатьев', 'm.ignatiev@avtoprom.ru', '+7 495 123 6789', 'ул. Автозаводская, 23', 'Москва', 'Россия', '115280', 'Автомобилестроение', 'http://www.avtoprom.ru'),
(201, 'ООО АгроЦентр', 'Григорий Фомин', 'g.fomin@agrocentr.ru', '+7 812 876 3341', 'ул. Воскресенская, 15', 'Санкт-Петербург', 'Россия', '197110', 'Агропромышленный комплекс', 'http://www.agrocentr.ru'),
(202, 'АО ИнноТек', 'Елизавета Зайцева', 'e.zaytseva@innotek.ru', '+7 395 223 8890', 'ул. Крылова, 22', 'Иркутск', 'Россия', '664003', 'Инновационные технологии', 'http://www.innotek.ru'),
(203, 'ЗАО МашТех', 'Арам Ястребов', 'a.yastrebov@mashtech.ru', '+7 846 333 6789', 'ул. Карякинская, 17', 'Самара', 'Россия', '443069', 'Машиностроение', 'http://www.mashtech.ru'),
(204, 'ООО ГиперСтрой', 'Юлия Ласточкина', 'y.lastochkina@giperstroy.ru', '+7 343 889 2244', 'ул. Ленина, 55', 'Екатеринбург', 'Россия', '620075', 'Суперсооружения', 'http://www.giperstroy.ru'),
(205, 'АО ТехноВектор', 'Павел Щербаков', 'p.shcherbakov@technovector.ru', '+7 495 231 3344', 'ул. Большая Черкизовская, 3', 'Москва', 'Россия', '107553', 'Hi-tech технологии', 'http://www.technovector.ru'),
(206, 'ЗАО АгроСвет', 'Николай Смирнов', 'n.smirnov@agrosvet.ru', '+7 812 333 4451', 'пр. Московский, 36', 'Санкт-Петербург', 'Россия', '192102', 'Светотехника для агрокомплексов', 'http://www.agrosvet.ru'),
(207, 'ООО ЭкоЛинкс', 'Александр Зуев', 'a.zuev@ecolinks.ru', '+7 495 767 1238', 'ул. Садовническая, 5', 'Москва', 'Россия', '115035', 'Экологическая логистика', 'http://www.ecolinks.ru'),
(208, 'АО ВодТехСервис', 'Олег Виноградов', 'o.vinogradov@vodtechservice.ru', '+7 347 762 9001', 'ул. Зорге, 9', 'Уфа', 'Россия', '450083', 'Водоочистные технологии', 'http://www.vodtechservice.ru'),
(209, 'ЗАО НефтеКом', 'Екатерина Рябова', 'e.ryabova@neftekom.ru', '+7 495 832 5560', 'ул. Петровка, 14', 'Москва', 'Россия', '127051', 'Нефтехимия', 'http://www.neftekom.ru'),
(210, 'ООО ЭнергоПроект', 'Сергей Цветков', 's.tsvetkov@energoproject.ru', '+7 812 432 7893', 'ул. Большая Пушкарская, 45', 'Санкт-Петербург', 'Россия', '197198', 'Энергетические решения', 'http://www.energoproject.ru'),
(211, 'АО ХимЭко', 'Анна Быстрова', 'a.bystrova@himeco.ru', '+7 347 255 9789', 'ул. Ленина, 34', 'Уфа', 'Россия', '450000', 'Экологично-химические технологии', 'http://www.himeco.ru'),
(212, 'ЗАО НаноТек', 'Александр Панов', 'a.panov@nanotek.ru', '+7 401 256 1123', 'ул. Летняя, 19', 'Калининград', 'Россия', '236022', 'Нанотехнологии', 'http://www.nanotek.ru'),
(213, 'ООО АгроТранс', 'Илья Малышев', 'i.malyshev@agrotrans.ru', '+7 812 234 9990', 'ул. Санкт-Петербургская, 23', 'Санкт-Петербург', 'Россия', '197136', 'Транспортировка агропродукции', 'http://www.agrotrans.ru'),
(214, 'АО МеталТранс', 'Михаил Морозов', 'm.morozov@metaltrans.ru', '+7 495 123 9987', 'ул. Лесная, 11', 'Москва', 'Россия', '125047', 'Транспортировка металлов', 'http://www.metaltrans.ru'),
(215, 'ЗАО ХимПромЛогистик', 'Наталья Исаева', 'n.isaeva@chemprologistic.ru', '+7 345 295 0987', 'ул. Широкая, 14', 'Тюмень', 'Россия', '625000', 'Логистика химикатов', 'http://www.chemprologistic.ru'),
(216, 'ООО ТелекомСервис', 'Борис Коновалов', 'b.konovalov@telecomservice.ru', '+7 812 998 8891', 'ул. Пушкинская, 6', 'Санкт-Петербург', 'Россия', '191040', 'Телекоммуникационные технологии', 'http://www.telecomservice.ru'),
(217, 'АО СтальТех', 'Юлия Абрамова', 'y.abramova@staltech.ru', '+7 816 232 4456', 'ул. Хутузова, 29', 'Чебоксары', 'Россия', '428000', 'Стальные технологии', 'http://www.staltech.ru'),
(218, 'ЗАО АгроСнаб', 'Семён Брюханов', 's.bryukhanov@agrosnab.ru', '+7 495 455 9982', 'ул. Гиляровского, 14', 'Москва', 'Россия', '129090', 'Поставка агротехники', 'http://www.agrosnab.ru'),
(219, 'ООО Невская Линия', 'Ксения Тихонова', 'k.tikhonova@neva-line.ru', '+7 812 682 4451', 'ул. Лахтинская, 4', 'Санкт-Петербург', 'Россия', '197136', 'Морские перевозки', 'http://www.neva-line.ru'),
(220, 'АО ЭкоАльянс', 'Раис Гуров', 'r.gurov@ecoalliance.ru', '+7 495 886 5566', 'ул. Неглинная, 18', 'Москва', 'Россия', '127051', 'Экологически чистая продукция', 'http://www.ecoalliance.ru'),
(221, 'ООО ЛогистТранзит', 'Мария Павлова', 'm.pavlova@logtransit.ru', '+7 495 123 4321', 'ул. Каретный Ряд, 5', 'Москва', 'Россия', '125047', 'Логистика', 'http://www.logtransit.ru'),
(222, 'ЗАО ЭкоСтандарт', 'Алексей Громов', 'a.gromov@ecostandard.ru', '+7 812 444 9310', 'пр. Невский, 22', 'Санкт-Петербург', 'Россия', '191186', 'Экологические стандарты', 'http://www.ecostandard.ru'),
(223, 'АО ТехноГрупп', 'Иван Крылов', 'i.krylov@technogroup.ru', '+7 383 789 1123', 'ул. Ленина, 70', 'Новосибирск', 'Россия', '630000', 'Технологии', 'http://www.technogroup.ru'),
(224, 'ООО АгроТехКомплекс', 'Лидия Прохорова', 'l.prohorova@agrotechcomplex.ru', '+7 831 468 2231', 'ул. Базарная, 5', 'Нижний Новгород', 'Россия', '603000', 'Агрокомплекс', 'http://www.agrotechcomplex.ru'),
(225, 'ЗАО ВентПром', 'Григорий Рябцев', 'g.ryabtsev@ventprom.ru', '+7 863 234 4456', 'ул. Магнитная, 24', 'Ростов-на-Дону', 'Россия', '344000', 'Вентиляция', 'http://www.ventprom.ru'),
(226, 'АО БиоТехИнновации', 'Антон Савин', 'a.savin@biotechinno.ru', '+7 401 223 9988', 'ул. Профессора Попова, 10', 'Калининград', 'Россия', '236022', 'Биотехнологии', 'http://www.biotechinno.ru'),
(227, 'ООО Пищевые Технологии', 'Екатерина Кошелева', 'e.kosheleva@foodtech.ru', '+7 499 654 8743', 'ул. Каланчевская, 3', 'Москва', 'Россия', '129090', 'Пищевая промышленность', 'http://www.foodtech.ru'),
(228, 'ЗАО ЭкоКомфорт', 'Роман Гаврилов', 'r.gavrilov@ecocomfort.ru', '+7 921 123 6578', 'ул. Литейная, 16', 'Санкт-Петербург', 'Россия', '191028', 'Экологический комфорт', 'http://www.ecocomfort.ru'),
(229, 'АО МеталлКомплекс', 'Сергей Смоляков', 's.smolik@metallcomplex.ru', '+7 845 332 7765', 'ул. Кутякова, 12', 'Саратов', 'Россия', '410012', 'Металлургия', 'http://www.metallcomplex.ru'),
(230, 'ООО ЭкспортЭнерго', 'Дмитрий Зайцев', 'd.zaytsev@exportenergo.ru', '+7 481 569 3345', 'ул. Рубинштейна, 5', 'Смоленск', 'Россия', '214000', 'Энергетика', 'http://www.exportenergo.ru'),
(231, 'ЗАО МедИнтер', 'Ольга Овчинникова', 'o.ovchinnikova@medinter.ru', '+7 351 654 8712', 'ул. Володарского, 8', 'Челябинск', 'Россия', '454091', 'Медицинское оборудование', 'http://www.medinter.ru'),
(232, 'ООО ЛесПолимер', 'Татьяна Лепехина', 't.lepehina@lespolymer.ru', '+7 495 678 2546', 'ул. Полярная, 4', 'Москва', 'Россия', '127282', 'Лесная промышленность', 'http://www.lespolymer.ru'),
(233, 'АО ГазТехно', 'Олег Сорокин', 'o.sorokin@gaztechno.ru', '+7 421 812 9988', 'ул. Горького, 22', 'Хабаровск', 'Россия', '680000', 'Газовая промышленность', 'http://www.gaztechno.ru'),
(234, 'ЗАО СветТех', 'Юлия Морозова', 'y.morozova@svetteh.ru', '+7 342 542 1123', 'ул. Каменная, 1', 'Пермь', 'Россия', '614000', 'Освещение', 'http://www.svetteh.ru'),
(235, 'ООО ХимКомплект', 'Александр Орлов', 'a.orlov@chemkomplect.ru', '+7 812 549 6677', 'ул. Греческая, 23', 'Санкт-Петербург', 'Россия', '191123', 'Химическая промышленность', 'http://www.chemkomplect.ru'),
(236, 'ЗАО ЭкоАгро', 'Владислав Ильин', 'v.ilin@ecoagro.ru', '+7 351 223 3344', 'ул. Труда, 68', 'Челябинск', 'Россия', '454091', 'Экологическое сельское хозяйство', 'http://www.ecoagro.ru'),
(237, 'ООО ВодТехПро', 'Лариса Скворцова', 'l.skvortsova@vodtechpro.ru', '+7 423 676 4456', 'ул. Русская, 41', 'Владивосток', 'Россия', '690097', 'Водоснабжение', 'http://www.vodtechpro.ru'),
(238, 'АО НаноИндустрия', 'Николай Куратов', 'n.kuratov@nanoindustry.ru', '+7 343 333 7788', 'ул. Университетская, 9', 'Екатеринбург', 'Россия', '620075', 'Нанотехнологии', 'http://www.nanoindustry.ru'),
(239, 'ЗАО МашПромСнаб', 'Алена Петрова', 'a.petrova@mashpromsnab.ru', '+7 301 234 4456', 'ул. Ленина, 23', 'Улан-Удэ', 'Россия', '670000', 'Машиностроение', 'http://www.mashpromsnab.ru'),
(240, 'ООО МеталлЭнерго', 'Константин Волков', 'k.volkov@metallenergo.ru', '+7 495 998 3344', 'ул. Ордынка, 13', 'Москва', 'Россия', '115035', 'Металлургия', 'http://www.metallenergo.ru'),
(241, 'АО АгроЭкоРесурсы', 'Валентин Дронов', 'v.dronov@agroecoresources.ru', '+7 401 256 8899', 'ул. Пролетарская, 14', 'Калининград', 'Россия', '236022', 'Агрокомплекс', 'http://www.agroecoresources.ru'),
(242, 'ЗАО ХимЭкоПро', 'Ярославна Филатова', 'y.filatova@chimecopro.ru', '+7 495 887 5467', 'ул. Кировоградская, 11', 'Москва', 'Россия', '113405', 'Экологическая химия', 'http://www.chimecopro.ru'),
(243, 'ООО ТелекомПлюс', 'Максим Осипов', 'm.osipov@telecomplus.ru', '+7 812 123 6654', 'ул. Некрасова, 7', 'Санкт-Петербург', 'Россия', '191014', 'Телекоммуникации', 'http://www.telecomplus.ru'),
(244, 'АО МехТехСервис', 'Алексей Ермаков', 'a.ermakov@mehtehservice.ru', '+7 863 322 8845', 'ул. Садовая, 11', 'Ростов-на-Дону', 'Россия', '344000', 'Машиностроение', 'http://www.mehtehservice.ru'),
(245, 'ЗАО ЖилКом', 'Елена Иванова', 'e.ivanova@jilcom.ru', '+7 817 245 9987', 'ул. Чайковского, 12', 'Вологда', 'Россия', '160000', 'Жилищно-коммунальные услуги', 'http://www.jilcom.ru'),
(246, 'ООО ПромСтрой', 'Михаил Кузьмин', 'm.kuzmin@promstroy.ru', '+7 812 213 4456', 'пр. Стачек, 16', 'Санкт-Петербург', 'Россия', '198216', 'Промышленность', 'http://www.promstroy.ru'),
(247, 'АО ЛесЭкспорт', 'Антон Полторак', 'a.poltortak@lesexport.ru', '+7 914 567 2233', 'ул. Ладожская, 10', 'Владивосток', 'Россия', '690048', 'Лесная продукция', 'http://www.lesexport.ru'),
(248, 'ЗАО СветЭнерго', 'Валентина Белова', 'v.belova@svetenergo.ru', '+7 863 876 3322', 'ул. Большая, 23', 'Ростов-на-Дону', 'Россия', '344000', 'Освещение', 'http://www.svetenergo.ru'),
(249, 'ООО ХимСтрой', 'Семен Дмитров', 's.dmitrov@himstroy.ru', '+7 495 234 4412', 'ул. Новочеремушкинская, 34', 'Москва', 'Россия', '117218', 'Химическая промышленность', 'http://www.himstroy.ru'),
(250, 'АО МеталлСнаб', 'Дарья Глухова', 'd.glukhova@metallsnab.ru', '+7 812 344 6657', 'ул. Каменноостровский, 24', 'Санкт-Петербург', 'Россия', '197101', 'Металлургия', 'http://www.metallsnab.ru'),
(251, 'ЗАО АгроПарк', 'Петр Пушкин', 'p.pushkin@agropark.ru', '+7 401 269 9987', 'ул. Гастелло, 12', 'Калининград', 'Россия', '236029', 'Агримероприятия', 'http://www.agropark.ru'),
(252, 'ООО ПромЭкоСнаб', 'Оксана Доронина', 'o.doronina@promecosnab.ru', '+7 916 876 3344', 'ул. Красных Мадьяр, 88', 'Иркутск', 'Россия', '664043', 'Экологическое снабжение', 'http://www.promecosnab.ru'),
(253, 'АО Медэко', 'Денис Тихомиров', 'd.tikhomirov@medeco.ru', '+7 347 998 5566', 'ул. Гоголя, 99', 'Уфа', 'Россия', '450090', 'Медицинская экология', 'http://www.medeco.ru'),
(254, 'ЗАО ЭлтехСбыт', 'Мария Соколова', 'm.sokolova@eltehsbyt.ru', '+7 343 665 3345', 'ул. Вайнера, 20', 'Екатеринбург', 'Россия', '620014', 'Электротехника', 'http://www.eltehsbyt.ru'),
(255, 'ООО НефтьЛогист', 'Юлия Воронина', 'y.voronina@neftlogist.ru', '+7 395 223 3345', 'ул. Красных Коммунаров, 30', 'Иркутск', 'Россия', '664017', 'Нефтелогистика', 'http://www.neftlogist.ru'),
(256, 'АО ПластикПроект', 'Светлана Валентинова', 's.valentinova@plasticproject.ru', '+7 812 211 3345', 'ул. Куйбышева, 34', 'Санкт-Петербург', 'Россия', '197046', 'Проектирование пластика', 'http://www.plasticproject.ru'),
(257, 'ЗАО ХимПромБум', 'Борис Пупкин', 'b.pupkin@chimpromb.ru', '+7 846 654 2213', 'ул. Куйбышева, 1', 'Самара', 'Россия', '443000', 'Химико-промышленное производство', 'http://www.chimpromb.ru'),
(258, 'ООО УралСтрой', 'Виктор Тимофеев', 'v.timofeev@uralstroy.ru', '+7 343 445 9871', 'пр. Ленина, 35', 'Екатеринбург', 'Россия', '620075', 'Строительные комплексы', 'http://www.uralstroy.ru'),
(259, 'АО ВентИнвест', 'Инга Малахова', 'i.malakhova@ventinvest.ru', '+7 472 255 9988', 'пр. Предтеченский, 7', 'Белгород', 'Россия', '308000', 'Инвестиции в вентиляцию', 'http://www.ventinvest.ru'),
(260, 'ЗАО ЭнергоЭкспорт', 'Федор Смоляк', 'f.smoljak@energoexport.ru', '+7 812 755 5647', 'ул. Советская, 6', 'Санкт-Петербург', 'Россия', '193311', 'Экспорт электроэнергии', 'http://www.energoexport.ru'),
(261, 'ООО ЛогистикПром', 'Анна Капитонова', 'a.kapitonova@logisticprom.ru', '+7 495 987 1145', 'ул. Климентовский переулок, 14', 'Москва', 'Россия', '115035', 'Промышленная логистика', 'http://www.logisticprom.ru'),
(262, 'АО СветКом', 'Михаил Богданов', 'm.bogdanov@svetkom.ru', '+7 342 223 3345', 'ул. Комсомольская, 13', 'Пермь', 'Россия', '614000', 'Светотехническая продукция', 'http://www.svetkom.ru'),
(263, 'ЗАО АгроМаркет', 'Ольга Киселева', 'o.kiseleva@agromarket.ru', '+7 495 865 4521', 'ул. Мясницкая, 21', 'Москва', 'Россия', '101000', 'Агрокоммерция', 'http://www.agromarket.ru'),
(264, 'ООО МеталлПром', 'Кирилл Петров', 'k.petrov@metallprom.ru', '+7 812 798 4321', 'ул. 2-я Советская, 11', 'Санкт-Петербург', 'Россия', '191036', 'Металлопромышленность', 'http://www.metallprom.ru'),
(265, 'АО ХимЭнерджи', 'Александр Витченко', 'a.vitchenko@chimenergy.ru', '+7 496 766 4545', 'ул. Московская, 73', 'Сочи', 'Россия', '354000', 'Энергия из химии', 'http://www.chimenergy.ru'),
(266, 'ЗАО АвтоИнтеграция', 'Макар Торопов', 'm.toropov@avtointegratsia.ru', '+7 412 310 9911', 'пр. Гагарина, 66', 'Омск', 'Россия', '644099', 'Автомобильные интеграции', 'http://www.avtointegratsia.ru'),
(267, 'ООО Нанопродукт', 'Геннадий Уткин', 'g.utkin@nanoproduct.ru', '+7 305 876 5544', 'ул. Курчатова, 20', 'Белгород', 'Россия', '308024', 'Нанопродукты', 'http://www.nanoproduct.ru'),
(268, 'АО Экопродукт', 'Юлия Волжанина', 'y.volzhanina@ecoproduct.ru', '+7 343 888 1122', 'ул. Александра Невского, 1', 'Екатеринбург', 'Россия', '620039', 'Экологические продукты', 'http://www.ecoproduct.ru'),
(269, 'ЗАО ТелекомТех', 'Роман Галкин', 'r.galkin@telecomteh.ru', '+7 345 679 3324', 'ул. Республики, 27', 'Тюмень', 'Россия', '625000', 'Телекоммуникационные технологии', 'http://www.telecomteh.ru'),
(270, 'ООО ХимПроизводство', 'Инна Полтавская', 'i.poltvay@chimproduction.ru', '+7 812 424 9988', 'ул. Энгельса, 145', 'Санкт-Петербург', 'Россия', '194358', 'Производство химикатов', 'http://www.chimproduction.ru'),
(271, 'АО СтальИнвест', 'Григорий Светлов', 'g.svetlov@stalinvest.ru', '+7 812 898 3321', 'ул. Дворцовая, 6', 'Санкт-Петербург', 'Россия', '191186', 'Инвестиции в сталь', 'http://www.stalinvest.ru'),
(272, 'ЗАО АгроТраст', 'Игорь Романов', 'i.romanov@agrotrust.ru', '+7 383 644 1299', 'ул. Сибирская, 65', 'Новосибирск', 'Россия', '630090', 'Агробизнес', 'http://www.agrotrust.ru'),
(273, 'ООО ДарЭнерго', 'Оксана Ершова', 'o.ershova@darenergo.ru', '+7 865 992 3322', 'ул. Солнечная, 45', 'Ставрополь', 'Россия', '355021', 'Дарственная энергетика', 'http://www.darenergo.ru'),
(274, 'АО ХимМагистраль', 'Михаил Андреев', 'm.andreev@chimmagistra.ru', '+7 345 789 3232', 'ул. Сибирская, 28', 'Тюмень', 'Россия', '625000', 'Химические магистрали', 'http://www.chimmagistra.ru'),
(275, 'ЗАО СибХимКомплекс', 'Валерий Величко', 'v.velichko@sibhimkomplex.ru', '+7 343 677 1122', 'ул. Волгоградская, 12', 'Екатеринбург', 'Россия', '620040', 'Химический комплекс', 'http://www.sibhimkomplex.ru'),
(276, 'ООО ГазЭнергодобыча', 'Сергей Железнов', 's.zheleznov@gazenergodobycha.ru', '+7 401 652 3345', 'ул. Энергетиков, 3', 'Калининград', 'Россия', '236006', 'Добыча газа и энергетика', 'http://www.gazenergodobycha.ru'),
(277, 'АО ЭкоМир', 'Кира Данилова', 'k.danilova@ecomir.ru', '+7 812 879 0112', 'ул. Шпалерная, 26', 'Санкт-Петербург', 'Россия', '191187', 'Экологический мир', 'http://www.ecomir.ru'),
(278, 'ЗАО СтальЗавод', 'Олег Новиков', 'o.novikov@stalzavod.ru', '+7 472 299 3341', 'пр. Ленина, 98', 'Белгород', 'Россия', '308012', 'Производство стали', 'http://www.stalzavod.ru'),
(279, 'ООО БиоАгроПром', 'Виктория Морозова', 'v.morozova@bioagroprom.ru', '+7 481 223 8910', 'ул. Черняховского, 35', 'Смоленск', 'Россия', '214018', 'Биологическая агропромышленность', 'http://www.bioagroprom.ru'),
(280, 'АО ХимЭкоСнаб', 'Александр Епифанов', 'a.epifanov@chimecosnab.ru', '+7 817 534 5671', 'ул. Маяковского, 77', 'Вологда', 'Россия', '160001', 'Экологичное химическое снабжение', 'http://www.chimecosnab.ru'),
(281, 'ЗАО ПромТехИнвест', 'Марина Беспалова', 'm.bespalova@promtechinvest.ru', '+7 863 233 9988', 'ул. Седова, 12', 'Ростов-на-Дону', 'Россия', '344002', 'Технологические инвестиции', 'http://www.promtechinvest.ru'),
(282, 'ООО ХимАльянс', 'Максим Игнатов', 'm.ignatov@chimeunion.ru', '+7 812 677 3321', 'пр. Ленина, 100', 'Санкт-Петербург', 'Россия', '196105', 'Химический альянс', 'http://www.chimeunion.ru'),
(283, 'АО СтройСервис', 'Валентина Грекова', 'v.grekova@stroyservice.ru', '+7 495 654 7893', 'ул. Мясницкая, 24', 'Москва', 'Россия', '101000', 'Строительные услуги', 'http://www.stroyservice.ru'),
(284, 'ЗАО ПищПромЛогистик', 'Анна Шапкина', 'a.shapkina@pishlogistic.ru', '+7 495 454 2211', 'ул. Пятницкая, 14', 'Москва', 'Россия', '115035', 'Логистика пищевой продукции', 'http://www.pishlogistic.ru'),
(285, 'ООО АгроВосход', 'Алексей Савельев', 'a.savelyev@agrovoschod.ru', '+7 812 558 2211', 'ул. Удельная, 4', 'Санкт-Петербург', 'Россия', '194214', 'Агропромышленный комплекс', 'http://www.agrovoschod.ru'),
(286, 'АО ЭнерготехСервис', 'Елена Рязанова', 'e.ryazanova@enertechnoservice.ru', '+7 495 789 2231', 'ул. Щербаковская, 7', 'Москва', 'Россия', '105187', 'Услуги энергетике', 'http://www.enertechnoservice.ru'),
(287, 'ЗАО ЭкспортТех', 'Петр Васильев', 'p.vasilyev@exporttech.ru', '+7 812 866 2233', 'ул. Чайковского, 18', 'Санкт-Петербург', 'Россия', '191187', 'Экспортные технологии', 'http://www.exporttech.ru'),
(288, 'ООО МетПромГрупп', 'Екатерина Спицина', 'e.spicina@metpromgroup.ru', '+7 873 455 9988', 'ул. Дружбы, 11', 'Махачкала', 'Россия', '367000', 'Промышленная группа металлов', 'http://www.metpromgroup.ru'),
(289, 'АО ПромТехЛидер', 'Людмила Тенищева', 'l.tenisheva@promtechleader.ru', '+7 361 998 4455', 'ул. Омская, 23', 'Барнаул', 'Россия', '656054', 'Лидер промышленных технологий', 'http://www.promtechleader.ru'),
(290, 'ЗАО ЭкоТранс', 'Дмитрий Студенцов', 'd.studentcov@ecotrans.ru', '+7 347 233 9988', 'ул. Красной Армии, 44', 'Уфа', 'Россия', '450078', 'Экологичные перевозки', 'http://www.ecotrans.ru'),
(291, 'ООО ХимТехПром', 'Ольга Образцова', 'o.obraztsova@chemtechprom.ru', '+7 812 455 6789', 'ул. Технологическая, 8', 'Санкт-Петербург', 'Россия', '196084', 'Химические технологии', 'http://www.chemtechprom.ru'),
(292, 'АО НефтьИндустрия', 'Дмитрий Николаев', 'd.nikolaev@neftindustry.ru', '+7 495 678 4457', 'ул. Новочеремушкинская, 38', 'Москва', 'Россия', '117218', 'Нефтедобывающая индустрия', 'http://www.neftindustry.ru'),
(293, 'ЗАО БиоТехПро', 'Татьяна Синицына', 't.sinitsyna@biotechpro.ru', '+7 341 223 1188', 'ул. Коммунистическая, 9', 'Ижевск', 'Россия', '426000', 'Биотехнологические продукты', 'http://www.biotechpro.ru'),
(294, 'ООО ЛесТех', 'Артем Терентьев', 'a.terentev@lestech.ru', '+7 495 623 6677', 'ул. Сухаревская пл., 7', 'Москва', 'Россия', '129090', 'Деревообработка', 'http://www.lestech.ru'),
(295, 'АО МеталлПартнер', 'Виталий Северцев', 'v.severtsev@metalpartner.ru', '+7 843 876 3344', 'ул. Баумана, 32', 'Казань', 'Россия', '420111', 'Металлические партнерства', 'http://www.metalpartner.ru'),
(296, 'ЗАО ЭнергоСберГрупп', 'Людмила Лебедь', 'l.lebed@energosbergroup.ru', '+7 473 987 8871', 'ул. Чкалова, 2', 'Воронеж', 'Россия', '394000', 'Энергосберегающая группа', 'http://www.energosbergroup.ru'),
(297, 'ООО ГазПроект', 'Евгений Панкратов', 'e.pancratov@gazproekt.ru', '+7 495 789 5533', 'ул. Васильевская, 26', 'Москва', 'Россия', '123056', 'Проектирование газоснабжения', 'http://www.gazproekt.ru'),
(298, 'АО ВодоХим', 'Кира Зимина', 'k.zimina@vodohim.ru', '+7 818 276 3344', 'ул. Советская, 20', 'Архангельск', 'Россия', '163000', 'Водоочистка', 'http://www.vodohim.ru'),
(299, 'ЗАО ТеплоЭнерго', 'Анна Мамонтова', 'a.mamontova@heatenergy.co.ru', '+7 385 778 4455', 'ул. Московская, 10', 'Иркутск', 'Россия', '664009', 'Энергия и тепло', 'http://www.heatenergy.co.ru'),
(300, 'ООО ЭкоРеформа', 'Марина Юркова', 'm.yurkova@ecoreforma.ru', '+7 495 568 8765', 'пр. Мира, 69', 'Москва', 'Россия', '129110', 'Экологическая реформа', 'http://www.ecoreforma.ru'),
(301, 'АО ГазАльянс', 'Георгий Костин', 'g.kostin@gazalliance.ru', '+7 812 994 3344', 'ул. Тихвинская, 55', 'Санкт-Петербург', 'Россия', '191025', 'Газоснабжение', 'http://www.gazalliance.ru'),
(302, 'ЗАО ХимИнда', 'Оксана Кравец', 'o.kravets@chiminda.ru', '+7 834 567 8866', 'ул. Спортивная, 9', 'Саранск', 'Россия', '430000', 'Химическая индустрия', 'http://www.chiminda.ru'),
(303, 'ООО ЭнергоСистем', 'Андрей Тавдин', 'a.tavdin@energosystem.ru', '+7 8342 444 2213', 'ул. Заводская, 13', 'Йошкар-Ола', 'Россия', '424000', 'Энергетические системы', 'http://www.energosystem.ru'),
(304, 'АО ЭкоНова', 'Иван Басов', 'i.basov@ecoviva.ru', '+7 8342 778 1132', 'ул. Ленина, 45', 'Йошкар-Ола', 'Россия', '424048', 'Природные продукты', 'http://www.ecoviva.ru'),
(305, 'ЗАО АгроСвязь', 'Полина Иконникова', 'p.ikonkina@agrocom.ru', '+7 8342 112 8771', 'ул. Жуковского, 10', 'Йошкар-Ола', 'Россия', '424000', 'Сельскохозяйственная связь', 'http://www.agrocom.ru'),
(306, 'ООО НефтАлмаз', 'Аркадий Вишневский', 'a.vishnevsky@neftalmaz.ru', '+7 8342 778 9901', 'ул. Лесная, 2', 'Йошкар-Ола', 'Россия', '424039', 'Нефтяное оборудование', 'http://www.neftalmaz.ru'),
(307, 'АО ВетерКлимат', 'Ярославна Машарова', 'y.masharova@weatherclima.ru', '+7 8342 778 3213', 'ул. Победы, 18', 'Йошкар-Ола', 'Россия', '424006', 'Климатические технологии', 'http://www.weatherclima.ru'),
(308, 'ЗАО УралМет', 'Дарья Князева', 'd.knyazeva@uralmetzont.ru', '+7 8342 778 2254', 'ул. Чехова, 20', 'Йошкар-Ола', 'Россия', '424008', 'Металлы и сплавы', 'http://www.uralmetzont.ru'),
(309, 'ООО ПластФорм', 'Игорь Филонов', 'i.filonov@plastform.ru', '+7 8343 778 4422', 'ул. Ленина, 2', 'Йошкар-Ола', 'Россия', '424010', 'Пластиковые конструкции', 'http://www.plastform.ru'),
(310, 'АО СладкийТрасс', 'Фома Трифонов', 'f.trifonov@sweetcharm.ru', '+7 834 677 9988', 'ул. Советская, 55', 'Йошкар-Ола', 'Россия', '424052', 'Сладкая продукция', 'http://www.sweetcharm.ru'),
(311, 'ЗАО ХолодТех', 'Борис Смірних', 'b.smirnych@holodteh.ru', '+7 834 776 4455', 'ул. Юбилейная, 30', 'Йошкар-Ола', 'Россия', '424034', 'Холодильные установки', 'http://www.holodteh.ru'),
(312, 'ООО ФармаАльянс', 'Людмила Грязева', 'l.griazeva@pharmaalliance.ru', '+7 834 576 9981', 'ул. Сплавная, 28', 'Йошкар-Ола', 'Россия', '424021', 'Фармацевтический альянс', 'http://www.pharmaalliance.ru'),
(313, 'АО ДревТех', 'Руслан Краснов', 'r.krasnov@drevtech.ru', '+7 834 677 3322', 'ул. Металлистов, 40', 'Йошкар-Ола', 'Россия', '424071', 'Технологии деревообработки', 'http://www.drevtech.ru'),
(314, 'ЗАО ГазИнвест', 'Юрий Костенко', 'y.kostenko@gasinvest.ru', '+7 834 667 7789', 'ул. Верхне-Волжская, 51', 'Йошкар-Ола', 'Россия', '424039', 'Газовые инвестиции', 'http://www.gasinvest.ru'),
(315, 'ООО УтилиКом', 'Эмма Овальская', 'e.ovalskaya@utilicom.ru', '+7 834 676 4456', 'ул. Нижегородская, 99', 'Йошкар-Ола', 'Россия', '424001', 'Утилизация отходов', 'http://www.utilicom.ru'),
(316, 'АО Агротехника', 'Людмила Мальцева', 'l.maltseva@agrotechs.ru', '+7 834 565 9989', 'ул. Кировская, 25', 'Йошкар-Ола', 'Россия', '424060', 'Сельскохозяйственная техника', 'http://www.agrotechs.ru'),
(317, 'ЗАО ЭкоТурнен', 'Олег Щеглов', 'o.shcheglov@ekoturn.ru', '+7 834 575 3322', 'ул. Пролетарская, 50', 'Йошкар-Ола', 'Россия', '424034', 'Экотуризм', 'http://www.ekoturn.ru'),
(318, 'ООО БасМетал', 'Анна Середа', 'a.sereda@basmetal.ru', '+7 834 778 8874', 'ул. Зарубина, 52', 'Йошкар-Ола', 'Россия', '424047', 'Металлические конструкции', 'http://www.basmetal.ru'),
(319, 'АО АгроПроизводство', 'Наталья Истомина', 'n.istomina@agroproduction.ru', '+7 834 686 5545', 'ул. Копейская, 12', 'Йошкар-Ола', 'Россия', '424003', 'Агропроизводственные технологии', 'http://www.agroproduction.ru'),
(320, 'ЗАО ЭкоПреображение', 'Павел Куприков', 'p.kuprikov@ecotransformation.ru', '+7 834 567 9987', 'ул. Никитинская, 10', 'Йошкар-Ола', 'Россия', '424067', 'Экопродукты', 'http://www.ecotransformation.ru'),
(321, 'ООО ТехЭрг', 'Дарья Головина', 'd.golovina@teherg.ru', '+7 831 233 9988', 'ул. Куйбышева, 12', 'Нижний Новгород', 'Россия', '603000', 'Энергетика', 'http://www.teherg.ru'),
(322, 'ЗАО АгроДинамика', 'Анатолий Волосов', 'a.volosov@agrodynamics.ru', '+7 846 123 7788', 'ул. Чапаева, 89', 'Самара', 'Россия', '443000', 'Сельское хозяйство', 'http://www.agrodynamics.ru'),
(323, 'АО ЭкоТерра', 'Полина Синдеева', 'p.sindeeva@ecoterra.ru', '+7 495 332 7788', 'ул. Садовая-Кудринская, 15', 'Москва', 'Россия', '123242', 'Экологические решения', 'http://www.ecoterra.ru'),
(324, 'ООО ИнфоТех', 'Игорь Чернов', 'i.chernov@infotech.ru', '+7 812 654 8876', 'ул. Центральная, 4', 'Санкт-Петербург', 'Россия', '191123', 'Информационные технологии', 'http://www.infotech.ru'),
(325, 'ЗАО ТяжМех', 'Мария Костромина', 'm.kostromina@tyazhmekh.ru', '+7 343 467 1123', 'ул. Карла Либкнехта, 10', 'Екатеринбург', 'Россия', '620000', 'Машиностроение', 'http://www.tyazhmekh.ru'),
(326, 'АО ЛесТраст', 'Никита Лапшин', 'n.lapshin@lestrust.ru', '+7 831 245 6678', 'ул. Белинского, 24', 'Нижний Новгород', 'Россия', '603000', 'Лесная промышленность', 'http://www.lestrust.ru'),
(327, 'ООО БиоЭнерго', 'Валерия Огородникова', 'v.ogorodnikova@bioenergo.ru', '+7 472 233 5577', 'ул. Губкина, 21', 'Белгород', 'Россия', '308000', 'Биотехнологии', 'http://www.bioenergo.ru'),
(328, 'ЗАО СветМир', 'Екатерина Лобанова', 'e.lobanova@svetmir.ru', '+7 495 234 9988', 'ул. Полянка, 34', 'Москва', 'Россия', '119019', 'Светотехника', 'http://www.svetmir.ru'),
(329, 'АО ХимТехнология', 'Константин Осокин', 'k.osokin@chimtechnology.ru', '+7 905 332 8865', 'ул. Голубева, 2', 'Волгоград', 'Россия', '400001', 'Химическая промышленность', 'http://www.chimtechnology.ru'),
(330, 'ООО МеталлАрхитектор', 'Надежда Колесникова', 'n.kolesnikova@metarchitect.ru', '+7 812 991 2233', 'ул. Невский пр., 54', 'Санкт-Петербург', 'Россия', '191186', 'Строительство', 'http://www.metarchitect.ru'),
(331, 'ЗАО ИнженерПроект', 'Юлия Овсянникова', 'y.ovsyannikova@ingproject.ru', '+7 865 287 5567', 'ул. Мира, 12', 'Ставрополь', 'Россия', '355000', 'Инженерия', 'http://www.ingproject.ru'),
(332, 'АО ЭкспоКом', 'Виталий Родионов', 'v.rodionov@expocom.ru', '+7 911 234 6654', 'ул. Маршала Захарова, 24', 'Калининград', 'Россия', '236000', 'Выставочные услуги', 'http://www.expocom.ru'),
(333, 'ООО ТехноПрогресс', 'Татьяна Алешина', 't.aleshina@technoprogress.ru', '+7 499 676 3345', 'ул. Большая Ордынка, 11', 'Москва', 'Россия', '115035', 'Технологические инновации', 'http://www.technoprogress.ru'),
(334, 'ЗАО ФармаТрейд', 'Сергей Щукин', 's.shtukin@pharmatrade.ru', '+7 812 998 5566', 'ул. Казанская, 7', 'Санкт-Петербург', 'Россия', '198209', 'Фармацевтика', 'http://www.pharmatrade.ru'),
(335, 'АО ПластМетал', 'Александр Синюгин', 'a.sinugin@plastmetal.ru', '+7 421 875 3344', 'ул. Фрунзе, 44', 'Хабаровск', 'Россия', '680000', 'Металлопластиковая продукция', 'http://www.plastmetal.ru'),
(336, 'ООО БульМет', 'Анна Лазарева', 'a.lazareva@bulmet.ru', '+7 843 340 9911', 'ул. Кремлевская, 22', 'Казань', 'Россия', '420000', 'Металлургия', 'http://www.bulmet.ru'),
(337, 'ЗАО ЭкоЭнерго', 'Дмитрий Поляков', 'd.polyakov@ecoenergo.ru', '+7 345 677 4455', 'ул. 9 Мая, 55', 'Тюмень', 'Россия', '625000', 'Экологическая энергетика', 'http://www.ecoenergo.ru'),
(338, 'АО ТелекомСвязь', 'Леонид Белоусов', 'l.belousov@telecomsvyaz.ru', '+7 347 256 9944', 'ул. Сагита Агиша, 5', 'Уфа', 'Россия', '450000', 'Телекоммуникации', 'http://www.telecomsvyaz.ru'),
(339, 'ООО НеоХимТех', 'Марина Богомолова', 'm.bogomolova@neohimtec.ru', '+7 381 998 8876', 'ул. Советская, 8', 'Новосибирск', 'Россия', '630000', 'Химическая промышленность', 'http://www.neohimtec.ru'),
(340, 'ЗАО ЭнергоПромТех', 'Виктор Павлов', 'v.pavlov@energopromtech.ru', '+7 812 234 7733', 'ул. Малая Морская, 19', 'Санкт-Петербург', 'Россия', '191186', 'Энергетические компании', 'http://www.energopromtech.ru'),
(341, 'АО ДорТранс', 'Наталья Служкова', 'n.sluzhkova@dortrans.ru', '+7 345 777 8899', 'пр. Ленина, 27', 'Тюмень', 'Россия', '625000', 'Дорожный транспорт', 'http://www.dortrans.ru'),
(342, 'ООО ТехноСпец', 'Алексей Белов', 'a.belov@technospec.ru', '+7 495 445 3345', 'ул. Никольская, 25', 'Москва', 'Россия', '109012', 'Специальные технологии', 'http://www.technospec.ru'),
(343, 'ЗАО СельКонтроль', 'Павел Баранов', 'p.baranov@selkontrol.ru', '+7 421 234 7688', 'ул. Тихоокеанская, 31', 'Хабаровск', 'Россия', '680000', 'Сельскохозяйственный контроль', 'http://www.selkontrol.ru'),
(344, 'АО ТопливСнаб', 'Вячеслав Большаков', 'v.bolshakov@toplivsnab.ru', '+7 917 567 1123', 'ул. Победы, 4', 'Уфа', 'Россия', '450000', 'Топливные материалы', 'http://www.toplivsnab.ru'),
(345, 'ООО АгроИмпульс', 'Ирина Григорьева', 'i.grigoreva@agroimpuls.ru', '+7 861 678 3344', 'ул. Красная, 7', 'Краснодар', 'Россия', '350000', 'Агрокомплекс', 'http://www.agroimpuls.ru'),
(346, 'ЗАО ЭкоТех', 'Татьяна Щербакова', 't.shcherbakova@ecotech.ru', '+7 863 989 7721', 'ул. Большая Садовая, 2', 'Ростов-на-Дону', 'Россия', '344000', 'Экологические технологии', 'http://www.ecotech.ru'),
(347, 'АО МехИнтех', 'Денис Савинов', 'd.savinov@mehintech.ru', '+7 495 877 2202', 'ул. Дубининская, 15', 'Москва', 'Россия', '115054', 'Механические решения', 'http://www.mehintech.ru'),
(348, 'ООО НаноКомплекс', 'Галина Панова', 'g.panova@nanokomp.ru', '+7 812 887 3348', 'ул. Пулковская, 17', 'Санкт-Петербург', 'Россия', '196240', 'Наноматериалы', 'http://www.nanokomp.ru'),
(349, 'ЗАО ЛогистикаПлюс', 'Евгений Юрьев', 'e.yuryev@logisticaplus.ru', '+7 343 567 4433', 'ул. Розыбальская, 21', 'Екатеринбург', 'Россия', '620000', 'Логистика', 'http://www.logisticaplus.ru'),
(350, 'АО АгроГлобал', 'Марина Колесникова', 'm.kolesnikova@agroglobal.ru', '+7 842 111 8899', 'ул. Ленина, 50', 'Ульяновск', 'Россия', '432000', 'Агропромышленные решения', 'http://www.agroglobal.ru'),
(351, 'ООО ЭнергияСвет', 'Олег Петров', 'o.petrov@energiasvet.ru', '+7 401 545 8899', 'ул. Московская, 60', 'Калининград', 'Россия', '236000', 'Энергетические системы', 'http://www.energiasvet.ru'),
(352, 'ЗАО ТехноПазл', 'Дарья Зорина', 'd.zorina@technopuzle.ru', '+7 347 674 3345', 'пр. Октября, 15', 'Уфа', 'Россия', '450005', 'Комплексные технологии', 'http://www.technopuzle.ru'),
(353, 'АО ЭкоГрупп', 'Антон Миронов', 'a.mironov@ecogroup.ru', '+7 499 775 3344', 'ул. Лобачевского, 13', 'Москва', 'Россия', '119620', 'Экологические группы', 'http://www.ecogroup.ru'),
(354, 'ООО ЛесСтрой', 'Алексей Иванов', 'a.ivanov@lesstroy.ru', '+7 845 221 5544', 'ул. Чапаева, 20', 'Саратов', 'Россия', '410000', 'Технологии деревообработки', 'http://www.lesstroy.ru'),
(355, 'ЗАО АгроЭнерджи', 'Ксения Афанасьева', 'k.afanaseva@agroenergy.ru', '+7 843 444 2212', 'ул. Хади Такташа, 10', 'Казань', 'Россия', '420111', 'Энергоэффективность в АПК', 'http://www.agroenergy.ru'),
(356, 'АО МеталлСерв', 'Артем Переверзев', 'a.pereverzev@metallserv.ru', '+7 473 333 5567', 'ул. 25-летия Октября, 1', 'Воронеж', 'Россия', '394000', 'Металлургические услуги', 'http://www.metallserv.ru'),
(357, 'ООО ХимБиоТех', 'Светлана Кесина', 's.kesina@chimbiotech.ru', '+7 347 445 9988', 'ул. Ленина, 55', 'Уфа', 'Россия', '450000', 'Биотехнологии в химии', 'http://www.chimbiotech.ru'),
(358, 'ЗАО ТехПро', 'Игорь Назаров', 'i.nazarov@techpro.ru', '+7 812 776 3344', 'ул. Бассейная, 12', 'Санкт-Петербург', 'Россия', '196158', 'Промышленные технологии', 'http://www.techpro.ru'),
(359, 'АО ЭнергоКомфорт', 'Елена Морева', 'e.moreva@energocomfort.ru', '+7 499 665 1133', 'ул. Мясницкая, 8', 'Москва', 'Россия', '101000', 'Энергетический комфорт', 'http://www.energocomfort.ru'),
(360, 'ООО ЭкоМеталл', 'Евгений Долгов', 'e.dolgov@ecometall.ru', '+7 812 555 7766', 'ул. Грибоедова, 14', 'Санкт-Петербург', 'Россия', '191186', 'Экологическая металлогия', 'http://www.ecometall.ru'),
(361, 'АО СельСнаб', 'Петр Кабанов', 'p.kabanov@selsnab.ru', '+7 345 213 8876', 'ул. Советская, 70', 'Тюмень', 'Россия', '625000', 'Сельскохозяйственные поставки', 'http://www.selsnab.ru'),
(362, 'ЗАО ХимСвязь', 'Илона Сидорова', 'i.sidorova@chimsvyaz.ru', '+7 495 662 3345', 'ул. Покровка, 27', 'Москва', 'Россия', '101000', 'Химическая связь', 'http://www.chimsvyaz.ru'),
(363, 'ООО ТехЭнергоПром', 'Марина Гуляева', 'm.gulyaeva@techenergo.ru', '+7 831 334 9911', 'ул. Бакунина, 12', 'Нижний Новгород', 'Россия', '603000', 'Энергетические технологии', 'http://www.techenergo.ru'),
(364, 'АО МеталлПро', 'Сергей Антонов', 's.antonov@metallpro.ru', '+7 843 445 7788', 'ул. Астрономическая, 20', 'Казань', 'Россия', '420000', 'Металлическая продукция', 'http://www.metallpro.ru'),
(365, 'ЗАО ЭкоАэросвязь', 'Татьяна Мещерякова', 't.mescheryakova@ecoaero.ru', '+7 472 223 4455', 'ул. Кольцова, 18', 'Белгород', 'Россия', '308000', 'Экологические авиалинии', 'http://www.ecoaero.ru'),
(366, 'АО НаноАльянс', 'Виктория Шаталова', 'v.shatalova@nanoalliance.ru', '+7 843 222 2233', 'ул. Петербургская, 87', 'Казань', 'Россия', '420097', 'Нанотехнологические альянсы', 'http://www.nanoalliance.ru'),
(367, 'ООО АгроМеталл', 'Анна Гордеева', 'a.gordeeva@agrometall.ru', '+7 381 998 2299', 'ул. Карбышева, 5', 'Омск', 'Россия', '644001', 'Агрометаллы', 'http://www.agrometall.ru'),
(368, 'ЗАО НефтьГазАгро', 'Алексей Емельянов', 'a.emeliyanov@neftgazagro.ru', '+7 411 675 3322', 'ул. Чараева, 7', 'Якутск', 'Россия', '677000', 'Нефтегазовый агрокомплекс', 'http://www.neftgazagro.ru'),
(369, 'АО ЛогТрансПром', 'Михаил Власов', 'm.vlasov@logtransprom.ru', '+7 347 998 7765', 'ул. Цветочная, 25', 'Уфа', 'Россия', '450000', 'Транспортная логистика', 'http://www.logtransprom.ru'),
(370, 'ООО ЭкоАльтернатива', 'Дмитрий Арсеньев', 'd.arsenyev@ecoalternativa.ru', '+7 495 665 1122', 'ул. Воздвиженка, 9', 'Москва', 'Россия', '101000', 'Альтернативные технологии', 'http://www.ecoalternativa.ru'),
(371, 'ЗАО БиоПроект', 'Олег Суворов', 'o.suvorov@bioproekt.ru', '+7 986 445 2299', 'ул. Рождественская, 3', 'Самара', 'Россия', '443000', 'Биологические проекты', 'http://www.bioproekt.ru'),
(372, 'АО ТехАвтоКлимат', 'Людмила Веселова', 'l.veselova@techautoclimate.ru', '+7 383 667 9987', 'ул. Революции, 45', 'Новосибирск', 'Россия', '630000', 'Автомобильный климат', 'http://www.techautoclimate.ru'),
(373, 'ООО Металлорада', 'Роман Богатырев', 'r.bogatyrev@metallorada.ru', '+7 499 887 7766', 'ул. Тверская, 17', 'Москва', 'Россия', '127006', 'Металлические разработки', 'http://www.metallorada.ru'),
(374, 'ЗАО ГазТранс', 'Семен Сорокин', 's.sorokin@gastrans.ru', '+7 863 889 5522', 'ул. Большая, 22', 'Ростов-на-Дону', 'Россия', '344000', 'Транспортировка газа', 'http://www.gastrans.ru'),
(375, 'АО ЭкоСпектр', 'Анна Солдатова', 'a.soldatova@ekospektr.ru', '+7 431 677 3344', 'ул. Четина, 31', 'Йошкар-Ола', 'Россия', '424000', 'Экологические разработки', 'http://www.ekospektr.ru'),
(376, 'ООО МедРегион', 'Елена Шорохова', 'e.shorokhova@medregion.ru', '+7 493 668 2232', 'ул. Жуковского, 5', 'Иваново', 'Россия', '153000', 'Медицинские услуги', 'http://www.medregion.ru'),
(377, 'ЗАО ЭкспоПром', 'Петр Черкасов', 'p.chirkasov@expoprom.ru', '+7 812 667 8899', 'ул. Английская набережная, 12', 'Санкт-Петербург', 'Россия', '190000', 'Промышленные выставки', 'http://www.expoprom.ru'),
(378, 'АО СтройМастер', 'Александр Игнатов', 'a.ignatov@stroy-master.ru', '+7 812 991 4455', 'ул. Большая Морская, 25', 'Санкт-Петербург', 'Россия', '190000', 'Архитектурное строительство', 'http://www.stroy-master.ru'),
(379, 'ООО ПищТех', 'Эдуард Поляков', 'e.polyakov@pishtech.ru', '+7 491 778 5544', 'ул. Свободы, 33', 'Рязань', 'Россия', '390000', 'Пищевые технологии', 'http://www.pishtech.ru'),
(380, 'ЗАО НаноДев', 'Ольга Ефимова', 'o.efimova@nanodev.ru', '+7 812 113 7766', 'ул. Варшавская, 63', 'Санкт-Петербург', 'Россия', '190000', 'Разработка нанотехнологий', 'http://www.nanodev.ru'),
(381, 'АО ЮгЭнерго', 'Дмитрий Дорофеев', 'd.dorofeev@ugenergo.ru', '+7 861 176 8877', 'ул. Новороссийская, 8', 'Краснодар', 'Россия', '350000', 'Энергосистемы', 'http://www.ugenergo.ru'),
(382, 'ЗАО МеталлПромСнаб', 'Арсен Ветров', 'a.vetrov@metallpromsnab.ru', '+7 342 998 5566', 'ул. Мира, 10', 'Пермь', 'Россия', '614000', 'Металлопромышленность', 'http://www.metallpromsnab.ru'),
(383, 'ООО ПластТехно', 'Игорь Руденко', 'i.rudenko@plasteh.ru', '+7 495 667 1133', 'ул. Крымский Вал, 3', 'Москва', 'Россия', '119049', 'Технологии пластмасс', 'http://www.plasteh.ru'),
(384, 'ЗАО ГазПромСнаб', 'Олег Быстров', 'o.bystrov@gazpromsnab.ru', '+7 421 778 8567', 'ул. Тургенева, 70', 'Хабаровск', 'Россия', '680000', 'Поставка газа', 'http://www.gazpromsnab.ru'),
(385, 'АО ЛесРегион', 'Григорий Побединский', 'g.pobedinskiy@lesregion.ru', '+7 831 446 7766', 'ул. Ильинская, 56', 'Нижний Новгород', 'Россия', '603000', 'Лесная продукция', 'http://www.lesregion.ru'),
(386, 'ООО ГлобЭнерго', 'Светлана Ащеулова', 's.ashcheulova@globenergo.ru', '+7 843 113 2255', 'ул. Подлужная, 11', 'Казань', 'Россия', '420000', 'Энергетические технологии', 'http://www.globenergo.ru'),
(387, 'ЗАО БиоСервис', 'Леонид Морозов', 'l.morozov@bioservice.ru', '+7 383 998 7766', 'ул. Ленина, 101', 'Новосибирск', 'Россия', '630000', 'Биотехнологические услуги', 'http://www.bioservice.ru'),
(388, 'АО СтройПро', 'Алексей Рогов', 'a.rogov@stroypro.ru', '+7 812 534 6655', 'ул. Ломоносова, 19', 'Санкт-Петербург', 'Россия', '191002', 'Строительные проекты', 'http://www.stroypro.ru'),
(389, 'ООО МеталлКомплект', 'Борис Абрамов', 'b.abramov@metalkomplekt.ru', '+7 395 888 6677', 'ул. Урицкого, 23', 'Иркутск', 'Россия', '664000', 'Комплекты из металлов', 'http://www.metalkomplekt.ru'),
(390, 'ЗАО ЭкоТехно', 'Вера Фомина', 'v.fomina@ecotechno.ru', '+7 812 777 9966', 'ул. Юных Пионеров, 2', 'Санкт-Петербург', 'Россия', '192102', 'Экологические технологии', 'http://www.ecotechno.ru'),
(391, 'АО ТехноФлоу', 'Оксана Ефремова', 'o.efremova@technoflow.ru', '+7 401 776 5544', 'ул. Комсомольская, 30', 'Калининград', 'Россия', '236029', 'Потоковые технологии', 'http://www.technoflow.ru'),
(392, 'ЗАО АгроЭксперт', 'Евгений Смирнов', 'e.smirnov@agroexpert.ru', '+7 495 112 3345', 'ул. Пушкинская, 18', 'Москва', 'Россия', '101000', 'Агробизнес-консалтинг', 'http://www.agroexpert.ru'),
(393, 'ООО ЛогМикс', 'Мария Круглова', 'm.kruglova@logmix.ru', '+7 495 777 3344', 'ул. Садовая, 60', 'Москва', 'Россия', '119002', 'Комплексная логистика', 'http://www.logmix.ru'),
(394, 'АО Нанометр', 'Вероника Боброва', 'v.bobrova@nanom.ru', '+7 843 112 1123', 'ул. Татарстан, 6', 'Казань', 'Россия', '420111', 'Микротехнологии', 'http://www.nanom.ru'),
(395, 'ЗАО ИнжТехно', 'Дина Орлова', 'd.orlova@inztec.ru', '+7 812 555 6654', 'ул. Красного Курсанта, 15', 'Санкт-Петербург', 'Россия', '197110', 'Инженерные технологии', 'http://www.inztec.ru'),
(396, 'ООО Пластснаб', 'Виктор Пономарев', 'v.ponomarev@plastsnab.ru', '+7 812 998 5566', 'ул. Маршала Казакова, 54', 'Санкт-Петербург', 'Россия', '198184', 'Поставка пластиков', 'http://www.plastsnab.ru'),
(397, 'АО ЭлектроАвтоматика', 'Александра Кузнецова', 'a.kuznetsova@elektroauto.ru', '+7 812 877 3344', 'ул. Красного Текстильщика, 42', 'Санкт-Петербург', 'Россия', '196010', 'Электроника и автоматика', 'http://www.elektroauto.ru'),
(398, 'ЗАО МедТранс', 'Светлана Шибаева', 's.shibaeva@medtrans.ru', '+7 351 776 4455', 'ул. Чайковского, 41', 'Челябинск', 'Россия', '454091', 'Медицинские перевозки', 'http://www.medtrans.ru'),
(399, 'ООО ХимВолга', 'Андрей Алеев', 'a.aleev@chimvolga.ru', '+7 862 663 3344', 'ул. Баумана, 5', 'Сочи', 'Россия', '354000', 'Химическая индустрия', 'http://www.chimvolga.ru'),
(400, 'АО ЮгСтрой', 'Василий Смирнов', 'v.smirnov@yugstroy.ru', '+7 861 778 6677', 'ул. Тургенева, 92', 'Краснодар', 'Россия', '350000', 'Южное строительство', 'http://www.yugstroy.ru');


INSERT INTO Projects VALUES 
(101, 'Проект оптимизации производства', '2023-01-15', '2023-09-15', 7500000.00, 128, 5, 'В процессе', 203, 'Проект направлен на улучшение производственных процессов для повышения эффективности и снижения затрат.'),
(102, 'Разработка новой линейки продуктов', '2023-02-01', '2023-12-01', 20000000.00, 172, 7, 'В процессе', 186, 'Проект включает исследования и разработку новой линейки продуктов для расширения ассортимента и увеличения рыночной доли.'),
(103, 'Автоматизация бухгалтерского учета', '2023-03-10', '2023-08-15', 3200000.00, 102, 12, 'Планируется', 172, 'Проект по внедрению современных систем автоматизации для улучшения управления финансами.'),
(104, 'Создание корпоративного портала', '2023-02-20', '2023-06-30', 5000000.00, 154, 10, 'В процессе', 169, 'Проект нацелен на разработку и внедрение корпоративного портала для улучшения внутренней коммуникации и доступа к информации.'),
(105, 'Обновление IT-инфраструктуры', '2023-04-01', '2023-10-01', 9000000.00, 189, 11, 'В процессе', 192, 'Проект включает замену устаревшего оборудования и программного обеспечения для повышения производительности и безопасности.'),
(106, 'Разработка маркетинговой стратегии', '2023-01-10', '2023-07-01', 6000000.00, 169, 13, 'Завершен', 320, 'Проект по анализу рынка и разработке новой маркетинговой стратегии для укрепления позиционирования бренда.'),
(107, 'Исследование рынка', '2023-05-15', '2023-09-15', 2800000.00, 226, 14, 'В процессе', 295, 'Проект направлен на изучение потребностей и предпочтений целевой аудитории для выбора направленности будущих разработок.'),
(108, 'Обучение персонала', '2023-04-05', '2023-11-01', 4500000.00, 248, 16, 'В процессе', 300, 'Проект по организации программ обучения для повышения квалификации сотрудников компании.'),
(109, 'Разработка мобильного приложения', '2023-06-01', '2023-12-01', 8000000.00, 139, 7, 'Планируется', 102, 'Создание мобильного приложения для улучшения пользовательского взаимодействия и расширения функциональных возможностей.'),
(110, 'Модернизация системы безопасности', '2023-07-10', '2023-11-10', 12000000.00, 275, 8, 'В процессе', 231, 'Проект направлен на улучшение систем безопасности для защиты данных и обеспечения стабильной работы компании.'),
(111, 'Открытие нового офиса', '2023-08-15', '2024-02-15', 15000000.00, 111, 9, 'Планируется', 366, 'Проект по расширению географии присутствия компании через открытие нового офиса в стратегически важном регионе.'),
(112, 'Внедрение CRM-системы', '2023-09-01', '2023-12-01', 3100000.00, 133, 10, 'В процессе', 323, 'Проект по внедрению CRM для улучшения управления клиентскими контактами и повышению удовлетворенности клиентов.'),
(113, 'Создание инновационного центра', '2023-02-05', '2024-01-15', 50000000.00, 137, 11, 'В процессе', 190, 'Создание центра для разработки и внедрения инноваций, способных поддержать устойчивый рост и развитие компании.'),
(114, 'Модернизация системы управления проектами', '2023-03-10', '2023-10-10', 8200000.00, 240, 5, 'В процессе', 169, 'Проект нацелен на улучшение и оптимизацию систем управления проектами для повышения эффективности реализации проектов.'),
(115, 'Оценка экологической устойчивости', '2023-04-15', '2023-09-01', 2700000.00, 180, 6, 'В процессе', 356, 'Проект по оценке и внедрению экологически устойчивых практик в операционную деятельность компании.'),
(116, 'Создание дистрибуционного центра', '2023-05-20', '2024-02-20', 22000000.00, 233, 7, 'Планируется', 390, 'Проект по созданию современного логистического и дистрибуционного центра для улучшения цепочки поставок.'),
(117, 'Анализ конкурентного окружения', '2023-06-25', '2023-10-25', 3600000.00, 144, 9, 'В процессе', 183, 'Анализ стратегий конкурентов для выявления и разработки собственных конкурентных преимуществ.'),
(118, 'Перезапуск бренда', '2023-07-05', '2024-01-01', 13000000.00, 255, 5, 'Планируется', 346, 'Проект по обновлению бренда для актуализации его образа и укрепления позиций на рынке.'),
(119, 'Разработка системы управления знаниями', '2023-08-10', '2023-12-31', 4000000.00, 217, 3, 'В процессе', 367, 'Создание системы для структурирования, хранения и обмена знаниями внутри компании.'),
(120, 'Внедрение системы управления качеством', '2023-09-15', '2024-03-01', 7100000.00, 178, 4, 'В процессе', 277, 'Проект направлен на внедрение современных систем управления качеством для улучшения продукции и услуг.'),
(121, 'Создание исследовательского центра', '2023-10-01', '2024-05-15', 55000000.00, 245, 5, 'Планируется', 168, 'Создание центра для проведения прикладных исследований и инновационных разработок.'),
(122, 'Оптимизация логистических потоков', '2023-04-01', '2023-12-31', 4300000.00, 147, 6, 'В процессе', 344, 'Проект нацелен на улучшение логистических процессов для повышения эффективности цепочки поставок.'),
(123, 'Обновление системы безопасности труда', '2023-05-11', '2023-10-11', 2700000.00, 195, 7, 'В процессе', 276, 'Проект по внедрению современных стандартов безопасности и здоровья на рабочем месте.'),
(124, 'Разработка стратегии корпоративной ответственности', '2023-06-15', '2023-11-20', 3000000.00, 141, 8, 'В процессе', 119, 'Проект нацелен на создание долгосрочной стратегии корпоративной социальной ответственности.'),
(125, 'Создание новой системы аналитики', '2023-07-20', '2023-12-20', 9200000.00, 198, 9, 'В процессе', 289, 'Проект по разработке системы аналитики для получения стратегически важных данных и прогнозов.'),
(126, 'Обновление брендинга и фирменного стиля', '2023-08-25', '2024-03-01', 6200000.00, 275, 10, 'Планируется', 123, 'Проект направлен на обновление визуальной идентификации компании для улучшения узнаваемости и привлекательности бренда.'),
(127, 'Внедрение системы роботизации процессов', '2023-09-30', '2024-04-01', 17000000.00, 194, 11, 'В процессе', 260, 'Автоматизация и роботизация внутренних процессов компании для увеличения эффективности и уменьшения ошибок.'),
(128, 'Разработка плана повышения безопасности', '2023-02-10', '2023-09-30', 4800000.00, 119, 12, 'В процессе', 229, 'Проект по разработке и внедрению мер для усиления безопасности сотрудников и активов компании.'),
(129, 'Исследование влияния на окружающую среду', '2023-03-15', '2023-08-01', 3400000.00, 144, 13, 'В процессе', 239, 'Проект для оценки текущих практик и последующего внедрения более экологически чистых технологий.'),
(130, 'Создание платформы для онлайн-обучения', '2023-04-20', '2024-01-01', 9900000.00, 133, 14, 'Планируется', 256, 'Разработка и внедрение системы онлайн-обучения для внутреннего использования и повышения квалификации сотрудников.'),
(131, 'Обновление системы управления информацией', '2023-05-25', '2024-02-25', 6100000.00, 142, 15, 'В процессе', 243, 'Модернизация и оптимизация системы управления информацией для улучшения корпоративного управления.'),
(132, 'Создание системы управления талантами', '2023-06-05', '2023-11-05', 3900000.00, 138, 16, 'В процессе', 221, 'Проект направлен на развитие системы выявления, обучения и поддержания лидеров внутри компании.'),
(133, 'Исследование новых технологий в производстве', '2023-07-10', '2023-12-10', 7200000.00, 262, 17, 'В процессе', 129, 'Анализ и изучение новых технологий с целью интеграции их в производственный процесс для повышения конкурентных преимуществ.'),
(134, 'Разработка масштабируемой архитектуры ПО', '2023-08-15', '2024-01-15', 5800000.00, 157, 5, 'Планируется', 189, 'Проект по созданию высокопроизводительной и масштабируемой архитектуры программного обеспечения для поддержки будущих разработок.'),
(135, 'Создание политики устойчивого развития', '2023-09-20', '2023-11-30', 4200000.00, 271, 6, 'В процессе', 287, 'Разработка политики устойчивого развития, направленной на сохранение природных ресурсов и поддержку экосистем.'),
(136, 'Разработка системы внутреннего контроля', '2023-10-25', '2024-05-15', 8700000.00, 227, 7, 'В процессе', 153, 'Создание и внедрение системы внутреннего контроля для уменьшения рисков и улучшения управленческого учета.'),
(137, 'Оптимизация бизнес-процессов', '2023-04-10', '2023-11-30', 6700000.00, 111, 8, 'В процессе', 239, 'Анализ и пересмотр ключевых бизнес-процессов для повышения их эффективности и прозрачности.'),
(138, 'Разработка корпоративного университета', '2023-05-15', '2024-02-01', 13000000.00, 235, 9, 'Планируется', 248, 'Создание корпоративного университета для централизованной подготовки специалистов и повышения их квалификации.'),
(139, 'Исследование клиентских потребностей', '2023-06-20', '2023-09-20', 2900000.00, 186, 10, 'В процессе', 195, 'Анализ и изучение требований и ожиданий клиентов для более точного удовлетворения их запросов.'),
(140, 'Модернизация системы управления ресурсами', '2023-07-25', '2024-03-25', 7600000.00, 217, 11, 'В процессе', 143, 'Проект по улучшению систем управления внутренними ресурсами для повышения их продуктивности и снижения затрат.'),
(141, 'Разработка новой линейки программных продуктов', '2023-08-05', '2024-05-05', 9200000.00, 258, 12, 'Планируется', 279, 'Создание и внедрение новой серии программных решений для расширения ассортимента и удовлетворения новых потребностей рынка.'),
(142, 'Оценка и управление проектными рисками', '2023-09-10', '2023-11-10', 3800000.00, 159, 13, 'В процессе', 323, 'Разработка системы управления и оценки рисков, связанных с проектной деятельностью.'),
(143, 'Создание интеллектуальной системы управления', '2023-10-15', '2024-04-15', 14000000.00, 143, 14, 'В процессе', 196, 'Проект направлен на создание интеллектуальной автоматизированной системы для оптимизации управления компанией.'),
(144, 'Модернизация системы отчетности', '2023-01-20', '2023-12-20', 5900000.00, 107, 15, 'В процессе', 226, 'Проект по модернизации системы отчетности для повышения ее точности и уменьшения времени на подготовку отчетов.'),
(145, 'Анализ новых рынков сбыта', '2023-02-25', '2023-10-25', 3400000.00, 210, 16, 'В процессе', 163, 'Изучение потенциальных новых рынков для расширения географии продаж и увеличения доходов компании.'),
(146, 'Разработка системы кибербезопасности', '2023-03-30', '2024-02-01', 9100000.00, 236, 17, 'В процессе', 356, 'Разработка системы защиты информации и предотвращения атак для безопасности сотрудников и данных компании.'),
(147, 'Создание интегрированной платформы управления', '2023-04-05', '2024-03-05', 9800000.00, 200, 18, 'Планируется', 397, 'Проект по созданию единой интегрированной платформы для управления всеми аспектами бизнеса.'),
(148, 'Повышение эффективности использования активов', '2023-05-10', '2023-12-10', 4300000.00, 202, 19, 'В процессе', 199, 'Проект нацелен на улучшение использования активов компании для увеличения их производительности.'),
(149, 'Разработка новой концепции продуктового предложения', '2023-06-15', '2023-11-15', 7200000.00, 185, 5, 'В процессе', 191, 'Проект по разработке новых продуктов и услуг, направленных на удовлетворение изменяющихся потребностей клиентов.'),
(150, 'Создание гибридной облачной инфраструктуры', '2023-07-20', '2024-02-20', 16800000.00, 105, 6, 'В процессе', 258, 'Проект по созданию гибридной облачной инфраструктуры для повышения гибкости и устойчивости ИТ-систем.'),
(151, 'Модернизация системы управления данными', '2023-08-25', '2024-04-25', 6100000.00, 138, 7, 'В процессе', 267, 'Проект по обновлению систем управления данными для улучшения их актуальности и доступности.'),
(152, 'Создание центра управления инцидентами', '2023-09-30', '2024-03-30', 6700000.00, 174, 8, 'Планируется', 362, 'Проект по созданию центра управления инцидентами для оперативного решения проблем и минимизации негативных последствий.'),
(153, 'Разработка стратегии повышения конкурентоспособности', '2023-10-05', '2024-05-05', 8100000.00, 262, 9, 'В процессе', 398, 'Создание стратегии по увеличению конкурентных преимуществ компании на текущих и новых рынках.'),
(154, 'Обновление IT-архитектуры компании', '2023-01-10', '2023-12-10', 11500000.00, 212, 10, 'В процессе', 196, 'Проект по актуализации и реорганизации IT-архитектуры для поддержки новых бизнес-направлений и технологий.'),
(155, 'Управление изменениями', '2023-02-15', '2023-09-15', 2900000.00, 187, 11, 'В процессе', 163, 'Создание системы управления изменениями, направленной на успешное внедрение новых процессов и технологий без дестабилизации работы компании.'),
(156, 'Оценка и оптимизация производственных мощностей', '2023-03-20', '2023-12-01', 5600000.00, 162, 12, 'В процессе', 392, 'Проект для анализа и оптимизации использования производственных мощностей компании с целью снижения издержек и увеличения выработки.'),
(157, 'Разработка новых инструментов деловой активности', '2023-04-25', '2024-01-25', 4900000.00, 218, 13, 'В процессе', 333, 'Создание новых инструментов для более эффективного взаимодействия с клиентами и партнерами.'),
(158, 'Разработка механизма повышения лояльности клиентов', '2023-05-30', '2023-11-30', 3300000.00, 136, 14, 'Планируется', 215, 'Проект по разработке системы стимулирующих программ для повышения лояльности и удовлетворенности клиентов.'),
(159, 'Создание системы управления инновациями', '2023-06-05', '2024-03-05', 8500000.00, 178, 15, 'В процессе', 167, 'Проект по созданию структуры и процессов для систематического внедрения инноваций в деятельности компании.'),
(160, 'Улучшение клиентского сервиса', '2023-07-10', '2024-02-10', 4400000.00, 271, 16, 'В процессе', 255, 'Мероприятия по повышению качества клиентского сервиса через обучение сотрудников и внедрение новых технологий.'),
(161, 'Анализ цепочек поставок', '2023-08-15', '2023-12-15', 3900000.00, 205, 17, 'В процессе', 339, 'Анализ текущих цепочек поставок и поиск путей для их оптимизации и снижения затрат.'),
(162, 'Разработка комплексной системы управления проектами', '2023-09-20', '2024-05-20', 9900000.00, 145, 18, 'В процессе', 321, 'Создание интегрированной системы для управления проектами, включая планирование ресурсов, времени и затрат.'),
(163, 'Создание системы раннего предупреждения рисков', '2023-10-25', '2024-04-25', 7300000.00, 244, 19, 'Планируется', 396, 'Разработка системы для мониторинга и предупреждения потенциальных рисков, связанных с операционной деятельностью и внешними факторами.'),
(164, 'Разработка политики кадрового резерва', '2023-01-05', '2023-09-05', 3200000.00, 182, 5, 'В процессе', 298, 'Создание стратегии для резервирования и развития компетентных кадров на ключевые должности в перспективе.'),
(165, 'Обновление системы контроля качества', '2023-02-10', '2023-11-10', 2800000.00, 227, 6, 'В процессе', 400, 'Проект по актуализации и совершенствованию системы контроля качества продукции и услуг компании.'),
(166, 'Оптимизация процессов внутреннего аудита', '2023-03-15', '2023-08-15', 5600000.00, 178, 7, 'Планируется', 171, 'Проект по улучшению процессов внутреннего аудита для повышения прозрачности и эффективности работы компании.'),
(167, 'Разработка системы поощрения и мотивации', '2023-04-20', '2023-12-20', 4800000.00, 248, 8, 'В процессе', 229, 'Создание системы для стимулирования сотрудников и повышения их мотивации через финансовые и нефинансовые механизмы.'),
(168, 'Анализ и улучшение внутренней коммуникации', '2023-05-25', '2023-10-25', 3400000.00, 263, 9, 'В процессе', 129, 'Изучение существующих коммуникационных процессов и разработка мероприятий для их улучшения и упрощения.'),
(169, 'Создание системы сертификации и оценки сотрудников', '2023-06-30', '2024-03-30', 6900000.00, 165, 10, 'Планируется', 275, 'Проект по созданию стандартизированной системы оценки и сертификации для обнаружения пробелов в знаниях и улучшения работы сотрудников.'),
(170, 'Разработка программы энергосбережения', '2023-07-05', '2024-01-05', 4400000.00, 252, 11, 'В процессе', 103, 'Разработка и внедрение современного комплекса мероприятий для снижения затрат энергии и повышения энергоэффективности.'),
(171, 'Оценка зрелости управленческих процессов', '2023-08-10', '2023-11-10', 3100000.00, 195, 12, 'Планируется', 345, 'Аудит и оценка зрелости текущих управленческих процессов компании для выявления и исправления слабых мест.'),
(172, 'Создание системы интеграции поставщиков', '2023-09-15', '2024-03-15', 8700000.00, 167, 13, 'В процессе', 224, 'Проект по созданию единой системы интеграции для более тесной и эффективной работы с поставщиками и партнерами.'),
(173, 'Разработка комплекса мер по повышению продуктивности', '2023-10-20', '2024-04-20', 7600000.00, 130, 14, 'В процессе', 363, 'Комплекс инициатив, направленных на увеличение продуктивности сотрудников и улучшение организационных процессов.'),
(174, 'Оптимизация процессов материально-технического снабжения', '2023-01-25', '2023-07-25', 3500000.00, 270, 15, 'В процессе', 114, 'Анализ текущих процессов снабжения и разработка мер для их улучшения, минимизации затрат и ускорения доставки.'),
(175, 'Создание системы трансформации данных', '2023-02-05', '2023-08-05', 6700000.00, 178, 16, 'В процессе', 118, 'Проект по разработке и внедрению системы трансформации данных для более точного принятия решений на основе анализа.'),
(176, 'Создание системы управления изменениями', '2023-03-10', '2023-09-10', 8500000.00, 154, 17, 'Планируется', 218, 'Разработка единой системы управления изменениями для упрощения и ускорения процесса внедрения изменений.'),
(177, 'Разработка комплекса мер по удержанию клиентов', '2023-04-15', '2023-10-15', 3600000.00, 136, 18, 'В процессе', 160, 'Проект по разработке системы мер поддержки и удержания клиентов для поддержания их лояльности и увеличения продаж.'),
(178, 'Анализ и редизайн бизнес-модели', '2023-05-20', '2023-11-20', 9100000.00, 189, 19, 'Планируется', 127, 'Изучение текущей бизнес-модели и поиск путей для ее улучшения и адаптации к новым условиям рынка и задачам компании.'),
(179, 'Внедрение системы управления производственными операциями', '2023-06-01', '2024-01-01', 4200000.00, 233, 5, 'В процессе', 201, 'Создание и внедрение системы управления операциями для улучшения контроля и точности производственных процессов.'),
(180, 'Создание стратегии управления стоимостью', '2023-07-06', '2024-02-06', 8100000.00, 232, 6, 'В процессе', 227, 'Проект нацелен на разработку стратегии управления стоимостью с фокусом на сокращение расходов и улучшение рентабельности.'),
(181, 'Разработка системы управления корпоративной репутацией', '2023-08-11', '2023-12-11', 5000000.00, 184, 7, 'В процессе', 222, 'Создание системы мониторинга и анализа репутации компании на рынке с целью разработки мер по её улучшению.'),
(182, 'Модернизация процесса стратегического планирования', '2023-09-16', '2023-11-16', 3400000.00, 217, 8, 'Планируется', 394, 'Активности по улучшению процесса стратегического планирования для увеличения гибкости и точности предсказания рыночных изменений.'),
(183, 'Оптимизация налоговой нагрузки', '2023-10-21', '2024-04-21', 7500000.00, 173, 9, 'В процессе', 356, 'Разработка программ и решений для оптимизации налогообложения и улучшения финансового состояния компании.'),
(184, 'Анализ и реструктуризация бизнес-процессов', '2023-01-25', '2023-06-25', 9400000.00, 140, 10, 'В процессе', 327, 'Проведение анализа существующих процессов для их оптимизации и достижения большей производительности.'),
(185, 'Оценка и управление цепочкой создания ценности', '2023-02-10', '2023-12-10', 6400000.00, 219, 11, 'Планируется', 322, 'Изучение цепочки создания ценностей для выявления и устранения потерь и улучшения общей эффективности.'),
(186, 'Создание системы мобильных решений', '2023-03-15', '2023-08-15', 4600000.00, 264, 12, 'В процессе', 275, 'Проект по созданию мобильных решений для увеличения гибкости и доступности продуктов и услуг компании.'),
(187, 'Разработка системы интеграции процессов', '2023-04-20', '2023-11-20', 8100000.00, 191, 13, 'Планируется', 395, 'Создание системы интеграции для более синхронизированного и плодотворного взаимодействия всех отделов и функций внутри компании.'),
(188, 'Анализ и улучшение клиентского опыта', '2023-05-25', '2024-02-25', 5300000.00, 226, 14, 'В процессе', 246, 'Оценка текущего клиентского опыта и внедрение мер для его улучшения и увеличения лояльности к бренду.'),
(189, 'Внедрение автоматизированной системы мониторинга', '2023-06-30', '2024-03-30', 7800000.00, 190, 15, 'В процессе', 165, 'Создание системы мониторинга для ваших процессов и продуктов компании для улучшения контроля и быстрого реагирования на проблемы.'),
(190, 'Создание центра данных с высокой степенью защиты', '2023-07-05', '2024-01-05', 10800000.00, 138, 16, 'Планируется', 229, 'Проект по созданию центра данных для повышения безопасности хранения и обработки чувствительной информации.'),
(191, 'Исследование методов повышения устойчивости в кризис', '2023-08-10', '2023-12-10', 2900000.00, 106, 17, 'В процессе', 183, 'Исследование и разработка стратегий повышения устойчивости компании в условиях изменяющейся экономической среды.'),
(192, 'Внедрение системы электронного документооборота', '2023-09-15', '2024-01-15', 4100000.00, 276, 18, 'В процессе', 178, 'Разработка и внедрение электронных систем для оптимизации потоков документов и улучшения управляемости.'),
(193, 'Анализ и перекрестное тестирование технологий', '2023-10-20', '2024-04-20', 6000000.00, 179, 19, 'В процессе', 393, 'Тщательный анализ современных технологий и их тестирование для последующего внедрения в деятельность компании.'),
(194, 'Управление моделью прогнозирования спроса', '2023-01-05', '2023-06-05', 3900000.00, 233, 5, 'В процессе', 138, 'Создание и внедрение моделей прогнозирования спроса для более оптимального управления запасами и снижением дефицита.'),
(195, 'Оптимизация технической документации', '2023-02-10', '2023-12-10', 5300000.00, 229, 6, 'Планируется', 163, 'Совершенствование процессов разработки и хранения технической документации для ускорения производства и улучшения качества продукта.'),
(196, 'Создание мудрой финансовой практики управления', '2023-03-15', '2023-08-15', 6400000.00, 103, 7, 'В процессе', 157, 'Разработка системы управления финансами, направленной на эффективное использование ресурсов и минимизацию финансовых рисков.'),
(197, 'Инициативы по оптимизации налогов', '2023-04-20', '2023-11-20', 3100000.00, 171, 8, 'В процессе', 151, 'План по изучению и внедрению инициатив для оптимизации налогов и улучшения финансовых показателей компании.'),
(198, 'Оптимизация структуры активов', '2023-05-25', '2023-10-25', 4700000.00, 158, 9, 'Планируется', 390, 'Обновление и перестройка структуры активов компании для более эффективного управления ими и увеличения стоимости компании.'),
(199, 'Разработка новой методологии проектирования', '2023-06-30', '2024-03-30', 9300000.00, 200, 10, 'В процессе', 374, 'Создание и внедрение инновационной методологии проектирования для комплексного улучшения процессов разработки.'),
(200, 'Анализ функциональных возможностей кадровых ресурсов', '2023-07-05', '2024-01-05', 6800000.00, 250, 11, 'В процессе', 397, 'Оценка текущих возможностей сотрудников для выявления потенциала для их развития и более успешного выполнения стратегических задач.'),
(201, 'Разработка программы повышения квалификации сотрудников', '2023-09-01', '2024-03-15', 5500000.00, 162, 12, 'В процессе', 296, 'Проект направлен на создание программы для повышения квалификации сотрудников компании.'),
(202, 'Создание центра технологических инноваций', '2023-10-10', '2024-04-10', 21000000.00, 102, 13, 'Планируется', 218, 'Формирование центра для разработки и внедрения передовых технологических решений в бизнес-процессы.'),
(203, 'Анализ использования цифровых инструментов', '2023-11-05', '2024-05-05', 3200000.00, 161, 14, 'В процессе', 113, 'Исследование текущего внедрения цифровых технологий и поиск путей для их улучшения в компании.'),
(204, 'Автоматизация административных процессов', '2023-12-01', '2024-06-01', 8700000.00, 225, 15, 'В процессе', 366, 'Проект по автоматизации административных процессов для повышения эффективности управления.'),
(205, 'Создание платформы для разработки ПО с открытым кодом', '2024-01-20', '2024-07-20', 6200000.00, 170, 16, 'Планируется', 134, 'Проект по разработке платформы для совместной работы над проектами с открытым кодом.'),
(206, 'Оптимизация цепочки поставок для увеличения устойчивости', '2023-10-25', '2024-04-25', 9300000.00, 126, 17, 'В процессе', 341, 'Исследование и улучшение устойчивости цепочки поставок путем оптимизации процессов.'),
(207, 'Разработка стратегии потребительского маркетинга', '2023-09-15', '2024-02-15', 5600000.00, 143, 18, 'В процессе', 166, 'Создание новой стратегии маркетинга с акцентом на удовлетворение потребностей потребителей.'),
(208, 'Создание подразделения по исследованиям и развитию', '2023-11-20', '2024-05-20', 18000000.00, 187, 19, 'Планируется', 260, 'Формирование подразделения для ведения передовых исследований и разработки инноваций.'),
(209, 'Разработка интегрированной платёжной системы', '2024-01-10', '2024-07-10', 6800000.00, 196, 20, 'В процессе', 156, 'Проект по разработке и внедрению интегрированной системы платежей для улучшения финансовых операций.'),
(210, 'Обновление архитектуры данных для аналитики', '2023-09-05', '2024-03-05', 7000000.00, 185, 21, 'В процессе', 355, 'Модернизация архитектуры данных для улучшения процессов аналитики и отчетности.'),
(211, 'Создание системы управления операционными рисками', '2023-10-15', '2024-04-15', 8300000.00, 181, 22, 'Планируется', 167, 'Проект направлен на повышение эффективности управления операционными рисками через внедрение систем управления.'),
(212, 'Разработка программы сбережения ресурсов', '2023-08-25', '2024-02-25', 3700000.00, 159, 23, 'В процессе', 367, 'Проект по созданию программы для снижения расходов на ресурсы и повышения устойчивости бизнеса.'),
(213, 'Внедрение стратегии адаптивного ценообразования', '2024-01-01', '2024-07-01', 4700000.00, 240, 24, 'В процессе', 101, 'Проект по внедрению стратегии ценообразования, адаптирующейся под изменения рыночной среды.'),
(214, 'Анализ и оптимизация инфраструктуры безопасности данных', '2023-12-15', '2024-06-15', 9800000.00, 148, 25, 'Планируется', 152, 'Комплексный анализ и улучшение инфраструктуры безопасности для защиты данных в компании.'),
(215, 'Оптимизация процессов бюджетирования', '2023-09-10', '2024-03-10', 4900000.00, 265, 12, 'В процессе', 218, 'Проект по улучшению процесса создания и выполнения бюджета для повышения финансового контроля.'),
(216, 'Разработка плана по интернационализации бизнеса', '2023-10-30', '2024-04-30', 11200000.00, 232, 13, 'Планируется', 367, 'Создание плана для глобального расширения и входа на международные рынки.'),
(217, 'Внедрение технологий искусственного интеллекта', '2023-12-05', '2024-06-05', 14200000.00, 147, 14, 'В процессе', 121, 'Применение технологий ИИ для автоматизации и улучшения бизнес-процессов.'),
(218, 'Создание центра контроля качества', '2024-01-15', '2024-07-15', 7800000.00, 213, 15, 'Планируется', 184, 'Формирование заказа для централизации и повышения стандартов контроля качества продукции и услуг.'),
(219, 'Обновление информационной системы с использованием облачных технологий', '2023-09-20', '2024-03-20', 11000000.00, 228, 16, 'В процессе', 145, 'Модернизация и улучшение информационной системы через внедрение облачных технологий для увеличения продуктивности.'),
(220, 'Анализ и внедрение инновационных стратегий управления', '2023-10-20', '2024-04-20', 6800000.00, 136, 17, 'В процессе', 105, 'Проект направлен на изучение и внедрение инновационных стратегий управления для повышения конкурентоспособности компании.'),
(221, 'Создание онлайн-платформы для изучения рынка', '2023-11-01', '2024-05-01', 7400000.00, 171, 18, 'Планируется', 148, 'Разработка онлайн-платформы для сбора и анализа рыночных данных, что поможет предвидеть изменения и адаптировать стратегию.'),
(222, 'Оптимизация производственных процессов для повышения эффективности', '2023-12-25', '2024-06-25', 8000000.00, 199, 19, 'В процессе', 218, 'Проведение анализа и внедрение улучшений в производственных процессах для повышения эффективности и снижения издержек.'),
(223, 'Разработка экосистемы для повышения экономической устойчивости', '2024-01-08', '2024-07-08', 9600000.00, 190, 20, 'Планируется', 257, 'Создание экосистемы партнеров и ресурсов для укрепления и повышения экономической устойчивости бизнеса.'),
(224, 'Создание центра управления данными с высокой производительностью', '2023-09-25', '2024-03-25', 8700000.00, 149, 21, 'В процессе', 176, 'Проект по созданию центра для обработки и анализа больших объемов данных, поддерживающего высокую скорость работы.'),
(225, 'Автоматизация клиентских процессов для улучшения сервиса', '2023-10-30', '2024-04-30', 5600000.00, 112, 22, 'В процессе', 113, 'Внедрение автоматизированных систем для улучшения клиентского опыта и повышения качества обслуживания.'),
(226, 'Разработка системы управления корпоративными изменениями', '2023-12-10', '2024-06-10', 9100000.00, 185, 23, 'Планируется', 358, 'Создание системы для управления изменениями в организации с целью упрощения и ускорения адаптации к новым условиям.'),
(227, 'Создание платформы для мониторинга рыночных тенденций', '2023-11-15', '2024-05-15', 7600000.00, 182, 24, 'В процессе', 297, 'Проект по разработке платформы, позволяющей оперативно следить за изменениями на рынке и адаптировать стратегию компании.'),
(228, 'Оптимизация системы внутреннего контроля для улучшения управляемости', '2024-01-05', '2024-07-05', 3900000.00, 261, 25, 'Планируется', 109, 'Разработка улучшенной системы внутреннего контроля с целью повышения эффективности управления и минимизации рисков.'),
(229, 'Внедрение новых стандартов качества для повышения конкурентоспособности', '2023-10-15', '2024-04-15', 5000000.00, 116, 12, 'В процессе', 215, 'Работа над новыми стандартами качества продукции и услуг, направленная на увеличение конкурентных преимуществ.'),
(230, 'Создание стратегии управления инновациями в компании', '2023-11-25', '2024-05-25', 8300000.00, 182, 13, 'Планируется', 393, 'Разработка стратегии внедрения инноваций для улучшения процессов и увеличения конкурентоспособности компании.'),
(231, 'Обновление системы корпоративного управления с точки зрения устойчивости', '2023-12-20', '2024-06-20', 10200000.00, 111, 14, 'В процессе', 299, 'Проект направлен на интеграцию устойчивых практик в систему корпоративного управления для достижения долговременной стабильности.'),
(232, 'Создание структуры управления рисками для укрепления позиций компании', '2024-01-25', '2024-07-25', 6100000.00, 218, 15, 'В процессе', 343, 'Разработка структуры для управления и снижения рисков, способствующих устойчивому развитию компании.'),
(233, 'Создание системы технической поддержки и обслуживания', '2023-09-17', '2024-03-17', 8900000.00, 205, 16, 'Планируется', 355, 'Формирование и внедрение системы технической поддержки, направленной на улучшение обслуживания и удовлетворение потребителей.'),
(234, 'Разработка системы управления интеллектуальной собственностью', '2023-10-22', '2024-04-22', 6300000.00, 277, 17, 'В процессе', 312, 'Проект по созданию системы для управления и защиты интеллектуальной собственности компании.'),
(235, 'Создание центра компетенции по цифровой трансформации', '2023-11-08', '2024-05-08', 9500000.00, 160, 18, 'Планируется', 214, 'Создание центра компетенции для поддержки и ускорения цифровой трансформации компании.'),
(236, 'Анализ и ревизия стратегий управления человеческими ресурсами', '2023-12-03', '2024-06-03', 4700000.00, 144, 19, 'В процессе', 105, 'Пересмотр и улучшение стратегий управления человеческими ресурсами для повышения производительности и удержания талантов.'),
(237, 'Оптимизация системы корпоративной отчетности', '2024-01-18', '2024-07-18', 12000000.00, 109, 20, 'В процессе', 256, 'Совершенствование системы отчетности для обеспечения точности и прозрачности финансовых данных.'),
(238, 'Создание платформы для автоматического анализа рыночной структуры', '2023-09-30', '2024-03-30', 7700000.00, 193, 21, 'Планируется', 264, 'Разработка и внедрение платформы для анализа и прогнозирования изменений рыночной структуры.'),
(239, 'Разработка системы мотивации, ориентированной на результаты', '2023-10-12', '2024-04-12', 6500000.00, 104, 22, 'В процессе', 204, 'Проект, направленный на создание эффективной системы мотивации сотрудников, основанной на их результатах.'),
(240, 'Создание интеллектуальной системы управления запасами', '2023-11-28', '2024-05-28', 9100000.00, 268, 23, 'Планируется', 396, 'Внедрение интеллектуальных технологий для автоматизации и оптимизации управления запасами компании.'),
(241, 'Обновление стратегии управления корпоративной культурой', '2023-12-15', '2024-06-15', 8300000.00, 120, 24, 'В процессе', 181, 'Проект по обновлению стратегии корпоративной культуры с акцентом на ценности компании и улучшение рабочего климата.'),
(242, 'Создание инновационного подхода к управлению проектами', '2024-01-10', '2024-07-10', 7500000.00, 103, 25, 'Планируется', 396, 'Разработка новых методологий и подходов для улучшения управления проектной деятельностью.'),
(243, 'Автоматизация и усовершенствование логистических операций', '2023-09-13', '2024-03-13', 13000000.00, 227, 10, 'В процессе', 292, 'Модернизация и автоматизация логистических операций для повышения эффективности и снижения затрат компании.'),
(244, 'Оптимизация корпоративной структуры для улучшения гибкости', '2023-10-22', '2024-04-22', 7200000.00, 218, 11, 'В процессе', 325, 'Анализ и оптимизация корпоративной структуры с целью повышения организационной гибкости и адаптации к изменениям.'),
(245, 'Создание системы управления знаниями для поддержки инноваций', '2023-11-06', '2024-05-06', 8000000.00, 124, 12, 'Планируется', 330, 'Разработка системы управления знаниями для поддержки инновационного развития и обмена знаниями в компании.'),
(246, 'Внедрение технологии блокчейн для процессов управления данными', '2023-12-18', '2024-06-18', 10100000.00, 165, 13, 'В процессе', 382, 'Исследование и внедрение технологии блокчейн для улучшения процессов управления и безопасности данных.'),
(247, 'Разработка стратегии защищенного мобильного взаимодействия', '2024-01-20', '2024-07-20', 5500000.00, 116, 14, 'Планируется', 281, 'Создание стратегии для обеспечения безопасности и эффективности мобильного взаимодействия сотрудников и клиентов.'),
(248, 'Оптимизация процессов внешней коммуникации и связей с общественностью', '2023-09-10', '2024-03-10', 6300000.00, 103, 15, 'В процессе', 368, 'Анализ и улучшение внешней коммуникации для повышения репутации и расширения присутствия компании на рынке.'),
(249, 'Создание системы управления энергоэффективностью', '2023-10-05', '2024-04-05', 9400000.00, 195, 16, 'Планируется', 123, 'Разработка системы для контроля и управления потреблением энергии с целью улучшения энергоэффективности компании.'),
(250, 'Анализ и реинжиниринг бизнес-процессов', '2023-11-15', '2024-05-15', 11900000.00, 119, 17, 'В процессе', 108, 'Проведение анализа и реинжиниринга бизнес-процессов для увеличения их эффективности и снижения издержек.'),
(251, 'Создание инновационной платформы для привлечения инвестиций', '2023-12-28', '2024-06-28', 12200000.00, 227, 18, 'Планируется', 197, 'Проект по разработке и внедрению платформы, которая будет способствовать привлечению новых инвестиций и улучшению финансовых показателей компании.'),
(252, 'Модернизация системы управления проектами с использованием Agile', '2024-01-05', '2024-07-05', 8500000.00, 236, 19, 'В процессе', 134, 'Обновление текущей системы управления проектами путем внедрения методики Agile для повышения гибкости и эффективности.'),
(253, 'Разработка стратегии улучшения клиентского сервиса', '2023-09-25', '2024-03-25', 5800000.00, 240, 20, 'Планируется', 214, 'Создание стратегии для повышения качества обслуживания и удовлетворенности клиентов через оптимизацию работы и внедрение новых технологий.'),
(254, 'Внедрение автоматизированной системы управления складом', '2023-10-30', '2024-04-30', 7700000.00, 176, 21, 'В процессе', 359, 'Проект нацелен на автоматизацию и улучшение системы управления складскими операциями для повышения их точности и производительности.'),
(255, 'Создание системы управления корпоративными коммуникациями', '2023-11-10', '2024-05-10', 4200000.00, 261, 22, 'Планируется', 116, 'Разработка системы для эффективного управления внутренними и внешними коммуникациями компании с целью улучшения имиджа и репутации.'),
(256, 'Анализ и оптимизация процесса выбора поставщиков', '2023-12-18', '2024-06-18', 3800000.00, 130, 23, 'В процессе', 187, 'Комплексное исследование и улучшение процесса отбора поставщиков для повышения качества и надежности поставок.'),
(257, 'Создание центра обучения и развития персонала', '2024-01-22', '2024-07-22', 7200000.00, 274, 24, 'Планируется', 285, 'Формирование центра для комплексного обучения и повышения квалификации сотрудников с целью развития их профессиональных навыков.'),
(258, 'Оптимизация системы управления внутренними ресурсами', '2023-09-01', '2024-03-01', 6800000.00, 228, 25, 'В процессе', 215, 'Проект по улучшению и интеграции управления внутренними ресурсами, чтобы повысить эффективность и производительность компании.'),
(259, 'Модернизация сетевой инфраструктуры для улучшения связи', '2023-10-08', '2024-04-08', 10400000.00, 155, 12, 'Планируется', 179, 'Обновление сетевой инфраструктуры компании для улучшения скорости и надежности подключения между офисами и удаленными сотрудниками.'),
(260, 'Создание системы для мониторинга рынка и конкурентного окружения', '2023-11-18', '2024-05-18', 7900000.00, 271, 13, 'В процессе', 370, 'Разработка системы для анализа конкурентов и рыночных трендов, что позволит оперативно реагировать на изменения и адаптировать бизнес-стратегии.'),
(261, 'Создание инновационной лаборатории', '2024-02-05', '2024-08-05', 16000000.00, 276, 14, 'В процессе', 121, 'Проект по созданию современной инновационной лаборатории для исследований и разработок, поддерживающих устойчивый рост компании.'),
(262, 'Разработка программы снижения отходов', '2023-07-25', '2024-01-25', 3600000.00, 151, 15, 'Планируется', 399, 'Создание и внедрение программы для уменьшения производственных отходов и улучшения экологической устойчивости.'),
(263, 'Управление интеграцией новых бизнес-направлений', '2023-09-19', '2024-03-19', 9800000.00, 265, 16, 'В процессе', 178, 'Создание стратегии для интеграции новых направлений бизнеса с целью увеличения диверсификации и роста доходов.'),
(264, 'Создание платформы для корпоративных стартапов', '2023-06-11', '2024-01-11', 8700000.00, 120, 17, 'Планируется', 144, 'Разработка платформы, направленной на поддержку и развитие стартапов в рамках корпоративной структуры.'),
(265, 'Анализ и оптимизация рабочих процессов для улучшения качества', '2023-05-01', '2023-11-01', 5100000.00, 190, 18, 'В процессе', 251, 'Проект по анализу и реорганизации рабочих процессов, с целью повышения качества продукции и услуг.'),
(266, 'Исследование и применение технологий дополненной реальности', '2023-08-14', '2024-02-14', 12100000.00, 158, 19, 'В процессе', 259, 'Изучение технологий дополненной реальности и разработка приложений для их интеграции в бизнес-процессы компании.'),
(267, 'Создание централизованной системы управления проектами', '2024-03-15', '2024-09-15', 9600000.00, 255, 20, 'Планируется', 140, 'Создание системы, которая позволит координировать и управлять всеми проектами компании из одного центра.'),
(268, 'Разработка стратегии повышения эмоционального интеллекта', '2023-06-25', '2023-12-25', 3100000.00, 206, 21, 'В процессе', 132, 'Разработка программ обучения и развития для роста эмоционального интеллекта сотрудников компании.'),
(269, 'Автоматизация процессов цепочки поставок', '2023-10-18', '2024-04-18', 7400000.00, 167, 22, 'В процессе', 141, 'Проект по автоматизации и улучшению цепочки поставок для повышения точности и снижения затрат.'),
(270, 'Создание интеллектуальной системы управления ресурсами', '2023-11-10', '2024-05-10', 8500000.00, 220, 23, 'Планируется', 131, 'Внедрение умных технологий для повышения точности и эффективности управления корпоративными ресурсами.'),
(271, 'Разработка платформы анализа и прогнозирования погоды', '2023-09-07', '2024-03-07', 8200000.00, 129, 24, 'В процессе', 268, 'Платформа для анализа метеорологических данных и прогнозирования климатических изменений для оптимизации бизнес-процессов.'),
(272, 'Исследование и внедрение новых стандартов производительности', '2023-08-01', '2024-02-01', 6600000.00, 257, 25, 'В процессе', 284, 'Проект по изучению новых стандартов и технологий повышения производительности для укрепления позиций на рынке.'),
(273, 'Создание интегрированной системы управления рисками', '2023-12-12', '2024-06-12', 11500000.00, 131, 13, 'Планируется', 203, 'Разработка системы, объединяющей разные подходы к управлению рисками для защиты от внешних и внутренних угроз.'),
(274, 'Разработка комплексной стратегии обучения', '2023-07-17', '2024-01-17', 7200000.00, 261, 14, 'В процессе', 257, 'Создание и внедрение комплексной стратегии для обучения сотрудников, адаптированной под специфики компании.'),
(275, 'Внедрение системы управления корпоративными инновациями', '2023-10-30', '2024-04-30', 10500000.00, 233, 15, 'В процессе', 114, 'Систематизация и развитие корпоративных инноваций для повышения конкурентоспособности компании.'),
(276, 'Создание центра поддержки высокотехнологичных стартапов', '2024-01-10', '2024-07-10', 14300000.00, 262, 16, 'Планируется', 356, 'Оказание комплексной поддержки стартапам для внедрения высоких технологий и социальных инноваций.'),
(277, 'Оптимизация системы корпоративного управления на основе аналитики данных', '2023-09-22', '2024-03-22', 9700000.00, 280, 17, 'В процессе', 244, 'Внедрение аналитических инструментов для повышения эффективности корпоративного управления на всех уровнях.'),
(278, 'Разработка интегрированной платформы бизнес-данных', '2023-11-14', '2024-05-14', 11300000.00, 216, 18, 'Планируется', 277, 'Создание платформы для интеграции и управления бизнес-данными с целью улучшения принятия решений.'),
(279, 'Исследование потенциала использования ИИ в производстве', '2023-08-02', '2024-02-02', 8900000.00, 172, 19, 'Планируется', 130, 'Проект по изучению и внедрению искусственного интеллекта для повышения производительности и сокращения затрат.'),
(280, 'Создание программы управления изменениями', '2023-07-29', '2024-01-29', 7900000.00, 264, 20, 'В процессе', 391, 'Разработка гибкой программы управления изменениями, направленной на адаптацию к изменениям рыночной среды.'),
(281, 'Автоматизация системы управления финансами', '2023-10-04', '2024-04-04', 12800000.00, 192, 21, 'В процессе', 351, 'Внедрение автоматизированных решений для улучшения точности и эффективности финансового планирования.'),
(282, 'Создание бизнес-хаба для поддержки инновационных идей', '2023-12-01', '2024-06-01', 13800000.00, 172, 22, 'Планируется', 117, 'Проект, направленный на создание среды для поддержки и развития инновационных идей и проектов компании.'),
(283, 'Оптимизация процесса взаимодействия с ключевыми клиентами', '2023-09-03', '2024-03-03', 6800000.00, 222, 23, 'В процессе', 185, 'Улучшение процессов коммуникации и взаимодействия с ключевыми клиентами для повышения их удовлетворенности.'),
(284, 'Создание платформы для многоканального подхода к продажам', '2023-11-18', '2024-05-18', 8700000.00, 192, 24, 'В процессе', 383, 'Разработка и внедрение платформы для реализации многоканального подхода к ведению продаж и маркетингу.'),
(285, 'Разработка интегрированной системы кибербезопасности', '2024-01-20', '2024-07-20', 9800000.00, 199, 25, 'Планируется', 324, 'Внедрение единой системы кибербезопасности для защиты данных и предотвращения кибератак.'),
(286, 'Автоматизация и мониторинг зданий и сооружений', '2023-08-23', '2024-02-23', 10200000.00, 148, 13, 'В процессе', 283, 'Проект нацелен на автоматизацию и контроль состояния зданий для повышения их энергоэффективности и безопасности.'),
(287, 'Создание центра мультикультурной и глобальной подготовки сотрудников', '2023-08-16', '2024-02-16', 9400000.00, 117, 14, 'Планируется', 354, 'Формирование центра для подготовки сотрудников к работе в международной среде и мультикультурных командах.'),
(288, 'Разработка системы контролируемого энергопотребления', '2024-02-01', '2024-08-01', 8800000.00, 255, 15, 'В процессе', 212, 'Создание системы управления и контроля энергопотребления для снижения расходов и повышения эффективности использования ресурсов.'),
(289, 'Разработка стратегии для адаптации компаний к климатическим изменениям', '2023-07-13', '2024-01-13', 9300000.00, 230, 16, 'Планируется', 136, 'Разработка стратегий, которые помогут компаниям адаптироваться к изменениям климата и минимизировать их влияние.'),
(290, 'Создание платформы для интеграции роботов и человека на рабочем месте', '2023-11-24', '2024-05-24', 14500000.00, 125, 17, 'В процессе', 348, 'Разработка платформы, обеспечивающей безопасное и продуктивное сотрудничество людей и роботов на производстве.'),
(291, 'Внедрение системы предиктивного анализа производства', '2023-09-25', '2024-03-25', 11500000.00, 208, 18, 'В процессе', 274, 'Использование предиктивного анализа для прогнозирования производственных результатов и оптимизации производственных процессов.'),
(292, 'Оптимизация внутреннего контроля через внедрение ИИ', '2023-10-12', '2024-04-12', 11400000.00, 276, 19, 'В процессе', 179, 'Проект по внедрению искусственного интеллекта для улучшения процессов внутреннего контроля и снижения рисков.'),
(293, 'Создание интеллектуальной платформы для управления социальными инициативами', '2023-12-05', '2024-06-05', 9200000.00, 254, 20, 'Планируется', 352, 'Создание платформы для координации социально значимых инициатив и оценки их влияния.'),
(294, 'Анализ и оптимизация программ корпоративной социальной ответственности', '2023-11-30', '2024-05-30', 7500000.00, 244, 21, 'В процессе', 298, 'Улучшение и увеличение эффективности программ социальной ответственности компании.'),
(295, 'Разработка планов по адаптации к экономическим кризисам', '2023-07-20', '2024-01-20', 4900000.00, 114, 22, 'Планируется', 359, 'Создание стратегий, помогающих компании адаптироваться и успешно функционировать в условиях экономической нестабильности.'),
(296, 'Управление корпоративной инфраструктурой через развитие новых технологий', '2024-02-15', '2024-08-15', 13400000.00, 234, 23, 'В процессе', 117, 'Проект нацелен на улучшение корпоративной инфраструктуры через внедрение современных технологических решений.'),
(297, 'Разработка стратегии поощрения культурного разнообразия на рабочем месте', '2023-08-18', '2024-02-18', 3500000.00, 152, 24, 'В процессе', 194, 'Создание стратегий для интеграции культурного разнообразия в корпоративную культуру компании.'),
(298, 'Создание централизованной системы идентификации и контроля доступа', '2023-09-26', '2024-03-26', 11800000.00, 280, 25, 'Планируется', 240, 'Разработка системы идентификации и контроля доступа для повышения безопасности и эффективности управления персоналом.'),
(299, 'Анализ роста и масштабирования предприятия', '2023-07-30', '2024-01-30', 14300000.00, 114, 1, 'В процессе', 270, 'Исследование стратегий роста бизнеса для оптимизации и масштабирования'), 
(300, 'Создание системы защиты интеллектуальной собственности', '2024-02-10', '2024-08-10', 10800000.00, 126, 2, 'Планируется', 176, 'Разработка системы для защиты и поддержания интеллектуальных активов компании.'), 
(301, 'Оптимизация сетевых процессов компании', '2023-09-01', '2024-03-01', 9400000.00, 163, 3, 'В процессе', 125, 'Анализ и оптимизация сетевых процессов для повышения эффективности и продуктивности.'), 
(302, 'Внедрение модели управления устойчивого рискового капитала', '2023-10-05', '2024-04-05', 9900000.00, 169, 4, 'Планируется', 278, 'Создание модели управления рисковым капиталом, направленной на устойчивое развитие капиталов.'), 
(303, 'Разработка инновационной стратегии бизнеса', '2023-11-14', '2024-05-14', 14600000.00, 214, 5, 'В процессе', 269, 'Разработка стратегии для стимулирования инноваций и увеличения конкурентоспособности компании.'), 
(304, 'Создание технологической инфраструктуры для удалённой работы', '2023-06-22', '2024-01-22', 12700000.00, 191, 6, 'Планируется', 151, 'Разработка инфраструктуры для поддержки удаленной работы и виртуальных команд.'), 
(305, 'Исследование и внедрение методов прогнозирования рыночных трендов', '2023-08-10', '2024-02-10', 8800000.00, 147, 7, 'В процессе', 167, 'Проект по внедрению аналитических методов для прогнозирования изменений на рынке.'), 
(306, 'Создание интегрированной системы управления клиентскими данными', '2023-09-15', '2024-03-15', 10500000.00, 261, 8, 'Планируется', 172, 'Разработка системы для централизованного управления и анализа клиентских данных.'), 
(307, 'Оптимизация бизнес-процессов с внедрением слабых сигналов', '2023-10-25', '2024-04-25', 9800000.00, 131, 9, 'В процессе', 366, 'Проект по оптимизации бизнес-процессов через использование слабых сигналов в стратегическом планировании.'), 
(308, 'Внедрение стандарта надежности и качества в ИТ-инфраструктуре', '2023-11-30', '2024-05-30', 11200000.00, 206, 10, 'Планируется', 168, 'Проект по разработке и внедрению стандартов для повышения надежности и качества информационных систем.'), 
(309, 'Разработка решений интеграции искусственного интеллекта в HRM', '2023-07-05', '2024-01-05', 13900000.00, 117, 11, 'В процессе', 138, 'Внедрение ИИ в управление человеческими ресурсами для повышения эффективности кадровых процессов.'), 
(310, 'Создание системы управления обучением с элементами геймификации', '2023-08-15', '2024-02-15', 15000000.00, 265, 12, 'Планируется', 347, 'Разработка обучающих программ с использованием геймификации для повышения вовлеченности сотрудников.'), 
(311, 'Разработка новых подходов к стратегическому планированию', '2023-09-28', '2024-03-28', 9700000.00, 238, 13, 'В процессе', 158, 'Создание и внедрение новых стратегических подходов для повышения адаптивности бизнеса.'), 
(312, 'Проектирование распределённой базы данных', '2023-10-15', '2024-04-15', 11600000.00, 155, 14, 'Планируется', 293, 'Разработка распределённой базы данных для повышения скорости и надежности обработки запросов.'), 
(313, 'Автоматизация и инновационные технологии в инженерии', '2023-08-20', '2024-02-20', 14200000.00, 261, 15, 'В процессе', 339, 'Внедрение автоматизированных процессов для повышения эффективности инженерных задач.'), 
(314, 'Создание микросервисной архитектуры для корпоративных приложений', '2023-09-05', '2024-03-05', 13400000.00, 162, 16, 'Планируется', 161, 'Реализация микросервисов для повышения гибкости и адаптивности корпоративного ПО.'), 
(315, 'Оценка и улучшение производственных мощностей через ИИ', '2023-10-20', '2024-04-20', 11000000.00, 159, 17, 'В процессе', 169, 'Проект по внедрению инструментов ИИ для оценки и улучшения производственных процессов.'), 
(316, 'Разработка плана устойчивого строительства', '2023-11-07', '2024-05-07', 15300000.00, 244, 18, 'Планируется', 185, 'Создание плана по развитию устойчивого строительства и архитектуры с акцентом на экосистемы.'), 
(317, 'Создание системы управления знаниями с открытыми данными', '2023-08-30', '2024-02-29', 9800000.00, 205, 19, 'В процессе', 323, 'Проект по разработке системы для сбора и использования открытых данных в управлении знаниями.'), 
(318, 'Анализ и внедрение стандарта зеленого офиса', '2023-09-19', '2024-03-19', 8700000.00, 262, 20, 'Планируется', 101, 'Проект по разработке стандартов экосистемного офиса для снижения углеродного следа.'), 
(319, 'Оптимизация логистических маршрутов с применением блокчейн технологий', '2023-10-28', '2024-04-28', 11900000.00, 155, 21, 'В процессе', 271, 'Использование технологий блокчейн для повышения прозрачности и надежности логистических цепочек.'), 
(320, 'Создание аналитической платформы для разведки данных', '2023-11-11', '2024-05-11', 12700000.00, 205, 22, 'Планируется', 129, 'Разработка платформы, собирающей и анализирующей данные для глубокого анализа и прогноза.'), 
(321, 'Внедрение AI-технологий для мониторинга и управления экологическими рисками', '2023-07-02', '2024-01-02', 12000000.00, 132, 23, 'В процессе', 393, 'Проект по использованию ИИ для прогнозирования и управления экологическими рисками.'), 
(322, 'Анализ и оптимизация использования компьютерной техники', '2023-08-09', '2024-02-09', 9100000.00, 258, 24, 'Планируется', 382, 'Оптимизация использования компьютерных ресурсов для повышения эффективности и снижения затрат.'), 
(323, 'Создание платформы для обмена лучшими практиками среди сотрудников', '2023-09-14', '2024-03-14', 9600000.00, 180, 25, 'В процессе', 179, 'Разработка системы внутреннего обмена знаниями и лучшими практиками среди сотрудников.'), 
(324, 'Разработка программы профессионального развития через VR-технологии', '2023-10-19', '2024-04-19', 15100000.00, 198, 1, 'Планируется', 177, 'Создание программ для обучения сотрудников с использованием виртуальной реальности.'), 
(325, 'Оценка и модернизация корпоративного портала', '2023-11-17', '2024-05-17', 9100000.00, 216, 2, 'В процессе', 280, 'Проект по модернизации и совершенствованию функционала корпоративного портала компании.'), 
(326, 'Автоматизация производственных процессов через роботов', '2023-07-14', '2024-01-14', 14600000.00, 102, 3, 'Планируется', 172, 'Внедрение роботов для автоматизации и улучшения производственных операций.'), 
(327, 'Создание централизованной системы управления инцидентами', '2023-08-21', '2024-02-21', 11800000.00, 112, 4, 'В процессе', 354, 'Разработка системы для управления инцидентами и минимизации их последствий.'), 
(328, 'Внедрение уникальных методов производства для увеличения гибкости', '2023-09-29', '2024-03-29', 13400000.00, 163, 5, 'Планируется', 104, 'Разработка уникальных производственных методов для увеличения гибкости и адаптируемости.'), 
(329, 'Разработка комплексной системы энергоэффективности', '2023-10-21', '2024-04-21', 13000000.00, 171, 6, 'В процессе', 330, 'Каждое решение рассматриваемо с использованием современных технологий для повышения энергоэффективности.'), 
(330, 'Анализ и реинжиниринг текущей бизнес-структуры', '2023-11-04', '2024-05-04', 12500000.00, 232, 7, 'Планируется', 319, 'Оценка и пересмотр структурных элементов компании для адаптации к динамичным рыночным условиям.'), 
(331, 'Создание платформы для развития стартапов внутри компании', '2023-07-27', '2024-01-27', 14300000.00, 119, 8, 'В процессе', 385, 'Разработка условий и механизмов для поддержки стартапов и инноваций среди сотрудников.'), 
(332, 'Оптимизация фондовой политики компании', '2023-08-08', '2024-02-08', 7800000.00, 116, 9, 'Планируется', 393, 'Проект по оценке, реорганизации и улучшению корпоративной фондовой политики компании.'), 
(333, 'Разработка интеллектуальной системы безопасности данных', '2023-09-18', '2024-03-18', 10500000.00, 256, 10, 'В процессе', 277, 'Внедрение технологий для повышения безопасности данных и предотвращения утечек информации.'), 
(334, 'Создание системы управления цепочкой ценности', '2023-10-11', '2024-04-11', 11400000.00, 204, 11, 'Планируется', 104, 'Улучшение системы цепочек ценностей для снижения издержек и улучшения качества.'), 
(335, 'Оптимизация использования открытых технологий', '2023-11-19', '2024-05-19', 9400000.00, 164, 12, 'В процессе', 130, 'Адаптация и оптимизация использования открытого ПО для экономии средств и улучшения выполнения задач.'), 
(336, 'Разработка новой методологии взаимодействия компаний', '2023-07-18', '2024-01-18', 8700000.00, 136, 13, 'Планируется', 206, 'Создание системы для улучшенного взаимодействия с партнерами и клиентами.'), 
(337, 'Создание системы прогнозирования спроса с использованием AI', '2023-08-12', '2024-02-12', 16600000.00, 225, 14, 'В процессе', 176, 'Проект по разработке системы для прогнозирования спроса с использованием алгоритмов AI.'), 
(338, 'Интеграция новых транспортных технологий', '2023-09-23', '2024-03-23', 13600000.00, 202, 15, 'Планируется', 242, 'Внедрение инноваций в транспортный сегмент, для повышения эффективности логистики.'), 
(339, 'Разработка новых решений в области кибербезопасности', '2023-10-26', '2024-04-26', 15600000.00, 207, 16, 'В процессе', 353, 'Проект по исследованию и разработке новых методов для повышения кибербезопасности.'), 
(340, 'Создание платформы управления бизнес-анализом', '2023-11-23', '2024-05-23', 12400000.00, 134, 17, 'Планируется', 371, 'Разработка платформы, которая поможет анализировать ключевые бизнес-процессы и улучшать их.'), 
(341, 'Оптимизация организационной структуры компании через Agile', '2023-07-24', '2024-01-24', 9400000.00, 152, 18, 'В процессе', 155, 'Внедрение Agile в организационные структуры для повышения скорости и гибкости адаптации.'), 
(342, 'Разработка системы для улучшения анализа данных', '2023-08-04', '2024-02-04', 11600000.00, 270, 19, 'Планируется', 149, 'Создание системы для мониторинга и анализа данных, полученных от различных источников.'), 
(343, 'Интеграция технологий AR в маркетинговые стратегии', '2023-09-27', '2024-03-27', 12300000.00, 156, 20, 'В процессе', 397, 'Разработка новых решений в интеграции дополненной реальности в маркетинг.'), 
(344, 'Автоматизация финансовой отчетности с использованием облачных решений', '2023-10-09', '2024-04-09', 13200000.00, 107, 21, 'Планируется', 159, 'Внедрение облачных решений для автоматизации подготовки финансовых отчётов.'), 
(345, 'Создание системы управления интеллектуальной собственностью', '2023-11-25', '2024-05-25', 11800000.00, 249, 22, 'В процессе', 377, 'Разработка системы для управления и защиты интеллектуальных активов компании.'), 
(346, 'Анализ и оптимизация процесса принятия управленческих решений', '2023-07-08', '2024-01-08', 12000000.00, 197, 23, 'Планируется', 393, 'Исследование текущих процессов принятия решений и оптимизация их для улучшения итогов.'), 
(347, 'Создание гибкой архитектуры для машинного обучения', '2023-08-14', '2024-02-14', 14400000.00, 164, 24, 'В процессе', 348, 'Разработка архитектуры, позволяющей масштабировать задачи машинного обучения.'), 
(348, 'Внедрение лучшей практики управления активами через цифровизацию', '2023-09-10', '2024-03-10', 13900000.00, 168, 25, 'Планируется', 154, 'Применение новейших IT-решений для управления материальными активами и их улучшения.'), 
(349, 'Разработка платформы для мониторинга цепочек поставок', '2023-10-29', '2024-04-29', 15000000.00, 251, 1, 'В процессе', 151, 'Проект по созданию платформы для мониторинга и оптимизации цепочек поставок компании.'), 
(350, 'Поддержка инициаторов инноваций через Smart-контракты', '2023-11-09', '2024-05-09', 13100000.00, 148, 2, 'Планируется', 329, 'Настройка и адаптация смарт-контрактов для поддержки активностей в области инноваций.'), 
(351, 'Разработка новой концепции обучения сотрудников', '2023-07-22', '2024-01-22', 8400000.00, 225, 3, 'В процессе', 257, 'Проект по разработке и внедрению новой концепции для повышения квалификации сотрудников.'), 
(352, 'Модернизация производства через внедрение умных решений', '2023-08-30', '2024-02-29', 14500000.00, 247, 4, 'Планируется', 318, 'Внедрение умных решений IoT для повышения производительности на производстве.'), 
(353, 'Создание инновационной системы мотивации персонала', '2023-09-21', '2024-03-21', 13900000.00, 177, 5, 'В процессе', 394, 'Разработка и внедрение системы мотивации, способствующей увеличению продуктивности сотрудников.'), 
(354, 'Оптимизация внутренней политики безопасности данных', '2023-10-14', '2024-04-14', 13600000.00, 176, 6, 'Планируется', 312, 'Разработка мер по улучшению внутренней политики безопасности данных компании.'), 
(355, 'Создание партнерской сети для поддержки экспортной деятельности', '2023-11-29', '2024-05-29', 14800000.00, 111, 7, 'В процессе', 201, 'Формирование партнерской сети для расширения возможностей экспорта и увеличения доходов компании.'), 
(356, 'Автоматизация процесса ведения переговоров через AI', '2023-07-15', '2024-01-15', 9300000.00, 263, 8, 'Планируется', 241, 'Вкадах данных и систем AI для автоматизации и улучшения переговорных процессов.'), 
(357, 'Инновационные подходы к моделированию и управлению данными', '2023-08-25', '2024-02-25', 11900000.00, 153, 9, 'В процессе', 143, 'Внедрение инновационных решений и методик для эффективного управления и моделирования данных.'), 
(358, 'Создание централизованной аналитической системы мониторинга', '2023-09-17', '2024-03-17', 10100000.00, 179, 10, 'Планируется', 225, 'Разработка системы для централизованного мониторинга и оценки аналитических процессов компании.'), 
(359, 'Разработка решений для адаптации к глобальным изменениям', '2023-10-07', '2024-04-07', 12700000.00, 213, 11, 'В процессе', 390, 'Глобальные решения и стратегии, направленные на адаптацию бизнеса к изменениям на мировых рынках.'), 
(360, 'Анализ и оптимизация перестройки внутренних ресурсов', '2023-11-22', '2024-05-22', 11000000.00, 164, 12, 'Планируется', 263, 'Перестройка и оптимизация текущих внутренних ресурсов компании для повышения эффективности использования.'), 
(361, 'Интеграция Блокчейн в системы управления данными', '2023-07-06', '2024-01-06', 12500000.00, 144, 13, 'В процессе', 122, 'Исследование возможности использования блокчейн технологий для повышения надежности управления данными.'), 
(362, 'Разработка решений для повышения прозрачности внутренних процессов', '2023-08-18', '2024-02-18', 9800000.00, 167, 14, 'Планируется', 168, 'Создание решений для обеспечения прозрачности бизнес-процессов через автоматизацию и современные IT технологии.');


INSERT INTO Tasks VALUES
(101, 'Разработка логотипа', 351, 201, '2023-11-01', '2023-11-15', 'В процессе', 'Высокий', 'Необходимо разработать новый логотип для запуска продукта.', NULL),
(102, 'Анализ рынка', 296, 202, '2023-10-25', '2023-11-05', 'Завершено', 'Средний', 'Провести анализ текущего рыночного положения.', '2023-11-03'),
(103, 'Подготовка отчёта', 219, 203, '2023-11-02', '2023-11-06', 'В процессе', 'Низкий', 'Подготовить еженедельный отчёт для руководства.', NULL),
(104, 'Тестирование системы', 229, 204, '2023-10-26', '2023-11-10', 'Не начато', 'Высокий', 'Провести полное тестирование новой системы.', NULL),
(105, 'Обучение сотрудников', 143, 205, '2023-11-01', '2023-11-20', 'В процессе', 'Средний', 'Организовать обучение сотрудников по новым стандартам.', NULL),
(106, 'Создание презентации', 145, 206, '2023-10-30', '2023-11-05', 'Завершено', 'Высокий', 'Создать презентацию для предстоящей конференции.', '2023-11-04'),
(107, 'Обновление документации', 349, 207, '2023-11-04', '2023-11-14', 'Не начато', 'Низкий', 'Обновить документацию с учётом новых изменений.', NULL),
(108, 'Мониторинг производительности', 270, 208, '2023-11-05', '2023-11-12', 'В процессе', 'Средний', 'Организовать мониторинг производительности системы.', NULL),
(109, 'Улучшение интерфейса', 342, 209, '2023-11-06', '2023-11-20', 'Не начато', 'Высокий', 'Провести UX анализ и предложить улучшения интерфейса.', NULL),
(110, 'Проверка безопасности', 234, 210, '2023-11-07', '2023-11-15', 'Не начато', 'Высокий', 'Провести аудит безопасности системы.', NULL),
(111, 'Обновление ПО', 334, 211, '2023-11-08', '2023-11-25', 'В процессе', 'Средний', 'Установить обновлённые версии всех ПО.', NULL),
(112, 'Анализ конкурентов', 303, 212, '2023-11-09', '2023-11-18', 'Не начато', 'Высокий', 'Провести анализ деятельности конкурентов.', NULL),
(113, 'Оптимизация базы данных', 121, 213, '2023-11-10', '2023-11-15', 'Завершено', 'Высокий', 'Оптимизировать структуру и запросы базы данных.', '2023-11-14'),
(114, 'Модернизация оборудования', 184, 214, '2023-11-11', '2023-11-22', 'В процессе', 'Средний', 'Произвести модернизацию устаревшего оборудования.', NULL),
(115, 'Проведение семинара', 342, 215, '2023-11-12', '2023-11-16', 'Завершено', 'Высокий', 'Организовать и провести семинар для повышения квалификации.', '2023-11-15'),
(116, 'Запуск рекламной кампании', 303, 216, '2023-11-13', '2023-11-27', 'Не начато', 'Высокий', 'Разработка и запуск новой рекламной кампании.', NULL),
(117, 'Стратегическое планирование', 119, 217, '2023-11-14', '2023-11-30', 'В процессе', 'Низкий', 'Разработка стратегического плана развития компании.', NULL),
(118, 'Сравнительный анализ продуктов', 358, 218, '2023-11-15', '2023-11-22', 'Не начато', 'Средний', 'Провести сравнение характеристик наших и конкурирующих продуктов.', NULL),
(119, 'Отладка кода', 123, 219, '2023-11-16', '2023-11-20', 'В процессе', 'Высокий', 'Выполнить отладку и тестирование нового кода.', NULL),
(120, 'Анализ клиентских отзывов', 329, 220, '2023-11-17', '2023-11-19', 'Завершено', 'Средний', 'Собрать и проанализировать отзывы клиентов для улучшений.', '2023-11-18'),
(121, 'Планирование бюджета', 189, 221, '2023-11-18', '2023-11-30', 'В процессе', 'Средний', 'Подготовка детального бюджета на следующий год.', NULL),
(122, 'Создание прототипов', 208, 222, '2023-11-19', '2023-11-24', 'Не начато', 'Высокий', 'Создать прототипы для тестирования новых функций.', NULL),
(123, 'Проверка соответствия стандартам', 186, 223, '2023-11-20', '2023-11-28', 'В процессе', 'Средний', 'Обеспечить соответствие текущих процессов международным стандартам.', NULL),
(124, 'Рекрутинг новых сотрудников', 320, 224, '2023-11-21', '2023-11-30', 'Завершено', 'Высокий', 'Подбор и наём новых сотрудников для усиления команды.', '2023-11-29'),
(125, 'Улучшение внутренней коммуникации', 101, 225, '2023-11-22', '2023-11-29', 'В процессе', 'Низкий', 'Определить и внедрить лучшие практики для внутренней коммуникации.', NULL),
(126, 'Поддержание клиентских отношений', 143, 226, '2023-11-23', '2023-12-10', 'В процессе', 'Средний', 'На регулярной основе поддерживать связь с ключевыми клиентами.', NULL),
(127, 'Переподготовка команды продаж', 257, 227, '2023-11-24', '2023-12-05', 'Не начато', 'Высокий', 'Организовать переподготовку менеджеров по продажам.', NULL),
(128, 'Оценка рисков', 351, 228, '2023-11-25', '2023-11-30', 'В процессе', 'Высокий', 'Провести оценку и снижение возможных рисков.', NULL),
(129, 'Создание резервного копирования', 359, 229, '2023-11-26', '2023-12-01', 'Не начато', 'Средний', 'Настроить систему резервного копирования для безопасности данных.', NULL),
(130, 'Исследование новых технологий', 156, 230, '2023-11-27', '2023-12-15', 'В процессе', 'Низкий', 'Исследовать новые технологии для возможного внедрения.', NULL),
(131, 'Обновление дизайна веб-сайта', 282, 231, '2023-11-28', '2023-12-05', 'Не начато', 'Высокий', 'Создать новый дизайн для корпоративного веб-сайта.', NULL),
(132, 'Подготовка к выставке', 151, 232, '2023-11-29', '2023-12-12', 'В процессе', 'Средний', 'Организовать участие компании в выставке.', NULL),
(133, 'Разработка новых функций', 261, 233, '2023-11-30', '2023-12-10', 'Не начато', 'Средний', 'Разработать и внедрить новые функции в продукт.', NULL),
(134, 'Обучение по кибербезопасности', 338, 234, '2023-12-01', '2023-12-08', 'Завершено', 'Высокий', 'Проведение учебного курса по вопросам кибербезопасности.', '2023-12-07'),
(135, 'Анализ финансовой эффективности', 237, 235, '2023-12-02', '2023-12-15', 'В процессе', 'Средний', 'Анализ текущей финансовой эффективности коммерческой деятельности.', NULL),
(136, 'Курсы по повышению квалификации', 238, 236, '2023-12-03', '2023-12-20', 'Не начато', 'Высокий', 'Организация курсов повышения квалификации для ключевых специалистов.', NULL),
(137, 'Разработка инновационной стратегии', 190, 237, '2023-12-04', '2023-12-22', 'В процессе', 'Низкий', 'Разработка стратегии по внедрению инноваций в компанию.', NULL),
(138, 'Планирование рекламного бюджета', 277, 238, '2023-12-05', '2023-12-10', 'Не начато', 'Средний', 'Планирование и распределение бюджета на рекламные кампании.', NULL),
(139, 'Техническая поддержка клиентов', 120, 239, '2023-12-06', '2023-12-15', 'В процессе', 'Высокий', 'Организация службы технической поддержки для клиентов.', NULL),
(140, 'Обновление политики конфиденциальности', 195, 240, '2023-12-07', '2023-12-14', 'В процессе', 'Средний', 'Обновить политику конфиденциальности для соответствия новым требованиям.', NULL),
(141, 'Оптимизация системы управления', 170, 241, '2023-12-08', '2023-12-20', 'Не начато', 'Высокий', 'Оптимизация текущей системы управления проектами.', NULL),
(142, 'Запуск мобильного приложения', 263, 242, '2023-12-09', '2023-12-25', 'В процессе', 'Высокий', 'Запуск нового мобильного приложения для клиентов.', NULL),
(143, 'Оценка удовлетворенности сотрудников', 209, 243, '2023-12-10', '2023-12-17', 'Не начато', 'Средний', 'Провести опрос и оценки уровня удовлетворенности сотрудников.', NULL),
(144, 'Разработка плана маркетинга', 265, 244, '2023-12-11', '2023-12-20', 'В процессе', 'Средний', 'Составить стратегический план маркетинга на следующий год.', NULL),
(145, 'Подготовка годового отчета', 316, 245, '2023-12-12', '2023-12-31', 'Не начато', 'Высокий', 'Собрать данные и подготовить годовой отчет компании.', NULL),
(146, 'Обслуживание серверного оборудования', 355, 246, '2023-12-13', '2023-12-20', 'В процессе', 'Средний', 'Проведение планового обслуживания серверного оборудования.', NULL),
(147, 'Организация корпоративного мероприятия', 352, 247, '2023-12-14', '2023-12-22', 'Не начато', 'Высокий', 'Организовать корпоративное мероприятие для сотрудников и партнёров.', NULL),
(148, 'План развития ИТ-инфраструктуры', 142, 248, '2023-12-15', '2023-12-30', 'В процессе', 'Низкий', 'Разработка и утверждение плана развития ИТ-инфраструктуры.', NULL),
(149, 'Разработка онлайн-курса', 321, 249, '2023-12-16', '2023-12-31', 'Не начато', 'Средний', 'Создать и запустить онлайн-курс для клиентов.', NULL),
(150, 'Проверка лицензионных соглашений', 339, 250, '2023-12-17', '2023-12-24', 'В процессе', 'Высокий', 'Проверить и обновить все лицензионные соглашения компании.', NULL),
(151, 'Управление брендом', 277, 251, '2023-12-18', '2024-01-10', 'Не начато', 'Высокий', 'Разработать стратегию управления брендом компании.', NULL),
(152, 'Обновление системы безопасности', 140, 252, '2023-12-19', '2023-12-30', 'В процессе', 'Высокий', 'Обновить систему безопасности для защиты данных.', NULL),
(153, 'Проведение культурных тренингов', 349, 253, '2023-12-20', '2024-01-05', 'Не начато', 'Средний', 'Организация тренингов на тему культурного разнообразия.', NULL),
(154, 'Аудит качества продукции', 336, 254, '2023-12-21', '2023-12-28', 'В процессе', 'Средний', 'Проведение аудита качества новых партий продукции.', NULL),
(155, 'Мониторинг социальных сетей', 315, 255, '2023-12-22', '2023-12-27', 'Не начато', 'Высокий', 'Мониторинг активности и отзывов в социальных сетях.', NULL),
(156, 'Внедрение CRM-системы', 216, 256, '2023-12-23', '2024-01-15', 'В процессе', 'Средний', 'Внедрение новейшей CRM-системы для управления клиентскими данными.', NULL),
(157, 'Создание контентного плана', 108, 257, '2023-12-24', '2024-01-10', 'Не начато', 'Высокий', 'Разработка и утверждение контентного плана на квартал.', NULL),
(158, 'Техническая оценка проекта', 183, 258, '2023-12-25', '2024-01-05', 'В процессе', 'Низкий', 'Проведение технической оценки текущего проекта.', NULL),
(159, 'Обсуждение партнерских соглашений', 200, 259, '2023-12-26', '2024-01-12', 'Не начато', 'Средний', 'Провести переговоры и заключение новых партнерских соглашений.', NULL),
(160, 'Разработка мобильного интерфейса', 182, 260, '2023-12-27', '2024-01-15', 'В процессе', 'Высокий', 'Проектирование и создание нового интерфейса мобильного приложения.', NULL),
(161, 'Обучение по искусственному интеллекту', 224, 261, '2023-12-28', '2024-01-10', 'Не начато', 'Высокий', 'Проведение курсов по основам и применению искусственного интеллекта.', NULL),
(162, 'Модернизация системы отчетности', 297, 262, '2023-12-29', '2024-01-15', 'В процессе', 'Высокий', 'Модернизация системы внутренней и внешней отчетности компании.', NULL),
(163, 'Оценка удовлетворенности клиентов', 155, 263, '2023-12-30', '2024-01-07', 'Не начато', 'Средний', 'Проведение опросов и составление отчета по удовлетворенности клиентов.', NULL),
(164, 'Организация внутреннего воркшопа', 301, 264, '2023-12-31', '2024-01-10', 'В процессе', 'Средний', 'Организация и проведение воркшопа для обмена опытом между командами.', NULL),
(165, 'Разработка видео материалов', 158, 265, '2024-01-01', '2024-01-20', 'Не начато', 'Высокий', 'Создание видео материалов для образовательных целей.', NULL),
(166, 'Анализ данных о продажах', 144, 266, '2024-01-02', '2024-01-15', 'В процессе', 'Средний', 'Анализ данных о продажах для понимания рыночных трендов.', NULL),
(167, 'Разработка стратегий устойчивого развития', 228, 267, '2024-01-03', '2024-01-30', 'Не начато', 'Высокий', 'Разработка стратегий и планов по устойчивому развитию бизнеса.', NULL),
(168, 'Проверка соответствия юридическим нормам', 291, 268, '2024-01-04', '2024-01-12', 'В процессе', 'Низкий', 'Анализ и проверка всех процессов на предмет соответствия законодательству.', NULL),
(169, 'Обновление контактной базы данных', 152, 269, '2024-01-05', '2024-01-14', 'Не начато', 'Средний', 'Обновление и верификация контактной информации клиентской базы.', NULL),
(170, 'Разработка системы онлайн-обучения', 347, 270, '2024-01-06', '2024-01-25', 'В процессе', 'Высокий', 'Создание онлайн-платформы для обучения сотрудников.', NULL),
(171, 'Проведение внутренних ревизий', 206, 271, '2024-01-07', '2024-01-18', 'Не начато', 'Высокий', 'Проведение регулярных ревизий для оценки эффективности процессов.', NULL),
(172, 'Создание вебинара для клиентов', 166, 272, '2024-01-08', '2024-01-22', 'В процессе', 'Высокий', 'Организация и проведение вебинара для вовлечения и обучения клиентов.', NULL),
(173, 'Анализ эффективности процесса закупок', 295, 273, '2024-01-09', '2024-01-16', 'Не начато', 'Средний', 'Проведение анализа эффективности процесса закупок и затрат.', NULL),
(174, 'Организация программы наставничества', 279, 274, '2024-01-10', '2024-01-25', 'В процессе', 'Средний', 'Создание и внедрение программы наставничества для новичков.', NULL),
(175, 'Обновление политики использования данных', 124, 275, '2024-01-11', '2024-01-20', 'Не начато', 'Высокий', 'Обновление внутренней политики по использованию и защите данных.', NULL),
(176, 'Тестирование нового продукта', 108, 276, '2024-01-12', '2024-01-22', 'В процессе', 'Средний', 'Проведение тестирования и оценка нового продукта перед выпуском.', NULL),
(177, 'Кампания по продвижению социальной ответственности', 166, 277, '2024-01-13', '2024-01-30', 'Не начато', 'Высокий', 'Разработка и реализация кампании по продвижению социальной ответственности.', NULL),
(178, 'Обновление управленческой политики', 329, 278, '2024-01-14', '2024-01-24', 'В процессе', 'Низкий', 'Ревизия и обновление ключевых аспектов управленческой политики.', NULL),
(179, 'Внедрение системы мотивации', 348, 279, '2024-01-15', '2024-01-31', 'Не начато', 'Средний', 'Разработка системы мотивации и вознаграждений для сотрудников.', NULL),
(180, 'Подготовка рабочей среды для удалённой работы', 129, 280, '2024-01-16', '2024-02-05', 'В процессе', 'Высокий', 'Подготовка и оптимизация ИТ-инфраструктуры для удалённой работы.', NULL),
(181, 'Анализ рентабельности проектов', 347, 281, '2024-01-17', '2024-01-26', 'Не начато', 'Высокий', 'Проведение анализа рентабельности текущих проектов.', NULL),
(182, 'Организация хакатона', 358, 282, '2024-01-18', '2024-02-02', 'В процессе', 'Высокий', 'Организация и проведение хакатона для генерации новых идей.', NULL),
(183, 'Обновление системы управления контентом', 255, 283, '2024-01-19', '2024-01-28', 'Не начато', 'Средний', 'Проведение обновления системы управления контентом (CMS).', NULL),
(184, 'Обучение навыкам наставничества', 267, 284, '2024-01-20', '2024-02-05', 'В процессе', 'Средний', 'Организация обучения сотрудников навыкам наставничества.', NULL),
(185, 'Оценка эффективности рекламы', 111, 285, '2024-01-21', '2024-01-30', 'Не начато', 'Высокий', 'Анализ и оценка эффективности текущих рекламных кампаний.', NULL),
(186, 'Обновление процессинга данных', 233, 286, '2024-01-22', '2024-02-10', 'В процессе', 'Средний', 'Обновление и оптимизация системы процессинга данных.', NULL),
(187, 'Проведение ребрендинга', 210, 287, '2024-01-23', '2024-02-20', 'Не начато', 'Высокий', 'Разработка и реализация плана по проведению ребрендинга.', NULL),
(188, 'Обновление системы отчетности', 323, 288, '2024-01-24', '2024-01-31', 'В процессе', 'Низкий', 'Обновление и оптимизация системы внутренней отчетности.', NULL),
(189, 'Внедрение новых стандартов качества', 284, 289, '2024-01-25', '2024-02-15', 'Не начато', 'Средний', 'Применение и внедрение новых стандартов качества продукции.', NULL),
(190, 'Разработка справочного руководства', 347, 290, '2024-01-26', '2024-02-08', 'В процессе', 'Высокий', 'Создание подробного справочного руководства для клиентов.', NULL),
(191, 'Анализ конкурентных преимуществ', 109, 291, '2024-01-27', '2024-02-10', 'Не начато', 'Высокий', 'Анализ конкурентных преимуществ в отрасли.', NULL),
(192, 'Создание программы интеграции', 240, 292, '2024-01-28', '2024-02-15', 'В процессе', 'Высокий', 'Создание программы интеграции для новых сотрудников.', NULL),
(193, 'Обоснование инвестиционных решений', 329, 293, '2024-01-29', '2024-02-12', 'Не начато', 'Средний', 'Подготовка обоснований для принимаемых инвестиционных решений.', NULL),
(194, 'Организация серии вебинаров', 184, 294, '2024-01-30', '2024-02-20', 'В процессе', 'Средний', 'Организация серии вебинаров на актуальные темы.', NULL),
(195, 'Оценка воздействия новых технологий', 345, 295, '2024-01-31', '2024-02-15', 'Не начато', 'Высокий', 'Анализ и оценка воздействия новых технологий на бизнес.', NULL),
(196, 'Проверка справочных данных', 123, 296, '2024-02-01', '2024-02-10', 'В процессе', 'Средний', 'Проверка и актуализация справочной информации.', NULL),
(197, 'Определение потребностей в обучении', 191, 297, '2024-02-02', '2024-02-18', 'Не начато', 'Высокий', 'Анализ и определение потребностей сотрудников в обучении.', NULL),
(198, 'Проведение внутреннего аудита', 142, 298, '2024-02-03', '2024-02-12', 'В процессе', 'Низкий', 'Комплексное проведение внутреннего аудита бизнес-процессов.', NULL),
(199, 'Создание системы оценки производительности', 175, 299, '2024-02-04', '2024-02-20', 'Не начато', 'Средний', 'Разработка системы оценки производительности и эффективности сотрудников.', NULL),
(200, 'Тестирование инновационных подходов', 248, 300, '2024-02-05', '2024-02-25', 'В процессе', 'Высокий', 'Тестирование и внедрение инновационных подходов в работу.', NULL),
(201, 'Разработка системы аналитики', 348, 301, '2024-02-06', '2024-03-01', 'Не начато', 'Высокий', 'Создание системы для анализа данных и отчетов.', NULL),
(202, 'Автоматизация процессов', 200, 302, '2024-02-07', '2024-03-05', 'В процессе', 'Средний', 'Разработка механизмов автоматизации бизнес-процессов.', NULL),
(203, 'Обновление корпоративного портала', 110, 303, '2024-02-08', '2024-03-10', 'В процессе', 'Высокий', 'Изменение дизайна и структуры корпоративного портала.', NULL),
(204, 'Проведение семинара по экологии', 255, 304, '2024-02-09', '2024-03-15', 'Не начато', 'Средний', 'Организация семинара на тему экологии и устойчивого развития.', NULL),
(205, 'Обучение рискам IT-безопасности', 131, 305, '2024-02-10', '2024-03-05', 'В процессе', 'Высокий', 'Проведение практического обучения рискам IT-безопасности.', NULL),
(206, 'Создание новой учетной системы', 294, 306, '2024-02-11', '2024-03-20', 'Не начато', 'Высокий', 'Проектирование и внедрение новой учетной системы.', NULL),
(207, 'Внедрение новой политики оплаты труда', 165, 307, '2024-02-12', '2024-03-10', 'В процессе', 'Средний', 'Обновление и внедрение политики оплаты с учетом новых стандартов.', NULL),
(208, 'Исследование новых рынков', 325, 308, '2024-02-13', '2024-03-05', 'Не начато', 'Высокий', 'Анализ и исследование новых потенциальных рынков.', NULL),
(209, 'Модернизация системы хранения данных', 261, 309, '2024-02-14', '2024-03-12', 'В процессе', 'Средний', 'Модернизация системы для хранения больших объемов данных.', NULL),
(210, 'Подготовка корпоративного журнала', 335, 310, '2024-02-15', '2024-03-15', 'Не начато', 'Высокий', 'Разработка и издание корпоративного журнала.', NULL),
(211, 'Обновление документооборота', 341, 311, '2024-02-16', '2024-03-20', 'В процессе', 'Средний', 'Автоматизация и обновление системы документооборота.', NULL),
(212, 'Разработка мобильной версии сайта', 193, 312, '2024-02-17', '2024-03-25', 'Не начато', 'Высокий', 'Адаптация корпоративного сайта для мобильных устройств.', NULL),
(213, 'Создание системы управления знаниями', 250, 313, '2024-02-18', '2024-03-14', 'В процессе', 'Средний', 'Разработка платформы для обмена и управления знаниями.', NULL),
(214, 'Оптимизация процессов обслуживания клиентов', 145, 314, '2024-02-19', '2024-03-20', 'Не начато', 'Высокий', 'Анализ и улучшение процессов обслуживания клиентов.', NULL),
(215, 'Проведение маркетингового исследования', 276, 315, '2024-02-20', '2024-03-12', 'В процессе', 'Средний', 'Выявление рыночных тенденций через маркетинговое исследование.', NULL),
(216, 'Подготовка онлайн-конференции', 119, 316, '2024-02-21', '2024-03-15', 'Не начато', 'Высокий', 'Организация и проведение онлайн-конференции.', NULL),
(217, 'Создание интерактивных обучающих программ', 189, 317, '2024-02-22', '2024-03-10', 'В процессе', 'Средний', 'Разработка интерактивных образовательных программ для сотрудников.', NULL),
(218, 'Модернизация клиентской поддержки', 114, 318, '2024-02-23', '2024-03-11', 'Не начато', 'Высокий', 'Улучшение сервиса клиентской поддержки.', NULL),
(219, 'Проведение ревизии финансов', 193, 319, '2024-02-24', '2024-03-10', 'В процессе', 'Средний', 'Проведение комплексной внутренней ревизии финансов.', NULL),
(220, 'Система мониторинга общественного мнения', 177, 320, '2024-02-25', '2024-03-15', 'Не начато', 'Высокий', 'Разработка системы для мониторинга и анализа общественного мнения.', NULL),
(221, 'Обучение навыкам коммуникации', 321, 321, '2024-02-26', '2024-03-20', 'В процессе', 'Средний', 'Курс по развитию коммуникативных навыков для сотрудников.', NULL),
(222, 'Разработка новых стандартов отчетности', 358, 322, '2024-02-27', '2024-03-21', 'Не начато', 'Высокий', 'Создание новых стандартов и форм отчетности.', NULL),
(223, 'Создание интеграции с партнёрами', 353, 323, '2024-02-28', '2024-03-25', 'В процессе', 'Средний', 'Проектирование интеграции систем с ключевыми партнёрами.', NULL),
(224, 'Оптимизация структуры компании', 120, 324, '2024-02-29', '2024-03-22', 'Не начато', 'Высокий', 'Анализ организационной структуры для оптимизации ресурсов.', NULL),
(225, 'Улучшение процесса рекрутинга', 146, 325, '2024-03-01', '2024-03-18', 'В процессе', 'Средний', 'Оптимизация и модернизация процесса подбора персонала.', NULL),
(226, 'Обновление IT-инфраструктуры', 303, 326, '2024-03-02', '2024-03-20', 'Не начато', 'Высокий', 'Модернизация и обновление IT-инфраструктуры компании.', NULL),
(227, 'Разработка стратегии цифровой трансформации', 254, 327, '2024-03-03', '2024-03-30', 'В процессе', 'Средний', 'Создание стратегии для перехода на передовые цифровые технологии.', NULL),
(228, 'Проверка качества программного обеспечения', 161, 328, '2024-03-04', '2024-03-21', 'Не начато', 'Высокий', 'Тестирование и контроль качества нового ПО.', NULL),
(229, 'Обучение навыкам презентации', 298, 329, '2024-03-05', '2024-03-19', 'В процессе', 'Средний', 'Тренинг для улучшения навыков публичного выступления.', NULL),
(230, 'Создание системы управления проектами', 242, 330, '2024-03-06', '2024-03-25', 'Не начато', 'Высокий', 'Разработка системы для управления проектами и задачами.', NULL),
(231, 'Внедрение аутсорсинга', 315, 331, '2024-03-07', '2024-03-31', 'Не начато', 'Средний', 'Исследование возможностей и внедрение аутсорсинга для некоторых процессов.', NULL),
(232, 'Анализ цепочки поставок', 284, 332, '2024-03-08', '2024-03-20', 'В процессе', 'Высокий', 'Анализ и улучшение цепочки поставок для снижения затрат.', NULL),
(233, 'Проведение хронометража бизнес-процессов', 220, 333, '2024-03-09', '2024-03-21', 'Не начато', 'Средний', 'Изучение временных затрат на бизнес-процессы для оптимизации.', NULL),
(234, 'Разработка корпоративного тренинга', 348, 334, '2024-03-10', '2024-03-30', 'В процессе', 'Высокий', 'Создание тренинга для повышения квалификации сотрудников.', NULL),
(235, 'Оптимизация транспортных логистик', 160, 335, '2024-03-11', '2024-03-25', 'Не начато', 'Средний', 'Изучение и оптимизация транспортных маршрутов и логистики.', NULL),
(236, 'Расширение международных контактов', 352, 336, '2024-03-12', '2024-03-31', 'В процессе', 'Высокий', 'Стратегическое развитие и расширение международных связей.', NULL),
(237, 'Автоматизация HR-процессов', 124, 337, '2024-03-13', '2024-03-28', 'Не начато', 'Средний', 'Разработка и внедрение систем автоматизации HR-процессов.', NULL),
(238, 'Проведение форума по инновациям', 132, 338, '2024-03-14', '2024-03-29', 'В процессе', 'Высокий', 'Организация форума для обмена идеями и инновациями.', NULL),
(239, 'Разработка мобильной стратегии', 112, 339, '2024-03-15', '2024-03-27', 'Не начато', 'Средний', 'Создание стратегии развития мобильных решений компании.', NULL),
(240, 'Проведение аудита знаний', 239, 340, '2024-03-16', '2024-03-20', 'В процессе', 'Высокий', 'Оценка текущих знаний сотрудников и формирование рекомендаций.', NULL),
(241, 'Изучение материалов по искусственному интеллекту', 117, 341, '2024-03-17', '2024-03-30', 'Не начато', 'Высокий', 'Обучение сотрудников основам искусственного интеллекта.', NULL),
(242, 'Разработка стратегии устойчивого развития', 347, 342, '2024-03-18', '2024-03-31', 'В процессе', 'Средний', 'Создание и внедрение стратегии устойчивого развития.', NULL),
(243, 'Подготовка программы расширения бизнеса', 305, 343, '2024-03-19', '2024-03-29', 'Не начато', 'Высокий', 'Разработка программы для увеличения доли на рынке.', NULL),
(244, 'Оптимизация процессов внедрения', 304, 344, '2024-03-20', '2024-03-31', 'В процессе', 'Средний', 'Анализ и улучшение процесса внедрения новых продуктов.', NULL),
(245, 'Организация соревнования по инновациям', 280, 345, '2024-03-21', '2024-03-30', 'Не начато', 'Высокий', 'Создание внутреннего конкурса на инновационные идеи.', NULL),
(246, 'Подготовка программы повышения квалификации', 278, 346, '2024-03-22', '2024-03-31', 'В процессе', 'Средний', 'Разработка программы для повышения квалификации сотрудников.', NULL),
(247, 'Создание системы управления инвестициями', 243, 347, '2024-03-23', '2024-03-30', 'Не начато', 'Высокий', 'Проектирование и реализация системы управления инвестициями.', NULL),
(248, 'Организация саммита для клиентов', 312, 348, '2024-03-24', '2024-03-31', 'В процессе', 'Средний', 'Организация годового саммита для ключевых клиентов.', NULL),
(249, 'Проведение анализа удовлетворённости клиентов', 215, 349, '2024-03-25', '2024-03-29', 'Не начато', 'Высокий', 'Проведение опросов для выявления удовлетворённости клиентов.', NULL),
(250, 'Создание новой концепции корпоративного бренда', 332, 350, '2024-03-26', '2024-03-31', 'В процессе', 'Средний', 'Разработка и презентация новой бренд-концепции компании.', NULL),
(251, 'Оптимизация процессов маркетинга', 337, 351, '2024-03-27', '2024-03-31', 'В процессе', 'Средний', 'Анализ и оптимизация текущих маркетинговых стратегий.', NULL),
(252, 'Обновление системы бизнес-процессов', 156, 352, '2024-03-28', '2024-04-10', 'Не начато', 'Высокий', 'Внедрение изменений для улучшения бизнес-процессов.', NULL),
(253, 'Организация международной конференции', 277, 353, '2024-03-29', '2024-04-15', 'В процессе', 'Средний', 'Подготовка и проведение международной конференции.', NULL),
(254, 'Проведение исследования по искусственному интеллекту', 160, 354, '2024-03-30', '2024-04-12', 'Не начато', 'Высокий', 'Исследование возможностей применения ИИ в бизнесе.', NULL),
(255, 'Подготовка рекомендаций по минимизации расходов', 199, 355, '2024-03-31', '2024-04-15', 'В процессе', 'Средний', 'Анализ и разработка мер по уменьшению затрат.', NULL),
(256, 'Развитие корпоративной социальной ответственности', 239, 356, '2024-04-01', '2024-04-20', 'Не начато', 'Высокий', 'Создание и реализация программ КСО.', NULL),
(257, 'Подготовка внутреннего аудита', 173, 357, '2024-04-02', '2024-04-28', 'В процессе', 'Средний', 'Подготовка к проведению внутреннего аудита процессов.', NULL),
(258, 'Обучение сотрудников навыкам ведения переговоров', 226, 358, '2024-04-03', '2024-04-18', 'Не начато', 'Высокий', 'Тренинг по искусству ведения переговоров для сотрудников.', NULL),
(259, 'Создание онлайн-платформы для обучения', 164, 359, '2024-04-04', '2024-04-25', 'В процессе', 'Средний', 'Разработка платформы для внутреннего обучения сотрудников.', NULL),
(260, 'Проведение тестирования на соответствие стандартам', 138, 360, '2024-04-05', '2024-04-20', 'Не начато', 'Высокий', 'Проверка соответствия новых продуктов международным стандартам.', NULL),
(261, 'Анализ производительности сотрудников', 219, 361, '2024-04-06', '2024-04-30', 'В процессе', 'Высокий', 'Проведение оценивания производительности сотрудников по KPI.', NULL),
(262, 'Обучение работе с большими данными', 233, 362, '2024-04-07', '2024-04-25', 'Не начато', 'Средний', 'Курс по анализу и обработке больших данных для сотрудников.', NULL),
(263, 'Разработка стратегии автоматизации', 340, 363, '2024-04-08', '2024-04-29', 'В процессе', 'Высокий', 'Создание стратегии для автоматизации рутинных процессов.', NULL),
(264, 'Изучение новых инструментов аналитики', 130, 364, '2024-04-09', '2024-04-20', 'Не начато', 'Средний', 'Изучение и тестирование новых аналитических инструментов.', NULL),
(265, 'Внедрение гибкой методологии разработки', 291, 365, '2024-04-10', '2024-04-28', 'В процессе', 'Высокий', 'Переход на Scrum в управлении проектами.', NULL),
(266, 'Создание дорожной карты ИТ-проекции', 174, 366, '2024-04-11', '2024-04-30', 'Не начато', 'Средний', 'Разработка плана развития ИТ-проектов.', NULL),
(267, 'Проведение семинара по блокчейн технологиям', 272, 367, '2024-04-12', '2024-04-27', 'В процессе', 'Высокий', 'Обучение сотрудников применению блокчейн технологий.', NULL),
(268, 'Актуализация системы обратной связи', 255, 368, '2024-04-13', '2024-04-30', 'Не начато', 'Средний', 'Обновление системы обратной связи с клиентами.', NULL),
(269, 'Разработка новой системы логирования', 269, 369, '2024-04-14', '2024-04-29', 'В процессе', 'Высокий', 'Создание системы логирования для улучшения мониторинга.', NULL),
(270, 'Внедрение программ утилизации отходов', 257, 370, '2024-04-15', '2024-04-30', 'Не начато', 'Средний', 'Создание и развитие программ утилизации отходов.', NULL),
(271, 'Оптимизация использования облачных сервисов', 278, 371, '2024-04-16', '2024-04-30', 'В процессе', 'Высокий', 'Улучшение процессов использования облачных решений.', NULL),
(272, 'Создание централизованной системы закупок', 225, 372, '2024-04-17', '2024-04-28', 'Не начато', 'Средний', 'Разработка единой системы для управления закупками.', NULL),
(273, 'Обучение новым методам управления командой', 314, 373, '2024-04-18', '2024-04-30', 'В процессе', 'Высокий', 'Курс по современным методам управления командой для руководителей.', NULL),
(274, 'Планирование и реализация DevOps практик', 202, 374, '2024-04-19', '2024-04-30', 'Не начато', 'Средний', 'Введение DevOps в рабочие процессы.', NULL),
(275, 'Развитие мультиязычного поддержки клиентов', 221, 375, '2024-04-20', '2024-04-30', 'В процессе', 'Высокий', 'Создание многоязычной клиентской поддержки.', NULL),
(276, 'Внедрение практик устойчивого управления', 361, 376, '2024-04-21', '2024-04-30', 'Не начато', 'Средний', 'Внедрение практик устойчивого управления ресурсами.', NULL),
(277, 'Организация программы стажировок', 311, 377, '2024-04-22', '2024-04-30', 'Не начато', 'Высокий', 'Создание программы стажировок для студентов.', NULL),
(278, 'Исследование и анализ клиентских трендов', 264, 378, '2024-04-23', '2024-04-30', 'В процессе', 'Средний', 'Анализ потребительских трендов для расширения рынка.', NULL),
(279, 'Разработка безопасной системы авторизации', 248, 379, '2024-04-24', '2024-04-30', 'Не начато', 'Высокий', 'Создание системы авторизации с усиленной безопасностью.', NULL),
(280, 'Оптимизация корпоративной IT-инфраструктуры', 270, 380, '2024-04-25', '2024-04-30', 'В процессе', 'Средний', 'Улучшение корпоративной IT-инфраструктуры.', NULL),
(281, 'Внедрение автоматизированных тестов', 177, 381, '2024-04-26', '2024-04-30', 'Не начато', 'Высокий', 'Введение автоматизированного тестирования для повышения качества.', NULL),
(282, 'Исследование изменений в законодательстве', 221, 382, '2024-04-27', '2024-04-30', 'В процессе', 'Средний', 'Анализ изменений в законодательных актах, влияющих на бизнес.', NULL),
(283, 'Обновление политики корпоративной безопасности', 209, 383, '2024-04-28', '2024-04-30', 'Не начато', 'Высокий', 'Ревизия и обновление политики по безопасности.', NULL),
(284, 'Создание прозрачной системы отчетности', 136, 384, '2024-04-29', '2024-04-30', 'В процессе', 'Средний', 'Разработка прозрачной системы для отчетности.', NULL),
(285, 'Анализ потенциала для выхода на зарубежные рынки', 264, 385, '2024-04-30', '2024-05-10', 'Не начато', 'Высокий', 'Исследование возможностей для экспансии на международные рынки.', NULL),
(286, 'Обучение искусному обслуживанию клиентов', 180, 386, '2024-05-01', '2024-05-15', 'В процессе', 'Средний', 'Тренинги по улучшению навыков клиентского обслуживания.', NULL),
(287, 'Внедрение гибридной схемы работы', 227, 387, '2024-05-02', '2024-05-20', 'Не начато', 'Высокий', 'Переход на гибридную модель удалённой и офисной работы.', NULL),
(288, 'Анализ текущих программ лояльности', 259, 388, '2024-05-03', '2024-05-25', 'В процессе', 'Средний', 'Оценка эффективности текущих программ лояльности.', NULL),
(289, 'Подготовка корпоративной стратегии', 221, 389, '2024-05-04', '2024-05-30', 'Не начато', 'Высокий', 'Разработка стратегии развития компании на будущие периоды.', NULL),
(290, 'Создание интерактивного обучающего контента', 203, 390, '2024-05-05', '2024-05-31', 'В процессе', 'Средний', 'Разработка обучающих программ в интерактивном формате.', NULL),
(291, 'Оптимизация контрактных отношений', 228, 391, '2024-05-06', '2024-05-28', 'Не начато', 'Высокий', 'Совершенствование договорных условий и процессов.', NULL),
(292, 'Разработка онлайн платформы для обмена идеями', 264, 392, '2024-05-07', '2024-05-30', 'В процессе', 'Средний', 'Создание платформы для генерации и обсуждения идей.', NULL),
(293, 'Проведение метрик обратной связи от сотрудников', 251, 393, '2024-05-08', '2024-05-29', 'Не начато', 'Высокий', 'Мониторинг и сбор данных по удовлетворённости сотрудников.', NULL),
(294, 'Оценка качества внутренней отчетности', 229, 394, '2024-05-09', '2024-05-31', 'В процессе', 'Средний', 'Анализ качества и актуальности внутренней отчетности.', NULL),
(295, 'Подготовка дизайна для нового бренда', 254, 395, '2024-05-10', '2024-05-30', 'Не начато', 'Высокий', 'Создание дизайнов для нового бренда компании.', NULL),
(296, 'Внедрение программы цифрового обучения', 236, 396, '2024-05-11', '2024-05-31', 'В процессе', 'Средний', 'Разработка и внедрение цифровой программы обучения.', NULL),
(297, 'Организация доступа к аналитике в реальном времени', 333, 397, '2024-05-12', '2024-05-30', 'Не начато', 'Высокий', 'Предоставление доступа к аналитике в реальном времени для сотрудников.', NULL),
(298, 'Создание гибкой системы управления проектами', 181, 398, '2024-05-13', '2024-05-29', 'В процессе', 'Средний', 'Разработка гибкой системы управления задачами.', NULL),
(299, 'Анализ факторов снижения затрат', 111, 399, '2024-05-14', '2024-05-28', 'Не начато', 'Высокий', 'Изучение факторов, влияющих на снижение затрат компании.', NULL),
(300, 'Оптимизация производственного потока', 125, 400, '2024-05-15', '2024-05-30', 'В процессе', 'Средний', 'Улучшение процессов производственного потока компании.', NULL),
(301, 'Внедрение AI в бизнес-процессы', 170, 401, '2024-05-16', '2024-06-10', 'Не начато', 'Высокий', 'Разработка и внедрение AI алгоритмов для оптимизации бизнес-процессов.', NULL),
(302, 'Организация конференции по блокчейну', 357, 402, '2024-05-17', '2024-06-15', 'В процессе', 'Средний', 'Подготовка и проведение конференции по блокчейн технологиям.', NULL),
(303, 'Обновление системы аналитики', 123, 403, '2024-05-18', '2024-06-08', 'Не начато', 'Высокий', 'Усовершенствование системы аналитики с использованием новейших инструментов.', NULL),
(304, 'Создание экологической программы', 217, 404, '2024-05-19', '2024-06-20', 'В процессе', 'Средний', 'Разработка программы для уменьшения экологического следа компании.', NULL),
(305, 'Оптимизация рабочих процессов', 273, 405, '2024-05-20', '2024-06-10', 'Не начато', 'Высокий', 'Разработка и реализация мер для улучшения эффективности рабочих процессов.', NULL),
(306, 'Внедрение системы виртуальной реальности', 122, 406, '2024-05-21', '2024-06-25', 'В процессе', 'Средний', 'Внедрение VR технологий в тренинги сотрудников.', NULL),
(307, 'Анализ рынка новых продуктов', 327, 407, '2024-05-22', '2024-06-15', 'Не начато', 'Высокий', 'Исследование интереса потребителей к новым продуктам.', NULL),
(308, 'Модернизация логистической цепочки', 148, 408, '2024-05-23', '2024-06-30', 'В процессе', 'Средний', 'Оптимизация и улучшение логистических процессов доставки.', NULL),
(309, 'Разработка программы управления рисками', 341, 409, '2024-05-24', '2024-06-28', 'Не начато', 'Высокий', 'Создание и внедрение программы для минимизации бизнес-рисков.', NULL),
(310, 'Подготовка к запуску нового бренда', 175, 410, '2024-05-25', '2024-06-25', 'В процессе', 'Средний', 'Планирование мероприятий для успешного запуска нового бренда.', NULL),
(311, 'Внедрение технологии IoT', 275, 411, '2024-05-26', '2024-06-30', 'Не начато', 'Высокий', 'Интеграция интернет-вещей в производственные процессы.', NULL),
(312, 'Анализ потребностей клиентов', 205, 412, '2024-05-27', '2024-06-20', 'В процессе', 'Средний', 'Сбор и анализ данных о предпочтениях и потребностях клиентов.', NULL),
(313, 'Создание интерактивного руководства', 266, 413, '2024-05-28', '2024-06-15', 'Не начато', 'Высокий', 'Разработка интерактивного руководства пользователя для новых продуктов.', NULL),
(314, 'Оптимизация цепочки поставок', 258, 414, '2024-05-29', '2024-06-22', 'В процессе', 'Средний', 'Анализ и улучшение цепочки поставок для сокращения издержек.', NULL),
(315, 'Запуск программы лояльности', 235, 415, '2024-05-30', '2024-06-30', 'Не начато', 'Высокий', 'Создание программы поощрений для увеличения клиентской базы.', NULL),
(316, 'Обучение сотрудников инновациям', 314, 416, '2024-05-31', '2024-06-25', 'В процессе', 'Средний', 'Проведение тренингов по внедрению инноваций в работу.', NULL),
(317, 'Разработка стратегии продаж', 153, 417, '2024-06-01', '2024-06-20', 'Не начато', 'Высокий', 'Планирование стратегий для увеличения объема продаж.', NULL),
(318, 'Внедрение платформы для общения', 288, 418, '2024-06-02', '2024-06-28', 'В процессе', 'Средний', 'Создание платформы для упрощения общения между командами.', NULL),
(319, 'Организация международной выставки', 273, 419, '2024-06-03', '2024-06-30', 'Не начато', 'Высокий', 'Подготовка и проведение выставки для повышения международного присутствия.', NULL),
(320, 'Повышение квалификации сотрудников', 218, 420, '2024-06-04', '2024-06-25', 'В процессе', 'Средний', 'Организация курсов повышения квалификации для персонала.', NULL),
(321, 'Оптимизация внутренних коммуникаций', 234, 421, '2024-06-05', '2024-06-30', 'Не начато', 'Высокий', 'Улучшение внутренней системы обмена информацией.', NULL),
(322, 'Создание центра управления данными', 136, 422, '2024-06-06', '2024-06-30', 'В процессе', 'Средний', 'Разработка и запуск централизованного управления данными.', NULL),
(323, 'Обновление политики конфиденциальности', 208, 423, '2024-06-07', '2024-06-28', 'Не начато', 'Высокий', 'Анализ и внедрение изменений в политику конфиденциальности.', NULL),
(324, 'Планирование устойчивого развития', 352, 424, '2024-06-08', '2024-06-25', 'В процессе', 'Средний', 'Создание и реализация целей устойчивого развития.', NULL),
(325, 'Разработка маркетинговой кампании', 297, 425, '2024-06-09', '2024-06-30', 'Не начато', 'Высокий', 'Планирование маркетинговых мероприятий для нового продукта.', NULL),
(326, 'Автоматизация обработки заказов', 272, 426, '2024-06-10', '2024-06-26', 'В процессе', 'Средний', 'Внедрение системы автоматизации для обработки клиентских заказов.', NULL),
(327, 'Расширение продуктов на международные рынки', 206, 427, '2024-06-11', '2024-06-30', 'Не начато', 'Высокий', 'Исследование и планирование выхода на новые международные рынки.', NULL),
(328, 'Организация тренинга по Agile', 211, 428, '2024-06-12', '2024-06-29', 'В процессе', 'Средний', 'Проведение тренинга по Agile методам для команды разработки.', NULL),
(329, 'Создание программы инноваций', 265, 429, '2024-06-13', '2024-06-28', 'Не начато', 'Высокий', 'Стимулирование инновационных инициатив среди сотрудников.', NULL),
(330, 'Анализ доходов и расходов', 107, 430, '2024-06-14', '2024-06-24', 'В процессе', 'Средний', 'Проведение комплексного финансового анализа для оптимизации бюджета.', NULL),
(331, 'Разработка мобильного приложения', 326, 431, '2024-06-15', '2024-06-30', 'Не начато', 'Высокий', 'Создание и запуск мобильного приложения для взаимодействия с клиентами.', NULL),
(332, 'Обновление веб-сайта компании', 287, 432, '2024-06-16', '2024-06-29', 'В процессе', 'Средний', 'Переработка структуры и дизайна корпоративного веб-сайта.', NULL),
(333, 'Внедрение системы учета времени', 175, 433, '2024-06-17', '2024-06-30', 'Не начато', 'Высокий', 'Разработка системы для эффективного учета рабочего времени сотрудников.', NULL),
(334, 'Автоматизация клиентской поддержки', 134, 434, '2024-06-18', '2024-06-28', 'В процессе', 'Средний', 'Внедрение автоматизированной системы поддержки клиентов.', NULL),
(335, 'Анализ конкурентного окружения', 346, 435, '2024-06-19', '2024-06-30', 'Не начато', 'Высокий', 'Исследование положения компании на рынке относительно конкурентов.', NULL),
(336, 'Создание центра разработки технологий', 157, 436, '2024-06-20', '2024-06-29', 'В процессе', 'Средний', 'Открытие нового центра для разработки передовых технологий.', NULL),
(337, 'Обучение управлению проектами', 275, 437, '2024-06-21', '2024-06-30', 'Не начато', 'Высокий', 'Тренинг по современным практикам управления проектами.', NULL),
(338, 'Организация мастер-классов для персонала', 318, 438, '2024-06-22', '2024-06-26', 'В процессе', 'Средний', 'Проведение серии мастер-классов для развития компетенций сотрудников.', NULL),
(339, 'Разработка системы внутреннего обучения', 172, 439, '2024-06-23', '2024-06-30', 'Не начато', 'Высокий', 'Создание платформы для внутреннего обучения и повышения квалификации.', NULL),
(340, 'Подбор и наём нового персонала', 178, 440, '2024-06-24', '2024-06-30', 'В процессе', 'Средний', 'Рекрутинг и адаптация новых сотрудников для расширения команды.', NULL),
(341, 'Создание программы поощрений', 215, 441, '2024-06-25', '2024-06-30', 'Не начато', 'Высокий', 'Разработка программы поощрений и вознаграждений для сотрудников.', NULL),
(342, 'Модернизация системы CRM', 197, 442, '2024-06-26', '2024-06-30', 'В процессе', 'Средний', 'Обновление CRM системы для улучшения взаимодействия с клиентами.', NULL),
(343, 'Анализ качества клиентского обслуживания', 218, 443, '2024-06-27', '2024-06-30', 'Не начато', 'Высокий', 'Проведение анализа и усовершенствование процесса клиентского обслуживания.', NULL),
(344, 'Внедрение системы гибкой работы', 251, 444, '2024-06-28', '2024-06-30', 'В процессе', 'Средний', 'Внедрение гибкой системы работы для повышения удовлетворённости сотрудников.', NULL),
(345, 'Организация программы корпоративного волонтерства', 159, 445, '2024-06-29', '2024-06-30', 'Не начато', 'Высокий', 'Разработка программы волонтерства для вовлечения сотрудников в общественные проекты.', NULL),
(346, 'Планирование экспансии на новые рынки', 254, 446, '2024-06-30', '2024-06-30', 'В процессе', 'Средний', 'Стратегическое планирование выхода компании на новые международные рынки.', NULL),
(347, 'Оптимизация системы документооборота', 322, 447, '2024-07-01', '2024-07-30', 'Не начато', 'Высокий', 'Обновление системы документооборота для повышения эффективности.', NULL),
(348, 'Создание инновационного стартапа', 180, 448, '2024-07-02', '2024-07-25', 'В процессе', 'Средний', 'Запуск стартапа для разработки новых технологических решений.', NULL),
(349, 'Анализ и аудит внутреннего контроля', 293, 449, '2024-07-03', '2024-07-20', 'Не начато', 'Высокий', 'Комплексный аудит и анализ системы внутреннего контроля.', NULL),
(350, 'Внедрение системы управления качеством', 258, 450, '2024-07-04', '2024-07-30', 'В процессе', 'Средний', 'Создание и внедрение системы управления качеством продукции.', NULL);


INSERT INTO Suppliers VALUES 
(101, 'ООО Поставщик Металла', 'Иван Иванов', 'ivan.ivanov@metal.ru', '+7-495-123-4567', 'ул. Металлургическая, 10', 'Москва', 'Россия', '101000', 'www.metal.ru'),
(102, 'ЗАО Стройматериалы', 'Мария Петрова', 'maria.petrova@stroymat.ru', '+7-812-987-6543', 'пр. Строителей, 15', 'Санкт-Петербург', 'Россия', '190000', 'www.stroymat.ru'),
(103, 'ООО ЛесТорг', 'Александр Сидоров', 'alex.sidorov@lestorg.ru', '+7-383-543-2109', 'ул. Лесная, 7', 'Новосибирск', 'Россия', '630000', 'www.lestorg.ru'),
(104, 'ИП ТехАвто', 'Екатерина Смирнова', 'ekaterina.smirnova@tehavto.ru', '+7-3452-123-456', 'ул. Автостроителей, 5', 'Тюмень', 'Россия', '625000', 'www.tehavto.ru'),
(105, 'ОАО СтройМаш', 'Игорь Кузнецов', 'igor.kuznetsov@stroymash.ru', '+7-351-987-6544', 'пр. Машиностроителей, 9', 'Челябинск', 'Россия', '454000', 'www.stroymash.ru'),
(106, 'ООО ХимПром', 'Наталья Волкова', 'natalya.volkova@him.prom', '+7-4012-200-300', 'ул. Химиков, 12', 'Калининград', 'Россия', '236000', 'www.him.prom'),
(107, 'ЗАО АгроПартнер', 'Дмитрий Федоров', 'dmitry.fedorov@agropartner.ru', '+7-843-111-2233', 'ул. Аграрная, 22', 'Казань', 'Россия', '420000', 'www.agropartner.ru'),
(108, 'ИП ЭнергоСнаб', 'Ольга Морозова', 'olga.morozova@energosnab.ru', '+7-4722-334-455', 'пр. Электриков, 33', 'Белгород', 'Россия', '308000', 'www.energosnab.ru'),
(109, 'ООО МебельКомплект', 'Владимир Кожин', 'vladimir.kozhin@mebelkom.ru', '+7-3842-122-334', 'ул. Мебельная, 3', 'Барнаул', 'Россия', '656000', 'www.mebelkom.ru'),
(110, 'ЗАО Проминструмент', 'Алексей Захаров', 'alexey.zakharov@prominst.ru', '+7-3843-556-667', 'ул. Инструментальная, 8', 'Кемерово', 'Россия', '650000', 'www.prominst.ru'),
(111, 'ОАО СтеклоПром', 'Юлия Александрова', 'yulia.aleksandrova@stekloprom.ru', '+7-343-678-2222', 'ул. Стеклозаводская, 13', 'Екатеринбург', 'Россия', '620000', 'www.stekloprom.ru'),
(112, 'ООО ПластикСервис', 'Василий Громов', 'vasily.gromov@plasticserv.ru', '+7-8422-333-444', 'пр. Пластиковый, 25', 'Ульяновск', 'Россия', '432000', 'www.plasticserv.ru'),
(113, 'ЗАО ТекстильТорг', 'Анна Никитина', 'anna.nikitina@textiltorg.ru', '+7-812-888-9999', 'ул. Текстильная, 16', 'Санкт-Петербург', 'Россия', '192000', 'www.textiltorg.ru'),
(114, 'ООО ГидроСистемы', 'Петр Ефремов', 'petr.efremov@gidrosys.ru', '+7-342-555-6666', 'ул. Водопроводная, 19', 'Пермь', 'Россия', '614000', 'www.gidrosys.ru'),
(115, 'ИП ЛогистикСнаб', 'Сергей Голубев', 'sergey.golubev@logisticsnab.ru', '+7-347-777-8888', 'пр. Логистический, 21', 'Уфа', 'Россия', '450000', 'www.logisticsnab.ru'),
(116, 'ОАО ЭлектроМаг', 'Елена Мартынова', 'elena.martynova@elektromag.ru', '+7-8172-999-101', 'ул. Электрическая, 5', 'Вологда', 'Россия', '160000', 'www.elektromag.ru'),
(117, 'ООО ГиперСтрой', 'Григорий Соловьев', 'grigory.solovev@hyperstroy.ru', '+7-3842-112-334', 'ул. Гипернёвская, 10', 'Барнаул', 'Россия', '656000', 'www.hyperstroy.ru'),
(118, 'АО АвтоКомплект', 'Николай Белов', 'nikolay.belov@autocom.ru', '+7-343-921-253', 'ул. Автосборочная, 4', 'Екатеринбург', 'Россия', '620000', 'www.autocom.ru'),
(119, 'ЗАО ИнноваТех', 'Ирина Тимофеева', 'irina.timofeeva@innovatech.ru', '+7-812-123-2345', 'ул. Инновационная, 9', 'Санкт-Петербург', 'Россия', '192000', 'www.innovatech.ru'),
(120, 'ИП МашСнаб', 'София Орлова', 'sofia.orlova@mashsnab.ru', '+7-8152-236-452', 'пр. Машиностроителей, 7', 'Мурманск', 'Россия', '183000', 'www.mashsnab.ru'),
(121, 'ООО Металлопром', 'Артем Сергеев', 'artem.sergeev@metalprom.ru', '+7-495-765-4321', 'ул. Металлическая, 20', 'Москва', 'Россия', '101500', 'www.metalprom.ru'),
(122, 'ЗАО ЭкоСтрой', 'Татьяна Иванова', 'tatiana.ivanova@ecostroy.ru', '+7-812-876-5432', 'пр. Экологический, 14', 'Санкт-Петербург', 'Россия', '190500', 'www.ecostroy.ru'),
(123, 'ООО ЛесКо', 'Максим Петров', 'maxim.petrov@lesko.ru', '+7-383-654-3210', 'ул. Лесопарковая, 11', 'Новосибирск', 'Россия', '630500', 'www.lesko.ru'),
(124, 'ИП АвтоТех', 'Ольга Смирнова', 'olga.smirnova@autotech.ru', '+7-3452-234-567', 'ул. Техников, 6', 'Тюмень', 'Россия', '625500', 'www.autotech.ru'),
(125, 'ОАО СтройИндустрия', 'Денис Кузнецов', 'denis.kuznetsov@stroyind.ru', '+7-351-876-5435', 'пр. Индустриальный, 10', 'Челябинск', 'Россия', '454500', 'www.stroyind.ru'),
(126, 'ООО ХимАналит', 'Алена Волкова', 'alena.volkova@himanalyt.ru', '+7-4012-200-400', 'ул. Аналитическая, 13', 'Калининград', 'Россия', '236500', 'www.himanalyt.ru'),
(127, 'ЗАО АгроСнаб', 'Роман Федоров', 'roman.fedorov@agrosnab.ru', '+7-843-222-3344', 'ул. Снабженцев, 23', 'Казань', 'Россия', '420500', 'www.agrosnab.ru'),
(128, 'ИП ЭнергоСервис', 'Екатерина Морозова', 'ekaterina.morozova@energoservice.ru', '+7-4722-445-566', 'пр. Энергетиков, 34', 'Белгород', 'Россия', '308500', 'www.energoservice.ru'),
(129, 'ООО МебельГрад', 'Вадим Кожин', 'vadim.kozhin@mebelgrad.ru', '+7-3842-223-445', 'ул. Мебельщиков, 4', 'Барнаул', 'Россия', '656500', 'www.mebelgrad.ru'),
(130, 'ЗАО ПромМаш', 'Анна Захарова', 'anna.zakharova@prommash.ru', '+7-3843-667-778', 'ул. Машиностроительная, 9', 'Кемерово', 'Россия', '650500', 'www.prommash.ru'),
(131, 'ОАО СтеклоЗавод', 'Юлия Александрова', 'yulia.alexandrova@steklozavod.ru', '+7-343-789-3333', 'ул. Заводская, 14', 'Екатеринбург', 'Россия', '620500', 'www.steklozavod.ru'),
(132, 'ООО ПластикМир', 'Василий Громов', 'vasily.gromov@plasticmir.ru', '+7-8422-444-555', 'пр. Мир, 26', 'Ульяновск', 'Россия', '432500', 'www.plasticmir.ru'),
(133, 'ЗАО ТекстильДом', 'Анна Никитина', 'anna.nikitina@textildom.ru', '+7-812-999-0000', 'ул. Домашняя, 17', 'Санкт-Петербург', 'Россия', '192500', 'www.textildom.ru'),
(134, 'ООО ГидроТех', 'Петр Ефремов', 'petr.efremov@hydrotech.ru', '+7-342-666-7777', 'ул. Водоёмная, 20', 'Пермь', 'Россия', '614500', 'www.hydrotech.ru'),
(135, 'ИП ЛогистикаПро', 'Сергей Голубев', 'sergey.golubev@logistikapro.ru', '+7-347-888-9999', 'пр. Прогресс, 22', 'Уфа', 'Россия', '450500', 'www.logistikapro.ru'),
(136, 'ОАО ЭнергоПром', 'Елена Мартынова', 'elena.martynova@energoprom.ru', '+7-8172-101-202', 'ул. Промышленная, 6', 'Вологда', 'Россия', '160500', 'www.energoprom.ru'),
(137, 'ООО ГиперПоставка', 'Григорий Соловьев', 'grigory.solovev@hypersupply.ru', '+7-3842-223-556', 'ул. Поставщиков, 11', 'Барнаул', 'Россия', '656500', 'www.hypersupply.ru'),
(138, 'АО АвтоЗапчасти', 'Николай Белов', 'nikolay.belov@autoparts.ru', '+7-343-932-254', 'ул. Запасов, 5', 'Екатеринбург', 'Россия', '620500', 'www.autoparts.ru'),
(139, 'ЗАО ИнноваСнаб', 'Ирина Тимофеева', 'irina.timofeeva@innovasnab.ru', '+7-812-234-3456', 'ул. Снабжения, 10', 'Санкт-Петербург', 'Россия', '192500', 'www.innovasnab.ru'),
(140, 'ИП МашПоставка', 'София Орлова', 'sofia.orlova@mashpostavka.ru', '+7-8152-247-453', 'пр. Поставщиков, 8', 'Мурманск', 'Россия', '183500', 'www.mashpostavka.ru'),
(141, 'ООО ТехноФабрика', 'Алексей Фомин', 'alexey.fomin@technofab.ru', '+7-495-567-8901', 'ул. Фабричная, 21', 'Москва', 'Россия', '101600', 'www.technofab.ru'),
(142, 'ЗАО ЭкоСнаб', 'Татьяна Петрова', 'tatiana.petrova@ecosnab.ru', '+7-812-765-8902', 'пр. Эко, 15', 'Санкт-Петербург', 'Россия', '190600', 'www.ecosnab.ru'),
(143, 'ООО ЛесПром', 'Максим Иванов', 'maxim.ivanov@lesprom.ru', '+7-383-765-4321', 'ул. Лесная, 15', 'Новосибирск', 'Россия', '630600', 'www.lesprom.ru'),
(144, 'ИП АвтоСнаб', 'Ольга Никитина', 'olga.nikitina@autosnab.ru', '+7-3452-345-678', 'ул. Автомобильная, 7', 'Тюмень', 'Россия', '625600', 'www.autosnab.ru'),
(145, 'ОАО СтройПром', 'Денис Смирнов', 'denis.smirnov@stroyprom.ru', '+7-351-987-6546', 'пр. Промзона, 11', 'Челябинск', 'Россия', '454600', 'www.stroyprom.ru'),
(146, 'ООО ХимПродукт', 'Алена Петрова', 'alena.petrova@himprodukt.ru', '+7-4012-300-400', 'ул. Продуктовая, 15', 'Калининград', 'Россия', '236600', 'www.himprodukt.ru'),
(147, 'ЗАО АгроПродукт', 'Роман Сергеев', 'roman.sergeev@agroprodukt.ru', '+7-843-233-4455', 'ул. Продуктовая, 24', 'Казань', 'Россия', '420600', 'www.agroprodukt.ru'),
(148, 'ИП ЭнергоКомплект', 'Екатерина Федорова', 'ekaterina.fedorova@energocom.ru', '+7-4722-556-677', 'пр. Комплектовщиков, 35', 'Белгород', 'Россия', '308600', 'www.energocom.ru'),
(149, 'ООО МебельПро', 'Вадим Сергеевич', 'vadim.sergeevich@mebelpro.ru', '+7-3842-334-556', 'ул. Профессиональная, 5', 'Барнаул', 'Россия', '656600', 'www.mebelpro.ru'),
(150, 'ЗАО ПромИндустрия', 'Анна Кожина', 'anna.kozhina@promind.ru', '+7-3843-778-889', 'ул. Индустрия, 11', 'Кемерово', 'Россия', '650600', 'www.promind.ru'),
(151, 'ОАО СтеклоТех', 'Юлия Игорева', 'yulia.igoreva@steklotech.ru', '+7-343-790-4444', 'ул. Техников, 15', 'Екатеринбург', 'Россия', '620600', 'www.steklotech.ru'),
(152, 'ООО ПластикПро', 'Василий Захаров', 'vasily.zakharov@plastikpro.ru', '+7-8422-555-666', 'пр. Производственный, 27', 'Ульяновск', 'Россия', '432600', 'www.plastikpro.ru'),
(153, 'ЗАО ТекстильНовый', 'Анна Алексеевна', 'anna.alekseevna@textilnov.ru', '+7-812-000-1111', 'ул. Новая, 18', 'Санкт-Петербург', 'Россия', '192600', 'www.textilnov.ru'),
(154, 'ООО ГидроКомплект', 'Петр Александров', 'petr.alexandrov@gidrocom.ru', '+7-342-777-8888', 'ул. Комплектов, 21', 'Пермь', 'Россия', '614600', 'www.gidrocom.ru'),
(155, 'ИП ЛогистикаСнаб', 'Сергей Иванов', 'sergey.ivanov@logistiksnab.ru', '+7-347-999-0000', 'пр. Снабженцев, 23', 'Уфа', 'Россия', '450600', 'www.logistiksnab.ru'),
(156, 'ОАО ЭнергияТех', 'Елена Алексееская', 'elena.alekseeskaya@energatech.ru', '+7-8172-303-404', 'ул. Энергетическая, 7', 'Вологда', 'Россия', '160600', 'www.energatech.ru'),
(157, 'ООО ГиперСтройПром', 'Григорий Александров', 'grigory.alexandrov@hyperstroprom.ru', '+7-3842-334-667', 'ул. Промышленников, 12', 'Барнаул', 'Россия', '656600', 'www.hyperstroprom.ru'),
(158, 'АО АвтоКомплектПром', 'Николай Иванов', 'nikolay.ivanov@autocomprom.ru', '+7-343-942-255', 'ул. Комплектная, 6', 'Екатеринбург', 'Россия', '620600', 'www.autocomprom.ru'),
(159, 'ЗАО ИнноваТек', 'Ирина Давыдова', 'irina.davydova@innotech.ru', '+7-812-345-4567', 'ул. Технологическая, 11', 'Санкт-Петербург', 'Россия', '192600', 'www.innotech.ru'),
(160, 'ИП МашТех', 'София Федоровна', 'sofia.fedorovna@mashtech.ru', '+7-8152-258-454', 'пр. Технический, 9', 'Мурманск', 'Россия', '183600', 'www.mashtech.ru'),
(161, 'ООО МеталлСервис', 'Артем Борисов', 'artem.borisov@metallservice.ru', '+7-495-678-9012', 'ул. Металлургическая, 22', 'Москва', 'Россия', '101700', 'www.metallservice.ru'),
(162, 'ЗАО ЭкоПром', 'Татьяна Малкина', 'tatiana.malkina@ecoprom.ru', '+7-812-876-6543', 'пр. Промышленный, 16', 'Санкт-Петербург', 'Россия', '190700', 'www.ecoprom.ru'),
(163, 'ООО ЛесЭкспорт', 'Максим Исаев', 'maxim.isaev@lesexport.ru', '+7-383-567-8901', 'ул. Экспортная, 12', 'Новосибирск', 'Россия', '630700', 'www.lesexport.ru'),
(164, 'ИП АвтоСервис', 'Ольга Сидорова', 'olga.sidorova@autoservice.ru', '+7-3452-456-789', 'ул. Сервисная, 8', 'Тюмень', 'Россия', '625700', 'www.autoservice.ru'),
(165, 'ОАО СтройКомплект', 'Денис Лебедев', 'denis.lebedev@stroycomp.ru', '+7-351-987-6547', 'пр. Комплектный, 12', 'Челябинск', 'Россия', '454700', 'www.stroycomp.ru'),
(166, 'ООО ХимПроект', 'Алена Лебедева', 'alena.lebedeva@himproject.ru', '+7-4012-333-400', 'ул. Проектировочная, 18', 'Калининград', 'Россия', '236700', 'www.himproject.ru'),
(167, 'ЗАО АгроКомп', 'Роман Львович', 'roman.lvovich@agrocomp.ru', '+7-843-244-5566', 'ул. Композиторов, 25', 'Казань', 'Россия', '420700', 'www.agrocomp.ru'),
(168, 'ИП ЭнергоПоставка', 'Екатерина Семенова', 'ekaterina.semenova@energopostavka.ru', '+7-4722-567-678', 'пр. Поставщиков, 36', 'Белгород', 'Россия', '308700', 'www.energopostavka.ru'),
(169, 'ООО МебельТех', 'Вадим Павлов', 'vadim.pavlov@mebeltech.ru', '+7-3842-445-667', 'ул. Техников, 6', 'Барнаул', 'Россия', '656700', 'www.mebeltech.ru'),
(170, 'ЗАО ПромЭксперт', 'Анна Григорьева', 'anna.grigorieva@promexpert.ru', '+7-3843-889-990', 'ул. Экспертная, 13', 'Кемерово', 'Россия', '650700', 'www.promexpert.ru'),
(171, 'ОАО СтеклоНовый', 'Юлия Павлова', 'yulia.pavlova@steklonew.ru', '+7-343-801-1111', 'ул. Новаторов, 16', 'Екатеринбург', 'Россия', '620700', 'www.steklonew.ru'),
(172, 'ООО ПластикТех', 'Василий Никитов', 'vasily.nikitov@plastictech.ru', '+7-8422-666-777', 'пр. Технический, 28', 'Ульяновск', 'Россия', '432700', 'www.plastictech.ru'),
(173, 'ЗАО ТекстильКомплект', 'Анна Ильинична', 'anna.ilinichna@textilcom.ru', '+7-812-111-2222', 'ул. Комплектов, 19', 'Санкт-Петербург', 'Россия', '192700', 'www.textilcom.ru'),
(174, 'ООО ГидроПром', 'Петр Васильев', 'petr.vasilev@gidroprom.ru', '+7-342-888-9999', 'ул. Промышленная, 22', 'Пермь', 'Россия', '614700', 'www.gidroprom.ru'),
(175, 'ИП ЛогистикаЭксперт', 'Сергей Романов', 'sergey.romanov@logistikexp.ru', '+7-347-000-1111', 'пр. Экспертов, 24', 'Уфа', 'Россия', '450700', 'www.logistikexp.ru'),
(176, 'ОАО ЭнергоКомплекс', 'Елена Владимировна', 'elena.vladimirovna@energocomplex.ru', '+7-8172-404-505', 'ул. Комплексная, 8', 'Вологда', 'Россия', '160700', 'www.energocomplex.ru'),
(177, 'ООО ГиперТех', 'Григорий Зайцев', 'grigory.zaytsev@hypertech.ru', '+7-3842-445-778', 'ул. Техническая, 13', 'Барнаул', 'Россия', '656700', 'www.hypertech.ru'),
(178, 'АО АвтоПроект', 'Николай Смирнов', 'nikolay.smirnov@avtopro.ru', '+7-343-952-256', 'ул. Проектировочная, 7', 'Екатеринбург', 'Россия', '620700', 'www.avtopro.ru'),
(179, 'ЗАО ИнноваЭкспорт', 'Ирина Олеговна', 'irina.olegovna@innovaexport.ru', '+7-812-456-5678', 'ул. Экспортная, 12', 'Санкт-Петербург', 'Россия', '192700', 'www.innovaexport.ru'),
(180, 'ИП МашЭксперт', 'София Виталиевна', 'sofia.vitalievna@mashexpert.ru', '+7-8152-269-456', 'пр. Экспертный, 10', 'Мурманск', 'Россия', '183700', 'www.mashexpert.ru'),
(181, 'ООО МеталлТех', 'Артем Михайлов', 'artem.mikhailov@metalltech.ru', '+7-495-789-0123', 'ул. Техническая, 24', 'Москва', 'Россия', '101800', 'www.metalltech.ru'),
(182, 'ЗАО ЭкоКомплект', 'Татьяна Артемова', 'tatiana.artemova@ecocom.ru', '+7-812-987-7654', 'пр. Комплекторов, 17', 'Санкт-Петербург', 'Россия', '190800', 'www.ecocom.ru'),
(183, 'ООО ЛесТех', 'Максим Самсонов', 'maxim.samsonov@lestec.ru', '+7-383-678-9012', 'ул. Техническая, 13', 'Новосибирск', 'Россия', '630800', 'www.lestec.ru'),
(184, 'ИП АвтоНово', 'Ольга Григорьева', 'olga.grigorieva@autonovo.ru', '+7-3452-567-890', 'ул. Новая, 9', 'Тюмень', 'Россия', '625800', 'www.autonovo.ru'),
(185, 'ОАО СтройНовый', 'Денис Романов', 'denis.romanov@stroynew.ru', '+7-351-987-6548', 'пр. Новый, 14', 'Челябинск', 'Россия', '454800', 'www.stroynew.ru'),
(186, 'ООО ХимТех', 'Алена Дмитриевна', 'alena.dmitrievna@himtech.ru', '+7-4012-444-500', 'ул. Техников, 19', 'Калининград', 'Россия', '236800', 'www.himtech.ru'),
(187, 'ЗАО АгроТех', 'Роман Владимирович', 'roman.vladimirovich@agrotec.ru', '+7-843-255-6677', 'ул. Техническая, 26', 'Казань', 'Россия', '420800', 'www.agrotec.ru'),
(188, 'ИП ЭнергоПро', 'Екатерина Романова', 'ekaterina.romanova@energopro.ru', '+7-4722-678-789', 'пр. Производственный, 37', 'Белгород', 'Россия', '308800', 'www.energopro.ru'),
(189, 'ООО МебельДом', 'Вадим Федорович', 'vadim.fedorovich@mebeldom.ru', '+7-3842-556-778', 'ул. Домостроителей, 7', 'Барнаул', 'Россия', '656800', 'www.mebeldom.ru'),
(190, 'ЗАО ПромТех', 'Анна Владиславовна', 'anna.vladislavovna@promtec.ru', '+7-3843-990-001', 'ул. Техническая, 15', 'Кемерово', 'Россия', '650800', 'www.promtec.ru'),
(191, 'ОАО СтеклоПлюс', 'Юлия Дмитриева', 'yulia.dmitrieva@stekloplus.ru', '+7-343-812-2222', 'ул. Плюс, 18', 'Екатеринбург', 'Россия', '620800', 'www.stekloplus.ru'),
(192, 'ООО ПластикНова', 'Василий Григорьев', 'vasily.grigoriev@plasticnova.ru', '+7-8422-777-888', 'пр. Новаторов, 29', 'Ульяновск', 'Россия', '432800', 'www.plasticnova.ru'),
(193, 'ЗАО ТекстильТех', 'Анна Михайловна', 'anna.mikhailovna@textiltec.ru', '+7-812-222-3333', 'ул. Техников, 20', 'Санкт-Петербург', 'Россия', '192800', 'www.textiltec.ru'),
(194, 'ООО ГидроСнаб', 'Петр Даниилов', 'petr.daniilov@gidrosnab.ru', '+7-342-999-0000', 'ул. Снабженцев, 23', 'Пермь', 'Россия', '614800', 'www.gidrosnab.ru'),
(195, 'ИП ЛогистикаГрупп', 'Сергей Демьянович', 'sergey.demyanovich@logistikgroup.ru', '+7-347-111-2222', 'пр. Групповой, 25', 'Уфа', 'Россия', '450800', 'www.logistikgroup.ru'),
(196, 'ОАО ЭнергияСнаб', 'Елена Евгеньевна', 'elena.evgenyevna@energiasnab.ru', '+7-8172-505-606', 'ул. Снабженцев, 9', 'Вологда', 'Россия', '160800', 'www.energiasnab.ru'),
(197, 'ООО ГиперПроект', 'Григорий Васильевич', 'grigory.vasilievich@hyperproj.ru', '+7-3842-556-889', 'ул. Проектная, 15', 'Барнаул', 'Россия', '656800', 'www.hyperproj.ru'),
(198, 'АО АвтоТехСервис', 'Николай Петрович', 'nikolay.petrovich@autotechnoservice.ru', '+7-343-962-257', 'ул. Сервисная, 8', 'Екатеринбург', 'Россия', '620800', 'www.autotechnoservice.ru'),
(199, 'ЗАО ИнноваТехСервис', 'Ирина Вадимовна', 'irina.vadimovna@innvatecservice.ru', '+7-812-567-6789', 'ул. Сервисная, 13', 'Санкт-Петербург', 'Россия', '192800', 'www.innvatecservice.ru'),
(200, 'ИП МашИндустрия', 'София Юрьевна', 'sofia.yurevna@mashindustry.ru', '+7-8152-280-457', 'пр. Индустриальный, 11', 'Мурманск', 'Россия', '183800', 'www.mashindustry.ru'),
(201, 'ООО МеталЛидер', 'Иван Семёнов', 'ivan.semenov@metalleader.ru', '+7-495-987-6543', 'ул. Лидерская, 5', 'Москва', 'Россия', '101900', 'www.metalleader.ru'),
(202, 'ЗАО ЭкоЛидер', 'Татьяна Ивановна', 'tatiana.ivanovna@ecoleader.ru', '+7-812-432-5432', 'пр. Лидеров, 7', 'Санкт-Петербург', 'Россия', '190900', 'www.ecoleader.ru'),
(203, 'ООО ЛесЛидер', 'Максим Фёдоров', 'maxim.fedorov@lesleader.ru', '+7-383-234-5678', 'ул. Лесодействия, 13', 'Новосибирск', 'Россия', '630900', 'www.lesleader.ru'),
(204, 'ИП ТехЛидер', 'Ольга Иванова', 'olga.ivanova@techleader.ru', '+7-3452-345-890', 'ул. Техническая, 10', 'Тюмень', 'Россия', '625900', 'www.techleader.ru'),
(205, 'ОАО СтройЛидер', 'Денис Семёнович', 'denis.semenovich@stroyleader.ru', '+7-351-987-9876', 'пр. Строителей, 17', 'Челябинск', 'Россия', '454900', 'www.stroyleader.ru'),
(206, 'ООО ХимЛидер', 'Алена Ульянова', 'alena.ulyanova@himleader.ru', '+7-4012-554-400', 'ул. Химическая, 8', 'Калининград', 'Россия', '236900', 'www.himleader.ru'),
(207, 'ЗАО АгроЛидер', 'Роман Васильевич', 'roman.vasilevich@agroleader.ru', '+7-843-987-6544', 'ул. Агроснабжения, 18', 'Казань', 'Россия', '420900', 'www.agroleader.ru'),
(208, 'ИП ЭнергоЛидер', 'Екатерина Сергеева', 'ekaterina.sergeeva@energoleader.ru', '+7-4722-678-123', 'пр. Энергетиков, 38', 'Белгород', 'Россия', '308900', 'www.energoleader.ru'),
(209, 'ООО МебельЛидер', 'Вадим Павлов', 'vadim.pavlov@mebelleader.ru', '+7-3842-678-890', 'ул. Мебельщиков, 8', 'Барнаул', 'Россия', '656900', 'www.mebelleader.ru'),
(210, 'ЗАО ПромЛидер', 'Анна Сергеевна', 'anna.sergeevna@promleader.ru', '+7-3843-123-222', 'ул. Промышленная, 17', 'Кемерово', 'Россия', '650900', 'www.promleader.ru'),
(211, 'ОАО СтеклоЛидер', 'Юлия Григорьевна', 'yulia.grigoryevna@stekloleader.ru', '+7-343-912-3456', 'ул. Стекольная, 19', 'Екатеринбург', 'Россия', '620900', 'www.stekloleader.ru'),
(212, 'ООО ПластикЛидер', 'Василий Антонов', 'vasily.antonov@plasticleader.ru', '+7-8422-123-999', 'пр. Пластиковый, 30', 'Ульяновск', 'Россия', '432900', 'www.plasticleader.ru'),
(213, 'ЗАО ТекстильЛидер', 'Анна Фёдоровна', 'anna.fedorovna@textilleader.ru', '+7-812-333-1111', 'ул. Текстильная, 22', 'Санкт-Петербург', 'Россия', '192900', 'www.textilleader.ru'),
(214, 'ООО ГидроЛидер', 'Петр Николаевич', 'petr.nikolaevich@gidroleader.ru', '+7-342-222-0000', 'ул. Гидравлическая, 25', 'Пермь', 'Россия', '614900', 'www.gidroleader.ru'),
(215, 'ИП ЛогистикаЛидер', 'Сергей Викторов', 'sergey.viktorov@logistikaleader.ru', '+7-347-333-4555', 'пр. Логистический, 29', 'Уфа', 'Россия', '450900', 'www.logistikaleader.ru'),
(216, 'ОАО ЭнергоТех', 'Елена Иванова', 'elena.ivanova@energotech.ru', '+7-8172-600-700', 'ул. Энергетическая, 10', 'Вологда', 'Россия', '160900', 'www.energotech.ru'),
(217, 'ООО ГиперЭнерго', 'Григорий Данилов', 'grigory.danilov@hyperenergo.ru', '+7-3842-556-999', 'ул. Энергетиков, 16', 'Барнаул', 'Россия', '656900', 'www.hyperenergo.ru'),
(218, 'АО АвтоЗап', 'Николай Андреевич', 'nikolay.andreevich@autozap.ru', '+7-343-973-258', 'ул. Запасная, 9', 'Екатеринбург', 'Россия', '620900', 'www.autozap.ru'),
(219, 'ЗАО ИнноваЛидер', 'Ирина Сергеевна', 'irina.sergeevna@innovaleader.ru', '+7-812-456-6789', 'ул. Инновационная, 18', 'Санкт-Петербург', 'Россия', '192900', 'www.innovaleader.ru'),
(220, 'ИП МашЛидер', 'София Александровна', 'sofia.alexandrovna@mashleader.ru', '+7-8152-290-458', 'пр. Машиностроителей, 12', 'Мурманск', 'Россия', '183900', 'www.mashleader.ru'),
(221, 'ООО МеталлПром', 'Иван Петров', 'ivan.petrov@metalprom.ru', '+7-495-999-8887', 'ул. Металлургическая, 20', 'Москва', 'Россия', '101000', 'www.metalprom.ru'),
(222, 'ЗАО ЭкоТех', 'Татьяна Москва', 'tatiana.moskva@ecotech.ru', '+7-812-555-4433', 'пр. Экопромышленный, 5', 'Санкт-Петербург', 'Россия', '190000', 'www.ecotech.ru'),
(223, 'ООО ЛесТорг', 'Максим Иванов', 'maxim.ivanov@lestorg.ru', '+7-383-123-1234', 'ул. Лесная, 11', 'Новосибирск', 'Россия', '630000', 'www.lestorg.ru'),
(224, 'ИП АвтоПром', 'Ольга Юрьевна', 'olga.yurevna@avtoprom.ru', '+7-3452-000-888', 'ул. Автомобильная, 6', 'Тюмень', 'Россия', '625000', 'www.avtoprom.ru'),
(225, 'ОАО СтройГрупп', 'Денис Юрьевич', 'denis.yurevich@stroygrupp.ru', '+7-351-987-0001', 'пр. Строителей, 10', 'Челябинск', 'Россия', '454000', 'www.stroygrupp.ru'),
(226, 'ООО ХимГрупп', 'Алена Олеговна', 'alena.olegovna@himgroup.ru', '+7-4012-600-700', 'ул. Химическая, 7', 'Калининград', 'Россия', '236000', 'www.himgroup.ru'),
(227, 'ЗАО АгроГрупп', 'Роман Васильевич', 'roman.vasilievich@agrogroup.ru', '+7-843-987-9870', 'пр. Агропромышленный, 18', 'Казань', 'Россия', '420000', 'www.agrogroup.ru'),
(228, 'ИП ЭнергоГрупп', 'Екатерина Марковна', 'ekaterina.markovna@energogroup.ru', '+7-4722-123-789', 'ул. Энергетиков, 35', 'Белгород', 'Россия', '308000', 'www.energogroup.ru'),
(229, 'ООО МебельГрупп', 'Вадим Игоревич', 'vadim.igorevich@mebelgrupp.ru', '+7-3842-789-555', 'ул. Мебельщиков, 12', 'Барнаул', 'Россия', '656000', 'www.mebelgrupp.ru'),
(230, 'ЗАО ПромГрупп', 'Анна Лизавета', 'anna.lizaveta@promgrupp.ru', '+7-3843-678-789', 'пр. Промышленников, 19', 'Кемерово', 'Россия', '650000', 'www.promgrupp.ru'),
(231, 'ОАО СтеклоГрупп', 'Юлия Александровна', 'yulia.alexandrovna@steklogroup.ru', '+7-343-345-6666', 'ул. Стекольная, 14', 'Екатеринбург', 'Россия', '620000', 'www.steklogroup.ru'),
(232, 'ООО ПластикГрупп', 'Василий Павлович', 'vasily.pavlovich@plasticgroup.ru', '+7-8422-234-999', 'пр. Пластиковый, 27', 'Ульяновск', 'Россия', '432000', 'www.plasticgroup.ru'),
(233, 'ЗАО ТекстильГрупп', 'Анна Юрьевна', 'anna.yurevna@textilgroup.ru', '+7-812-999-5432', 'ул. Текстильная, 20', 'Санкт-Петербург', 'Россия', '192000', 'www.textilgroup.ru'),
(234, 'ООО ГидроГрупп', 'Петр Викторович', 'petr.viktorovich@gidrogroup.ru', '+7-342-543-4321', 'ул. Водопроводная, 22', 'Пермь', 'Россия', '614000', 'www.gidrogroup.ru'),
(235, 'ИП ЛогистикаГрупп', 'Сергей Семёныч', 'sergey.semenych@logistgroup.ru', '+7-347-543-2323', 'пр. Логистический, 30', 'Уфа', 'Россия', '450000', 'www.logistgroup.ru'),
(236, 'ОАО ЭнергоЛидер', 'Елена Ивановна', 'elena.ivanovna@energolider.ru', '+7-8172-700-800', 'ул. Энергетическая, 6', 'Вологда', 'Россия', '160000', 'www.energolider.ru'),
(237, 'ООО ГиперЛидер', 'Григорий Петрович', 'grigory.petrovich@hyperlider.ru', '+7-3842-456-0000', 'ул. Гиперновская, 12', 'Барнаул', 'Россия', '656000', 'www.hyperlider.ru'),
(238, 'АО АвтоЛидер', 'Николай Андреевич', 'nikolay.andreevich@autolider.ru', '+7-343-234-654', 'ул. Лидерская, 17', 'Екатеринбург', 'Россия', '620000', 'www.autolider.ru'),
(239, 'ЗАО ИнноваГрупп', 'Ирина Васильевна', 'irina.vasilevna@innovagroup.ru', '+7-812-876-7000', 'ул. Инновационная, 22', 'Санкт-Петербург', 'Россия', '192000', 'www.innovagroup.ru'),
(240, 'ИП МашЛидер', 'София Игоревна', 'sofia.igorevna@mashlider.ru', '+7-8152-307-458', 'пр. Машиностроителей, 19', 'Мурманск', 'Россия', '183000', 'www.mashlider.ru'),
(241, 'ООО МеталИндустрия', 'Владислав Николаевич', 'vladislav.nikolayevich@metalindustry.ru', '+7-495-876-5432', 'ул. Индустриальная, 12', 'Москва', 'Россия', '101500', 'www.metalindustry.ru'),
(242, 'ЗАО АгроТрейд', 'Лариса Сергеевна', 'larisa.sergeevna@agrotrade.ru', '+7-812-987-6543', 'пр. Аграрный, 22', 'Санкт-Петербург', 'Россия', '191500', 'www.agrotrade.ru'),
(243, 'ООО ЛесЭкспресс', 'Алексей Романович', 'alexey.romanovich@lesexpress.ru', '+7-383-345-6789', 'ул. Лесная, 17', 'Новосибирск', 'Россия', '631000', 'www.lesexpress.ru'),
(244, 'ИП АвтоКрафт', 'Ольга Валерьевна', 'olga.valeryevna@autocraft.ru', '+7-3452-654-321', 'ул. Автократов, 5', 'Тюмень', 'Россия', '626000', 'www.autocraft.ru'),
(245, 'ОАО ХимМаркет', 'Денис Вячеславович', 'denis.vyacheslavovich@himmarket.ru', '+7-351-091-2345', 'пр. Химиков, 10', 'Челябинск', 'Россия', '455000', 'www.himmarket.ru'),
(246, 'ООО ЭнергоИндустрия', 'Людмила Викторовна', 'lyudmila.viktorovna@energyind.ru', '+7-4012-888-777', 'ул. Энергетическая, 15', 'Калининград', 'Россия', '237000', 'www.energyind.ru'),
(247, 'ЗАО ПромТорговля', 'Роман Максимович', 'roman.maximovich@promtrade.ru', '+7-843-678-1234', 'ул. Промышленников, 21', 'Казань', 'Россия', '421000', 'www.promtrade.ru'),
(248, 'ИП МебельСтиль', 'Екатерина Борисовна', 'ekaterina.borisovna@mebelstyle.ru', '+7-4722-445-334', 'пр. Стиляг, 30', 'Белгород', 'Россия', '309000', 'www.mebelstyle.ru'),
(249, 'ООО СтроительствоМастер', 'Вадим Ильич', 'vadim.ilich@constructionmaster.ru', '+7-3842-789-012', 'ул. Мастеров, 9', 'Барнаул', 'Россия', '657000', 'www.constructionmaster.ru'),
(250, 'ЗАО МашПром', 'Анна Георгиевна', 'anna.georgievna@machineprom.ru', '+7-3843-234-567', 'ул. Машиностроителей, 15', 'Кемерово', 'Россия', '651000', 'www.machineprom.ru'),
(251, 'ОАО СтеклоХолдинг', 'Юлия Андреевна', 'yulia.andreevna@glasholding.ru', '+7-343-678-3456', 'ул. Стекольная, 13', 'Екатеринбург', 'Россия', '621000', 'www.glasholding.ru'),
(252, 'ООО ПластикФабрика', 'Василий Тимофеевич', 'vasily.timofeevich@plasticfab.ru', '+7-8422-234-889', 'пр. Фабричный, 35', 'Ульяновск', 'Россия', '433000', 'www.plasticfab.ru'),
(253, 'ЗАО АгроИнновация', 'Анна Владиславовна', 'anna.vladislavovna@agroinnovation.ru', '+7-812-999-1221', 'ул. Новаторов, 20', 'Санкт-Петербург', 'Россия', '193000', 'www.agroinnovation.ru'),
(254, 'ООО ХимГлобал', 'Петр Владимирович', 'petr.vladimirovich@chemglobal.ru', '+7-342-123-4050', 'ул. Химическая, 24', 'Пермь', 'Россия', '615000', 'www.chemglobal.ru'),
(255, 'ИП ЛогистМаркет', 'Сергей Олегович', 'sergey.olegovich@logistmarket.ru', '+7-347-234-4556', 'пр. Логистический, 28', 'Уфа', 'Россия', '451000', 'www.logistmarket.ru'),
(256, 'ОАО ЭнергоПоставка', 'Елена Константиновна', 'elena.konstantinovna@energopostavka.ru', '+7-8172-445-554', 'ул. Поставщиков, 14', 'Вологда', 'Россия', '161000', 'www.energopostavka.ru'),
(257, 'ООО ГиперМедиа', 'Григорий Александрович', 'grigory.alexandrovich@hypermedia.ru', '+7-3842-325-669', 'ул. Медиа, 18', 'Барнаул', 'Россия', '657000', 'www.hypermedia.ru'),
(258, 'АО АвтоЭлит', 'Николай Васильев', 'nikolay.vasilev@autoelit.ru', '+7-343-678-905', 'ул. Элит, 8', 'Екатеринбург', 'Россия', '621000', 'www.autoelit.ru'),
(259, 'ЗАО ИнноваРост', 'Ирина Борисовна', 'irina.borisovna@innovagrowth.ru', '+7-812-345-6678', 'ул. Рост, 6', 'Санкт-Петербург', 'Россия', '193000', 'www.innovagrowth.ru'),
(260, 'ИП МашЭволюция', 'София Сергеевна', 'sofia.sergeevna@mashevolution.ru', '+7-8152-509-603', 'пр. Эволюционный, 11', 'Мурманск', 'Россия', '184000', 'www.mashevolution.ru'),
(261, 'ООО Металлопрофи', 'Иван Андреевич', 'ivan.andreevich@metaloprof.ru', '+7-495-987-7543', 'ул. Металлов, 7', 'Москва', 'Россия', '102000', 'www.metaloprof.ru'),
(262, 'ЗАО ЭкоАльянс', 'Татьяна Викторовна', 'tatiana.viktorovna@ecoalliance.ru', '+7-812-012-0999', 'пр. Альянса, 8', 'Санкт-Петербург', 'Россия', '191000', 'www.ecoalliance.ru'),
(263, 'ООО ЛесГигант', 'Максим Евгеньевич', 'maxim.evgenyevich@lesgiant.ru', '+7-383-432-1778', 'ул. Гигантов, 14', 'Новосибирск', 'Россия', '631500', 'www.lesgiant.ru'),
(264, 'ИП АвтоМир', 'Ольга Николаевна', 'olga.nikolaevna@automir.ru', '+7-3452-234-765', 'ул. Автодорожная, 13', 'Тюмень', 'Россия', '626500', 'www.automir.ru'),
(265, 'ОАО СтройСпектр', 'Денис Степанович', 'denis.stepanovich@stroyspectrum.ru', '+7-351-991-3345', 'пр. Вид, 16', 'Челябинск', 'Россия', '455500', 'www.stroyspectrum.ru'),
(266, 'ООО ХимМакс', 'Алена Демидовна', 'alena.demidovna@himmaks.ru', '+7-4012-888-012', 'ул. Максовая, 6', 'Калининград', 'Россия', '237500', 'www.himmaks.ru'),
(267, 'ЗАО АгроЛайн', 'Роман Петрович', 'roman.petrovich@agroline.ru', '+7-843-666-5678', 'ул. Производственная, 5', 'Казань', 'Россия', '421500', 'www.agroline.ru'),
(268, 'ИП ЭнергоСистемы', 'Екатерина Игнатьевна', 'ekaterina.ig*natievna@energomsystems.ru', '+7-4722-444-112', 'пр. Системный, 32', 'Белгород', 'Россия', '309500', 'www.energomsystems.ru'),
(269, 'ООО Страна-Мебели', 'Вадим Карпович', 'vadim.karpovich@countryfurniture.ru', '+7-3842-789-034', 'ул. Мебельная, 12', 'Барнаул', 'Россия', '657500', 'www.countryfurniture.ru'),
(270, 'ЗАО ПромИнжиниринг', 'Анна Вячеславовна', 'anna.vyacheslavovna@proengineering.ru', '+7-3843-333-223', 'ул. Инжинирингов, 10', 'Кемерово', 'Россия', '651500', 'www.proengineering.ru'),
(271, 'ОАО СтеклоМаркет', 'Юлия Михаиловна', 'yulia.mikhailovna@glashmarket.ru', '+7-343-912-3458', 'ул. Торговли, 13', 'Екатеринбург', 'Россия', '621500', 'www.glashmarket.ru'),
(272, 'ООО ПластикМода', 'Василий Фёдорович', 'vasily.fedorovich@plastikmoda.ru', '+7-8422-002-100', 'пр. Модельный, 28', 'Ульяновск', 'Россия', '433500', 'www.plastikmoda.ru'),
(273, 'ЗАО ТекстильАгро', 'Анна Тихоновна', 'anna.tikhonovna@textilagro.ru', '+7-812-345-1222', 'ул. Агрокультура, 22', 'Санкт-Петербург', 'Россия', '193500', 'www.textilagro.ru'),
(274, 'ООО ГидроПоддержка', 'Петр Демидович', 'petr.demidovich@hydrosupport.ru', '+7-342-987-6545', 'ул. Снабженцев, 25', 'Пермь', 'Россия', '615500', 'www.hydrosupport.ru'),
(275, 'ИП ЛогистикаПрофи', 'Сергей Борисович', 'sergey.borisovich@logistprofi.ru', '+7-347-345-5789', 'пр. Профессиональный, 27', 'Уфа', 'Россия', '451500', 'www.logistprofi.ru'),
(276, 'ОАО ЭнергоПродвижение', 'Елена Натальевна', 'elena.natalyevna@energopromotion.ru', '+7-8172-456-989', 'ул. Снабжения, 9', 'Вологда', 'Россия', '161500', 'www.energopromotion.ru'),
(277, 'ООО ГиперАльянс', 'Григорий Витальевич', 'grigory.vitalyevich@hyperalliance.ru', '+7-3842-786-9987', 'ул. Союза, 13', 'Барнаул', 'Россия', '657500', 'www.hyperalliance.ru'),
(278, 'АО АвтоЗаводы', 'Николай Олегович', 'nikolay.olegovich@autozavods.ru', '+7-343-999-0005', 'ул. Заводская, 17', 'Екатеринбург', 'Россия', '621500', 'www.autozavods.ru'),
(279, 'ЗАО ИнноваМеха', 'Ирина Эдуардовна', 'irina.eduardovna@innovamecha.ru', '+7-812-123-9888', 'ул. Производственная, 19', 'Санкт-Петербург', 'Россия', '193500', 'www.innovamecha.ru'),
(280, 'ИП МашСтройПроект', 'София Васильевна', 'sofia.vasilevna@mashproject.ru', '+7-8152-345-7891', 'пр. Строителей, 15', 'Мурманск', 'Россия', '184500', 'www.mashproject.ru'),
(281, 'ООО МеталЛидерПарк', 'Иван Юрьевич', 'ivan.yurevich@metalleaderpark.ru', '+7-495-640-9870', 'ул. Лидерская, 8', 'Москва', 'Россия', '102500', 'www.metalleaderpark.ru'),
(282, 'ЗАО ЭкоТехПартнер', 'Татьяна Наумовна', 'tatiana.naumovna@ecotechpartner.ru', '+7-812-981-6540', 'пр. Партнерства, 14', 'Санкт-Петербург', 'Россия', '191500', 'www.ecotechpartner.ru'),
(283, 'ООО ЛесАльянс', 'Максим Викторович', 'maxim.viktorovich@lesalliance.ru', '+7-383-321-8760', 'ул. Союз, 22', 'Новосибирск', 'Россия', '632000', 'www.lesalliance.ru'),
(284, 'ИП АвтоЦентр', 'Ольга Романовна', 'olga.romanovna@autocentre.ru', '+7-3452-765-785', 'ул. Центровая, 4', 'Тюмень', 'Россия', '627000', 'www.autocentre.ru'),
(285, 'ОАО ХимЭкочай', 'Денис Яковлевич', 'denis.yakovlevich@chemeco.ru', '+7-351-661-4321', 'пр. Энергетиков, 11', 'Челябинск', 'Россия', '456000', 'www.chemeco.ru'),
(286, 'ООО ЭнергоКомплексСнаб', 'Алена Матвеевна', 'alena.matveevna@energocompsnab.ru', '+7-4012-555-987', 'ул. Комплексы, 15', 'Калининград', 'Россия', '238000', 'www.energocompsnab.ru'),
(287, 'ЗАО АгроКомпЛидер', 'Роман Владиславович', 'roman.vladislavovich@agroleadercomp.ru', '+7-843-443-4534', 'ул. Компантия, 9', 'Казань', 'Россия', '422000', 'www.agroleadercomp.ru'),
(288, 'ИП МебельПроект', 'Екатерина Алексеевна', 'ekaterina.alekseevna@furniproject.ru', '+7-4722-333-888', 'пр. Проект, 11', 'Белгород', 'Россия', '310000', 'www.furniproject.ru'),
(289, 'ООО СтройПрогресс', 'Вадим Алексеевич', 'vadim.alekseyevich@constructionprogress.ru', '+7-3842-986-561', 'ул. Производственная, 20', 'Барнаул', 'Россия', '658000', 'www.constructionprogress.ru'),
(290, 'ЗАО МашСервис', 'Анна Михаиловна', 'anna.mikhailovna@machineservice.ru', '+7-3843-129-877', 'ул. Сервиса, 13', 'Кемерово', 'Россия', '652000', 'www.machineservice.ru'),
(291, 'ОАО СтеклоНоваТех', 'Юлия Олеговна', 'yulia.olegovna@glasnovatech.ru', '+7-343-786-4323', 'ул. Новая, 19', 'Екатеринбург', 'Россия', '622000', 'www.glasnovatech.ru'),
(292, 'ООО ПластикСнаб', 'Василий Андреевич', 'vasily.andreevich@plasticsnab.ru', '+7-8422-654-098', 'пр. Снабжения, 30', 'Ульяновск', 'Россия', '434000', 'www.plasticsnab.ru'),
(293, 'ЗАО АгроБольшой', 'Анна Степановна', 'anna.stepanovna@agrobig.ru', '+7-812-123-7890', 'ул. Большая, 29', 'Санкт-Петербург', 'Россия', '194000', 'www.agrobig.ru'),
(294, 'ООО ХимЭнергия', 'Петр Валерианович', 'petr.valerianovich@chemenergy.ru', '+7-342-235-1231', 'ул. Энергетическая, 23', 'Пермь', 'Россия', '616000', 'www.chemenergy.ru'),
(295, 'ИП ЛогистикаСеть', 'Сергей Елисеевич', 'sergey.eliseevich@logistitcalnetwork.ru', '+7-347-789-6611', 'пр. Сеть, 18', 'Уфа', 'Россия', '452000', 'www.logistitcalnetwork.ru'),
(296, 'ОАО ЭнергоИнвест', 'Елена Лукична', 'elena.lukichna@energoinvest.ru', '+7-8172-324-109', 'ул. Инвесторов, 8', 'Вологда', 'Россия', '162000', 'www.energoinvest.ru'),
(297, 'ООО ГиперПроЛайн', 'Григорий Вадимович', 'grigory.vadimovich@hyperline.ru', '+7-3842-988-776', 'ул. Лайновская, 11', 'Барнаул', 'Россия', '658000', 'www.hyperline.ru'),
(298, 'АО АвтоМега', 'Николай Иванович', 'nikolay.ivanov@mashinesoftmega.ru', '+7-343-909-0398', 'ул. Мегаполис, 6', 'Екатеринбург', 'Россия', '622000', 'www.mashinesoftmega.ru'),
(299, 'ЗАО ИнноваПолимер', 'Ирина Владиславовна', 'irina.vladislavovna@innovapolymer.ru', '+7-812-254-6998', 'ул. Полимерная, 11', 'Санкт-Петербург', 'Россия', '194000', 'www.innovapolymer.ru'),
(300, 'ИП МашПроцесс', 'София Богдановна', 'sofia.bogdanovna@mashprocess.ru', '+7-8152-089-401', 'пр. Процессуальная, 21', 'Мурманск', 'Россия', '185000', 'www.mashprocess.ru');


INSERT INTO Materials VALUES 
(101, 'Сталь A36', 170, 550.00, 250, 100, 'Килограмм', 'Металлы', 'Конструкционная углеродистая сталь.', '2023-09-15'),
(102, 'Хромированная сталь', 255, 780.50, 150, 50, 'Килограмм', 'Металлы', 'Сталь с высоким содержанием хрома для увеличенной стойкости к коррозии.', '2023-09-14'),
(103, 'Медь', 104, 670.00, 100, 30, 'Килограмм', 'Металлы', 'Высококачественная медь для электрических соединений.', '2023-09-12'),
(104, 'Латунь', 236, 890.30, 120, 40, 'Килограмм', 'Сплавы', 'Сплав на основе меди и цинка.', '2023-09-13'),
(105, 'Алюминий', 271, 300.20, 500, 200, 'Килограмм', 'Металлы', 'Легкий и коррозионностойкий металл.', '2023-09-14'),
(106, 'Нержавеющая сталь 304', 174, 1020.50, 200, 75, 'Килограмм', 'Металлы', 'Устойчивый к коррозии сплав железа, хрома и никеля.', '2023-09-13'),
(107, 'Политетрафторэтилен (ПТФЭ)', 152, 1500.00, 60, 20, 'Килограмм', 'Полимеры', 'Полимер, известный своими антипригарными свойствами.', '2023-09-15'),
(108, 'Полипропилен', 195, 920.00, 350, 150, 'Килограмм', 'Полимеры', 'Термопластичный полимер, используемый в широком спектре применений.', '2023-09-15'),
(109, 'Поливинилхлорид (ПВХ)', 282, 600.00, 300, 120, 'Килограмм', 'Полимеры', 'Прочный и долговечный полимер, обычно используемый для труб и профилей.', '2023-09-12'),
(110, 'Литьевой чугун', 278, 820.00, 80, 40, 'Килограмм', 'Чугун', 'Чугун, подходящий для литья сложных форм.', '2023-09-13'),
(111, 'Углеродная нано-трубка', 178, 2500.00, 25, 10, 'Килограмм', 'Наноматериалы', 'Материал с уникальными свойствами на молекулярном уровне.', '2023-09-11'),
(112, 'Полиэтилен высокой плотности', 254, 920.50, 400, 180, 'Килограмм', 'Полимеры', 'Используется для изготовления бутылок, контейнеров и кабельных оболочек.', '2023-09-10'),
(113, 'Титан', 266, 3300.00, 70, 20, 'Килограмм', 'Металлы', 'Прочный, легкий и коррозионностойкий металл.', '2023-09-09'),
(114, 'Цинк', 293, 450.60, 100, 35, 'Килограмм', 'Металлы', 'Используется для гальванизации железа и стали.', '2023-09-08'),
(115, 'Магний', 130, 2700.80, 150, 60, 'Килограмм', 'Металлы', 'Легкий металл, часто используемый для авиации.', '2023-09-07'),
(116, 'Свинец', 234, 1400.00, 90, 50, 'Килограмм', 'Металлы', 'Используется в аккумуляторах и для защиты от радиации.', '2023-09-06'),
(117, 'Вольфрам', 200, 4200.00, 60, 25, 'Килограмм', 'Металлы', 'Известен своей высокой точкой плавления.', '2023-09-05'),
(118, 'Олово', 206, 800.70, 130, 55, 'Килограмм', 'Металлы', 'Используется для покрытия других металлов для предотвращения коррозии.', '2023-09-04'),
(119, 'Никель', 122, 1400.20, 100, 45, 'Килограмм', 'Металлы', 'Используется для создания нержавеющих сталей.', '2023-09-03'),
(120, 'Молибден', 216, 1800.00, 50, 30, 'Килограмм', 'Металлы', 'Высокая термостойкость и прочность.', '2023-09-02'),
(121, 'Карбид кремния', 124, 2300.00, 70, 40, 'Килограмм', 'Абразивы', 'Используется в абразивных материалах и огнеупорах.', '2023-09-01'),
(122, 'Золото', 247, 58000.00, 10, 5, 'Килограмм', 'Металлы', 'Драгоценный металл, используемый в ювелирном деле и электронике.', '2023-08-31'),
(123, 'Серебро', 198, 670.00, 30, 15, 'Килограмм', 'Металлы', 'Используется в ювелирных изделиях и электронике.', '2023-08-30'),
(124, 'Платина', 267, 32800.00, 5, 3, 'Килограмм', 'Металлы', 'Драгоценный металл, используемый в катализаторах и ювелирных изделиях.', '2023-08-29'),
(125, 'Йод', 250, 4000.00, 20, 10, 'Килограмм', 'Химические вещества', 'Используется в медицинских препаратах и фотографии.', '2023-08-28'),
(126, 'Графит', 217, 1500.00, 100, 50, 'Килограмм', 'Материалы', 'Используется в качестве сухой смазки и в производстве карандашей.', '2023-08-27'),
(127, 'Гелий', 131, 300.00, 200, 100, 'Кубометр', 'Газы', 'Инертный газ, использующийся в воздушных шарах и криогенной технике.', '2023-08-26'),
(128, 'Аргон', 200, 50.00, 300, 150, 'Кубометр', 'Газы', 'Инертный газ, используемый в сварке и лампах накаливания.', '2023-08-25'),
(129, 'Неон', 187, 100.00, 150, 75, 'Кубометр', 'Газы', 'Используется в рекламных вывесках и качестве охлаждающего агента.', '2023-08-24'),
(130, 'Карбон-фибра', 103, 12000.00, 25, 10, 'Килограмм', 'Композиты', 'Высокопрочный материал, используемый в аэрокосмической промышленности.', '2023-08-23'),
(131, 'Кремний', 241, 700.00, 80, 40, 'Килограмм', 'Полупроводники', 'Основной материал в производстве полупроводников.', '2023-08-22'),
(132, 'Полиэтилен низкой плотности', 167, 850.50, 400, 170, 'Килограмм', 'Полимеры', 'Гибкий полимер для упаковочных материалов.', '2023-08-21'),
(133, 'Стекло', 177, 200.00, 500, 200, 'Килограмм', 'Стекломатериалы', 'Используется в оконных панелях и упаковочной таре.', '2023-08-20'),
(134, 'Серная кислота', 237, 350.00, 280, 140, 'Литр', 'Химические вещества', 'Применяется в химическом производстве и переработке металлов.', '2023-08-19'),
(135, 'Бензол', 235, 1200.00, 100, 50, 'Литр', 'Химические вещества', 'Используется как сырье в химической промышленности.', '2023-08-18'),
(136, 'Полиамид', 142, 1500.50, 250, 125, 'Килограмм', 'Полимеры', 'Известен своей прочностью и устойчивостью к износу.', '2023-08-17'),
(137, 'Картон', 269, 50.00, 500, 250, 'Килограмм', 'Бумажные материалы', 'Широко используется для упаковки и производства коробок.', '2023-08-16'),
(138, 'Кокс', 245, 300.00, 200, 100, 'Килограмм', 'Топливо', 'Изготавливается из угля и используется в металлургии.', '2023-08-15'),
(139, 'Антрацит', 208, 150.00, 400, 200, 'Килограмм', 'Топливо', 'Высококачественный уголь, используемый в энергетике.', '2023-08-14'),
(140, 'Базальт', 198, 80.00, 450, 225, 'Килограмм', 'Строительные материалы', 'Используется в строительстве и производстве минеральной ваты.', '2023-08-13'),
(141, 'Битум', 247, 750.00, 300, 150, 'Килограмм', 'Строительные материалы', 'Чаще всего используется для асфальтового покрытия дорог.', '2023-08-12'),
(142, 'Глина', 146, 25.00, 500, 250, 'Килограмм', 'Строительные материалы', 'Материал для изготовления кирпича и керамики.', '2023-08-11'),
(143, 'Кварц', 300, 1100.00, 180, 90, 'Килограмм', 'Минералы', 'Минерал, широко используемый в электронике.', '2023-08-10'),
(144, 'Марганец', 184, 400.00, 80, 40, 'Килограмм', 'Металлы', 'Используется для улучшения качества стали.', '2023-08-09'),
(145, 'Фторопласт', 294, 1800.00, 60, 30, 'Килограмм', 'Полимеры', 'Имеет отличные антипригарные свойства.', '2023-08-08'),
(146, 'Ферросплавы', 181, 1300.00, 100, 50, 'Килограмм', 'Металлы', 'Используются для легирования стали.', '2023-08-07'),
(147, 'Цемент', 235, 90.00, 1000, 500, 'Килограмм', 'Строительные материалы', 'Основной компонент бетона и растворов.', '2023-08-06'),
(148, 'Шлак', 192, 150.00, 200, 100, 'Килограмм', 'Строительные материалы', 'Используется как добавка к цементу и строительным материалам.', '2023-08-05'),
(149, 'Стекловолокно', 295, 400.00, 150, 75, 'Килограмм', 'Композиты', 'Прочный материал, используемый в строительстве и автомобилестроении.', '2023-08-04'),
(150, 'Содовая известь', 259, 200.00, 250, 125, 'Килограмм', 'Химические вещества', 'Используется в производстве стекла и как флюс в металлургии.', '2023-08-03'),
(151, 'Цирконий', 118, 5000.00, 30, 15, 'Килограмм', 'Металлы', 'Используется в ядерной энергетике и ювелирных изделиях.', '2023-08-02'),
(152, 'Пенофол', 220, 2000.00, 80, 40, 'Квадратный метр', 'Утеплители', 'Материал для теплоизоляции, используемый в строительстве.', '2023-08-01'),
(153, 'Гранит', 294, 180.00, 150, 75, 'Кубометр', 'Строительные материалы', 'Природный камень, используемый в строительстве.', '2023-07-31'),
(154, 'Базальтовое волокно', 211, 3000.00, 70, 35, 'Килограмм', 'Композиты', 'Используется для армирования бетона и производства теплоизоляции.', '2023-07-30'),
(155, 'Легированная сталь', 286, 1100.00, 200, 100, 'Килограмм', 'Металлы', 'Сталь с добавлением легирующих элементов для улучшения свойств.', '2023-07-29'),
(156, 'Пирекс', 293, 250.00, 120, 60, 'Килограмм', 'Стекломатериалы', 'Термостойкое стекло, используемое в посуде и лабораториях.', '2023-07-28'),
(157, 'Кобальт', 264, 4500.00, 40, 20, 'Килограмм', 'Металлы', 'Используется в высокотемпературных сплавах и катализаторах.', '2023-07-27'),
(158, 'Суставени', 208, 230.00, 100, 50, 'Килограмм', 'Строительные материалы', 'Используется для герметизации стыков и швов.', '2023-07-26'),
(159, 'Каучук', 201, 1350.00, 500, 250, 'Килограмм', 'Полимеры', 'Используется в производстве шин и резиновых изделий.', '2023-07-25'),
(160, 'Фторполимер', 284, 2500.00, 60, 30, 'Килограмм', 'Полимеры', 'Используется для покрытия антипригарных поверхностей.', '2023-07-24'),
(161, 'Текстолит', 273, 900.00, 200, 100, 'Килограмм', 'Композиты', 'Ламинат, используемый в электронных платах.', '2023-07-23'),
(162, 'Легкий бетон', 170, 220.00, 500, 300, 'Кубометр', 'Строительные материалы', 'Используется для уменьшения нагрузки на фундамент.', '2023-07-22'),
(163, 'Хлоропрен', 111, 3100.00, 80, 40, 'Килограмм', 'Полимеры', 'Используется в производстве резиновых изделий.', '2023-07-21'),
(164, 'Гидрокарбонат натрия', 282, 100.00, 400, 200, 'Килограмм', 'Химические вещества', 'Часто используется как пищевая сода.', '2023-07-20'),
(165, 'Хлорид калия', 146, 350.00, 150, 75, 'Килограмм', 'Химические вещества', 'Используется в сельском хозяйстве и химической промышленности.', '2023-07-19'),
(166, 'Лучшинит', 226, 4000.00, 50, 25, 'Килограмм', 'Новые материалы', 'Уникальный материал с повышенной прочностью и лёгкостью.', '2023-07-18'),
(167, 'Вулканит', 104, 1400.00, 90, 45, 'Килограмм', 'Минералы', 'Материал, обладающий огнестойкими свойствами.', '2023-07-17'),
(168, 'Боросиликатное стекло', 231, 320.00, 200, 100, 'Килограмм', 'Стекломатериалы', 'Стекло с хорошей термостойкостью для лабораторной посуды.', '2023-07-16'),
(169, 'Полиэстер', 166, 900.00, 250, 125, 'Килограмм', 'Полимеры', 'Используется в производстве тканей и упаковочных материалов.', '2023-07-15'),
(170, 'Хром', 137, 3800.50, 70, 35, 'Килограмм', 'Металлы', 'Используется для покрытия для устойчивости к коррозии и декоративных целей.', '2023-07-14'),
(171, 'Кварцит', 252, 120.00, 500, 250, 'Кубометр', 'Минералы', 'Используется в строительстве и для декоративных работ.', '2023-07-13'),
(172, 'Азбест', 233, 50.00, 300, 150, 'Килограмм', 'Огнеупоры', 'Используется в теплоизоляционных материалах и для огнезащиты.', '2023-07-12'),
(173, 'Вулкален', 198, 1500.00, 60, 30, 'Килограмм', 'Полимеры', 'Материал, устойчивый к воздействию высоких температур.', '2023-07-11'),
(174, 'Молекулярное сито', 257, 2300.00, 90, 45, 'Килограмм', 'Сорбенты', 'Используется для поглощения избытка влаги и химических веществ.', '2023-07-10'),
(175, 'Органическое стекло', 214, 350.00, 400, 200, 'Килограмм', 'Стекломатериалы', 'Легкое и прочное прозрачное пластмассовое стекло.', '2023-07-09'),
(176, 'Фенолформальдегидная смола', 181, 800.00, 180, 90, 'Килограмм', 'Химические вещества', 'Используется в производстве ламинатов и изоляции.', '2023-07-08'),
(177, 'Сурьма', 284, 5000.00, 50, 25, 'Килограмм', 'Металлы', 'Используется в производстве огнеупоров и полупроводников.', '2023-07-07'),
(178, 'Таллий', 298, 6000.00, 30, 15, 'Килограмм', 'Металлы', 'Используется в электронике и специальных стёклах.', '2023-07-06'),
(179, 'Фторированная краска', 270, 1700.00, 100, 50, 'Литр', 'Покрытия', 'Обеспечивает долгое стойкое покрытие с низкой реактивностью.', '2023-07-05'),
(180, 'Хромел', 210, 150.00, 90, 45, 'Килограмм', 'Сплавы', 'Никель-хромовый сплав, используемый в термопарах.', '2023-07-04'),
(181, 'Перлит', 163, 70.00, 350, 175, 'Кубометр', 'Строительные материалы', 'Облегчённый заполнитель для бетона и садоводства.', '2023-07-03'),
(182, 'Цементно-стружечная плита', 271, 400.00, 150, 75, 'Квадратный метр', 'Строительные материалы', 'Используется для внешних и внутренних стен и полов.', '2023-07-02'),
(183, 'Глинозем', 236, 1200.00, 100, 50, 'Килограмм', 'Химические вещества', 'Используется в производстве алюминия и как катализатор.', '2023-07-01'),
(184, 'Фосфор', 225, 950.00, 80, 40, 'Килограмм', 'Химические вещества', 'Используется в спичках, пиротехнике и удобрениях.', '2023-06-30'),
(185, 'Тантал', 112, 16000.00, 20, 10, 'Килограмм', 'Металлы', 'Используется в электронике для конденсаторов.', '2023-06-29'),
(186, 'Цизербромид', 170, 4200.00, 50, 25, 'Килограмм', 'Новые материалы', 'Редкий материал с уникальными фотонными свойствами.', '2023-06-28'),
(187, 'Базальтовая вата', 119, 650.00, 300, 150, 'Килограмм', 'Утеплители', 'Используется для теплоизоляции стен и крыш.', '2023-06-27'),
(188, 'Карбонит', 130, 540.00, 80, 40, 'Килограмм', 'Композиты', 'Материал для лёгких конструкций с высокой прочностью.', '2023-06-26'),
(189, 'Керамогранит', 250, 470.00, 200, 100, 'Квадратный метр', 'Отделочные материалы', 'Прочный и устойчивый к царапинам материал для полов.', '2023-06-25'),
(190, 'Латекс', 262, 3000.00, 150, 75, 'Килограмм', 'Полимеры', 'Используется в производстве перчаток и других медицинских изделий.', '2023-06-24'),
(191, 'Кремнийорганический композит', 120, 5900.00, 60, 30, 'Килограмм', 'Композиты', 'Обладает высокой тепловой стойкостью и гибкостью.', '2023-06-23'),
(192, 'Циркониевые соединения', 107, 500.00, 70, 35, 'Килограмм', 'Химические вещества', 'Используются как катализаторы и для производства огнеупоров.', '2023-06-22'),
(193, 'Перхлорэтилен', 228, 1500.00, 100, 50, 'Литр', 'Химические вещества', 'Используется в чистке тканей и в химической промышленности.', '2023-06-21'),
(194, 'Неопрен', 222, 2000.00, 50, 25, 'Килограмм', 'Полимеры', 'Используется для создания одежды и аксессуаров для водных видов спорта.', '2023-06-20'),
(195, 'Этиленгликоль', 129, 800.00, 200, 100, 'Литр', 'Химические вещества', 'Используется в качестве антифриза и химического реагента.', '2023-06-19'),
(196, 'Аммиак', 107, 250.00, 300, 150, 'Килограмм', 'Химические вещества', 'Широко используется в качестве удобрения и в холодильных установках.', '2023-06-18'),
(197, 'Гидразин', 246, 4000.00, 30, 15, 'Килограмм', 'Химические вещества', 'Используется в качестве топлива для ракетных двигателей.', '2023-06-17'),
(198, 'Ториевый сплав', 293, 7000.00, 20, 10, 'Килограмм', 'Металлы', 'Используется в ядерной энергетике и высокотемпературных сплавах.', '2023-06-16'),
(199, 'Углеродные волокна', 158, 25000.00, 15, 7, 'Килограмм', 'Композиты', 'Используются для производства лёгких и прочных конструкций.', '2023-06-15'),
(200, 'Эпоксидная смола', 104, 1800.00, 90, 45, 'Килограмм', 'Полимеры', 'Используется для создания клеевых и заливочных составов.', '2023-06-14'),
(201, 'Пеностекло', 178, 500.00, 100, 50, 'Кубометр', 'Строительные материалы', 'Легкий и устойчивый материал, используемый для теплоизоляции.', '2023-06-13'),
(202, 'Аэрогель', 133, 7000.00, 10, 5, 'Литр', 'Утеплители', 'Ультралегкий пористый материал с превосходной теплоизоляцией.', '2023-06-12'),
(203, 'Ацетат натрия', 160, 100.00, 300, 150, 'Килограмм', 'Химические вещества', 'Используется в химической промышленности и для отопления в нагревательных подушках.', '2023-06-11'),
(204, 'Фосфоресцентный пигмент', 249, 2500.00, 60, 30, 'Килограмм', 'Покрытия', 'Придает светящуюся в темноте окраску для декоративных покрытий.', '2023-06-10'),
(205, 'Фторопластовая лента', 238, 1500.00, 200, 100, 'Килограмм', 'Полимеры', 'Используется как уплотнительный материал в водопроводных системах.', '2023-06-09'),
(206, 'Полиуретановая пена', 208, 1200.00, 120, 60, 'Кубометр', 'Утеплители', 'Теплоизоляционный материал, используемый в строительстве.', '2023-06-08'),
(207, 'Калийное удобрение', 145, 450.00, 300, 150, 'Килограмм', 'Химические вещества', 'Широко используется для улучшения плодородия почв.', '2023-06-07'),
(208, 'Кевлар', 225, 30000.00, 20, 10, 'Килограмм', 'Композиты', 'Высокоэффективный материал для защиты от баллистических угроз.', '2023-06-06'),
(209, 'Фотокатализатор', 140, 2100.00, 40, 20, 'Килограмм', 'Новые материалы', 'Применяется для разложения органических веществ под воздействием света.', '2023-06-05'),
(210, 'Полианилин', 173, 1800.00, 70, 35, 'Килограмм', 'Полимеры', 'Используется в качестве проводящего полимера в электронике.', '2023-06-04'),
(211, 'Этилцеллюлоза', 188, 900.00, 100, 50, 'Килограмм', 'Полимеры', 'Используется в фармакологии и производстве лакокрасочных покрытий.', '2023-06-03'),
(212, 'Каустическая сода', 213, 450.00, 400, 200, 'Килограмм', 'Химические вещества', 'Широко используется в химическом производстве и очистке сточных вод.', '2023-06-02'),
(213, 'Целлюлозный ацетат', 181, 1500.00, 120, 60, 'Килограмм', 'Полимеры', 'Используется в производстве фотографических пленок и текстильных изделий.', '2023-06-01'),
(214, 'Канцелярский канцероген', 155, 250.00, 200, 100, 'Килограмм', 'Химические вещества', 'Известен своими канцерогенными свойствами, применяется в научных исследованиях.', '2023-05-31'),
(215, 'Твердый станинит', 205, 6500.00, 30, 15, 'Килограмм', 'Новые материалы', 'Уникальный материал для создания особо прочных деталей.', '2023-05-30'),
(216, 'Кокс с высокой калорийностью', 241, 330.00, 150, 75, 'Килограмм', 'Топливо', 'Используется в металлургии для повышения эффективности процесса плавки.', '2023-05-29'),
(217, 'Проводящий пластик', 255, 850.00, 80, 40, 'Килограмм', 'Полимеры', 'Используется в качестве материала для антистатика и в электронике.', '2023-05-28'),
(218, 'Гелиевый гель', 165, 200.00, 220, 110, 'Литр', 'Газы', 'Используется в аэрокосмической промышленности для контроля температуры.', '2023-05-27'),
(219, 'Лактоферрит', 129, 500.00, 300, 150, 'Килограмм', 'Композиты', 'Материал для усиления магнитных свойств электронных устройств.', '2023-05-26'),
(220, 'Неопреновая резина', 152, 1300.00, 100, 50, 'Килограмм', 'Полимеры', 'Широко используется в производстве гидрокостюмов и защиты от холода.', '2023-05-25'),
(221, 'Пенопласт', 208, 250.00, 400, 200, 'Кубометр', 'Строительные материалы', 'Используется для упаковки и теплоизоляции.', '2023-05-24'),
(222, 'Минеральная вата', 248, 600.00, 150, 75, 'Кубометр', 'Утеплители', 'Широко используется для теплоизоляции в строительстве.', '2023-05-23'),
(223, 'Гематит', 230, 200.00, 180, 90, 'Килограмм', 'Минералы', 'Основной источник железа, используемый в металлургии.', '2023-05-22'),
(224, 'Технический кислород', 150, 50.00, 600, 300, 'Кубометр', 'Газы', 'Используется в промышленности для сварки и резки металлов.', '2023-05-21'),
(225, 'Антипригарный тефлон', 134, 1700.00, 90, 45, 'Килограмм', 'Покрытия', 'Обеспечивает стойкое антипригарное покрытие для бытовых и промышленных нужд.', '2023-05-20'),
(226, 'Ацетилен', 280, 300.00, 310, 155, 'Кубометр', 'Газы', 'Используется в газовой сварке и резке металлов.', '2023-05-19'),
(227, 'Ферритец', 192, 8000.00, 20, 10, 'Килограмм', 'Композиты', 'Используется в производстве высокочастотных магнитов.', '2023-05-18'),
(228, 'Микрокремнезем', 251, 600.00, 140, 70, 'Килограмм', 'Минералы', 'Применяется для улучшения свойств бетона и других строительных материалов.', '2023-05-17'),
(229, 'Парафин', 155, 500.00, 300, 150, 'Килограмм', 'Химические вещества', 'Используется для производства свечей и в качестве смазки.', '2023-05-16'),
(230, 'Литий-полимерные ячейки', 178, 1200.00, 50, 25, 'Штук', 'Энергетика', 'Современные аккумуляторы для мобильных устройств и электроники.', '2023-05-15'),
(231, 'Бериллий', 190, 3500.00, 40, 20, 'Килограмм', 'Металлы', 'Уникальный металл с высокой прочностью, используемый в авиастроении.', '2023-05-14'),
(232, 'Кистяк', 268, 700.00, 70, 35, 'Килограмм', 'Химические вещества', 'Комплекс органических кислот, используемый в научных исследованиях.', '2023-05-13'),
(233, 'Полидиметилсилоксан', 267, 1900.00, 110, 55, 'Килограмм', 'Полимеры', 'Используется в косметике и медицине в качестве загустителя.', '2023-05-12'),
(234, 'Калиевый феррит', 109, 2100.00, 30, 15, 'Килограмм', 'Новые материалы', 'Магнитный материал, используемый в электронике.', '2023-05-11'),
(235, 'Коралловая пыль', 118, 250.00, 500, 250, 'Килограмм', 'Минералы', 'Используется как компонент в биологически активных добавках.', '2023-05-10'),
(236, 'Фталевый ангидрид', 274, 1000.00, 120, 60, 'Килограмм', 'Химические вещества', 'Применяется в производстве пластиков и красителей.', '2023-05-09'),
(237, 'Теплон', 205, 1600.00, 60, 30, 'Килограмм', 'Полимеры', 'Используется в электронике и защите от коррозии.', '2023-05-08'),
(238, 'Этин', 214, 450.00, 320, 160, 'Кубометр', 'Газы', 'Газ, применяемый в промышленности для резки металлов.', '2023-05-07'),
(239, 'Капролактам', 237, 950.00, 80, 40, 'Килограмм', 'Химические вещества', 'Полупродукт в производстве нейлона и других синтетических материалов.', '2023-05-06'),
(240, 'Синтетический каучук', 126, 1400.00, 210, 105, 'Килограмм', 'Полимеры', 'Используется в производстве автомобильных шин и резиновых изделий.', '2023-05-05'),
(241, 'Пористый алюминий', 154, 7800.00, 40, 20, 'Килограмм', 'Металлы', 'Идеален для создания легких конструкций с низкой плотностью.', '2023-05-04'),
(242, 'Коэффициент', 117, 300.00, 250, 125, 'Килограмм', 'Новые материалы', 'Наноматериал с высокими адсорбционными свойствами.', '2023-05-03'),
(243, 'Паропласт', 254, 900.00, 120, 60, 'Кубометр', 'Утеплители', 'Материал для теплоизоляции, устойчивый к пару и влаге.', '2023-05-02'),
(244, 'Алюмосиликат', 174, 250.00, 400, 200, 'Килограмм', 'Минералы', 'Широко используется для очистки промышленных газов и катализаторов.', '2023-05-01'),
(245, 'Армированный стержень', 267, 1500.00, 100, 50, 'Штук', 'Строительные материалы', 'Используется для усиления бетонных конструкций.', '2023-04-30'),
(246, 'Гибридный полиуретан', 222, 1600.00, 80, 40, 'Килограмм', 'Полимеры', 'Сочетает прочность и гибкость для применения в строительстве.', '2023-04-29'),
(247, 'Борный карбид', 178, 2400.00, 50, 25, 'Килограмм', 'Минералы', 'Особо прочный материал для резки и шлифовки.', '2023-04-28'),
(248, 'Волоконно-оптический кабель', 223, 3000.00, 15, 8, 'Километр', 'Композиты', 'Используется в телекоммуникациях для передачи данных на большие расстояния.', '2023-04-27'),
(249, 'Ферроволган', 270, 5000.00, 30, 15, 'Килограмм', 'Новые материалы', 'Материал для создания магнитных лент высокой производительности.', '2023-04-26'),
(250, 'Цирконит', 180, 3200.00, 60, 30, 'Килограмм', 'Композиты', 'Устойчивый к температурным колебаниям и коррозии.', '2023-04-25'),
(251, 'Армированный керамический блок', 236, 180.00, 150, 75, 'Штук', 'Строительные материалы', 'Используется в строительстве для прочности и долговечности стен.', '2023-04-24'),
(252, 'Супергидрофобный материал', 280, 3700.00, 40, 20, 'Килограмм', 'Новые материалы', 'Материал, отталкивающий воду и загрязнения.', '2023-04-23'),
(253, 'Калиевый метаборат', 157, 670.00, 200, 100, 'Килограмм', 'Химические вещества', 'Катализатор для ускорения химических реакций.', '2023-04-22'),
(254, 'Газовая смесь для лазеров', 111, 100.00, 300, 150, 'Кубометр', 'Газы', 'Используется в промышленности для лазерной резки и сварки.', '2023-04-21'),
(255, 'Вакуумная смазка', 188, 800.00, 90, 45, 'Литр', 'Химические вещества', 'Используется для устойности механизмов в вакуумных условиях.', '2023-04-20'),
(256, 'Углеродные нанотрубки с покрытием', 202, 30000.00, 10, 5, 'Килограмм', 'Наноматериалы', 'Экзотический материал с уникальными механическими свойствами.', '2023-04-19'),
(257, 'Силиконовое масло', 258, 2500.00, 180, 90, 'Литр', 'Полимеры', 'Широко используется в качестве смазки и жидкого уплотнителя.', '2023-04-18'),
(258, 'Пористый углерод', 114, 1600.00, 70, 35, 'Кубометр', 'Композиты', 'Используется для адсорбции в катализаторах и очистке воды.', '2023-04-17'),
(259, 'Марганцевый отвердитель', 239, 900.00, 50, 25, 'Килограмм', 'Химические вещества', 'Используется для улучшения прочности металлических сплавов.', '2023-04-16'),
(260, 'Глюконат натрия', 231, 300.00, 300, 150, 'Килограмм', 'Химические вещества', 'Антикоррозионный агент, используемый в бетонных смесях.', '2023-04-15'),
(261, 'Трикальцийфосфат', 111, 500.00, 100, 50, 'Килограмм', 'Химические вещества', 'Применяется в производстве удобрений и пищевых добавок.', '2023-04-14'),
(262, 'Полиметилметакрилат', 277, 1300.00, 80, 40, 'Килограмм', 'Полимеры', 'Пластик, известный как органическое стекло.', '2023-04-13'),
(263, 'Хромовая бронза', 229, 2500.00, 30, 15, 'Килограмм', 'Сплавы', 'Специальный сплав для электрических контактов.', '2023-04-12'),
(264, 'Фосфатное покрытие', 225, 1400.00, 200, 100, 'Квадратный метр', 'Покрытия', 'Используется для защиты металла от коррозии.', '2023-04-11'),
(265, 'Неопреновая гума', 158, 1800.00, 90, 45, 'Килограмм', 'Полимеры', 'Используется для создания рукавов и мембран в водозащитных и гибких изделиях.', '2023-04-10'),
(266, 'Термическая полимерная пленка', 214, 600.00, 150, 75, 'Квадратный метр', 'Полимеры', 'Используется для ламинирования и защиты поверхностей.', '2023-04-09'),
(267, 'Ферритовая плита', 295, 1200.00, 40, 20, 'Штук', 'Строительные материалы', 'Используется для создания мощных индустриальных магнетов.', '2023-04-08'),
(268, 'Каменная вата', 103, 400.00, 200, 100, 'Кубометр', 'Утеплители', 'Используется для улучшения теплоизоляции в зданиях.', '2023-04-07'),
(269, 'Графеновый лист', 269, 4500.00, 20, 10, 'Квадратный метр', 'Наноматериалы', 'Используется для улучшения электрических и механических свойств материалов.', '2023-04-06'),
(270, 'Оксид алюминия', 212, 500.00, 150, 75, 'Килограмм', 'Минералы', 'Применяется в производстве керамики и как абразивный материал.', '2023-04-05'),
(271, 'Криогенная изоляция', 191, 1800.00, 30, 15, 'Кубометр', 'Утеплители', 'Используется для изоляции при сверхнизких температурах.', '2023-04-04'),
(272, 'Эластичный полиуретан', 186, 1100.00, 70, 35, 'Килограмм', 'Полимеры', 'Подходит для производства матрасов и уплотнителей.', '2023-04-03'),
(273, 'Термостойкий стеклоткань', 130, 2300.00, 50, 25, 'Квадратный метр', 'Композиты', 'Используется для создания огнезащиты и теплоизоляции.', '2023-04-02'),
(274, 'Цинковая крошка', 185, 900.00, 100, 50, 'Килограмм', 'Металлы', 'Применяется в гальванизации и в качестве восстановителя.', '2023-04-01'),
(275, 'Кондукторная паста', 209, 1500.00, 60, 30, 'Килограмм', 'Химические вещества', 'Материал, используемый для создания печатных плат и электрических схем.', '2023-03-31'),
(276, 'Высокоочищенный кремний', 161, 700.00, 150, 75, 'Килограмм', 'Полупроводники', 'Ключевой материал для микроэлектроники.', '2023-03-30'),
(277, 'Кременистый игольчатый керамика', 160, 2800.00, 40, 20, 'Килограмм', 'Композиты', 'Используется для создания высокопрочных элементов механической нагрузки.', '2023-03-29'),
(278, 'Композит на углеродной основе', 286, 3500.00, 30, 15, 'Килограмм', 'Новые материалы', 'Используется в авиации для создания легких и прочных структур.', '2023-03-28'),
(279, 'Синтетический рубин', 265, 9000.00, 20, 10, 'Килограмм', 'Наноматериалы', 'Используется в лазерах и ювелирной промышленности.', '2023-03-27'),
(280, 'Хромит', 232, 600.00, 120, 60, 'Килограмм', 'Металлы', 'Используется в производстве нержавеющей стали и огнеупоров.', '2023-03-26'),
(281, 'Бентонит', 251, 300.00, 200, 100, 'Килограмм', 'Минералы', 'Используется для уплотнения грунтов и в буровых растворах.', '2023-03-25'),
(282, 'Оптически прозрачный акрил', 117, 1200.00, 80, 40, 'Килограмм', 'Полимеры', 'Используется для создания линз и световых элементов.', '2023-03-24'),
(283, 'Сверхпроводниковый порошок', 169, 5000.00, 10, 5, 'Килограмм', 'Наноматериалы', 'Материал для создания высокотехнологичных устройств и магнитов.', '2023-03-23'),
(284, 'Водородные ячейки', 140, 2500.00, 60, 30, 'Штук', 'Энергетика', 'Используются в топливных элементах для экожилья.', '2023-03-22'),
(285, 'Никелевое покрытие', 217, 1300.00, 100, 50, 'Квадратный метр', 'Покрытия', 'Используется для улучшения антикоррозийной защиты.', '2023-03-21'),
(286, 'Скорлупа из пенопласта', 281, 50.00, 500, 250, 'Штук', 'Строительные материалы', 'Служит для изоляции труб и кабелей.', '2023-03-20'),
(287, 'Алюминий и магниевый сплав', 243, 5500.00, 20, 10, 'Килограмм', 'Металлы', 'Используется для создания легких и прочных конструкций.', '2023-03-19'),
(288, 'Жаропрочная керамика', 211, 3000.00, 40, 20, 'Килограмм', 'Композиты', 'Используется для создания деталей узлов в условиях высоких температур.', '2023-03-18'),
(289, 'Мембранный материал', 163, 900.00, 90, 45, 'Квадратный метр', 'Полимеры', 'Биосовместимый материал для медицинских приложений.', '2023-03-17'),
(290, 'Катализатор для переработки нефти', 193, 7000.00, 30, 15, 'Килограмм', 'Химические вещества', 'Используется в нефтепереработке для ускорения реакций.', '2023-03-16'),
(291, 'Биоразлагаемый пластик', 220, 2000.00, 80, 40, 'Килограмм', 'Полимеры', 'Используется в упаковке и в производстве потребительских товаров.', '2023-03-15'),
(292, 'Ионно-обменная смола', 207, 950.00, 110, 55, 'Килограмм', 'Химические вещества', 'Используется в системах очистки воды и для разделения химических веществ.', '2023-03-14'),
(293, 'Танталовая фольга', 217, 12000.00, 10, 5, 'Килограмм', 'Металлы', 'Используется в производстве электроники и конденсаторов.', '2023-03-13'),
(294, 'Гелиевые шарики', 150, 50.00, 400, 200, 'Штук', 'Газы', 'Используются для развлечений и рекламных акций.', '2023-03-12'),
(295, 'Титановые швы', 275, 7000.00, 20, 10, 'Кг', 'Металлы', 'Используются для свариваемых конструкций высокой прочности.', '2023-03-11'),
(296, 'Наноалмазы', 140, 15000.00, 5, 3, 'Килограмм', 'Наноматериалы', 'Используется в полировке и научных исследованиях.', '2023-03-10'),
(297, 'Металлический порозез', 139, 1700.00, 60, 30, 'Килограмм', 'Новые материалы', 'Материал высокой стойкости к износу и трению.', '2023-03-09'),
(298, 'Фиберглас', 296, 300.00, 200, 100, 'Квадратный метр', 'Композиты', 'Используется в строительстве и автомобилестроении.', '2023-03-08'),
(299, 'Графеновые пленки', 238, 5000.00, 20, 10, 'Квадратный метр', 'Наноматериалы', 'Используются для улучшения добавок в композиты.', '2023-03-07'),
(300, 'Фторопластовые клеи', 110, 2500.00, 80, 40, 'Килограмм', 'Покрытия', 'Используется в высокотемпературных и антикоррозионных применениях.', '2023-03-06'),
(301, 'Литий-ионные батареи', 254, 2500.00, 50, 25, 'Штук', 'Энергетика', 'Важный компонент для портативных электронных устройств.', '2023-03-05'),
(302, 'Графеновые нанокомпозиты', 226, 4500.00, 40, 20, 'Килограмм', 'Наноматериалы', 'Используются в суперконденсаторах и электронике.', '2023-03-04'),
(303, 'Порошковая сталь', 234, 1200.00, 100, 50, 'Килограмм', 'Металлы', 'Используется в производстве высокопрочных сплавов.', '2023-03-03'),
(304, 'Молекулярный композит', 292, 5000.00, 30, 15, 'Килограмм', 'Композиты', 'Используется для улучшения механических свойств материалов.', '2023-03-02'),
(305, 'Керамическая пена', 221, 1300.00, 60, 30, 'Кубометр', 'Композиты', 'Используется в теплоизоляции и для литья.', '2023-03-01'),
(306, 'Сверхпрочные полимеры', 169, 3200.00, 70, 35, 'Килограмм', 'Полимеры', 'Используются в аэрокосмической и автомобильной промышленности.', '2023-02-28'),
(307, 'Легированное железо', 183, 900.00, 150, 75, 'Килограмм', 'Металлы', 'Используется для производства высококачественной стали.', '2023-02-27'),
(308, 'Углеродные микросферы', 227, 1800.00, 90, 45, 'Килограмм', 'Наноматериалы', 'Применяются в адсорбции и электрохимии.', '2023-02-26'),
(309, 'Аэрокосмический титан', 244, 15000.00, 20, 10, 'Килограмм', 'Металлы', 'Используется для создания авиационных и космических конструкций.', '2023-02-25'),
(310, 'Термопластическая паста', 296, 1100.00, 80, 40, 'Килограмм', 'Полимеры', 'Широко используется для 3D-печати и прототипирования.', '2023-02-24'),
(311, 'Гибридные графеновые пленки', 233, 4700.00, 20, 10, 'Квадратный метр', 'Наноматериалы', 'Улучшает термопроводность и электропроводность.', '2023-02-23'),
(312, 'Биосовместимые полимеры', 176, 1800.00, 70, 35, 'Килограмм', 'Полимеры', 'Используются в медицинской промышленности.', '2023-02-22'),
(313, 'Наноструктурированный серебро', 103, 8000.00, 15, 8, 'Килограмм', 'Наноматериалы', 'Обладает антимикробными свойствами и высокой проводимостью.', '2023-02-21'),
(314, 'Композитная древесина', 200, 300.00, 500, 250, 'Кубометр', 'Композиты', 'Используется для создания анодированных продуктов.', '2023-02-20'),
(315, 'Базальтовая композитная ткань', 156, 2000.00, 40, 20, 'Квадратный метр', 'Композиты', 'Используется для создания огнеупорных и высокопрочных материалов.', '2023-02-19'),
(316, 'Проводящая паста из серебра', 210, 15000.00, 20, 10, 'Килограмм', 'Покрытия', 'Используется для контактов и подключения микросхем.', '2023-02-18'),
(317, 'Эластомерный гель', 276, 900.00, 120, 60, 'Кубометр', 'Полимеры', 'Используется в ортопедии и для остеосинтеза.', '2023-02-17'),
(318, 'Гибкие солнечные панели', 252, 5000.00, 15, 7, 'Квадратный метр', 'Энергетика', 'Применяются в мобильных и удаленных энергетических решениях.', '2023-02-16'),
(319, 'Ферроэлектрические нанотрубки', 270, 2000.00, 30, 15, 'Килограмм', 'Наноматериалы', 'Используются в энергоэффективных устройствах.', '2023-02-15'),
(320, 'Низкотемпературная каталитическая паста', 230, 1200.00, 100, 50, 'Килограмм', 'Химические вещества', 'Снижает температуру катализа в химических реакциях.', '2023-02-14'),
(321, 'Кевларовую фибру', 169, 2500.00, 60, 30, 'Килограмм', 'Композиты', 'Используется в бронежилетах и защитных покрытиях.', '2023-02-13'),
(322, 'Целлюлозный наноцеллюлоза', 198, 900.00, 200, 100, 'Килограмм', 'Наноматериалы', 'Используется в бумаге и упаковке для повышения качества.', '2023-02-12'),
(323, 'Триглицин сульфат', 185, 3000.00, 40, 20, 'Килограмм', 'Химические вещества', 'Используется в пьезоэлектрических устройствах.', '2023-02-11'),
(324, 'Синтетический мускус', 278, 1000.00, 180, 90, 'Килограмм', 'Химические вещества', 'Используются в парфюмерии и ароматизаторах.', '2023-02-10'),
(325, 'Альтернативный электрод', 245, 800.00, 150, 75, 'Килограмм', 'Электроника', 'Используется в аккумуляторах и источниках питания.', '2023-02-09'),
(326, 'Яркие фотоэлектрические материалы', 282, 3000.00, 30, 15, 'Килограмм', 'Энергетика', 'Используются в солнечных элементах и модулях.', '2023-02-08'),
(327, 'Газопровод для высоких температур', 246, 2800.00, 50, 25, 'Километр', 'Энергетика', 'Используется для транспортировки горячих газов.', '2023-02-07'),
(328, 'Теплоизолированный мембранный материал', 186, 900.00, 60, 30, 'Квадратный метр', 'Утеплители', 'Используется для защиты от тепловых потерь.', '2023-02-06'),
(329, 'Сольвент на углеводородной основе', 271, 1200.00, 300, 150, 'Литр', 'Химические вещества', 'Используется в очистке и растворении.', '2023-02-05'),
(330, 'Проект акрила', 265, 1300.00, 200, 100, 'Килограмм', 'Полимеры', 'Используется в архитектурных и автомобильных приборах.', '2023-02-04'),
(331, 'Полировочные сопла', 163, 340.00, 80, 40, 'Штук', 'Инструменты', 'Используются для финишной обработки металлов и стекла.', '2023-02-03'),
(332, 'Сорбент из микрогелий', 138, 600.00, 220, 110, 'Килограмм', 'Химические вещества', 'Используется для очистки газов и жидкостей.', '2023-02-02'),
(333, 'Ликвидный фотокатализатор', 171, 4000.00, 40, 20, 'Литр', 'Энергетика', 'Активируется светом для разложения органических соединений.', '2023-02-01'),
(334, 'Наулон из наноструктурированных материалов', 104, 7500.00, 20, 10, 'Килограмм', 'Энергетика', 'Превосходит аналоги по прочности и устойчивости.', '2023-01-31'),
(335, 'Металлическая арматура', 152, 370.00, 500, 250, 'Штук', 'Строительные материалы', 'Используется для укрепления конструкций зданий.', '2023-01-30'),
(336, 'Гибридные высокомолекулярные полимеры', 237, 2100.00, 90, 45, 'Килограмм', 'Полимеры', 'Предоставляют уникальные свойства для различных областей применения.', '2023-01-29'),
(337, 'Углеродное композитное волокно', 197, 2800.00, 70, 35, 'Килограмм', 'Композиты', 'Используется для создания сверхлегких и прочных конструкций.', '2023-01-28'),
(338, 'Антибактериальные наноматериалы', 279, 6000.00, 15, 8, 'Килограмм', 'Наноматериалы', 'Используется в медицине для борьбы с инфекциями и загрязнениями.', '2023-01-27'),
(339, 'Биофасцинация', 165, 1500.00, 150, 75, 'Килограмм', 'Биоматериалы', 'Используется в хирургии для облегчения сращивания тканей.', '2023-01-26'),
(340, 'Синтетический текстиль из наноматериалов', 121, 2000.00, 100, 50, 'Килограмм', 'Наноматериалы', 'Обеспечивает длительное сохранение внешнего вида и цвета.', '2023-01-25'),
(341, 'Оптимальный солнечный гель', 280, 3600.00, 30, 15, 'Литр', 'Энергетика', 'Используется для максимизации энерговыработки солнечных панелей.', '2023-01-24'),
(342, 'Поглощающие полимерные гели', 130, 1000.00, 60, 30, 'Килограмм', 'Полимеры', 'Используются для удержания влаги и пожароопасных жидкостей.', '2023-01-23'),
(343, 'Графеновый уголь', 110, 1800.00, 40, 20, 'Килограмм', 'Наноматериалы', 'Обладает высокой теплопроводностью и электропроводностью.', '2023-01-22'),
(344, 'Фторопластовый лаки', 280, 1500.00, 80, 40, 'Килограмм', 'Покрытия', 'Используется для создания водо- и грязеотталкивающих покрытий.', '2023-01-21'),
(345, 'Светоотражающие корпусные материалы', 294, 900.00, 120, 60, 'Килограмм', 'Композиты', 'Используются в автомобилестроении для повышенной видимости.', '2023-01-20'),
(346, 'Высокоэффективные клеевые материалы', 278, 2900.00, 60, 30, 'Килограмм', 'Покрытия', 'Применяются в промышленном и бытовом строительстве.', '2023-01-19'),
(347, 'Иммуномодуляция пресенье', 194, 5000.00, 40, 20, 'Килограмм', 'Биоматериалы', 'Используется для управления иммунными реакциями в медицине.', '2023-01-18'),
(348, 'Производные фуллеренов', 162, 8000.00, 10, 5, 'Килограмм', 'Наноматериалы', 'Используются в солнечных батареях и нанотехнологиях.', '2023-01-17'),
(349, 'Легко адаптируемые прототипные панели', 274, 3000.00, 20, 10, 'Квадратный метр', 'Энергетика', 'Используются в интеллектуальных энергосистемах.', '2023-01-16'),
(350, 'Ножки матрицы', 200, 100.00, 500, 250, 'Штук', 'Биоматериалы', 'Используются в медицине для крепления протезов и имплантатов.', '2023-01-15'),
(351, 'Газовый катализатор из алюминия', 224, 1200.00, 90, 45, 'Килограмм', 'Химические вещества', 'Растворяет вредные выбросы и снижает загрязнение.', '2023-01-14'),
(352, 'Регенеративные волокна', 246, 700.00, 70, 35, 'Килограмм', 'Полимеры', 'Применяются для изготовления биологически разлагаемых тканей.', '2023-01-13'),
(353, 'Жидкие кристаллы', 106, 3200.00, 50, 25, 'Литр', 'Наноматериалы', 'Используются для производства ЖК-дисплеев.', '2023-01-12'),
(354, 'Теплопроводящие эластомеры', 143, 1400.00, 80, 40, 'Килограмм', 'Полимеры', 'Используются для улучшенной передачи тепла в динамических системах.', '2023-01-11'),
(355, 'Складные макроструктуры', 101, 8700.00, 30, 15, 'Килограмм', 'Строительные материалы', 'Поставляют модернизированную прочность конструкциям.', '2023-01-10'),
(356, 'Многие активные полимеры', 255, 5500.00, 40, 20, 'Килограмм', 'Полимеры', 'Обеспечивают самовосстановление и самочистку.', '2023-01-09'),
(357, 'Чувствительный гидрогель', 202, 4200.00, 60, 30, 'Килограмм', 'Полимеры', 'Изменяет свойства под воздействием внешних факторов.', '2023-01-08'),
(358, 'Кристаллический кремний для солнечных панелей', 242, 1500.00, 50, 25, 'Килограмм', 'Наноматериалы', 'Применим в высокоэффективных солнечных энергетических системах.', '2023-01-07'),
(359, 'Вспененный полиэтилен низкого давления', 142, 800.00, 100, 50, 'Килограмм', 'Полимеры', 'Обеспечивает дополнительную изоляцию.', '2023-01-06'),
(360, 'Ферромагнитная паста', 125, 2200.00, 30, 15, 'Килограмм', 'Химические вещества', 'Используется для применения в магнитно-резонансных устройствах.', '2023-01-05'),
(361, 'Гидрофобный аэрогель', 191, 7000.00, 20, 10, 'Кубометр', 'Утеплители', 'Используется в экстренных ситуациях из-за своих уникальных свойств.', '2023-01-04'),
(362, 'Фумаровая кислота', 126, 600.00, 180, 90, 'Килограмм', 'Химические вещества', 'Широко используется в пищевой и фармацевтической промышленности.', '2023-01-03'),
(363, 'Мембрана на основе графена', 230, 1200.00, 100, 50, 'Квадратный метр', 'Наноматериалы', 'Используется для фильтрации и разделения.', '2023-01-02'),
(364, 'Кубический нитрид бора', 171, 3500.00, 30, 15, 'Килограмм', 'Наноматериалы', 'Материал высочайшей твердости, используемый в режущих инструментах.', '2023-01-01'),
(365, 'Асфальт с полимерными добавками', 179, 450.00, 500, 250, 'Кубометр', 'Строительные материалы', 'Используется для дорожного покрытия с улучшенными характеристиками.', '2022-12-31'),
(366, 'Водорастворимый акрилат', 192, 900.00, 140, 70, 'Килограмм', 'Полимеры', 'Полимер, легкорстворимый в воде, для создания очищающих составов.', '2022-12-30'),
(367, 'Эпоксидный адгезив', 262, 1500.00, 60, 30, 'Килограмм', 'Покрытия', 'Используется для приклеивания различных материалов с высокой прочностью.', '2022-12-29'),
(368, 'Термоусадочная трубка', 161, 300.00, 200, 100, 'Метр', 'Инструменты', 'Используется для изоляции и защиты кабелей.', '2022-12-28'),
(369, 'Растительный пластик', 110, 1800.00, 80, 40, 'Килограмм', 'Полимеры', 'Биодеградируемый пластик для упаковки.', '2022-12-27'),
(370, 'Ароматический полиамид', 300, 5000.00, 20, 10, 'Килограмм', 'Полимеры', 'Используется для создания сверхпрочных волокон.', '2022-12-26'),
(371, 'Нагревательный элемент на основе графена', 180, 4000.00, 40, 20, 'Метр', 'Наноматериалы', 'Используется в системах подогрева и обогрева.', '2022-12-25'),
(372, 'Сиенит', 127, 150.00, 400, 200, 'Кубометр', 'Строительные материалы', 'Минерал, используемый в облицовке и строительстве.', '2022-12-24'),
(373, 'Гумиарабик', 237, 400.00, 300, 150, 'Килограмм', 'Полимеры', 'Используется в пищевой промышленности и медицине.', '2022-12-23'),
(374, 'Глицериновая основа', 132, 200.00, 250, 125, 'Литр', 'Химические вещества', 'Основа для производства различных косметических средств.', '2022-12-22'),
(375, 'Термостойкая керамика', 157, 2000.00, 70, 35, 'Килограмм', 'Композиты', 'Используется для деталей механизмов, работающих при высоких температурах.', '2022-12-21'),
(376, 'Ламинированное стекло', 267, 600.00, 120, 60, 'Квадратный метр', 'Стекломатериалы', 'Обеспечивает повышенную безопасность и шумоизоляцию.', '2022-12-20'),
(377, 'Вулканизированная резина', 285, 1800.00, 100, 50, 'Килограмм', 'Полимеры', 'Используется в автопроме для создания покрышек с повышенной износостойкостью.', '2022-12-19'),
(378, 'Поливиниловый спирт', 193, 800.00, 90, 45, 'Килограмм', 'Полимеры', 'Используется в текстильной и бумажной промышленностях.', '2022-12-18'),
(379, 'Аэросил', 132, 600.00, 50, 25, 'Килограмм', 'Композиты', 'Используется как загуститель и наполнитель.', '2022-12-17'),
(380, 'Фторполимерная мембрана', 229, 5000.00, 30, 15, 'Квадратный метр', 'Покрытия', 'Используется в фильтрационных системах и защите от химических веществ.', '2022-12-16'),
(381, 'Углеродные волокна высокого модуля', 236, 30000.00, 10, 5, 'Килограмм', 'Наноматериалы', 'Используются в авиации и спортивном инвентаре.', '2022-12-15'),
(382, 'Диоксид циркония', 214, 700.00, 140, 70, 'Килограмм', 'Минералы', 'Применяется в производстве керамики и как катализатор.', '2022-12-14'),
(383, 'Эластичная микропена', 209, 1500.00, 80, 40, 'Кубометр', 'Утеплители', 'Используется для теплоизоляции и в производстве обуви.', '2022-12-13'),
(384, 'Медно-графитовый сплав', 198, 1800.00, 60, 30, 'Килограмм', 'Сплавы', 'Используется для электрических контактов и щеток.', '2022-12-12'),
(385, 'Фотоэлектрические наноструктуры', 179, 4500.00, 40, 20, 'Килограмм', 'Наноматериалы', 'Имеют широкое применение в солнечных батареях.', '2022-12-11'),
(386, 'Алюминиевый порошок', 120, 1200.00, 100, 50, 'Килограмм', 'Металлы', 'Используется в производстве красок и взрывчатых веществ.', '2022-12-10'),
(387, 'Фосфорный концентрат', 290, 800.00, 200, 100, 'Килограмм', 'Химические вещества', 'Используется в сельском хозяйстве как удобрение.', '2022-12-09'),
(388, 'Суперпластификатор', 248, 350.00, 180, 90, 'Литр', 'Химические вещества', 'Улучшает пластичность бетонных смесей.', '2022-12-08'),
(389, 'Высокомолекулярный полиэтилен', 167, 2500.00, 90, 45, 'Килограмм', 'Полимеры', 'Используется в механике и медицине.', '2022-12-07'),
(390, 'Органический пигмент', 286, 1200.00, 150, 75, 'Килограмм', 'Химические вещества', 'Используется в текстильной и автомобильной промышленности.', '2022-12-06'),
(391, 'Армированный нейлон', 222, 1800.00, 80, 40, 'Килограмм', 'Полимеры', 'Используется в производстве прочной и легкой одежды.', '2022-12-05'),
(392, 'Молекулярные адсорбенты', 239, 4000.00, 60, 30, 'Килограмм', 'Наноматериалы', 'Применяются для очистки и фильтрации.', '2022-12-04'),
(393, 'Керамическая матрица', 115, 3000.00, 70, 35, 'Килограмм', 'Композиты', 'Используется для термозащитных покрытий.', '2022-12-03'),
(394, 'Полиметалл', 173, 2500.00, 40, 20, 'Килограмм', 'Сплавы', 'Используется для создания электродов и химических реакторов.', '2022-12-02'),
(395, 'Фолиевый катализатор', 244, 1800.00, 50, 25, 'Килограмм', 'Химические вещества', 'Используется для ускорения химических процессов.', '2022-12-01'),
(396, 'Микрокристаллическая целлюлоза', 259, 700.00, 100, 50, 'Килограмм', 'Химические вещества', 'Используется в фармацевтической промышл.', '2022-11-30'),
(397, 'Алюминиевая крошка', 227, 300.00, 200, 100, 'Килограмм', 'Металлы', 'Используется для добавления в металлы.', '2022-11-29'),
(398, 'Латексный барьер', 128, 1200.00, 150, 75, 'Квадратный метр', 'Полимеры', 'Обеспечивает защиту от кислоты и щелочей.', '2022-11-28'),
(399, 'Активированный уголь', 112, 500.00, 250, 125, 'Килограмм', 'Композиты', 'Используются для очистки в газовых и водных фильтрах.', '2022-11-27'),
(400, 'Стержень из биотита', 271, 780.00, 80, 40, 'Штук', 'Минералы', 'Применяется в электронике для изоляции.', '2022-11-26');


INSERT INTO Equipment VALUES 
(1, 'Токарный станок', 'Станкомаш', 'STM-500', '2020-02-15', '2023-02-15', 199, 'Цех 1', 'В работе', 'Ежемесячно - первая пятница'),
(2, 'Фрезерный станок', 'МикроТех', 'MT-225', '2019-10-20', '2022-10-20', 196, 'Цех 2', 'В ремонте', 'Ежеквартально - последняя среда'),
(3, 'Сварочный аппарат', 'СварПром', 'SP-33', '2021-01-10', '2024-01-10', 204, 'Цех 3', 'В работе', 'Каждые два месяца - второй понедельник'),
(4, 'Печь плавильная', 'МеталлМаш', 'MM-10', '2018-05-25', '2021-05-25', 135, 'Цех 4', 'Списан', 'Ежегодно - 15 июня'),
(5, 'Дрель промышленная', 'Монолит', 'DPR-7', '2019-12-05', '2022-12-05', 179, 'Цех 2', 'На складе', 'Полугодно - 1 апреля и 1 октября'),
(6, 'Кран-погрузчик', 'СтройТех', 'KP-10', '2020-07-19', '2023-07-19', 110, 'Склад', 'В работе', 'Ежеквартально - вторая пятница'),
(7, 'Ленточнопильный станок', 'ДревМаш', 'LBM-456', '2021-03-11', '2024-03-11', 108, 'Цех 5', 'В работе', 'Ежемесячно - третий вторник'),
(8, 'Пресс гидравлический', 'ГидроМаш', 'GP-80', '2022-08-22', '2025-08-22', 199, 'Цех 6', 'В работе', 'Ежемесячно - последний четверг'),
(9, 'Генератор', 'ЭлектроМаш', 'EG-22', '2019-11-29', '2022-11-29', 140, 'Цех 7', 'Требует ремонта', 'Ежегодно - 1 сентября'),
(10, 'Компрессор', 'ВазМаш', 'VC-15', '2020-10-10', '2023-10-10', 162, 'Цех 8', 'В работе', 'Ежемесячно - первый четверг'),
(11, 'Пила круговая', 'ИнструмМаш', 'IKM-250', '2021-06-18', '2024-06-18', 121, 'Цех 1', 'В работе', 'Ежеквартально - последний вторник'),
(12, 'Лазерный резак', 'ЛазерТех', 'LT-400', '2020-09-14', '2023-09-14', 237, 'Цех 2', 'В работе', 'Ежемесячно - вторая среда'),
(13, 'Шлифовальный станок', 'ШлифПром', 'SP-350', '2019-05-05', '2022-05-05', 255, 'Цех 3', 'Списан', 'Ежегодно - 15 декабря'),
(14, 'Сушильная камера', 'ТермПром', 'TP-11', '2018-11-22', '2021-11-22', 108, 'Цех 4', 'Требует ремонта', 'Ежеквартально - первый понедельник'),
(15, 'Транспортер', 'ТранТех', 'TT-67', '2022-01-15', '2025-01-15', 163, 'Цех 5', 'В работе', 'Каждые шесть месяцев - 1 март и 1 сентябрь'),
(16, 'Экскаватор', 'СтройИнновация', 'SI-9', '2021-07-30', '2024-07-30', 256, 'Вне помещения', 'На складе', 'Каждые четыре месяца - первый понедельник'),
(17, 'Перфоратор', 'ПрофИнструмент', 'PI-4', '2020-04-12', '2023-04-12', 169, 'Цех 1', 'В работе', 'Ежеквартально - первая пятница'),
(18, 'Бетонозмешивач', 'БетонТех', 'BT-90', '2022-02-23', '2025-02-23', 254, 'Цех 6', 'В работе', 'Каждые три месяца - второй вторник'),
(19, 'Каток дорожный', 'ДорожСамар', 'DS-77', '2021-09-16', '2024-09-16', 253, 'Вне помещения', 'В ремонте', 'Ежемесячно - первый вторник'),
(20, 'Токарный автомат', 'СтанкИнновация', 'SI-202', '2019-07-03', '2022-07-03', 279, 'Цех 2', 'Списан', 'Ежегодно - 25 декабря'),
(21, 'Навесной культиватор', 'АгроТех', 'AT-4000', '2020-05-27', '2023-05-27', 205, 'Цех 3', 'В работе', 'Ежеквартально - вторая пятница'),
(22, 'Пожарный насос', 'ОгнеТех', 'ON-20', '2018-12-01', '2021-12-01', 226, 'Склад', 'На складе', 'Каждый месяц - первый понедельник'),
(23, 'Циркуляр', 'РезТех', 'RT-155', '2022-03-10', '2025-03-10', 178, 'Цех 4', 'В работе', 'Ежемесячно - вторая пятница'),
(24, 'Трансформатор', 'ЭнергоПром', 'EP-5', '2021-08-08', '2024-08-08', 139, 'Энергоблок', 'Требует ремонта', 'Ежеквартально - третий понедельник'),
(25, 'Буровая установка', 'БурМаш', 'BM-30', '2019-06-17', '2022-06-17', 103, 'Вне помещения', 'На складе', 'Каждые восемь месяцев - 1 апреля и 1 декабря'),
(26, 'Резак плазменный', 'МеталлРез', 'MR-99', '2020-10-02', '2023-10-02', 168, 'Цех 7', 'В работе', 'Ежеквартально - первая четверг'),
(27, 'Тестер напряжения', 'ЭлектроМульт', 'ET-550', '2021-11-11', '2024-11-11', 180, 'Лаборатория', 'В работе', 'Ежегодно - 1 января'),
(28, 'Степлер промышленный', 'СтепМаш', 'SM-15', '2018-02-26', '2021-02-26', 204, 'Цех 1', 'В ремонте', 'Каждую третью пятницу месяца'),
(29, 'Влажный сепаратор', 'СепарТех', 'ST-70', '2019-05-14', '2022-05-14', 189, 'Цех 2', 'В работе', 'Ежеквартально - первая четверг'),
(30, 'Асфальтный укладчик', 'ДорТех', 'DT-88', '2020-09-30', '2023-09-30', 203, 'Вне помещения', 'Списан', 'Ежегодно - 10 сентября'),
(31, 'Парогенератор', 'ПарИнновация', 'PI-80', '2021-01-13', '2024-01-13', 119, 'Цех 3', 'В работе', 'Ежемесячно - первый понедельник'),
(32, 'Радиально-сверлильный станок', 'СтанкоПром', 'SP-135', '2022-07-15', '2025-07-15', 252, 'Цех 4', 'В ремонте', 'Ежеквартально - третий среда'),
(33, 'Чилллер', 'КлиматТех', 'CT-500', '2020-03-25', '2023-03-25', 262, 'Офис', 'В работе', 'Каждые полгода - 1 мая и 1 ноября'),
(34, 'Электрокар', 'ЭкоМашина', 'EM-25', '2018-07-20', '2021-07-20', 239, 'Склад', 'На складе', 'Ежеквартально - третий понедельник'),
(35, 'Измельчитель отходов', 'ОтходМаш', 'OM-12', '2019-11-15', '2022-11-15', 119, 'Цех 5', 'В работе', 'Ежегодно - 5 августа'),
(36, 'Газонокосилка', 'ТравТех', 'TT-18', '2021-05-07', '2024-05-07', 209, 'Вне помещения', 'На складе', 'Каждую четвёртую среду месяца'),
(37, 'Подъемник', 'ЛифтТех', 'LT-80', '2020-02-28', '2023-02-28', 258, 'Цех 1', 'В работе', 'Ежеквартально - первая вторник'),
(38, 'Токарный станок универсальный', 'УниверсалСтанко', 'US-1000', '2019-08-17', '2022-08-17', 268, 'Цех 2', 'Списан', 'Ежегодно - 5 мая'),
(39, 'Погрузчик', 'ГрузТех', 'GT-18', '2021-12-12', '2024-12-12', 145, 'Склад', 'В работе', 'Каждые полтора месяца - первый понедельник'),
(40, 'Охладитель', 'ХладМаш', 'HM-45', '2020-04-18', '2023-04-18', 272, 'Цех 4', 'В работе', 'Ежемесячно - последний понедельник'),
(41, 'Миксер строительный', 'МиксТех', 'MT-150', '2018-06-09', '2021-06-09', 198, 'Цех 3', 'В работе', 'Ежегодно - последний вторник Июля'),
(42, 'Рейсмус', 'ТехДрев', 'TD-25', '2019-12-02', '2022-12-02', 167, 'Цех 2', 'В ремонте', 'Ежеквартально - первая среда'),
(43, 'Шлифмашина угловая', 'УглТех', 'UT-11', '2020-11-21', '2023-11-21', 150, 'Цех 1', 'Требует ремонта', 'Ежегодно - 15 августа'),
(44, 'Агломератор', 'ПромАгло', 'PA-22', '2021-06-16', '2024-06-16', 101, 'Цех 6', 'На складе', 'Ежеквартально - последний вторник'),
(45, 'Ковш-грейфер', 'Манипулятор', 'MNP-55', '2020-03-05', '2023-03-05', 236, 'Цех 5', 'В работе', 'Ежегодно - 10 марта'),
(46, 'Упаковочный аппарат', 'ПакТех', 'PT-07', '2018-08-01', '2021-08-01', 254, 'Цех 4', 'В работе', 'Каждые два месяца - второй четверг'),
(47, 'Гидравлический бур', 'БурТех', 'BT-70', '2019-05-21', '2022-05-21', 147, 'Цех 7', 'В работе', 'Ежемесячно - второй вторник'),
(48, 'Конвейер', 'ТрансПром', 'TP-12', '2021-09-25', '2024-09-25', 165, 'Склад', 'На складе', 'Ежеквартально - первая пятница'),
(49, 'Автобетоносмеситель', 'БетонАвто', 'BA-250', '2020-02-13', '2023-02-13', 248, 'На улице', 'В ремонте', 'Ежегодно - 1 января'),
(50, 'Столярный станок', 'ДревоМастер', 'DM-320', '2022-10-17', '2025-10-17', 181, 'Цех 3', 'В работе', 'Каждые полгода - 15 января и 15 июля'),
(51, 'Гравировальный станок', 'ГравМастер', 'GM-44', '2021-07-09', '2024-07-09', 113, 'Лаборатория', 'На складе', 'Ежеквартально - вторая среда'),
(52, 'Токарный станок по дереву', 'Станкорез', 'SR-202', '2019-08-11', '2022-08-11', 252, 'Цех 5', 'В работе', 'Ежегодно - 20 июня'),
(53, 'Центрифуга', 'Центрик', 'CT-11', '2020-12-08', '2023-12-08', 126, 'Лаборатория', 'В ремонте', 'Ежемесячно - последняя пятница'),
(54, 'Кусторез', 'КустТех', 'KT-5', '2018-10-04', '2021-10-04', 226, 'На улице', 'На складе', 'Ежеквартально - третий четверг'),
(55, 'Фрезерный обрабатывающий центр', 'МногоТех', 'MT-1000', '2021-04-22', '2024-04-22', 108, 'Цех 1', 'В работе', 'Ежеквартально - первая понедельник'),
(56, 'Тельфер', 'ПромКран', 'PK-80', '2019-11-30', '2022-11-30', 146, 'Цех 2', 'На складе', 'Ежеквартально - вторая четверг'),
(57, 'Строгальный станок', 'СтрогМонтаж', 'SM-14', '2020-07-13', '2023-07-13', 230, 'Цех 4', 'В работе', 'Ежеквартально - третий вторник'),
(58, 'Гидравлический подъемник', 'ГидроЛифт', 'GL-10', '2022-08-19', '2025-08-19', 196, 'Цех 5', 'На складе', 'Ежемесячно - последний четверг'),
(59, 'Аргонодуговой аппарат', 'АргонМастер', 'AM-30', '2021-03-26', '2024-03-26', 236, 'Цех 7', 'Требует ремонта', 'Каждую третью четверг месяца'),
(60, 'Вальцовочный станок', 'МеталлВал', 'MV-90', '2020-10-15', '2023-10-15', 104, 'Цех 6', 'В работе', 'Ежегодно - 10 ноября'),
(61, 'Паровая станция', 'ТеплоЭнергия', 'TE-25', '2019-01-19', '2022-01-19', 256, 'Цех 2', 'Списан', 'Ежегодно - 5 апреля'),
(62, 'Тестомесильная машина', 'ТестоМаш', 'TM-60', '2018-09-11', '2021-09-11', 102, 'На улице', 'В ремонте', 'Ежегодно - 30 июня'),
(63, 'Пресс-подборщик', 'АгроМаш', 'AM-12', '2022-05-31', '2025-05-31', 219, 'Цех 8', 'В работе', 'Ежеквартально - вторая пятница'),
(64, 'Молотковая дробилка', 'ДробТех', 'DT-90', '2021-02-17', '2024-02-17', 206, 'Цех 3', 'На складе', 'Ежемесячно - каждый третий вторник'),
(65, 'Жиловочная машина', 'МясТех', 'MT-30', '2020-06-30', '2023-06-30', 104, 'Цех 5', 'На складе', 'Ежеквартально - первый вторник'),
(66, 'Зернодробилка', 'АгроДроб', 'AD-45', '2019-12-27', '2022-12-27', 123, 'Цех 7', 'В работе', 'Ежегодно - 15 мая'),
(67, 'Линия по фасовке', 'Фаска-Маш', 'FM-15', '2021-10-07', '2024-10-07', 147, 'Цех 6', 'На складе', 'Ежеквартально - последняя четверг'),
(68, 'Токарно-карусельный станок', 'КарусельСтанко', 'KS-12', '2021-03-30', '2024-03-30', 205, 'Цех 2', 'В работе', 'Ежеквартально - каждый первый понедельник'),
(69, 'Тепловая завеса', 'ТеплоМир', 'TM-65', '2019-04-18', '2022-04-18', 112, 'Цех 4', 'Требует ремонта', 'Ежеквартально - третья пятница'),
(70, 'Электроштабелёр', 'ШтабТех', 'ST-50', '2020-11-09', '2023-11-09', 227, 'Склад', 'В работе', 'Ежеквартально - второй вторник'),
(71, 'Печь закалочная', 'ТермПечь', 'TP-80', '2022-06-17', '2025-06-17', 219, 'Цех 3', 'В работе', 'Каждые полгода - 20 февраля и 20 августа'),
(72, 'Тепловентилятор', 'ТеплоВент', 'TV-200', '2020-09-28', '2023-09-28', 151, 'Офис', 'На складе', 'Ежеквартально - первый четверг'),
(73, 'Дымосос', 'ВоздухМаш', 'VM-35', '2018-03-14', '2021-03-14', 221, 'Цех 5', 'В ремонте', 'Ежемесячно - вторая суббота'),
(74, 'Автоклав', 'ПарПром', 'PP-56', '2021-06-02', '2024-06-02', 185, 'Цех 1', 'В работе', 'Каждые четыре месяца - 15 апреля и 15 декабря'),
(75, 'Гидронасос', 'ГидроСила', 'GS-80', '2020-10-26', '2023-10-26', 198, 'Цех 6', 'На складе', 'Ежегодно - 5 января'),
(76, 'Инфракрасный термопластавтомат', 'Пласт-Инфра', 'PI-22', '2019-08-12', '2022-08-12', 191, 'Цех 4', 'Списан', 'Каждые полгода - 10 июля и 10 января'),
(77, 'Универсальный фрезерный станок', 'ФрезТех', 'FT-77', '2022-03-06', '2025-03-06', 184, 'Цех 3', 'В работе', 'Ежеквартально - вторая четверг'),
(78, 'Культиватор', 'Агрокультив', 'AC-1900', '2021-01-25', '2024-01-25', 140, 'Цех 8', 'В работе', 'Ежегодно - 20 марта'),
(79, 'Ударная дрель', 'ИнструмУнивер', 'IU-15', '2020-05-15', '2023-05-15', 206, 'Цех 5', 'Списан', 'Ежегодно - 1 августа'),
(80, 'Машина сварочная', 'СварСила', 'SS-45', '2019-12-05', '2022-12-05', 103, 'Цех 1', 'В ремонте', 'Ежемесячно - третий четверг'),
(81, 'Трактор', 'ТракторИнновация', 'TI-180', '2020-08-05', '2023-08-05', 237, 'Цех 7', 'На складе', 'Ежеквартально - первый вторник'),
(82, 'Машина для наклейки этикеток', 'ЭтикеткаТех', 'ET-8', '2021-01-12', '2024-01-12', 232, 'Лаборатория', 'В ремонте', 'Ежегoдно - 15 мая'),
(83, 'Закройный стол', 'КонтурСтан', 'KS-70', '2022-09-17', '2025-09-17', 197, 'Цех 4', 'Требует ремонта', 'Ежеквартально - последняя пятница'),
(84, 'Бульдозер', 'СтройБульд', 'SB-55', '2020-07-31', '2023-07-31', 276, 'Вне помещения', 'В работе', 'Каждые шесть месяцев - 25 марта и 25 сентября'),
(85, 'Кран на колесах', 'КолесоКран', 'KK-32', '2019-02-14', '2022-02-14', 125, 'Склад', 'На складе', 'Ежемесячно - третий вторник'),
(86, 'Мельница вертикальная', 'ВертТех', 'VT-205', '2018-04-21', '2021-04-21', 135, 'Цех 2', 'В ремонте', 'Ежегодно - 30 сентября'),
(87, 'Лебедка', 'ПодьемТех', 'PT-67', '2021-04-13', '2024-04-13', 134, 'Цех 1', 'В работе', 'Ежегодно - 25 декабря'),
(88, 'Экструдер', 'ПластЭкстр', 'PE-66', '2020-11-11', '2023-11-11', 248, 'Цех 5', 'На складе', 'Ежеквартально - второй пятница'),
(89, 'Электромонтерский инструмент', 'ЭлектроТул', 'ET-9', '2022-02-28', '2025-02-28', 227, 'Цех 3', 'В работе', 'Ежеквартально - каждый четверг'),
(90, 'Соковыжималка', 'НапитокМаш', 'NM-44', '2021-12-02', '2024-12-02', 142, 'Лаборатория', 'На складе', 'Ежемесячно - первая среда'),
(91, 'Сеялка', 'АгроСей', 'AS-55', '2019-07-22', '2022-07-22', 212, 'Цех 8', 'В работе', 'Ежеквартально - вторая среда'),
(92, 'Латексный миксер', 'ЛатексМаш', 'LM-20', '2020-11-24', '2023-11-24', 219, 'Цех 7', 'Требует ремонта', 'Ежегодно - 4 июля'),
(93, 'Призматический станок', 'ПризмаПром', 'PP-110', '2018-01-15', '2021-01-15', 202, 'Цех 6', 'Списан', 'Ежеквартально - третья четверг'),
(94, 'Матрица', 'МеталлМат', 'MM-3', '2021-07-04', '2024-07-04', 137, 'Лаборатория', 'В работе', 'Ежегодно - 11 ноября'),
(95, 'Станок фрикционный', 'ФрикТех', 'FT-202', '2019-03-10', '2022-03-10', 165, 'Цех 2', 'На складе', 'Ежегодно - 15 апреля'),
(96, 'Эмульгатор', 'ХимПро', 'HP-90', '2020-08-29', '2023-08-29', 103, 'Цех 5', 'На складе', 'Ежеквартально - первый понедельник'),
(97, 'Нория', 'ПодъемМаш', 'PM-44', '2022-12-18', '2025-12-18', 189, 'Склад', 'В работе', 'Ежегодно - 9 мая'),
(98, 'Тягач', 'ПеревозТех', 'PT-110', '2021-02-02', '2024-02-02', 276, 'Вне помещения', 'На складе', 'Ежегодно - 20 июня'),
(99, 'Циркуляционный насос', 'ЦиркПром', 'CP-81', '2019-05-18', '2022-05-18', 239, 'Цех 3', 'Требует ремонта', 'Ежеквартально - второй понедельник'),
(100, 'Машина розливочная', 'РозлилМакс', 'RM-200', '2021-10-25', '2024-10-25', 240, 'Цех 1', 'В работе', 'Ежегодно - 3 марта'),
(101, 'Погрузчик вилочный', 'ГрузИнструмент', 'GI-250', '2020-05-22', '2023-05-22', 107, 'Склад', 'В работе', 'Ежегодно - 12 мая'),
(102, 'Полировальный станок', 'ПолирТех', 'PT-40', '2019-10-13', '2022-10-13', 259, 'Цех 4', 'В работе', 'Ежеквартально - второй понедельник'),
(103, 'Капсульная машина', 'ПакМаш', 'PM-100', '2021-11-09', '2024-11-09', 232, 'Цех 2', 'На складе', 'Каждые два месяца - третий вторник'),
(104, 'Чиллер', 'ХладСистем', 'HS-88', '2020-02-23', '2023-02-23', 213, 'Офис', 'Требует ремонта', 'Ежеквартально - последний понедельник'),
(105, 'Тестомешалка', 'ТестоВсе', 'TV-20', '2018-06-14', '2021-06-14', 266, 'Цех 7', 'Списан', 'Ежегодно - 1 февраля'),
(106, 'Универсальный компрессор', 'КомпресМаш', 'KM-60', '2019-12-19', '2022-12-19', 105, 'Цех 3', 'В ремонте', 'Ежеквартально - первый четверг'),
(107, 'Трансформатор силовой', 'ЭнергоМаш', 'EM-100', '2022-07-20', '2025-07-20', 247, 'Энергоблок', 'На складе', 'Ежегодно - 14 сентября'),
(108, 'Краскопульт', 'КраскиТех', 'KT-75', '2021-08-15', '2024-08-15', 246, 'Цех 1', 'В работе', 'Каждые три месяца - четвёртая пятница'),
(109, 'Станок для обработки кромок', 'КромМаш', 'KM-300', '2020-09-30', '2023-09-30', 178, 'Цех 8', 'В работе', 'Ежеквартально - третья среда'),
(110, 'Дробильный комплекс', 'ДробКомп', 'DK-150', '2018-03-19', '2021-03-19', 177, 'Вне помещения', 'Требует ремонта', 'Ежегодно - 8 июля'),
(111, 'Вакуумный насос', 'ВакуумТех', 'VT-200', '2019-07-07', '2022-07-07', 142, 'Цех 6', 'В ремонте', 'Ежеквартально - первый вторник'),
(112, 'Насосная станция', 'НасосМаш', 'NM-50', '2021-04-05', '2024-04-05', 169, 'Цех 7', 'На складе', 'Ежеквартально - второй четверг'),
(113, 'Пневматическая дрель', 'ПневмоСила', 'PS-70', '2020-01-16', '2023-01-16', 267, 'Цех 2', 'В работе', 'Ежемесячно - второй понедельник'),
(114, 'Экструзионная линия', 'ЭкструМаш', 'EM-45', '2019-06-25', '2022-06-25', 258, 'Цех 3', 'Списан', 'Ежегодно - 10 октября'),
(115, 'Формовочный автомат', 'ФормаТех', 'FA-90', '2022-10-05', '2025-10-05', 162, 'Цех 1', 'Требует ремонта', 'Каждые шесть месяцев - 5 марта и 5 сентября'),
(116, 'Термоплавильный котел', 'ТермоКотел', 'TK-88', '2021-02-11', '2024-02-11', 215, 'Энергоблок', 'На складе', 'Ежеквартально - третий четверг'),
(117, 'Охолотерм', 'ОхолоТех', 'OT-77', '2020-11-27', '2023-11-27', 259, 'Офис', 'В работе', 'Ежемесячно - последний вторник'),
(118, 'Кантователь', 'КантовМаш', 'KM-55', '2022-08-08', '2025-08-08', 226, 'Цех 4', 'В ремонте', 'Ежегодно - 15 июля'),
(119, 'Алюминиевая линия', 'АлюМашина', 'AM-22', '2018-05-02', '2021-05-02', 268, 'Цех 5', 'Списан', 'Ежеквартально - третий вторник'),
(120, 'Машина для намотки провода', 'НамотТех', 'NT-66', '2019-09-15', '2022-09-15', 109, 'Цех 8', 'Требует ремонта', 'Ежегодно - 12 ноября'),
(121, 'Памятник', 'СкульпТех', 'SC-202', '2020-02-19', '2023-02-19', 161, 'Вне помещения', 'На складе', 'Ежеквартально - вторая среда'),
(122, 'Линия нарезки', 'НарезМаш', 'NM-180', '2021-07-21', '2024-07-21', 247, 'Цех 4', 'В работе', 'Каждый месяц - третий четверг'),
(123, 'Ксеноновая лампа', 'СветТех', 'ST-35', '2020-09-05', '2023-09-05', 242, 'Лаборатория', 'Требует ремонта', 'Ежегодно - 4 марта'),
(124, 'Узловязальная машина', 'УзлоМаш', 'UM-101', '2019-08-14', '2022-08-14', 249, 'Цех 1', 'На складе', 'Ежеквартально - последний понедельник'),
(125, 'Секционная печь', 'СекПечь', 'SP-300', '2021-05-19', '2024-05-19', 263, 'Цех 3', 'В работе', 'Каждые два месяца - первый вторник'),
(126, 'Паровая турбина', 'ТурбоПром', 'TP-600', '2018-02-07', '2021-02-07', 104, 'Офис', 'Списан', 'Ежегодно - 20 декабря'),
(127, 'Изолятор', 'ЭлектроИзол', 'EI-50', '2020-03-15', '2023-03-15', 162, 'Цех 6', 'На складе', 'Ежемесячно - четвёртая среда'),
(128, 'Валковый комбайн', 'ВалКомба', 'VK-111', '2019-01-05', '2022-01-05', 249, 'Вне помещения', 'В ремонте', 'Ежегодно - 19 февраля'),
(129, 'Осадительный пресс', 'ПрессОсад', 'PO-66', '2022-06-24', '2025-06-24', 254, 'Цех 5', 'Требует ремонта', 'Ежеквартально - вторая пятница'),
(130, 'Кипер', 'МашКипер', 'MK-42', '2021-08-19', '2024-08-19', 226, 'Цех 7', 'На складе', 'Каждый месяц - первый понедельник'),
(131, 'Климатическая установка', 'КлиматСистем', 'CS-90', '2020-04-24', '2023-04-24', 268, 'Офис', 'В работе', 'Ежеквартально - третий понедельник'),
(132, 'Каландровая машина', 'КалМаш', 'KM-85', '2019-12-01', '2022-12-01', 171, 'Цех 2', 'Списан', 'Ежемесячно - второй вторник'),
(133, 'Устройство сварки', 'СварУстр', 'SU-77', '2022-03-02', '2025-03-02', 140, 'Лаборатория', 'В работе', 'Ежеквартально - третий пятница'),
(134, 'Сушилка', 'СушкаТех', 'ST-100', '2021-09-28', '2024-09-28', 103, 'Цех 1', 'На складе', 'Ежегодно - 16 мая'),
(135, 'Ленточная пила', 'Пилорез', 'PR-420', '2020-11-05', '2023-11-05', 180, 'Цех 3', 'В работе', 'Ежемесячно - каждый четверг'),
(136, 'Чашкорез', 'ЧашаТех', 'CT-55', '2018-04-10', '2021-04-10', 200, 'Цех 6', 'В ремонте', 'Ежегодно - 25 августа'),
(137, 'Грейфер', 'ГрейферТех', 'GT-30', '2019-02-27', '2022-02-27', 128, 'Цех 4', 'На складе', 'Ежеквартально - первый четверг'),
(138, 'Обмоточная машина', 'ОбмотМаш', 'OM-22', '2022-12-31', '2025-12-31', 270, 'Цех 5', 'Требует ремонта', 'Ежегодно - 8 августа'),
(139, 'Конвекционная печь', 'КонвекПечь', 'CP-250', '2021-10-18', '2024-10-18', 192, 'Цех 8', 'В работе', 'Каждые два месяца - третий четверг'),
(140, 'Манипулятор', 'МаниПром', 'MP-44', '2020-05-27', '2023-05-27', 185, 'Склад', 'Требует ремонта', 'Ежеквартально - последний пятница'),
(141, 'Станок фрезерный с ЧПУ', 'ФрезЧПУ', 'FC-320', '2019-04-22', '2022-04-22', 127, 'Цех 7', 'Списан', 'Ежегодно - 6 июня'),
(142, 'Колесный экскаватор', 'ЭкскаВед', 'EV-52', '2021-07-10', '2024-07-10', 216, 'Вне помещения', 'На складе', 'Каждые три месяца - второй понедельник'),
(143, 'Кантовщик', 'КантОб', 'KO-511', '2020-12-20', '2023-12-20', 249, 'Цех 4', 'В работе', 'Ежеквартально - каждый четверг'),
(144, 'Фреза', 'ФрезИнструмент', 'FI-150', '2018-06-27', '2021-06-27', 278, 'Цех 2', 'В ремонте', 'Ежегодно - 14 января'),
(145, 'Шлифовальная полоса', 'ШлифПолоса', 'SP-210', '2019-10-30', '2022-10-30', 251, 'Цех 1', 'На складе', 'Ежеквартально - второй вторник'),
(146, 'Ротационный резак', 'РотаРез', 'RR-99', '2022-03-21', '2025-03-21', 109, 'Цех 3', 'В ремонте', 'Ежегодно - 10 июля'),
(147, 'Протяжной станок', 'ПротяжСтан', 'PS-50', '2021-08-23', '2024-08-23', 186, 'Цех 6', 'На складе', 'Ежеквартально - второй понедельник'),
(148, 'Бетоносмеситель', 'БетоСмес', 'BS-340', '2020-09-14', '2023-09-14', 256, 'Цех 8', 'В работе', 'Каждый месяц - первый четверг'),
(149, 'Линейный резак', 'ЛинейРез', 'LR-808', '2019-11-01', '2022-11-01', 218, 'Цех 5', 'Требует ремонта', 'Ежегодно - 25 ноября'),
(150, 'Токарный станок по металлу', 'МеталСтан', 'MS-900', '2022-07-28', '2025-07-28', 236, 'Офис', 'В работе', 'Ежегодно - 11 ноября'),
(151, 'Аэрозольный генератор', 'АэроГен', 'AG-75', '2021-08-30', '2024-08-30', 247, 'Цех 1', 'На складе', 'Ежеквартально - третий вторник'),
(152, 'Пароварка', 'ПарСистема', 'PS-35', '2020-01-20', '2023-01-20', 245, 'Лаборатория', 'Списан', 'Ежемесячно - вторая пятница'),
(153, 'Фломастер', 'РисовИнструмент', 'RI-17', '2019-05-06', '2022-05-06', 257, 'Цех 4', 'В ремонте', 'Ежеквартально - первый четверг'),
(154, 'Баллистическая турель', 'ОборонМаш', 'OM-12', '2022-03-13', '2025-03-13', 164, 'Вне помещения', 'На складе', 'Ежегодно - 9 января'),
(155, 'Бетонная мешалка', 'МесБет', 'MB-55', '2020-11-07', '2023-11-07', 217, 'Цех 7', 'В работе', 'Ежеквартально - каждый понедельник'),
(156, 'Заклепочник', 'ЗаклепМаш', 'ZM-32', '2021-10-27', '2024-10-27', 248, 'Цех 8', 'Требует ремонта', 'Ежемесячно - последний вторник'),
(157, 'Спиральный компрессор', 'СпираКомпрес', 'SK-41', '2020-02-13', '2023-02-13', 258, 'Цех 3', 'На складе', 'Ежегодно - 23 февраля'),
(158, 'Кромочная линия', 'КромЛиния', 'KL-19', '2019-08-19', '2022-08-19', 141, 'Склад', 'В работе', 'Каждую третью пятницу месяца'),
(159, 'Шлифмол', 'ШлифМастер', 'SM-78', '2018-07-31', '2021-07-31', 194, 'Цех 5', 'Требует ремонта', 'Ежеквартально - последний четверг'),
(160, 'Окрасочный агрегат', 'ОкрасТех', 'OT-444', '2020-05-24', '2023-05-24', 246, 'Цех 1', 'В работе', 'Ежегодно - 12 августа'),
(161, 'Дисковая пила', 'ДискПилорез', 'DP-99', '2021-06-05', '2024-06-05', 230, 'Вне помещения', 'Требует ремонта', 'Каждые четыре месяца - 3 мая и 3 сентября'),
(162, 'Манипулятор', 'МанипТех', 'MT-22', '2019-12-03', '2022-12-03', 143, 'Цех 6', 'На складе', 'Ежегодно - 18 декабря'),
(163, 'Чиллеры', 'Хладоуправление', 'ХО-500', '2021-01-22', '2024-01-22', 160, 'Офис', 'Списан', 'Ежеквартально - третий вторник'),
(164, 'Виброплита', 'КолебМаш', 'KM-200', '2020-04-12', '2023-04-12', 239, 'Цех 7', 'На складе', 'Ежемесячно - второй четверг'),
(165, 'Лампа подсветки', 'ЛитПроект', 'ЛП-45', '2019-07-28', '2022-07-28', 218, 'Цех 4', 'В ремонте', 'Ежегодно - 20 октября'),
(166, 'Эрозионный станок', 'ЭрозМат', 'эм-2000', '2022-09-22', '2025-09-22', 149, 'Цех 8', 'На складе', 'Ежегодно - 6 ноября'),
(167, 'Ленточный шлифовальный станок', 'ШлифЛенМаш', 'ШЛС-58', '2021-08-24', '2024-08-24', 250, 'Цех 3', 'В работе', 'Ежегодно - 15 марта'),
(168, 'Машина для гибки', 'ГибТех', 'ГТ-82', '2020-02-17', '2023-02-17', 171, 'Склад', 'В ремонте', 'Ежемесячно - последний пятница'),
(169, 'Стриппер', 'СтрипПрок', 'СП-99', '2021-10-17', '2024-10-17', 241, 'Цех 1', 'Требует ремонта', 'Ежеквартально - вторая четверг'),
(170, 'Ленточная пильная линия', 'ПилЛинМаш', 'ПЛ-33', '2020-07-11', '2023-07-11', 240, 'Цех 7', 'В работе', 'Каждые две месяца - 3 июня и 3 декабря'),
(171, 'Гидравлический пресс', 'ПрессСил', 'ПС-100', '2019-03-27', '2022-03-27', 266, 'Цех 5', 'Требует ремонта', 'Ежегодно - 25 марта'),
(172, 'Желтатор', 'ЖелтСистем', 'ЖС-180', '2022-05-10', '2025-05-10', 271, 'Цех 4', 'На складе', 'Ежеквартально - третий понедельник'),
(173, 'Световой индикатор', 'СветИнди', 'СИ-75', '2020-12-08', '2023-12-08', 266, 'Цех 7', 'Списан', 'Ежемесячно - второй вторник'),
(174, 'Ленточная транспортерная линия', 'ЛенТранс', 'ЛТ-12', '2019-02-25', '2022-02-25', 200, 'Цех 6', 'В ремонте', 'Ежеквартально - последний вторник'),
(175, 'Перфораторная машина', 'ПерфМаш', 'ПМ-51', '2021-09-19', '2024-09-19', 176, 'Лаборатория', 'На складе', 'Ежегодно - 3 февраля'),
(176, 'Станок высокоскоростной', 'СкорСтан', 'СС-202', '2020-06-28', '2023-06-28', 115, 'Цех 1', 'В ремонте', 'Ежегодно - 11 августа'),
(177, 'Ультразвуковая чистка', 'ЧистУЗ', 'УЗ-77', '2019-01-18', '2022-01-18', 228, 'Лаборатория', 'На складе', 'Ежеквартально - второй понедельник'),
(178, 'Роликовое оборудование', 'РоликТех', 'РТ-205', '2022-06-10', '2025-06-10', 197, 'Цех 3', 'Требует ремонта', 'Ежегодно - 17 ноября'),
(179, 'Запайщик', 'ПайКрафт', 'ПК-55', '2021-03-05', '2024-03-05', 192, 'Цех 8', 'На складе', 'Ежеквартально - каждый понедельник'),
(180, 'Теплообменник', 'ТеплоОбмен', 'ТО-86', '2020-05-29', '2023-05-29', 224, 'Энергоблок', 'В работе', 'Ежемесячно - последняя пятница'),
(181, 'Лазерная резка', 'ЛазерСистем', 'ЛР-43', '2018-04-14', '2021-04-14', 217, 'Цех 4', 'Списан', 'Ежегодно - 28 февраля'),
(182, 'Варочная установка', 'ВарКа', 'ВК-55', '2019-12-18', '2022-12-18', 142, 'Цех 1', 'На складе', 'Ежеквартально - второй четверг'),
(183, 'Запчасти и аксессуары', 'ЗапТех', 'ЗТ-222', '2022-07-16', '2025-07-16', 152, 'Склад', 'В ремонте', 'Каждые четыре дня - 10 января и 10 февраля'),
(184, 'Тестовое устройство', 'ТестУст', 'ТУ-90', '2021-08-07', '2024-08-07', 198, 'Офис', 'На складе', 'Ежегодно - 22 апреля'),
(185, 'Кантовочный станок', 'КантСтан', 'КС-85', '2020-09-16', '2023-09-16', 261, 'Цех 3', 'В ремонте', 'Ежеквартально - третий понедельник'),
(186, 'Накопитель энергии', 'ЭнергоНакоп', 'ЭН-100', '2019-04-18', '2022-04-18', 109, 'Энергоблок', 'Списан', 'Ежегодно - 22 октября'),
(187, 'Отопительный котёл', 'ТеплоКотел', 'ТК-120', '2021-11-23', '2024-11-23', 241, 'Цех 2', 'На складе', 'Ежемесячно - первый вторник'),
(188, 'Токарный фрезерный центр', 'ТокарФрез', 'ТФ-300', '2020-01-29', '2023-01-29', 196, 'Цех 6', 'В работе', 'Ежеквартально - каждый понедельник'),
(189, 'Клеевой станок', 'КлейСтанок', 'КС-55', '2018-03-09', '2021-03-09', 122, 'Склад', 'На складе', 'Ежеквартально - второй четверг'),
(190, 'Ударный молот', 'УдарМаш', 'УМ-90', '2019-10-02', '2022-10-02', 218, 'Цех 8', 'Требует ремонта', 'Ежекватротно - третий понедельник'),
(191, 'Осветительная техника', 'СветТех', 'СТ-88', '2022-08-10', '2025-08-10', 130, 'Цех 5', 'В ремонте', 'Ежегодно - 14 апреля'),
(192, 'Автоматическая линия', 'АвтМаш', 'АМ-500', '2021-02-04', '2024-02-04', 253, 'Цех 4', 'На складе', 'Ежеквартально - каждый вторник'),
(193, 'Газовая турбина', 'ТурбоГаз', 'ТГ-750', '2020-11-08', '2023-11-08', 209, 'Энергоблок', 'В работе', 'Ежегодно - 18 мая'),
(194, 'Модульный стенд', 'МодУстСтенд', 'МУ-99', '2019-09-09', '2022-09-09', 101, 'Цех 3', 'На складе', 'Ежеквартально - третий четверг'),
(195, 'Аппарат высокой частоты', 'ВысЧап', 'ВЧ-40', '2022-06-22', '2025-06-22', 178, 'Лаборатория', 'Требует ремонта', 'Ежегодно - 11 марта'),
(196, 'Плазморез', 'ПлазмоМаш', 'ПМ-120', '2021-07-27', '2024-07-27', 113, 'Цех 1', 'В ремонте', 'Ежеквартально - каждый понедельник'),
(197, 'Трёхмерный принтер', '3Д-Принт', '3Д-45', '2020-04-02', '2023-04-02', 139, 'Офис', 'В работе', 'Ежегодно - 2 ноября'),
(198, 'Торцовочный станок', 'ТорцМаш', 'ТМ-220', '2019-05-04', '2022-05-04', 274, 'Цех 6', 'На складе', 'Ежеквартально - последний пятница'),
(199, 'Столярный тис', 'СтолТис', 'СТ-103', '2021-03-30', '2024-03-30', 222, 'Цех 2', 'В работе', 'Ежегодно - 8 января'),
(200, 'Линия автоматизации', 'АвтоЛиния', 'АЛ-78', '2020-08-16', '2023-08-16', 147, 'Цех 5', 'В ремонте', 'Ежедневно - 15 августа'),
(201, 'Полуавтоматический сварочный аппарат', 'СварТех', 'SW-500', '2021-05-05', '2024-05-05', 245, 'Цех 1', 'В работе', 'Ежегодно - 25 мая'),
(202, 'Бетономешалка', 'БетонМикс', 'BM-220', '2020-06-15', '2023-06-15', 269, 'Цех 2', 'На складе', 'Ежеквартально - вторая пятница'),
(203, 'Шламовый насос', 'ПромШлам', 'PN-300', '2022-09-08', '2025-09-08', 101, 'Цех 3', 'Требует ремонта', 'Ежемесячно - третья среда'),
(204, 'Шлифовальный станок ленточный', 'ЛенШлиф', 'LS-101', '2019-11-19', '2022-11-19', 120, 'Цех 4', 'В работе', 'Каждые три месяца - последний четверг'),
(205, 'Погрузочная машина', 'ПогрузМаш', 'PM-44', '2020-10-11', '2023-10-11', 172, 'Склад', 'В ремонте', 'Ежеквартально - четвертая пятница'),
(206, 'Токарный станок с ЧПУ', 'ЧПУТех', 'CNC-250', '2018-12-14', '2021-12-14', 169, 'Цех 5', 'Списан', 'Ежегодно - 10 января'),
(207, 'Брикетировочная машина', 'БрикетТех', 'BT-300', '2022-01-24', '2025-01-24', 119, 'Цех 6', 'В работе', 'Ежеквартально - третья пятница'),
(208, 'Автоматический сварочный аппарат', 'АвтоСвар', 'AS-300', '2021-05-25', '2024-05-25', 211, 'Цех 7', 'На складе', 'Ежегодно - 12 апреля'),
(209, 'Резательный станок', 'РезкаТех', 'RS-500', '2019-07-27', '2022-07-27', 156, 'Цех 3', 'На складе', 'Ежеквартально - второй понедельник'),
(210, 'Электродвигатель', 'ЭлектроМотор', 'EM-85', '2020-02-01', '2023-02-01', 236, 'Цех 8', 'В работе', 'Ежегодно - 23 января'),
(211, 'Конвейерная лента', 'КонвЛента', 'CL-33', '2019-09-09', '2022-09-09', 202, 'Склад', 'Требует ремонта', 'Ежемесячно - первая четверг'),
(212, 'Машина для упаковки', 'УпакМаш', 'UM-150', '2018-10-20', '2021-10-20', 120, 'Цех 1', 'Списан', 'Ежеквартально - пятая пятница'),
(213, 'Гидравлический кран', 'ГидроКран', 'GK-120', '2022-05-03', '2025-05-03', 204, 'На улице', 'В работе', 'Ежемесячно - третья пятница'),
(214, 'Опрессовочная машина', 'ОпРеп', 'OR-110', '2021-01-10', '2024-01-10', 273, 'Цех 5', 'На складе', 'Каждые пять месяцев - 10 февраля'),
(215, 'Лазерный сверлильный станок', 'ЛазСверло', 'LS-400', '2019-06-06', '2022-06-06', 110, 'Цех 6', 'В работе', 'Ежегодно - 5 мая'),
(216, 'Уплотнительная машина', 'УплотМаш', 'UM-500', '2020-08-18', '2023-08-18', 106, 'Цех 7', 'В ремонте', 'Каждые три месяца - первая среда'),
(217, 'Машина для резки металла', 'МетРез', 'MR-600', '2021-04-20', '2024-04-20', 116, 'Цех 8', 'На складе', 'Ежеквартально - третья четверг'),
(218, 'Гибочный станок', 'ГибСтан', 'GS-77', '2019-02-28', '2022-02-28', 164, 'Цех 1', 'Требует ремонта', 'Каждые шесть месяцев - 28 июня'),
(219, 'Промышленный компрессор', 'ПромКомпрес', 'PC-88', '2020-07-01', '2023-07-01', 197, 'Склад', 'В работе', 'Ежемесячно - каждый четверг'),
(220, 'Вибросепаратор', 'ВиброТех', 'VT-33', '2018-11-16', '2021-11-16', 139, 'Цех 2', 'Списан', 'Ежегодно - 16 декабря'),
(221, 'Тяжелый тельфер', 'ТельферТех', 'TT-99', '2022-04-12', '2025-04-12', 144, 'Цех 3', 'На складе', 'Ежегодно - 12 ноября'),
(222, 'Зубофрезерный станок', 'ЗубоРез', 'ZF-75', '2021-10-28', '2024-10-28', 106, 'Цех 5', 'В работе', 'Каждые два месяца - второй четверг'),
(223, 'Машина прокаточная', 'ПрокатТех', 'PT-310', '2019-03-30', '2022-03-30', 255, 'Цех 6', 'На складе', 'Ежеквартально - последний вторник'),
(224, 'Станок для профилирования', 'ПрофСтан', 'PS-44', '2020-01-18', '2023-01-18', 168, 'Цех 4', 'В ремонте', 'Ежегодно - 16 марта'),
(225, 'Манипулятор универсальный', 'МанипУнив', 'MU-57', '2021-02-22', '2024-02-22', 133, 'Цех 7', 'Требует ремонта', 'Ежеквартально - третий вторник'),
(226, 'Вибропресс', 'ВиброПресс', 'VP-64', '2018-05-11', '2021-05-11', 108, 'Цех 8', 'Списан', 'Ежегодно - 10 июля'),
(227, 'Ковочный пресс', 'КовПресс', 'KP-99', '2022-03-14', '2025-03-14', 278, 'Цех 2', 'На складе', 'Ежегодно - 13 апреля'),
(228, 'Машина для производства шпатлевки', 'ШпатПроизвод', 'SP-134', '2020-12-09', '2023-12-09', 167, 'Склад', 'В работе', 'Ежегодно - 5 мая'),
(229, 'Плазменный резак', 'ПлазРез', 'PR-22', '2021-02-19', '2024-02-19', 104, 'Цех 5', 'На складе', 'Каждые три месяца - последняя пятница'),
(230, 'Токарный станок с агрегатным планом', 'АгрегатСтан', 'AP-202', '2018-06-07', '2021-06-07', 171, 'Цех 3', 'Списан', 'Ежегодно - 6 июня'),
(231, 'Вулканизаторная машина', 'ВулкТех', 'VT-77', '2022-02-03', '2025-02-03', 172, 'Цех 1', 'В работе', 'Ежеквартально - каждый понедельник'),
(232, 'Экструдер для пластика', 'ЭкструТех', 'ET-88', '2021-06-11', '2024-06-11', 239, 'Цех 4', 'На складе', 'Ежегодно - 9 июля'),
(233, 'Универсальная шлифовальная машина', 'УниверсШлиф', 'US-450', '2019-11-09', '2022-11-09', 228, 'Цех 6', 'Требует ремонта', 'Ежемесячно - вторая суббота'),
(234, 'Роликовый конвейер', 'РоликКонв', 'RC-200', '2020-10-05', '2023-10-05', 233, 'Цех 7', 'На складе', 'Ежегодно - 4 ноября'),
(235, 'Вакуумная установка', 'ВакуумУст', 'VU-100', '2020-09-13', '2023-09-13', 122, 'Склад', 'В работе', 'Ежемесячно - четвертая среда'),
(236, 'Разгрузчик', 'РазгрТех', 'RT-50', '2021-03-16', '2024-03-16', 156, 'Цех 3', 'На складе', 'Ежеквартально - третий четверг'),
(237, 'Машина для нанесения лака', 'ЛакУст', 'LU-77', '2018-04-04', '2021-04-04', 265, 'Цех 2', 'Списан', 'Ежегодно - 3 мая'),
(238, 'Гидравлический экскаватор', 'ГидроЭкск', 'GE-500', '2020-01-30', '2023-01-30', 165, 'Вне помещения', 'В работе', 'Каждые четыре месяца - первая среда'),
(239, 'Транспортирующее устройство', 'ТрансУст', 'TU-99', '2019-07-05', '2022-07-05', 186, 'Цех 4', 'На складе', 'Ежегодно - 10 августа'),
(240, 'Автоматический пресс', 'АвтПресс', 'AP-56', '2021-08-17', '2024-08-17', 216, 'Цех 5', 'Требует ремонта', 'Ежемесячно - первый четверг'),
(241, 'Промышленная сушилка', 'ПромСушилка', 'PS-88', '2022-12-19', '2025-12-19', 167, 'Цех 7', 'На складе', 'Ежегодно - 19 января'),
(242, 'Кислородный насос', 'КислНасос', 'KN-500', '2020-11-29', '2023-11-29', 271, 'Цех 8', 'Требует ремонта', 'Ежегодно - 5 сентября'),
(243, 'Промышленный дозатор', 'ПроДозатор', 'PD-42', '2019-06-25', '2022-06-25', 177, 'Цех 6', 'На складе', 'Ежеквартально - каждая пятница'),
(244, 'Ленточный конвейер', 'ЛенКонвейер', 'LK-320', '2021-01-27', '2024-01-27', 280, 'Цех 1', 'В работе', 'Ежегодно - 18 января'),
(245, 'Освещение для машинных залов', 'ОсвещениеМ', 'OM-122', '2022-03-29', '2025-03-29', 206, 'Цех 2', 'На складе', 'Ежеквартально - каждый вторник'),
(246, 'Термоплёнка для пакетов', 'ТермПлёнка', 'TP-200', '2020-05-14', '2023-05-14', 259, 'Цех 3', 'В работе', 'Ежегодно - 18 июля'),
(247, 'Шлифовальный брус', 'ШлифБрус', 'SB-22', '2022-07-23', '2025-07-23', 229, 'Цех 5', 'На складе', 'Каждые шесть месяцев - 28 февраля'),
(248, 'Коптильный прибор', 'КопотПрибор', 'KP-400', '2019-10-21', '2022-10-21', 219, 'Цех 6', 'В работе', 'Ежеквартально - каждая среда'),
(249, 'Станок для измельчения', 'ИзмельчСтан', 'IS-600', '2018-08-03', '2021-08-03', 108, 'Цех 7', 'Списан', 'Ежегодно - 29 сентября'),
(250, 'Конвейер для погрузки', 'ПогрузКонв', 'PC-144', '2021-09-20', '2024-09-20', 235, 'Вне помещения', 'В ремонте', 'Ежемесячно - последний вторник'),
(251, 'Торговый автомат', 'ТоргАвт', 'TA-20', '2020-09-04', '2023-09-04', 124, 'Цех 4', 'На складе', 'Ежеквартально - каждая суббота'),
(252, 'Картонорезальная машина', 'КартонРез', 'KR-45', '2022-06-16', '2025-06-16', 242, 'Цех 1', 'В работе', 'Каждые два месяца - последний вторник'),
(253, 'Промышленная трещетка', 'ТрещеткаПро', 'TP-340', '2019-05-15', '2022-05-15', 232, 'Цех 2', 'На складе', 'Ежеквартально - каждый четверг'),
(254, 'Станок для оцилиндровки', 'ОцилСтан', 'OS-288', '2020-02-11', '2023-02-11', 128, 'Цех 3', 'В ремонте', 'Ежегодно - 30 мая'),
(255, 'Фальцовочная машина', 'ФальцТех', 'FM-15', '2021-07-12', '2024-07-12', 213, 'Цех 5', 'На складе', 'Ежегодно - 9 февраля'),
(256, 'Кислородная станция', 'КислСтан', 'KS-211', '2018-03-20', '2021-03-20', 255, 'Цех 6', 'Списан', 'Ежеквартально - пятая пятница'),
(257, 'Лента для упаковки', 'УпаковЛента', 'UL-78', '2022-05-09', '2025-05-09', 127, 'Цех 7', 'На складе', 'Ежегодно - 24 июня'),
(258, 'Сварочный агрегат', 'СварАгрегат', 'SA-150', '2023-01-01', '2026-01-01', 248, 'Цех 1', 'В работе', 'Ежегодно - 1 января'),
(259, 'Станок с ЧПУ', 'ЧПУСтанко', 'CS-500', '2023-02-02', '2026-02-02', 242, 'Цех 2', 'На складе', 'Ежеквартально - вторая среда'),
(260, 'Аспирационная установка', 'АспирТех', 'AT-100', '2023-03-03', '2026-03-03', 103, 'Цех 3', 'Требует ремонта', 'Ежемесячно - первая пятница'),
(261, 'Козловой кран', 'КозлКранТех', 'KK-250', '2023-04-04', '2026-04-04', 130, 'Цех 4', 'В работе', 'Ежегодно - 4 апреля'),
(262, 'Шлифовальная машина', 'ШлифМашТех', 'SM-90', '2023-05-05', '2026-05-05', 128, 'Цех 5', 'На складе', 'Ежеквартально - первая суббота'),
(263, 'Сепаратор', 'СепарТех', 'SP-67', '2023-06-06', '2026-06-06', 235, 'Цех 6', 'В работе', 'Ежегодно - 6 июня'),
(264, 'Компактор', 'КомпакТех', 'CT-45', '2023-07-07', '2026-07-07', 248, 'Цех 7', 'В ремонте', 'Ежеквартально - первый четверг'),
(265, 'Машина для укладки', 'УкладТех', 'UT-33', '2023-08-08', '2026-08-08', 142, 'Цех 8', 'Требует ремонта', 'Ежегодно - 8 августа'),
(266, 'Лазерная сварка', 'ЛазерСвар', 'LS-420', '2023-09-09', '2026-09-09', 121, 'Цех 1', 'Требует ремонта', 'Ежеквартально - последняя пятница'),
(267, 'Гидравлическое оборудование', 'ГидроОбуд', 'GO-550', '2023-10-10', '2026-10-10', 188, 'Цех 2', 'В работе', 'Ежеквартально - каждый вторник'),
(268, 'Токарный обрабатывающий центр', 'ТокЦентр', 'TC-601', '2023-11-11', '2026-11-11', 149, 'Цех 3', 'На складе', 'Ежегодно - 13 ноября'),
(269, 'Машина для гидрорезки', 'ГидроРез', 'GR-702', '2023-12-12', '2026-12-12', 221, 'Цех 4', 'В работе', 'Каждые два месяца - вторая среда'),
(270, 'Строительный подъёмник', 'СтройПодъем', 'SP-812', '2023-01-15', '2026-01-15', 200, 'Цех 5', 'На складе', 'Ежегодно - 15 января'),
(271, 'Электроустановка', 'ЭлектроТех', 'ET-639', '2023-02-16', '2026-02-16', 106, 'Цех 1', 'Требует ремонта', 'Ежеквартально - второй понедельник'),
(272, 'Термоформовщик', 'ТермоФорма', 'TF-999', '2023-03-17', '2026-03-17', 104, 'Цех 2', 'В работе', 'Каждые три месяца - последний вторник'),
(273, 'Машина для выдува', 'ВыдувТех', 'WT-109', '2023-04-18', '2026-04-18', 107, 'Цех 3', 'В ремонте', 'Ежегодно - 18 апреля'),
(274, 'Ударная установка', 'УдарТех', 'UT-318', '2023-05-19', '2026-05-19', 106, 'Цех 4', 'На складе', 'Ежеквартально - третий понедельник'),
(275, 'Машина для обрезки', 'ОбрезкаТех', 'OT-555', '2023-06-20', '2026-06-20', 134, 'Цех 5', 'В работе', 'Ежегодно - 20 июня'),
(276, 'Гидравлический пресс', 'ГидроПресс', 'HP-675', '2023-07-21', '2026-07-21', 117, 'Цех 6', 'Требует ремонта', 'Ежеквартально - каждая пятница'),
(277, 'Линия по упаковке', 'УпакЛиния', 'UL-491', '2023-08-22', '2026-08-22', 198, 'Цех 7', 'На складе', 'Каждый месяц - четвертый вторник'),
(278, 'Вакуумный упаковщик', 'ВакуумПак', 'VP-515', '2023-09-23', '2026-09-23', 144, 'Цех 8', 'В работе', 'Ежеквартально - каждый понедельник'),
(279, 'Бетономешалка', 'БетонМешок', 'BM-816', '2023-10-24', '2026-10-24', 173, 'Цех 1', 'В ремонте', 'Изменение - 24 октября'),
(280, 'Станок для профилей', 'ПрофильСтан', 'PS-999', '2023-11-25', '2026-11-25', 159, 'Цех 2', 'На складе', 'Ежегодно - 25 ноября'),
(281, 'Печь плавильная', 'ПлавПечь', 'PP-202', '2023-12-26', '2026-12-26', 254, 'Цех 3', 'В работе', 'Ежемесячно - четвертая пятница'),
(282, 'Монтажный кран', 'МонтажКран', 'MK-650', '2023-01-27', '2026-01-27', 217, 'Цех 4', 'На складе', 'Ежемесячно - второй вторник'),
(283, 'Пневматический компрессор', 'ПневмаКомпрес', 'PC-808', '2023-02-28', '2026-02-28', 168, 'Цех 5', 'В ремонте', 'Ежеквартально - первый четверг'),
(284, 'Сушильная установка', 'СушИспольз', 'SI-732', '2023-03-29', '2026-03-29', 269, 'Цех 6', 'На складе', 'Каждые четыре месяца - 29 марта'),
(285, 'Машина для резки', 'РезкаМаш', 'RM-849', '2023-04-30', '2026-04-30', 114, 'Цех 7', 'В работе', 'Ежегодно - 30 апреля'),
(286, 'Валяльно-просеивательная установка', 'ВаляльПреСе', 'VPS-401', '2023-05-31', '2026-05-31', 259, 'Цех 8', 'На складе', 'Ежемесячно - последний вторник'),
(287, 'Виброгрохот', 'ВиброГрох', 'VG-150', '2023-06-01', '2026-06-01', 252, 'Цех 1', 'В работе', 'Ежегодно - 1 июня'),
(288, 'Каменный европейский молот', 'КамМолот', 'KM-321', '2023-07-02', '2026-07-02', 148, 'Цех 2', 'Требует ремонта', 'Ежемесячно - первая пятница'),
(289, 'Станок для волочения проволоки', 'ВолокСтан', 'WS-980', '2023-08-03', '2026-08-03', 116, 'Цех 3', 'На складе', 'Ежеквартально - каждая среда'),
(290, 'Линия по фасовке муки', 'ФасовМуки', 'FM-777', '2023-09-04', '2026-09-04', 110, 'Цех 4', 'Требует ремонта', 'Ежемесячно - третий четверг'),
(291, 'Электрохимическая установка', 'ЭлектроХим', 'EH-994', '2023-10-05', '2026-10-05', 106, 'Цех 5', 'В работе', 'Каждые три месяца - второй вторник'),
(292, 'Печное оборудование', 'ПечОбуд', 'PO-768', '2023-11-06', '2026-11-06', 212, 'Цех 6', 'На складе', 'Ежегодно - 6 ноября'),
(293, 'Вспомогательное производственное оборудование', 'ВспомПроизОбуд', 'VPO-396', '2023-12-07', '2026-12-07', 268, 'Цех 7', 'В работе', 'Ежеквартально - первая пятница'),
(294, 'Машина текстильная', 'ТекстМаш', 'TM-123', '2023-01-08', '2026-01-08', 126, 'Цех 8', 'На складе', 'Ежемесячно - первая пятница'),
(295, 'Вентиляционная установка', 'ВентилеЦи', 'VU-894', '2023-02-09', '2026-02-09', 139, 'Цех 1', 'В работе', 'Ежеквартально - третий понедельник'),
(296, 'Акриловая линия', 'АкрилЛиния', 'AL-847', '2023-03-10', '2026-03-10', 172, 'Цех 2', 'На складе', 'Ежегодно - 10 марта'),
(297, 'Регенерационная машина', 'РегиМаш', 'RM-309', '2023-04-11', '2026-04-11', 147, 'Цех 3', 'Требует ремонта', 'Ежеквартально - первый понедельник'),
(298, 'Фрезерная установка', 'ФрезерТех', 'FT-173', '2023-05-12', '2026-05-12', 218, 'Цех 4', 'На складе', 'Каждые два месяца - первый четверг'),
(299, 'Центрифужная машина', 'ЦентрифМаш', 'CM-456', '2023-06-13', '2026-06-13', 150, 'Цех 5', 'В работе', 'Ежегодно - 13 июня'),
(300, 'Выгрузочное устройство', 'ВыгрузУстр', 'VU-701', '2023-07-14', '2026-07-14', 226, 'Цех 6', 'Требует ремонта', 'Ежеквартально - второй вторник'),
(301, 'Агрегат электропитания', 'АгрЕл', 'AE-458', '2023-08-15', '2026-08-15', 213, 'Цех 7', 'На складе', 'Ежеквартально - последний понедельник'),
(302, 'Смазочная станция', 'СмазочнаяСтан', 'SS-110', '2023-09-16', '2026-09-16', 201, 'Цех 8', 'В работе', 'Каждая пятница месяца - тридцатый день'),
(303, 'Насос циркуляционный', 'ЦиркНасос', 'CN-298', '2023-10-17', '2026-10-17', 270, 'Цех 1', 'На складе', 'Ежегодно - 17 октября'),
(304, 'Бункер для хранения', 'БункерХран', 'BH-555', '2023-11-18', '2026-11-18', 134, 'Цех 2', 'Требует ремонта', 'Ежеквартально - четвертая пятница'),
(305, 'Порошковая шлифмашина', 'ПорошШлиф', 'PS-659', '2023-12-19', '2026-12-19', 238, 'Цех 3', 'В работе', 'Ежегодно - 19 декабря'),
(306, 'Частотный преобразователь', 'ЧастотПреобр', 'CP-982', '2023-01-20', '2026-01-20', 151, 'Цех 4', 'На складе', 'Ежеквартально - вторая пятница'),
(307, 'Узел машинного зрения', 'МашЗрение', 'MZ-548', '2023-02-21', '2026-02-21', 168, 'Цех 5', 'В работе', 'Ежегодно - 21 февраля'),
(308, 'Иономер', 'ИонТех', 'IT-830', '2023-03-22', '2026-03-22', 279, 'Цех 6', 'На складе', 'Ежеквартально - вторая пятница'),
(309, 'Устройство для обмотки', 'ОбмотУстр', 'OU-201', '2023-04-23', '2026-04-23', 131, 'Цех 7', 'В работе', 'Ежегодно - 23 апреля'),
(310, 'Тепловая камера', 'ТеплоКамера', 'TC-743', '2023-05-24', '2026-05-24', 157, 'Цех 8', 'На складе', 'Каждые три месяца - последний понедельник'),
(311, 'Резервуар для жидкостей', 'РезервЖидкость', 'RJ-488', '2023-06-25', '2026-06-25', 218, 'Цех 1', 'В работе', 'Ежеквартально - третий четверг'),
(312, 'Станция управления', 'СтанУправ', 'SU-321', '2023-07-26', '2026-07-26', 103, 'Цех 2', 'На складе', 'Ежегодно - 26 июля'),
(313, 'Транспортная платформа', 'ТрансПлатформа', 'TP-806', '2023-08-27', '2026-08-27', 205, 'Цех 3', 'В ремонте', 'Ежемесячно - последний пятница'),
(314, 'Вакуумная сушилка', 'ВакуумСушилка', 'VS-906', '2023-09-28', '2026-09-28', 201, 'Цех 4', 'На складе', 'Ежегодно - 28 сентября'),
(315, 'Электромеханический пресс', 'ЭлектроПресс', 'EP-943', '2023-10-29', '2026-10-29', 264, 'Цех 5', 'Требует ремонта', 'Ежеквартально - последний четверг'),
(316, 'Проволочная обмотка', 'ПроволОбмот', 'PO-712', '2023-11-30', '2026-11-30', 104, 'Цех 6', 'На складе', 'Ежегодно - 30 ноября'),
(317, 'Магнитный шлифовальный станок', 'МагШлифСтан', 'MS-666', '2023-12-31', '2026-12-31', 177, 'Цех 7', 'В работе', 'Ежеквартально - первый понедельник'),
(318, 'Контрольная установка', 'КонтролУстан', 'KU-511', '2023-01-01', '2026-01-01', 269, 'Цех 8', 'На складе', 'Ежегодно - 1 января'),
(319, 'Координатный стол', 'КоорТехСтол', 'KT-777', '2023-02-02', '2026-02-02', 174, 'Цех 1', 'Требует ремонта', 'Ежеквартально - второй вторник'),
(320, 'Упаковочная машина', 'УпакОбуд', 'UM-522', '2023-03-03', '2026-03-03', 267, 'Цех 2', 'В работе', 'Ежеквартально - первый вторник'),
(321, 'Опрыскиватель', 'ОпрыскТех', 'OT-619', '2023-04-04', '2026-04-04', 132, 'Цех 3', 'На складе', 'Ежегодно - 4 апреля'),
(322, 'Укладочная машина', 'УкладОбуд', 'UO-989', '2023-05-05', '2026-05-05', 280, 'Цех 4', 'В ремонте', 'Ежеквартально - четвертая пятница'),
(323, 'Лента для пластификации', 'ПластЛента', 'PL-301', '2023-06-06', '2026-06-06', 112, 'Цех 5', 'На складе', 'Ежедневно - рабочие дни'),
(324, 'Этиковальный аппарат', 'ЭтиковСтан', 'EA-100', '2023-07-07', '2026-07-07', 272, 'Цех 6', 'В работе', 'Ежеквартально - третий вторник'),
(325, 'КИПиА подвес', 'КИПиАПодвес', 'KP-888', '2023-08-08', '2026-08-08', 229, 'Цех 7', 'На складе', 'Ежегодно - 8 августа'),
(326, 'Танк для сыпучих материалов', 'ТанкСыпуч', 'TS-123', '2023-09-09', '2026-09-09', 127, 'Цех 8', 'В работе', 'Ежеквартально - каждый четверг'),
(327, 'Выжимной пресс', 'ВыжимПресс', 'VP-456', '2023-10-10', '2026-10-10', 273, 'Цех 1', 'На складе', 'Ежегодно - 10 октября'),
(328, 'Порошковый бак', 'ПорошБак', 'PB-789', '2023-11-11', '2026-11-11', 210, 'Цех 2', 'Требует ремонта', 'Ежеквартально - последняя среда'),
(329, 'Центрифуга', 'ЦентрифТех', 'CT-999', '2023-12-12', '2026-12-12', 275, 'Цех 3', 'На складе', 'Ежемесячно - четвертая суббота'),
(330, 'Оптический микроскоп', 'ОптМикро', 'OM-323', '2023-01-13', '2026-01-13', 221, 'Цех 4', 'В работе', 'Ежеквартально - третий четверг'),
(331, 'Грязевик', 'ГрязТех', 'GT-564', '2023-02-14', '2026-02-14', 112, 'Цех 5', 'На складе', 'Ежеквартально - четвертая среда'),
(332, 'Тепловизор', 'ТеплоВизор', 'TV-677', '2023-03-15', '2026-03-15', 191, 'Цех 6', 'В работе', 'Ежеквартально - вторник каждой недели'),
(333, 'Тестер', 'ТестМаш', 'TM-890', '2023-04-16', '2026-04-16', 126, 'Цех 7', 'На складе', 'Ежегодно - 16 апреля'),
(334, 'Печь горячего воздуха', 'ГорПечь', 'GP-101', '2023-05-17', '2026-05-17', 133, 'Цех 8', 'В ремонте', 'Ежеквартально - пятница первой недели'),
(335, 'Лабораторная вытяжка', 'ЛабВытяжка', 'LV-214', '2023-06-18', '2026-06-18', 140, 'Цех 1', 'На складе', 'Ежегодно - 18 июня'),
(336, 'Автоматическая пробовышка', 'АвтоПробу', 'AP-345', '2023-07-19', '2026-07-19', 280, 'Цех 2', 'В работе', 'Ежеквартально - второй четверг'),
(337, 'Протяжка кабеля', 'ПротКабель', 'PK-987', '2023-08-20', '2026-08-20', 231, 'Цех 3', 'На складе', 'Ежегодно - 20 августа'),
(338, 'Пылесборник', 'ПылСбор', 'PS-543', '2023-09-21', '2026-09-21', 229, 'Цех 4', 'В ремонте', 'Ежеквартально - последняя суббота'),
(339, 'Автоматический краскопульт', 'АвтоКраска', 'AK-169', '2023-10-22', '2026-10-22', 235, 'Цех 5', 'На складе', 'Ежегодно - 22 октября'),
(340, 'Печь выполняющая', 'ВыполнПечь', 'VP-111', '2023-11-23', '2026-11-23', 116, 'Цех 6', 'В ремонте', 'Ежеквартально - первый четверг'),
(341, 'Дисковая пилорама', 'ДискПилор', 'DP-222', '2023-12-24', '2026-12-24', 134, 'Цех 7', 'На складе', 'Ежегодно - 24 декабря'),
(342, 'Станок роторный', 'СтанРот', 'SR-333', '2023-01-25', '2026-01-25', 198, 'Цех 8', 'В работе', 'Ежеквартально - третья суббота'),
(343, 'Всякий осветитель', 'ОсветВсяк', 'OV-444', '2023-02-26', '2026-02-26', 224, 'Цех 1', 'На складе', 'Ежегодно - 26 февраля'),
(344, 'Кантовщик грузов', 'КантГруз', 'KG-555', '2023-03-27', '2026-03-27', 253, 'Цех 2', 'В ремонте', 'Ежеквартально - второй вторник'),
(345, 'Блок управления', 'БлокУпр', 'BU-666', '2023-04-28', '2026-04-28', 118, 'Цех 3', 'На складе', 'Ежегодно - 28 апреля'),
(346, 'Шкаф электрощит', 'ШкЭлектр', 'SE-777', '2023-05-29', '2026-05-29', 255, 'Цех 4', 'В ремонте', 'Ежеквартально - каждый понедельник'),
(347, 'Робот манипулятор', 'РобМан', 'RM-888', '2023-06-30', '2026-06-30', 182, 'Цех 5', 'На складе', 'Ежеквартально - пятая неделя месяца'),
(348, 'Калибратор измерительный', 'КалИзм', 'KI-999', '2023-07-31', '2026-07-31', 146, 'Цех 6', 'В работе', 'Ежегодно - 31 июля'),
(349, 'Измеритель давления', 'ИзмерДавл', 'ID-111', '2023-08-01', '2026-08-01', 125, 'Цех 7', 'На складе', 'Ежегодно - 1 августа'),
(350, 'Регулятор тока', 'РегТок', 'RT-123', '2023-09-02', '2026-09-02', 130, 'Цех 8', 'В ремонте', 'Ежегодно - 2 сентября'),
(351, 'Миксер индустриальный', 'МиксИндустр', 'MI-345', '2023-10-03', '2026-10-03', 259, 'Цех 1', 'Требует ремонта', 'Ежегодно - 3 октября'),
(352, 'Точка доступа', 'ТочкДост', 'TD-567', '2023-11-04', '2026-11-04', 229, 'Цех 2', 'На складе', 'Ежегодно - 4 ноября'),
(353, 'Токовый трансформатор', 'ТокТранс', 'TT-789', '2023-12-05', '2026-12-05', 273, 'Цех 3', 'В работе', 'Ежеквартально - пятый рабочий день'),
(354, 'Испытательная установка', 'ИспытУстан', 'IU-111', '2023-01-06', '2026-01-06', 108, 'Цех 4', 'На складе', 'Ежегодно - 6 января'),
(355, 'Блок вентиляции', 'БлокВент', 'BV-222', '2023-02-07', '2026-02-07', 187, 'Цех 5', 'В ремонте', 'Ежеквартально - второй понедельник месяца'),
(356, 'Сетевой фильтр', 'СетФильтр', 'SF-333', '2023-03-08', '2026-03-08', 236, 'Цех 6', 'На складе', 'Ежеквартально - пятница первой недели'),
(357, 'Искрогаситель', 'ИскроГас', 'IG-444', '2023-04-09', '2026-04-09', 114, 'Цех 7', 'На складе', 'Ежегодно - 9 апреля'),
(358, 'Узел охлаждения', 'ОхлУзел', 'OU-555', '2023-05-10', '2026-05-10', 154, 'Цех 8', 'В работе', 'Ежеквартально - третья пятница'),
(359, 'Изолирующая платформа', 'ИзолПлат', 'IP-666', '2023-06-11', '2026-06-11', 212, 'Цех 1', 'Требует ремонта', 'Ежегодно - 11 июня'),
(360, 'Щеточный генератор', 'ЩетГенератор', 'SG-777', '2023-07-12', '2026-07-12', 111, 'Цех 2', 'На складе', 'Ежегодно - 12 июля'),
(361, 'Корпус распределения', 'КорпРаспредел', 'KR-999', '2023-08-13', '2026-08-13', 246, 'Цех 3', 'В ремонте', 'Ежеквартально - первый вторник'),
(362, 'Автомат защиты', 'АвтоматЗащит', 'AZ-777', '2023-09-14', '2026-09-14', 134, 'Цех 4', 'На складе', 'Ежегодно - 14 сентября'),
(363, 'Люминесцентная панель', 'ЛюминПанель', 'LP-888', '2023-10-15', '2026-10-15', 234, 'Цех 5', 'В работе', 'Ежеквартально - конец месяца'),
(364, 'Смотровой люк', 'СмотрЛюк', 'SL-111', '2023-11-16', '2026-11-16', 148, 'Цех 6', 'Требует ремонта', 'Ежеквартально - первый четверг'),
(365, 'Источник тока', 'ИсточТока', 'IT-666', '2023-12-17', '2026-12-17', 264, 'Цех 7', 'На складе', 'Ежегодно - 17 декабря'),
(366, 'Кабельная трасса', 'КабТрасса', 'KT-333', '2023-01-18', '2026-01-18', 205, 'Цех 8', 'В ремонте', 'Ежеквартально - второй вторник месяца'),
(367, 'Считыватель меток', 'СчитывМетка', 'SM-999', '2023-02-19', '2026-02-19', 279, 'Цех 1', 'На складе', 'Ежегодно - 19 февраля'),
(368, 'Трансформатор тока', 'ТрансТока', 'TT-222', '2023-03-20', '2026-03-20', 225, 'Цех 2', 'В работе', 'Ежеквартально - вторая среда'),
(369, 'Датчик угла', 'ДатУгла', 'DU-555', '2023-04-21', '2026-04-21', 161, 'Цех 3', 'На складе', 'Ежегодно - 21 апреля'),
(370, 'Приемная плита', 'ПриемПлита', 'PP-777', '2023-05-22', '2026-05-22', 245, 'Цех 4', 'В ремонте', 'Ежеквартально - третья пятница'),
(371, 'Устройство для затяжки', 'УстрЗатяжка', 'UZ-333', '2023-06-23', '2026-06-23', 212, 'Цех 5', 'На складе', 'Ежегодно - 23 июня'),
(372, 'Аппаратура защиты', 'АппЗащита', 'AZ-444', '2023-07-24', '2026-07-24', 202, 'Цех 6', 'В ремонте', 'Ежеквартально - второй четверг месяца'),
(373, 'Кабельный короб', 'КабКороб', 'KK-111', '2023-08-25', '2026-08-25', 277, 'Цех 7', 'На складе', 'Ежегодно - 25 августа'),
(374, 'Датчик положения', 'ДатПолож', 'DP-222', '2023-09-26', '2026-09-26', 159, 'Цех 8', 'В работе', 'Ежеквартально - третий вторник месяца'),
(375, 'Интерфейс подключения', 'ИнтерфПодкл', 'IP-333', '2023-10-27', '2026-10-27', 135, 'Цех 1', 'На складе', 'Ежегодно - 27 октября'),
(376, 'Микроконтроллер', 'МикроКонт', 'МК-444', '2023-11-28', '2026-11-28', 280, 'Цех 2', 'В ремонте', 'Ежеквартально - второй четверг месяца'),
(377, 'Часы реального времени', 'ЧасыРеальн', 'ЧР-555', '2023-12-29', '2026-12-29', 197, 'Цех 3', 'На складе', 'Ежегодно - 29 декабря'),
(378, 'Аккумуляторная батарея', 'АккБат', 'АБ-666', '2023-01-30', '2026-01-30', 180, 'Цех 4', 'В ремонте', 'Ежеквартально - третий понедельник месяца'),
(379, 'Терморезистор', 'ТермРезист', 'ТР-777', '2023-02-01', '2026-02-01', 208, 'Цех 5', 'На складе', 'Ежегодно - 1 февраля'),
(380, 'Контактное устройство', 'КонтактУстр', 'КУ-888', '2023-03-02', '2026-03-02', 181, 'Цех 6', 'В ремонте', 'Ежеквартально - вторая среда месяца'),
(381, 'Измерительный блок', 'ИзмерБлок', 'ИБ-999', '2023-04-03', '2026-04-03', 133, 'Цех 7', 'На складе', 'Ежегодно - 3 апреля'),
(382, 'Осветительная установка', 'ОсвУстановка', 'ОУ-111', '2023-05-04', '2026-05-04', 192, 'Цех 8', 'В работе', 'Ежеквартально - четвертая пятница месяца'),
(383, 'Модуль контроля', 'МодКонтр', 'МК-222', '2023-06-05', '2026-06-05', 144, 'Цех 1', 'На складе', 'Ежегодно - 5 июня'),
(384, 'Преобразователь напряжения', 'ПреобрНапреж', 'ПН-333', '2023-07-06', '2026-07-06', 152, 'Цех 2', 'Требует ремонта', 'Ежеквартально - третий вторник месяца'),
(385, 'Реле управления', 'РелеУпр', 'РУ-444', '2023-08-07', '2026-08-07', 192, 'Цех 3', 'На складе', 'Ежегодно - 7 августа'),
(386, 'Ограничитель тока', 'ОгрТока', 'ОТ-555', '2023-09-08', '2026-09-08', 198, 'Цех 4', 'В работе', 'Ежеквартально - пятый рабочий день'),
(387, 'Цифровой вольтметр', 'ЦифрВольтм', 'ЦВ-666', '2023-10-09', '2026-10-09', 263, 'Цех 5', 'На складе', 'Ежегодно - 9 октября'),
(388, 'Измеритель сопротивления', 'ИзмерСопр', 'ИС-777', '2023-11-10', '2026-11-10', 170, 'Цех 6', 'В ремонте', 'Ежеквартально - второй четверг месяца'),
(389, 'Метрологическое оборудование', 'МетроОбуд', 'МО-888', '2023-12-11', '2026-12-11', 161, 'Цех 7', 'На складе', 'Ежегодно - 11 декабря'),
(390, 'Транзисторная плата', 'ТранзПлата', 'ТП-999', '2023-01-12', '2026-01-12', 141, 'Цех 8', 'В работе', 'Ежеквартально - третий понедельник месяца'),
(391, 'Силовой выключатель', 'СилВыключат', 'СВ-321', '2023-02-13', '2026-02-13', 212, 'Цех 1', 'Требует ремонта', 'Ежегодно - 13 февраля'),
(392, 'Датчик температуры', 'ДатТемп', 'ДТ-987', '2023-03-14', '2026-03-14', 276, 'Цех 2', 'На складе', 'Ежеквартально - первая пятница месяца'),
(393, 'Контроллер доступа', 'КонтрДоступа', 'КД-654', '2023-04-15', '2026-04-15', 164, 'Цех 3', 'В работе', 'Ежегодно - 15 апреля'),
(394, 'Цепь управления', 'ЦепьУпр', 'ЦУ-432', '2023-05-16', '2026-05-16', 173, 'Цех 4', 'На складе', 'Ежеквартально - четвертая вторник месяца'),
(395, 'Трансформатор напряжения', 'ТрансНапряж', 'ТН-210', '2023-06-17', '2026-06-17', 133, 'Цех 5', 'Требует ремонта', 'Ежегодно - 17 июня'),
(396, 'Кабельный разъем', 'КабРазъем', 'КР-876', '2023-07-18', '2026-07-18', 262, 'Цех 6', 'На складе', 'Ежеквартально - пятый день недели'),
(397, 'Шкаф управления', 'ШкУпр', 'ШУ-543', '2023-08-19', '2026-08-19', 128, 'Цех 7', 'В работе', 'Ежеквартально - третья понедельник месяца'),
(398, 'Модуль связи', 'МодСвязь', 'МС-210', '2023-09-20', '2026-09-20', 160, 'Цех 8', 'На складе', 'Ежегодно - 20 сентября'),
(399, 'Автоматический выключатель', 'АвтоВыключат', 'АВ-890', '2023-10-21', '2026-10-21', 110, 'Цех 1', 'В ремонте', 'Ежеквартально - последний четверг месяца'),
(400, 'Кабельная стойка', 'КабСтойка', 'КС-111', '2023-11-22', '2026-11-22', 240, 'Цех 2', 'На складе', 'Ежегодно - 22 ноября'),
(401, 'Панель дисплея', 'ПанельДисплей', 'ПД-765', '2023-12-23', '2026-12-23', 267, 'Цех 3', 'В работе', 'Ежеквартально - каждый понедельник'),
(402, 'Тепловая помпа', 'ТеплоПомпа', 'ТП-543', '2023-01-24', '2026-01-24', 222, 'Цех 4', 'На складе', 'Ежегодно - 24 января'),
(403, 'Кабельный переходник', 'КабПерех', 'КП-321', '2023-02-25', '2026-02-25', 162, 'Цех 5', 'Требует ремонта', 'Ежеквартально - третий четверг месяца'),
(404, 'Реле перегрузки', 'РелеПерегр', 'РП-987', '2023-03-26', '2026-03-26', 171, 'Цех 6', 'На складе', 'Ежедневно - каждый день'),
(405, 'Шкаф энергоцентра', 'ШкЭнерго', 'ШЭ-654', '2023-04-27', '2026-04-27', 173, 'Цех 7', 'В работе', 'Ежеквартально - каждый понедельник');


INSERT INTO MaintenanceRecords VALUES
(1, 322, '2023-01-15', 161, 'Плановое ТО по замене масла', 1500.00, '2023-07-15', 'Выполнено', 'Техническое обслуживание', 246),
(2, 114, '2023-02-20', 165, 'Замена фильтров и проверка системы', 2500.00, '2023-08-20', 'Выполнено', 'Профилактическое обслуживание', 156),
(3, 83, '2023-03-10', 51, 'Ремонт привода и калибровка', 5000.00, '2023-09-10', 'Выполнено', 'Капитальный ремонт', 275),
(4, 2, '2023-04-05', 222, 'Обновление программного обеспечения', 2000.00, '2023-10-05', 'Выполнено', 'Информационное обслуживание', 272),
(5, 386, '2023-05-22', 278, 'Тестирование и диагностика', 1800.00, '2023-11-22', 'Выполнено', 'Диагностическое обслуживание', 121),
(6, 253, '2023-06-30', 254, 'Ремонт электроники, проверка цепей', 3000.00, '2023-12-30', 'Выполнено', 'Электротехническое обслуживание', 299),
(7, 260, '2023-07-18', 176, 'Проверка и регулировка датчиков', 1200.00, '2024-01-18', 'Выполнено', 'Контрольное обслуживание', 148),
(8, 299, '2023-08-25', 304, 'Замена ремней и роликов', 1600.00, '2024-02-25', 'Выполнено', 'Техническое обслуживание', 244),
(9, 167, '2023-09-14', 258, 'Очистка системы охлаждения', 1300.00, '2024-03-14', 'Выполнено', 'Профилактическое обслуживание', 118),
(10, 129, '2023-10-03', 87, 'Проверка и наладка оборудования', 1700.00, '2024-04-03', 'Выполнено', 'Настроечное обслуживание', 231),
(11, 69, '2023-11-11', 113, 'Замена и калибровка датчиков', 2100.00, '2024-05-11', 'Выполнено', 'Калибровочное обслуживание', 251),
(12, 400, '2023-12-20', 124, 'Комплексное техническое освидетельствование', 4000.00, '2024-06-20', 'Выполнено', 'Комплексное обслуживание', 288),
(13, 356, '2023-11-15', 55, 'Замена батареи и проверка системы', 2700.00, '2024-05-15', 'Выполнено', 'Энергетическое обслуживание', 158),
(14, 167, '2023-12-05', 64, 'Ремонт и наладка управляющего блока', 3500.00, '2024-06-05', 'Выполнено', 'Управляющее обслуживание', 230),
(15, 76, '2023-10-27', 84, 'Очистка контактов и обновление ПО', 2300.00, '2024-04-27', 'Выполнено', 'Контактное обслуживание', 163),
(16, 102, '2023-09-22', 94, 'Диагностика системы безопасности', 3200.00, '2024-03-22', 'Выполнено', 'Безопасное обслуживание', 166),
(17, 56, '2023-08-14', 279, 'Ремонт гидравлической системы', 4500.00, '2024-02-14', 'Выполнено', 'Гидравлическое обслуживание', 213),
(18, 158, '2023-07-02', 99, 'Очистка и смазывание частей', 1100.00, '2024-01-02', 'Выполнено', 'Механическое обслуживание', 215),
(19, 355, '2023-06-18', 245, 'Проверка герметичности и калибровка', 2900.00, '2023-12-18', 'Выполнено', 'Герметизационное обслуживание', 108),
(20, 349, '2023-05-06', 46, 'Контроль эффективной работы системы', 3400.00, '2023-11-06', 'Выполнено', 'Эффективное обслуживание', 258),
(21, 141, '2023-01-12', 159, 'Замена узлов и деталей', 3700.00, '2023-07-12', 'Выполнено', 'Ремонтовое обслуживание', 221),
(22, 74, '2023-02-17', 11, 'Анализ и тестирование кронштейнов', 2200.00, '2023-08-17', 'Выполнено', 'Тестовое обслуживание', 139),
(23, 187, '2023-03-07', 58, 'Калибровка и проверка показателей', 3100.00, '2023-09-07', 'Выполнено', 'Показательное обслуживание', 249),
(24, 191, '2023-04-24', 112, 'Ремонт и проверка климат-контроля', 5300.00, '2023-10-24', 'Выполнено', 'Климатическое обслуживание', 250),
(25, 68, '2023-02-28', 29, 'Смазывание узлов и тестирование', 2400.00, '2023-08-28', 'Выполнено', 'Тестовое обслуживание', 108),
(26, 145, '2023-03-16', 150, 'Обновление инструкции по эксплуатации', 500.00, '2023-09-16', 'Выполнено', 'Административное обслуживание', 253),
(27, 63, '2023-04-11', 122, 'Диагностика и замена предохранителей', 1450.00, '2023-10-11', 'Выполнено', 'Электротехническое обслуживание', 184),
(28, 171, '2023-05-09', 10, 'Ремонт тормозной системы', 4050.00, '2023-11-09', 'Выполнено', 'Тормозное обслуживание', 105),
(29, 184, '2023-06-15', 109, 'Проверка и настройка звуковых сигналов', 950.00, '2023-12-15', 'Выполнено', 'Акустическое обслуживание', 220),
(30, 74, '2023-01-19', 266, 'Калибровка механических частей', 2450.00, '2023-07-19', 'Выполнено', 'Калибровочное обслуживание', 279),
(31, 81, '2023-02-23', 311, 'Очистка и тестирование промышленной линии', 3300.00, '2023-08-23', 'Выполнено', 'Клининговое обслуживание', 254),
(32, 119, '2023-03-12', 73, 'Обслуживание программных компонентов', 2800.00, '2023-09-12', 'Выполнено', 'Программное обслуживание', 158),
(33, 78, '2023-04-26', 118, 'Замена термопасты и очистка элементов', 1350.00, '2023-10-26', 'Выполнено', 'Техническое обслуживание', 248),
(34, 310, '2023-05-14', 82, 'Проверка и замена резиновых прокладок', 1650.00, '2023-11-14', 'Выполнено', 'Герметизационное обслуживание', 218),
(35, 106, '2023-06-04', 315, 'Ремонт редуктора и проверка уровней', 4600.00, '2023-12-04', 'Выполнено', 'Редукторное обслуживание', 159),
(36, 266, '2023-07-13', 261, 'Капитальный ремонт двигательной установки', 7500.00, '2024-01-13', 'Выполнено', 'Капитальное обслуживание', 224),
(37, 183, '2023-08-23', 258, 'Полная диагностика конструкции', 4950.00, '2024-02-23', 'Выполнено', 'Конструктивное обслуживание', 250),
(38, 189, '2023-09-18', 5, 'Очистка и калибровка диагностических приборов', 2150.00, '2024-03-18', 'Выполнено', 'Приборное обслуживание', 282),
(39, 78, '2023-10-08', 299, 'Обновление системных модулей', 2800.00, '2024-04-08', 'Выполнено', 'Модульное обслуживание', 139),
(40, 53, '2023-11-05', 108, 'Проверка системы вентиляции', 1750.00, '2024-05-05', 'Выполнено', 'Вентиляционное обслуживание', 240),
(41, 181, '2023-12-25', 79, 'Замена и регулировка тормозов', 3700.00, '2024-06-25', 'Выполнено', 'Тормозное обслуживание', 122),
(42, 174, '2023-01-10', 270, 'Перепрограммирование управляющих блоков', 3200.00, '2023-07-10', 'Выполнено', 'Управленческое обслуживание', 125),
(43, 374, '2023-02-05', 38, 'Диагностика электрических соединений', 2750.00, '2023-08-05', 'Выполнено', 'Электротехническое обслуживание', 225),
(44, 102, '2023-03-15', 23, 'Ремонт и настройка защиты оборудования', 3950.00, '2023-09-15', 'Выполнено', 'Защитное обслуживание', 237),
(45, 105, '2023-04-30', 149, 'Комплексное тестирование узлов и механизмов', 4400.00, '2023-10-30', 'Выполнено', 'Комплексное обслуживание', 158),
(46, 168, '2023-05-20', 22, 'Обновление документации и чертежей', 1000.00, '2023-11-20', 'Выполнено', 'Документационное обслуживание', 101),
(47, 10, '2023-06-10', 285, 'Регулировка и контроль механических узлов', 2950.00, '2023-12-10', 'Выполнено', 'Механическое обслуживание', 250),
(48, 30, '2023-07-07', 119, 'Проверка и модификация защитного кодирования', 3850.00, '2024-01-07', 'Выполнено', 'Кодовое обслуживание', 263),
(49, 37, '2023-08-30', 80, 'Сменное обслуживание с детализацией', 3250.00, '2024-02-28', 'Выполнено', 'Детализированное обслуживание', 186),
(50, 106, '2023-09-27', 172, 'Компьютерное тестирование системы связи', 2500.00, '2024-03-27', 'Выполнено', 'Коммуникационное обслуживание', 290),
(51, 73, '2023-10-15', 251, 'Развернутый анализ электропитания', 4700.00, '2024-04-15', 'Выполнено', 'Энергетическое обслуживание', 117),
(52, 50, '2023-11-02', 166, 'Контроль и модернизация охладителя', 4100.00, '2024-05-02', 'Выполнено', 'Охлаждающее обслуживание', 221),
(53, 236, '2023-12-18', 5, 'Проверка сенсоров и отклика системы', 3350.00, '2024-06-18', 'Выполнено', 'Сенсорное обслуживание', 244),
(54, 259, '2023-01-08', 45, 'Криминалистический анализ неисправностей', 4900.00, '2023-07-08', 'Выполнено', 'Аналитическое обслуживание', 220),
(55, 314, '2023-02-12', 299, 'Логистическая оценка эксплуатационных затрат', 2400.00, '2023-08-12', 'Выполнено', 'Логистическое обслуживание', 246),
(56, 362, '2023-03-01', 138, 'Калибровка и программирование пульта', 3450.00, '2023-09-01', 'Выполнено', 'Контроллерное обслуживание', 257),
(57, 270, '2023-04-13', 143, 'Очистка корпуса и внутренних деталей', 1550.00, '2023-10-13', 'Выполнено', 'Корпусное обслуживание', 222),
(58, 140, '2023-05-02', 246, 'Анализ и улучшение механизма подачи', 4200.00, '2023-11-02', 'Выполнено', 'Механическое обслуживание', 114),
(59, 335, '2023-06-27', 307, 'Экологическая проверка выбросов', 2800.00, '2023-12-27', 'Выполнено', 'Экологическое обслуживание', 168),
(60, 212, '2023-07-20', 244, 'Диагностика и настройка антивибрационной системы', 3000.00, '2024-01-20', 'Выполнено', 'Антивибрационное обслуживание', 297),
(61, 400, '2023-08-17', 27, 'Анализ и перезарядка аккумулятора', 1900.00, '2024-02-17', 'Выполнено', 'Энергетическое обслуживание', 254),
(62, 343, '2023-09-11', 194, 'Проверка состояния уплотнительных материалов', 2100.00, '2024-03-11', 'Выполнено', 'Уплотнительное обслуживание', 138),
(63, 98, '2023-10-01', 129, 'Комплексная диагностика электролитической системы', 3600.00, '2024-04-01', 'Выполнено', 'Электрохимическое обслуживание', 175),
(64, 353, '2023-11-25', 307, 'Ремонт и кальцинирование подставок', 2650.00, '2024-05-25', 'Выполнено', 'Конструкционное обслуживание', 272),
(65, 326, '2023-12-08', 312, 'Долив масла и сервисное обслуживание двигателя', 3000.00, '2024-06-08', 'Выполнено', 'Двигательное обслуживание', 216),
(66, 97, '2023-01-04', 18, 'Модернизация системы управления', 4550.00, '2023-07-04', 'Выполнено', 'Управленческое обслуживание', 269),
(67, 173, '2023-02-14', 74, 'Оценка прочности и устойчивости конструкции', 4800.00, '2023-08-14', 'Выполнено', 'Конструкционное обслуживание', 160),
(68, 108, '2023-03-20', 254, 'Перепрограммирование и оптимизация маршрутов', 2700.00, '2023-09-20', 'Выполнено', 'Маршрутизаторное обслуживание', 177),
(69, 353, '2023-04-19', 69, 'Замена изношенных деталей и тестирование', 3800.00, '2023-10-19', 'Выполнено', 'Заменительное обслуживание', 114),
(70, 9, '2023-05-11', 232, 'Калибровка и обновление лицензий ПО', 3300.00, '2023-11-11', 'Выполнено', 'Лицензионное обслуживание', 275),
(71, 218, '2023-06-01', 254, 'Оптический контроль и настройка камер', 2900.00, '2023-12-01', 'Выполнено', 'Оптическое обслуживание', 106),
(72, 128, '2023-07-29', 296, 'Компьютерная диагностика и тест драйв', 5500.00, '2024-01-29', 'Выполнено', 'Диагностическое обслуживание', 219),
(73, 225, '2023-08-21', 82, 'Сервисная очистка и обновление ПО', 1750.00, '2024-02-21', 'Выполнено', 'Сервисное обслуживание', 171),
(74, 209, '2023-09-05', 62, 'Контроль и проверка калибровочных данных', 2600.00, '2024-03-05', 'Выполнено', 'Контрольное обслуживание', 267),
(75, 50, '2023-10-29', 217, 'Проверка и обслуживание модулей энергии', 3000.00, '2024-04-29', 'Выполнено', 'Модульное обслуживание', 300),
(76, 344, '2023-11-21', 302, 'Цементация и укрепление несущих частей', 4850.00, '2024-05-21', 'Выполнено', 'Стойкое обслуживание', 108),
(77, 60, '2023-12-12', 18, 'Ремонт и полировка интерфейсных поверхностей', 2300.00, '2024-06-12', 'Выполнено', 'Интерфейсное обслуживание', 269),
(78, 364, '2023-01-03', 233, 'Анализ и доработка конструктивных дефектов', 3500.00, '2023-07-03', 'Выполнено', 'Техническое обслуживание', 125),
(79, 168, '2023-02-09', 69, 'Очистка и замена фильтров воздуха', 3800.00, '2023-08-09', 'Выполнено', 'Фильтрационное обслуживание', 118),
(80, 169, '2023-03-25', 83, 'Контроль систем и датчиков безопасности', 2800.00, '2023-09-25', 'Выполнено', 'Безопасное обслуживание', 253),
(81, 334, '2023-04-02', 100, 'Комплексное обследование и диагностика', 4900.00, '2023-10-02', 'Выполнено', 'Комплексное обслуживание', 250),
(82, 243, '2023-05-18', 195, 'Модернизация и калибровка унифицированных приборов', 2950.00, '2023-11-18', 'Выполнено', 'Приборное обслуживание', 153),
(83, 273, '2023-06-06', 306, 'Проверка запасных частей и осмотр', 2300.00, '2023-12-06', 'Выполнено', 'Запасное обслуживание', 288),
(84, 125, '2023-07-14', 14, 'Профилактическое тестирование и диагностика', 3450.00, '2024-01-14', 'Выполнено', 'Профилактическое обслуживание', 269),
(85, 268, '2023-08-04', 82, 'Очистка и обслуживание изоляционных материалов', 1800.00, '2024-02-04', 'Выполнено', 'Изоляционное обслуживание', 244),
(86, 216, '2023-09-19', 282, 'Ремонт системы распределения энергии', 3200.00, '2024-03-19', 'Выполнено', 'Энергосистемное обслуживание', 222),
(87, 306, '2023-10-14', 235, 'Комплексная диагностика и устранение дефектов', 4300.00, '2024-04-14', 'Выполнено', 'Диагностическое обслуживание', 130),
(88, 270, '2023-11-24', 292, 'Техническая оценка функций безопасности', 2700.00, '2024-05-24', 'Выполнено', 'Оценочное обслуживание', 200),
(89, 355, '2023-12-30', 245, 'Анализ и доработка учётного оборудования', 3600.00, '2024-06-30', 'Выполнено', 'Учётное обслуживание', 173),
(90, 113, '2023-01-18', 318, 'Модернизация и улучшение интерфейсных систем', 2100.00, '2023-07-18', 'Выполнено', 'Интерфейсное обслуживание', 150),
(91, 158, '2023-02-22', 248, 'Проверка и устранение неисправностей сети', 3750.00, '2023-08-22', 'Выполнено', 'Сетевое обслуживание', 260),
(92, 293, '2023-03-22', 274, 'Полный ремонт и модернизация подшипников', 4150.00, '2023-09-22', 'Выполнено', 'Подшипниковое обслуживание', 139),
(93, 231, '2023-04-21', 189, 'Проверка изоляции и проверка герметичности', 2800.00, '2023-10-21', 'Выполнено', 'Герметическое обслуживание', 116),
(94, 176, '2023-05-26', 169, 'Анализ и тестирование на совместимость', 3050.00, '2023-11-26', 'Выполнено', 'Тестовое обслуживание', 296),
(95, 208, '2023-06-17', 276, 'Проверка и модификация интерфейсных плат', 2250.00, '2023-12-17', 'Выполнено', 'Интерфейсное обслуживание', 181),
(96, 290, '2023-07-05', 189, 'Анализ и улучшение акустических систем', 3700.00, '2024-01-05', 'Выполнено', 'Акустическое обслуживание', 247),
(97, 250, '2023-08-29', 107, 'Контроль точности и проверка смещения', 2850.00, '2024-02-29', 'Выполнено', 'Точностное обслуживание', 271),
(98, 122, '2023-09-09', 154, 'Очистка системы и обновление контрольных точек', 1750.00, '2024-03-09', 'Выполнено', 'Контрольное обслуживание', 187),
(99, 330, '2023-10-25', 297, 'Ремонт и проверка основных распределительных систем', 4900.00, '2024-04-25', 'Выполнено', 'Распредельное обслуживание', 111),
(100, 148, '2023-11-17', 41, 'Плановая калибровка и контроль показаний', 3050.00, '2024-05-17', 'Выполнено', 'Калибровочное обслуживание', 132),
(201, 262, '2024-01-10', 131, 'Полное техническое освидетельствование и оценка', 4750.00, '2024-07-10', 'Запланированное', 'Освидетельствование', 291),
(202, 288, '2024-02-15', 206, 'Диагностика и восстановление системы охлаждения', 3900.00, '2024-08-15', 'Запланированное', 'Охлаждающее обслуживание', 139),
(203, 80, '2024-03-20', 126, 'Калибровка и замена датчиков давления', 3200.00, '2024-09-20', 'Запланированное', 'Датчиковое обслуживание', 146),
(204, 58, '2024-04-18', 160, 'Анализ и подготовка отчетов по безопасности', 2700.00, '2024-10-18', 'Запланированное', 'Безопасное обслуживание', 108),
(205, 362, '2024-05-16', 226, 'Обновление программного интерфейса и тестирование', 5150.00, '2024-11-16', 'Запланированное', 'Интерфейсное обслуживание', 225),
(206, 260, '2024-06-08', 255, 'Ремонт и регулировка вытяжных вентиляторов', 2600.00, '2024-12-08', 'Запланированное', 'Вентиляционное обслуживание', 105),
(207, 79, '2024-07-14', 249, 'Диагностика подключений и устранение неисправностей', 3000.00, '2025-01-14', 'Запланированное', 'Сетевое обслуживание', 142),
(208, 284, '2024-08-11', 303, 'Техническое тестирование и оценка мощности', 3500.00, '2025-02-11', 'Запланированное', 'Мощностное обслуживание', 195),
(209, 69, '2024-09-19', 217, 'Очистка и полировка контактных площадок', 1800.00, '2025-03-19', 'Запланированное', 'Контактное обслуживание', 281),
(210, 404, '2024-10-25', 154, 'Замена крепежных элементов и нанесение защитного слоя', 4400.00, '2025-04-25', 'Запланированное', 'Защитное обслуживание', 103),
(211, 109, '2024-11-07', 42, 'Анализ и улучшение динамичных характеристик', 3900.00, '2025-05-07', 'Запланированное', 'Динамичное обслуживание', 120),
(212, 401, '2024-12-29', 260, 'Контроль и обновление аналитических модулей', 2300.00, '2025-06-29', 'Запланированное', 'Аналитическое обслуживание', 274),
(213, 207, '2024-01-27', 49, 'Регулировка и калибровка измерительных приборов', 3550.00, '2025-07-27', 'Запланированное', 'Приборное обслуживание', 155),
(214, 210, '2024-02-23', 60, 'Обновление структур систем и проверка', 4100.00, '2025-08-23', 'Запланированное', 'Структурное обслуживание', 120),
(215, 304, '2024-03-29', 162, 'Профилактический осмотр и замена деталей', 2650.00, '2025-09-29', 'Запланированное', 'Профилактическое обслуживание', 157),
(216, 255, '2024-04-03', 51, 'Анализ распределительных коробок и кабеля', 2950.00, '2025-10-03', 'Запланированное', 'Кабельное обслуживание', 187),
(217, 96, '2024-05-22', 217, 'Контроль и вентиляция секций электропроводки', 4800.00, '2025-11-22', 'Запланированное', 'Электропроводное обслуживание', 124),
(218, 124, '2024-06-05', 296, 'Очистка и контроль систем автоматизации', 2050.00, '2025-12-05', 'Запланированное', 'Автоматизированное обслуживание', 263),
(219, 305, '2024-07-01', 54, 'Обновление механизмов защиты и тестирование', 4200.00, '2026-01-01', 'Запланированное', 'Защитное обслуживание', 199),
(220, 137, '2024-08-26', 151, 'Ремонт узлов и замена старого оборудования', 5000.00, '2026-02-26', 'Запланированное', 'Комплектующее обслуживание', 195),
(221, 317, '2024-09-02', 103, 'Калибровка и температурный контроль сенсоров', 2850.00, '2026-03-02', 'Запланированное', 'Сенсорное обслуживание', 187),
(222, 145, '2024-10-13', 301, 'Анализ и модификация звукоизоляции техники', 4200.00, '2026-04-13', 'Запланированное', 'Звуковое обслуживание', 201),
(223, 50, '2024-11-19', 240, 'Регулировка и закрепление передаточных механизмов', 3450.00, '2026-05-19', 'Запланированное', 'Механическое обслуживание', 282),
(224, 344, '2024-12-01', 97, 'Обслуживание и модернизация систем охлаждения', 4550.00, '2026-06-01', 'Запланированное', 'Охлаждающее обслуживание', 269),
(225, 387, '2024-01-15', 8, 'Комплексное обслуживание и обновление ПО', 4950.00, '2026-07-15', 'Запланированное', 'Комплексное обслуживание', 284),
(226, 86, '2024-02-28', 52, 'Обследование сетевых каналов и восстановление', 3100.00, '2026-08-28', 'Запланированное', 'Сетевое обслуживание', 221),
(227, 262, '2024-03-09', 150, 'Регулярная проверка систем безопасности', 2650.00, '2026-09-09', 'Запланированное', 'Безопасное обслуживание', 128),
(228, 152, '2024-04-27', 281, 'Техническая оценка и перепрограммирование системы', 3600.00, '2026-10-27', 'Запланированное', 'Программное обслуживание', 228),
(229, 368, '2024-05-06', 242, 'Очистка внутренних частей и деталей', 3800.00, '2026-11-06', 'Запланированное', 'Корпусное обслуживание', 126),
(230, 396, '2024-06-24', 44, 'Обновление документации и рабочей среды', 2600.00, '2026-12-24', 'Запланированное', 'Документационное обслуживание', 220),
(231, 200, '2024-07-19', 26, 'Калибровка и модернизация измерительных установок', 3200.00, '2027-01-19', 'Запланированное', 'Измерительное обслуживание', 120),
(232, 359, '2024-08-08', 153, 'Диагностика и восстановление антикоррозийного покрытия', 3000.00, '2027-02-08', 'Запланированное', 'Антикоррозионное обслуживание', 262),
(233, 29, '2024-09-14', 26, 'Ремонт систем и оптимизация энергоэффективности', 4550.00, '2027-03-14', 'Запланированное', 'Энергетическое обслуживание', 217),
(234, 181, '2024-10-21', 171, 'Обновление программных модулей и тестирование', 2800.00, '2027-04-21', 'Запланированное', 'Модульное обслуживание', 231),
(235, 265, '2024-11-05', 92, 'Регулярное техобслуживание и контроль включений', 2600.00, '2027-05-05', 'Запланированное', 'Техническое обслуживание', 125),
(236, 116, '2024-12-17', 272, 'Анализ механических повреждений и замена комплектующих', 3500.00, '2027-06-17', 'Запланированное', 'Комплектующее обслуживание', 136),
(237, 320, '2024-01-06', 103, 'Обслуживание и регулировка узлов безопасности', 3150.00, '2027-07-06', 'Запланированное', 'Безопасное обслуживание', 272),
(238, 264, '2024-02-20', 121, 'Очистка и наладка балаевых узлов', 2500.00, '2027-08-20', 'Запланированное', 'Балансовое обслуживание', 124),
(239, 249, '2024-03-12', 41, 'Диагностика и ремонт гидравлических систем', 4600.00, '2027-09-12', 'Запланированное', 'Гидравлическое обслуживание', 219),
(240, 276, '2024-04-09', 74, 'Общее обследование и сервисное обслуживание', 3450.00, '2027-10-09', 'Запланированное', 'Сервисное обслуживание', 185),
(241, 54, '2024-05-28', 168, 'Калибровка и тестирование вычислительных модулей', 2700.00, '2027-11-28', 'Запланированное', 'Вычислительное обслуживание', 115),
(242, 110, '2024-06-13', 36, 'Анализ и улучшение герметичности систем', 2900.00, '2027-12-13', 'Запланированное', 'Герметичное обслуживание', 107),
(243, 392, '2024-07-11', 66, 'Оценка безопасности и восстановление систем', 4350.00, '2028-01-11', 'Запланированное', 'Безопасное обслуживание', 193),
(244, 73, '2024-08-04', 51, 'Очистка и обновление программного обеспечения', 3800.00, '2028-02-04', 'Запланированное', 'Программное обслуживание', 251),
(245, 96, '2024-09-18', 24, 'Диагностика и тестирование дополнительных функций', 4900.00, '2028-03-18', 'Запланированное', 'Функциональное обслуживание', 191),
(246, 321, '2024-10-24', 138, 'Обновление интерфейсов и калибровка', 3200.00, '2028-04-24', 'Запланированное', 'Интерфейсное обслуживание', 122),
(247, 230, '2024-11-15', 81, 'Комплексное тестирование и техническое обслуживание', 3650.00, '2028-05-15', 'Запланированное', 'Комплексное обслуживание', 113),
(248, 73, '2024-12-03', 198, 'Контроль механических параметров и регулировка', 2950.00, '2028-06-03', 'Запланированное', 'Параметрическое обслуживание', 163),
(249, 21, '2024-01-25', 161, 'Модернизация управляющих систем и тестирование', 4100.00, '2028-07-25', 'Запланированное', 'Управленческое обслуживание', 279),
(250, 311, '2024-02-08', 162, 'Очистка и смазка компонентов', 2100.00, '2028-08-08', 'Запланированное', 'Компонентное обслуживание', 243),
(251, 268, '2024-03-30', 20, 'Диагностика и корректировка механизмов функционирования', 2800.00, '2028-09-30', 'Запланированное', 'Механическое обслуживание', 216),
(252, 370, '2024-04-14', 60, 'Модернизация и обновление систем связи', 3400.00, '2028-10-14', 'Запланированное', 'Связное обслуживание', 159),
(253, 123, '2024-05-10', 149, 'Анализ и наладка источников питания', 4350.00, '2028-11-10', 'Запланированное', 'Энергетическое обслуживание', 215),
(254, 267, '2024-06-21', 98, 'Контроль и обновление корпусов оборудования', 2250.00, '2028-12-21', 'Запланированное', 'Корпусное обслуживание', 212),
(255, 191, '2024-07-17', 281, 'Диагностика и ремонт модульных компонентов', 3650.00, '2029-01-17', 'Запланированное', 'Модульное обслуживание', 129),
(256, 72, '2024-08-28', 15, 'Обновление защиты и настройка системы безопасности', 4950.00, '2029-02-28', 'Запланированное', 'Безопасное обслуживание', 282),
(257, 269, '2024-09-23', 129, 'Комплексная диагностика и обслуживание', 4250.00, '2029-03-23', 'Запланированное', 'Комплексное обслуживание', 198),
(258, 364, '2024-10-17', 51, 'Калибровка и просмотр отчётов по качеству', 3100.00, '2029-04-17', 'Запланированное', 'Качественное обслуживание', 177),
(259, 138, '2024-11-29', 241, 'Обследование механических узлов и замена', 3950.00, '2029-05-29', 'Запланированное', 'Механическое обслуживание', 141),
(260, 117, '2024-12-28', 225, 'Плановая диагностика сетевых устройств', 4350.00, '2029-06-28', 'Запланированное', 'Сетевое обслуживание', 186),
(261, 204, '2024-01-16', 107, 'Оценка и сервисное обслуживание резервных систем', 2850.00, '2029-07-16', 'Запланированное', 'Резервное обслуживание', 165),
(262, 2, '2024-02-26', 7, 'Контроль и регулировка систем управления и контроля', 2550.00, '2029-08-26', 'Запланированное', 'Управленческое обслуживание', 111),
(263, 139, '2024-03-15', 88, 'Модернизация и восстановление интерфейсов', 3600.00, '2029-09-15', 'Запланированное', 'Интерфейсное обслуживание', 259),
(264, 50, '2024-04-12', 67, 'Обновление систем учёта и отчётности', 4300.00, '2029-10-12', 'Запланированное', 'Учётное обслуживание', 284),
(265, 350, '2024-05-04', 91, 'Регистрация и проверка резервных данных', 2750.00, '2029-11-04', 'Запланированное', 'Дидерминовое обслуживание', 197),
(266, 50, '2024-06-03', 188, 'Тестирование и повышение точности аналитики', 3150.00, '2029-12-03', 'Запланированное', 'Аналитическое обслуживание', 149),
(267, 318, '2024-07-09', 62, 'Диагностика и замена дисплеев и сенсоров', 3450.00, '2030-01-09', 'Запланированное', 'Мониторное обслуживание', 170),
(268, 61, '2024-08-02', 140, 'Очистка и проверка вентиляционных систем', 4850.00, '2030-02-02', 'Запланированное', 'Вентиляционное обслуживание', 163),
(269, 189, '2024-09-25', 284, 'Обновление и модификация контроллеров', 3750.00, '2030-03-25', 'Запланированное', 'Контроллерное обслуживание', 233),
(270, 214, '2024-10-22', 149, 'Полный анализ и улучшение функциональных характеристик', 5000.00, '2030-04-22', 'Запланированное', 'Функциональное обслуживание', 101),
(271, 216, '2024-11-14', 182, 'Проверка и тестирование алгоритмов управления', 2600.00, '2030-05-14', 'Запланированное', 'Алгоритмическое обслуживание', 192),
(272, 11, '2024-12-26', 318, 'Комплексное обследование и оценка', 4950.00, '2030-06-26', 'Запланированное', 'Оценочное обслуживание', 291),
(273, 346, '2024-01-05', 82, 'Очистка компонентов и улучшение быстродействия', 3700.00, '2030-07-05', 'Запланированное', 'Требостное обслуживание', 263),
(274, 121, '2024-02-19', 144, 'Диагностика и восстановление изолирующих материалов', 4450.00, '2030-08-19', 'Запланированное', 'Изоляционное обслуживание', 133),
(275, 382, '2024-03-07', 302, 'Обозрение и улучшение аппаратного обеспечения', 3200.00, '2030-09-07', 'Запланированное', 'Аппаратное обслуживание', 168),
(276, 249, '2024-04-29', 109, 'Тестирование и коррекция эксплуатационных параметров', 4800.00, '2030-10-29', 'Запланированное', 'Энтропийное обслуживание', 120),
(277, 99, '2024-05-17', 8, 'Регулярная проверка и оптимизация нагрузки', 4900.00, '2030-11-17', 'Запланированное', 'Нагрузочное обслуживание', 180),
(278, 265, '2024-06-25', 157, 'Диагностика учётных записей и журналов', 2850.00, '2030-12-25', 'Запланированное', 'Учетное обслуживание', 174),
(279, 320, '2024-07-02', 301, 'Мониторинг и поддержка сетевых соединений', 4050.00, '2031-01-02', 'Запланированное', 'Сетевое обслуживание', 144),
(280, 137, '2024-08-31', 8, 'Шумометрическое тестирование и профилактика', 2550.00, '2031-02-28', 'Запланированное', 'Аккустическое обслуживание', 163),
(281, 1, '2024-09-03', 173, 'Обслуживание и проверка резервного копирования', 2350.00, '2031-03-03', 'Запланированное', 'Резервное обслуживание', 170),
(282, 355, '2024-10-28', 124, 'Анализ и обновление эксплуатационных источников', 3500.00, '2031-04-28', 'Запланированное', 'Источниковое обслуживание', 217),
(283, 114, '2024-11-19', 18, 'Комплексная очистка и калибровка', 3650.00, '2031-05-19', 'Запланированное', 'Калибровочное обслуживание', 292),
(284, 237, '2024-12-10', 99, 'Анализ и исправление программных ошибок', 3550.00, '2031-06-10', 'Запланированное', 'Программное обслуживание', 101),
(285, 388, '2024-01-30', 181, 'Техническое обслуживание и защита информации', 4700.00, '2031-07-30', 'Запланированное', 'Информационное обслуживание', 198),
(286, 236, '2024-02-24', 183, 'Модернизация протоколов и конфигураций', 4200.00, '2031-08-24', 'Запланированное', 'Протокольное обслуживание', 271),
(287, 344, '2024-03-28', 168, 'Обновление и восстановление когнитивных систем', 4150.00, '2031-09-28', 'Запланированное', 'Когнитивное обслуживание', 241),
(288, 219, '2024-04-25', 204, 'Проверка и перенос данных на новые платформы', 3300.00, '2031-10-25', 'Запланированное', 'Платформенное обслуживание', 151),
(289, 389, '2024-05-19', 218, 'Тестирование и анализ характеристик производительности', 2800.00, '2031-11-19', 'Запланированное', 'Производительное обслуживание', 125),
(290, 188, '2024-06-30', 136, 'Обслуживание и обновление информационных панелей', 3600.00, '2031-12-30', 'Запланированное', 'Информационное обслуживание', 118),
(291, 152, '2024-07-06', 240, 'Тестовый мониторинг и оптимизация', 4550.00, '2032-01-06', 'Запланированное', 'Тестовое обслуживание', 104),
(292, 74, '2024-08-30', 94, 'Диагностика и замена элементов сети', 3950.00, '2032-02-29', 'Запланированное', 'Сетевое обслуживание', 279),
(293, 9, '2024-09-21', 58, 'Регулярное тестирование функционала безопасности', 3150.00, '2032-03-21', 'Запланированное', 'Безопасное обслуживание', 197),
(294, 249, '2024-10-06', 205, 'Интеграция новых технических возможных систем', 3500.00, '2032-04-06', 'Запланированное', 'Техновозрожденное обслуживание', 275),
(295, 287, '2024-11-09', 104, 'Оценка и наладка аппаратных частей', 4600.00, '2032-05-09', 'Запланированное', 'Аппаратческое обслуживание', 213),
(296, 73, '2024-12-12', 96, 'Диагностика и профилактическое обслуживание контролеров', 4500.00, '2032-06-12', 'Запланированное', 'Контролерное обслуживание', 218),
(297, 370, '2024-01-26', 43, 'Регулирование и образцовая настройка систем', 2600.00, '2032-07-26', 'Запланированное', 'Образцовое обслуживание', 159),
(298, 154, '2024-02-03', 226, 'Укрепление и улучшение параметров безопасности', 5000.00, '2032-08-03', 'Запланированное', 'Укрепительное обслуживание', 161),
(299, 179, '2024-03-22', 240, 'Диагностика и ремонт интерфейсов и экранов', 3350.00, '2032-09-22', 'Запланированное', 'Экранное обслуживание', 233),
(300, 195, '2024-04-01', 93, 'Тест-драйв и обновление алгоритмического обеспечения', 2800.00, '2032-10-01', 'Запланированное', 'Алгоритмическое обслуживание', 133),
(301, 321, '2024-05-11', 209, 'Обновление микропрограмм и тестирование стоек', 3600.00, '2032-11-11', 'Запланированное', 'Микрообслуживание', 295),
(302, 376, '2024-06-02', 86, 'Диагностика и восстановление управляющих систем', 3100.00, '2032-12-02', 'Запланированное', 'Управленческое обслуживание', 223),
(303, 238, '2024-07-08', 71, 'Контроль состояния энергопитания', 3150.00, '2033-01-08', 'Запланированное', 'Энергетическое обслуживание', 120),
(304, 119, '2024-08-15', 62, 'Инспекция и модернизация коммуникационных линий', 4400.00, '2033-02-15', 'Запланированное', 'Коммуникационное обслуживание', 142),
(305, 7, '2024-09-13', 241, 'Ремонт и тестирование исполнительных механизмов', 3500.00, '2033-03-13', 'Запланированное', 'Исполнительное обслуживание', 118),
(306, 186, '2024-10-29', 185, 'Проверка и исправление датчиков движения', 3200.00, '2033-04-29', 'Запланированное', 'Датчиковое обслуживание', 160),
(307, 254, '2024-11-07', 36, 'Регистрация изменений и обслуживание документации', 2700.00, '2033-05-07', 'Запланированное', 'Документационное обслуживание', 225),
(308, 184, '2024-12-05', 297, 'Модернизация климатических установок и тестирование', 4950.00, '2033-06-05', 'Запланированное', 'Климатическое обслуживание', 134),
(309, 177, '2024-01-19', 306, 'Анализ и улучшение термических процессов', 5300.00, '2033-07-19', 'Запланированное', 'Термическое обслуживание', 240),
(310, 128, '2024-02-03', 71, 'Мониторинг и исправление сетевых ошибок', 4000.00, '2033-08-03', 'Запланированное', 'Сетевое обслуживание', 103),
(311, 228, '2024-03-18', 203, 'Диагностика и сервисное обслуживание кранового оборудования', 4600.00, '2033-09-18', 'Запланированное', 'Крановое обслуживание', 289),
(312, 234, '2024-04-23', 2, 'Исправление ошибок эксплуатации и тестирование оборудования', 3500.00, '2033-10-23', 'Запланированное', 'Эксплуатационное обслуживание', 271),
(313, 306, '2024-05-26', 67, 'Перепрограммирование и корректировка механических ошибок', 2850.00, '2033-11-26', 'Запланированное', 'Механическое обслуживание', 136),
(314, 135, '2024-06-30', 186, 'Обновление технологических карт и инструкций по сборке', 2950.00, '2033-12-30', 'Запланированное', 'Технологическое обслуживание', 170),
(315, 247, '2024-07-15', 223, 'Комплексное тестирование сетей и контроль соединений', 4850.00, '2034-01-15', 'Запланированное', 'Комплексное обслуживание', 177),
(316, 108, '2024-08-22', 90, 'Контроль параметров безопасности и аварийного реагирования', 2500.00, '2034-02-22', 'Запланированное', 'Безопасное обслуживание', 236),
(317, 361, '2024-09-11', 134, 'Плановое обновление программного обеспечения и калибровка', 2650.00, '2034-03-11', 'Запланированное', 'Программное обслуживание', 225),
(318, 244, '2024-10-17', 260, 'Обслуживание силовых установок и тестирование нагрузки', 5150.00, '2034-04-17', 'Запланированное', 'Силовое обслуживание', 157),
(319, 190, '2024-11-03', 53, 'Диагностика и очистка кажущихся загрязненных узлов', 2800.00, '2034-05-03', 'Запланированное', 'Очистительное обслуживание', 246),
(320, 361, '2024-12-21', 137, 'Монтаж и калибровка сенсорных систем', 3600.00, '2034-06-21', 'Запланированное', 'Сенсорное обслуживание', 258),
(321, 354, '2025-01-09', 59, 'Модернизация и замена изношенных кабельных линий', 4200.00, '2034-07-09', 'Запланированное', 'Кабельное обслуживание', 129),
(322, 388, '2025-02-14', 113, 'Контроль состояния системы вентиляции и фильтрации', 3350.00, '2034-08-14', 'Запланированное', 'Вентиляционное обслуживание', 153),
(323, 253, '2025-03-27', 104, 'Замена и тестирование исполнительных датчиков', 4800.00, '2034-09-27', 'Запланированное', 'Датчиковое обслуживание', 214),
(324, 159, '2025-04-16', 125, 'Проверка калибровок и отклонений в работе оборудования', 3650.00, '2034-10-16', 'Запланированное', 'Калибровочное обслуживание', 177),
(325, 10, '2025-05-22', 180, 'Ремонт и переоснащение защитных установок', 3400.00, '2034-11-22', 'Запланированное', 'Оборонительное обслуживание', 292),
(326, 69, '2025-06-11', 250, 'Обновление и тестирование на новом программном уровне', 3950.00, '2034-12-11', 'Запланированное', 'Программное обслуживание', 297),
(327, 142, '2025-07-04', 134, 'Техническая проверка и регулировка стоек и подшипников', 3250.00, '2035-01-04', 'Запланированное', 'Техническое обслуживание', 130),
(328, 118, '2025-08-18', 103, 'Диагностика систем охлаждения и модификация компонентов', 3750.00, '2035-02-18', 'Запланированное', 'Охлаждающее обслуживание', 299),
(329, 392, '2025-09-05', 106, 'Системное обслуживание и μεταргр рейтинг вариантов корреляции', 3300.00, '2035-03-05', 'Запланированное', 'Системное обслуживание', 174),
(330, 233, '2025-10-20', 240, 'Комплексная проверка эксплуатационных параметров', 3600.00, '2035-04-20', 'Запланированное', 'Контрольное обслуживание', 168),
(331, 157, '2025-11-08', 111, 'Анализ состояния компонентов и переработка', 4700.00, '2035-05-08', 'Запланированное', 'Композитное обслуживание', 146),
(332, 275, '2025-12-07', 50, 'Ремонт и калибровка электронных компонентов', 3550.00, '2035-06-07', 'Запланированное', 'Электронное обслуживание', 225),
(333, 110, '2026-01-12', 94, 'Оптимизация и тестирование защиты от перегрева', 4050.00, '2035-07-12', 'Запланированное', 'Тепловое обслуживание', 115),
(334, 252, '2026-02-26', 200, 'Диагностика и улучшение защитных оболочек', 3150.00, '2035-08-26', 'Запланированное', 'Оболочковое обслуживание', 276),
(335, 94, '2026-03-22', 11, 'Техническое обследование и замена узлов', 4800.00, '2035-09-22', 'Запланированное', 'Техническое обслуживание', 199),
(336, 395, '2026-04-09', 264, 'Исполнение и проверка на соответствие апробативных норм', 3100.00, '2035-10-09', 'Запланированное', 'Нормативное обслуживание', 285),
(337, 334, '2026-05-18', 69, 'Контроль кислотных и щелочных параметров', 3250.00, '2035-11-18', 'Запланированное', 'Кислотно-щелочное обслуживание', 185),
(338, 145, '2026-06-29', 121, 'Тестирование и стабилизация механических напряжений', 4650.00, '2035-12-29', 'Запланированное', 'Напряженное обслуживание', 263),
(339, 228, '2026-07-16', 225, 'Оценка и модернизация алгоритмов хранения', 3450.00, '2036-01-16', 'Запланированное', 'Алгоритмическое обслуживание', 273),
(340, 202, '2026-08-31', 277, 'Диагностика и улучшение изоляционных защит', 3850.00, '2036-02-28', 'Запланированное', 'Изоляционное обслуживание', 114),
(341, 153, '2026-09-25', 159, 'Анализ и регулировка теплопроводности', 2750.00, '2036-03-25', 'Запланированное', 'Тепловое обслуживание', 122),
(342, 116, '2026-10-13', 207, 'Контроль и инспектирование термовых процессов', 3500.00, '2036-04-13', 'Запланированное', 'Инспекционное обслуживание', 245),
(343, 375, '2026-11-23', 315, 'Ремонт и обновление пневматических систем', 4300.00, '2036-05-23', 'Запланированное', 'Пневматическое обслуживание', 299),
(344, 346, '2026-12-05', 253, 'Модернизация и проверка уровня защита информационных ресурсов', 5000.00, '2036-06-05', 'Запланированное', 'Информационное обслуживание', 216),
(345, 184, '2027-01-20', 284, 'Электромагнитная фильтрация и анализ влияния электромагнитного шума', 3950.00, '2036-07-20', 'Запланированное', 'Электромагнитное обслуживание', 217),
(346, 230, '2027-02-19', 214, 'Диагностика и улучшение параметров нагрузочных цепей', 3800.00, '2036-08-19', 'Запланированное', 'Нагрузочное обслуживание', 224),
(347, 41, '2027-03-30', 289, 'Обновление и тестирование на статическую интеграцию', 2950.00, '2036-09-30', 'Запланированное', 'Интеграционное обслуживание', 268),
(348, 318, '2027-04-11', 59, 'Общая инспекция и корректировка вентиляционных потоков', 3550.00, '2036-10-11', 'Запланированное', 'Вентиляционное обслуживание', 199),
(349, 360, '2027-05-17', 288, 'Анализ и оптимизация гидравлических соединений', 3650.00, '2036-11-17', 'Запланированное', 'Гидравлическое обслуживание', 130),
(350, 213, '2027-06-21', 181, 'Обслуживание и тестирование линий связи', 4200.00, '2036-12-21', 'Запланированное', 'Связное обслуживание', 279),
(351, 297, '2027-07-10', 236, 'Модернизация и оптимизация алгоритмов сохранности данных', 4900.00, '2037-01-10', 'Запланированное', 'Сохранительное обслуживание', 165),
(352, 70, '2027-08-03', 14, 'Диагностика и тестовые испытания транспортировочных систем', 4800.00, '2037-02-03', 'Запланированное', 'Транспортное обслуживание', 252),
(353, 116, '2027-09-18', 201, 'Комплексная оценка и пополнение запчастей', 3100.00, '2037-03-18', 'Запланированное', 'Запасное обслуживание', 234),
(354, 87, '2027-10-07', 2, 'Обновление регулирующих модулей и программного обеспечения', 5050.00, '2037-04-07', 'Запланированное', 'Регуляторное обслуживание', 189),
(355, 208, '2027-11-15', 213, 'Контроль точности и тестирование точечных манипуляторов', 4450.00, '2037-05-15', 'Запланированное', 'Точное обслуживание', 129),
(356, 375, '2027-12-27', 174, 'Проверка и замена интерфейсных панелей', 3550.00, '2037-06-27', 'Запланированное', 'Интерфейсное обслуживание', 160),
(357, 375, '2028-01-22', 28, 'Обновление и диагностика воздухозаборных устройств', 3650.00, '2037-07-22', 'Запланированное', 'Воздушное обслуживание', 290),
(358, 185, '2028-02-11', 295, 'Диагностика и тестирование эксплуатационных цепей', 3750.00, '2037-08-11', 'Запланированное', 'Эксплуатационное обслуживание', 169),
(359, 29, '2028-03-29', 10, 'Замена и тестирование системных фильтров', 2950.00, '2037-09-29', 'Запланированное', 'Фильтровое обслуживание', 161),
(360, 346, '2028-04-16', 46, 'Оценка и проверка оборудования под давлением', 4350.00, '2037-10-16', 'Запланированное', 'Давленческое обслуживание', 176),
(361, 31, '2028-05-11', 188, 'Комплексная диагностика тепловых модулей', 5300.00, '2037-11-11', 'Запланированное', 'Тепловое обслуживание', 166),
(362, 321, '2028-06-06', 271, 'Регулярное обслуживание устройств электронной безопасности', 3300.00, '2037-12-06', 'Запланированное', 'Электронное обслуживание', 225),
(363, 379, '2028-07-25', 284, 'Ремонт и оптимизация охлаждающих элементов', 3900.00, '2038-01-25', 'Запланированное', 'Охлаждающее обслуживание', 173),
(364, 326, '2028-08-14', 142, 'Оценка производительности и качество выполнения нормы', 3500.00, '2038-02-14', 'Запланированное', 'Производительное обслуживание', 199),
(365, 261, '2028-09-03', 126, 'Обновление и тестирование климатических модулей', 3850.00, '2038-03-03', 'Запланированное', 'Климатическое обслуживание', 280),
(366, 269, '2028-10-19', 293, 'Замена и калибровка контрастирующих систем', 3050.00, '2038-04-19', 'Запланированное', 'Контрастное обслуживание', 228),
(367, 351, '2028-11-28', 83, 'Анализ и оценка диэлектрических свойств микросистем', 4700.00, '2038-05-28', 'Запланированное', 'Диэлектрическое обслуживание', 206),
(368, 148, '2028-12-13', 211, 'Тестирование и улучшение гидротехнических устройств', 4100.00, '2038-06-13', 'Запланированное', 'Гидротехническое обслуживание', 280),
(369, 358, '2029-01-07', 310, 'Ремонт и модернизация систем накопления энергии', 4950.00, '2038-07-07', 'Запланированное', 'Накопительное обслуживание', 219),
(370, 169, '2029-02-22', 144, 'Техническое обслуживание и защита электронных интерфейсов', 4350.00, '2038-08-22', 'Запланированное', 'Электронное обслуживание', 124),
(371, 335, '2029-03-19', 279, 'Комплексное тестирование пластиковой оболочки', 4550.00, '2038-09-19', 'Запланированное', 'Пластиковое обслуживание', 244),
(372, 259, '2029-04-30', 273, 'Настройка и оптимизация интеграции энергосистем', 5000.00, '2038-10-30', 'Запланированное', 'Энергетическое обслуживание', 217),
(373, 224, '2029-05-21', 128, 'Ремонт и восстановление механических узлов', 3200.00, '2038-11-21', 'Запланированное', 'Механическое обслуживание', 282),
(374, 116, '2029-06-10', 208, 'Регулярное обслуживание высоковольтного оборудования', 3900.00, '2038-12-10', 'Запланированное', 'Высоковольтное обслуживание', 122),
(375, 312, '2029-07-16', 297, 'Ремонт и замена электропроводки и изоляции', 4200.00, '2039-01-16', 'Запланированное', 'Электрическое обслуживание', 221),
(376, 308, '2029-08-08', 276, 'Контроль качества и уменьшение риска рекламации', 4350.00, '2039-02-08', 'Запланированное', 'Качественное обслуживание', 288),
(377, 404, '2029-09-27', 288, 'Контроль и снижение шума машино-агрегатов', 3400.00, '2039-03-27', 'Запланированное', 'Шумоизоляционное обслуживание', 165),
(378, 329, '2029-10-05', 52, 'Диагностика и увеличение продуктивности трансмиссионных частей', 4900.00, '2039-04-05', 'Запланированное', 'Трансмиссионное обслуживание', 173),
(379, 51, '2029-11-24', 86, 'Анализ и оптимизация охлаждающих свойств металлов', 4950.00, '2039-05-24', 'Запланированное', 'Охлаждающее обслуживание', 285),
(380, 325, '2029-12-15', 310, 'Проверка механики и настройка инфракрасных датчиков', 4200.00, '2039-06-15', 'Запланированное', 'Инфракрасное обслуживание', 159);


INSERT INTO Certifications VALUES 
(101, 'Сертификация в области машиностроения', 'Институт машиностроения России', '2023-05-20', '2026-05-20', 214, 'Продвинутый', 'Подтверждение навыков в машиностроении', 'Ежегодные курсы повышения квалификации', 'Действителен', 'RU-ENG-101'),
(102, 'Сертификация по охране труда', 'Российская ассоциация охраны труда', '2022-01-15', '2025-01-15', 30, 'Начальный', 'Основы охраны труда в производственных условиях', 'Повторная сдача проверочного теста', 'Действителен', 'RU-SFTY-102'),
(103, 'Сертификация по сварке', 'Национальный центр сварочных технологий', '2021-08-10', '2024-08-10', 177, 'Средний', 'Теория и практика сварки металлоконструкций', 'Прохождение практического экзамена', 'Действителен', 'RU-WELD-103'),
(104, 'Сертификация по проектированию', 'Союз проектировщиков России', '2020-09-25', '2023-09-25', 97, 'Продвинутый', 'Проектирование и управление строительными проектами', 'Участие в проектных семинарах', 'Истек', 'RU-DES-104'),
(105, 'Сертификация по электронике', 'Институт электроники и автоматики', '2023-03-12', '2026-03-12', 174, 'Эксперт', 'Современные методы разработки электронных систем', 'Ежегодное обновление знаний через курсы', 'Действителен', 'RU-ELC-105'),
(106, 'Сертификация по гидравлике', 'Ассоциация гидравлических инженеров', '2021-11-05', '2024-11-05', 159, 'Начальный', 'Основы гидравлики и гидравлических систем', 'Прохождение теоретического курса', 'Действителен', 'RU-HYD-106'),
(107, 'Сертификация по автотранспорту', 'Автотранспортный союз России', '2022-06-30', '2025-06-30', 223, 'Продвинутый', 'Диагностика и обслуживание автотранспорта', 'Практическая проверка на полигоне', 'Действителен', 'RU-TRANS-107'),
(108, 'Сертификация по строительным материалам', 'Национальный исследовательский центр строительных материалов', '2023-02-23', '2026-02-23', 276, 'Эксперт', 'Анализ и инспекция строительных материалов', 'Участие в научных конференциях', 'Действителен', 'RU-MATL-108'),
(109, 'Сертификация по транспортной логистике', 'Логистическая ассоциация России', '2020-04-18', '2023-04-18', 161, 'Средний', 'Организация транспортных потоков', 'Опубликованная статья по логистике', 'Истек', 'RU-LOG-109'),
(110, 'Сертификация по экологии', 'Центр экологических исследований', '2021-07-19', '2024-07-19', 299, 'Базовый', 'Оценка и управление экологическими рисками', 'Написание экологического отчета', 'Действителен', 'RU-ECO-110'),
(111, 'Сертификация по химической технологии', 'Химический институт России', '2021-11-25', '2024-11-25', 217, 'Продвинутый', 'Современные технологии химического производства', 'Патент на изобретение', 'Действителен', 'RU-CHEM-111'),
(112, 'Сертификация по техническому обслуживанию', 'Общество инженеров России', '2019-08-15', '2022-08-15', 265, 'Средний', 'Методы и системы технического обслуживания оборудования', 'Практическая аттестация', 'Истек', 'RU-MAINT-112'),
(113, 'Сертификация по энергосбережению', 'Энергосберегающий фонд России', '2020-05-30', '2023-05-30', 221, 'Эксперт', 'Инновационные подходы к энергосбережению', 'Разработка улучшенных энергосберегающих решений', 'Истек', 'RU-ENERGY-113'),
(114, 'Сертификация по промышленной безопасности', 'Государственная организация промышленной безопасности', '2021-04-09', '2024-04-09', 125, 'Начальный', 'Навыки обеспечения промышленной безопасности', 'Проходит ежегодная аттестация', 'Действителен', 'RU-SAFETY-114'),
(115, 'Сертификация по термодинамике', 'Ассоциация инженеров теплоэнергетики', '2022-02-02', '2025-02-02', 143, 'Средний', 'Основы термодинамики и теплообмена', 'Учебный курс по фундаментальным аспектам', 'Действителен', 'RU-THERMO-115'),
(116, 'Сертификация по сетям связи', 'Национальный центр телекоммуникаций', '2021-07-11', '2024-07-11', 313, 'Продвинутый', 'Проектирование и эксплуатация телекоммуникационных сетей', 'Проведение аналитического исследования', 'Действителен', 'RU-COMM-116'),
(117, 'Сертификация по программированию', 'Институт программного обеспечения', '2022-05-18', '2025-05-18', 258, 'Эксперт', 'Разработка и оптимизация программного обеспечения', 'Написание инновационного программного решения', 'Действителен', 'RU-PROG-117'),
(118, 'Сертификация по гражданской защите', 'Государственный учебный центр гражданской защиты', '2020-10-20', '2023-10-20', 318, 'Начальный', 'Организация мероприятий по гражданской защите', 'Участие в тренировочных учениях', 'Истек', 'RU-CIV-118'),
(119, 'Сертификация по биомедицине', 'Медицинская ассоциация России', '2019-12-14', '2022-12-14', 115, 'Базовый', 'Иновации в биомедицинских технологиях', 'Регулярная публикация результатов исследований', 'Истек', 'RU-BIOMED-119'),
(120, 'Сертификация по системам охлаждения', 'Научный институт охлаждающих систем', '2023-01-26', '2026-01-26', 189, 'Средний', 'Проектирование и анализ систем охлаждения', 'Доклад на профессиональной конференции', 'Действителен', 'RU-COOL-120'),
(121, 'Сертификация по нанотехнологиям', 'Научный центр нанотехнологий', '2023-06-12', '2026-06-12', 265, 'Эксперт', 'Применение нанотехнологий в промышленности', 'Ежегодные семинары по нанотехнологиям', 'Действителен', 'RU-NANO-121'),
(122, 'Сертификация по робототехнике', 'Институт робототехники России', '2022-11-22', '2025-11-22', 308, 'Средний', 'Дизайн и программирование роботов', 'Проектирование собственного робота', 'Действителен', 'RU-ROBOT-122'),
(123, 'Сертификация по материаловедению', 'Академия материаловедения', '2021-05-17', '2024-05-17', 283, 'Продвинутый', 'Исследование свойств новых материалов', 'Участие в исследовательских проектах', 'Действителен', 'RU-MATSCI-123'),
(124, 'Сертификация по автопроизводству', 'Союз автомобильных инженеров', '2020-08-25', '2023-08-25', 315, 'Начальный', 'Основы современных автотехнологий', 'Участие в проектах по оптимизации', 'Истек', 'RU-AUTO-124'),
(125, 'Сертификация по медицинским технологиям', 'Институт медицинской технологии', '2023-03-30', '2026-03-30', 199, 'Эксперт', 'Разработка и внедрение медицинских устройств', 'Представление инновационного медицинского устройства', 'Действителен', 'RU-MEDTECH-125'),
(126, 'Сертификация по неорганической химии', 'Федеральный химический центр', '2022-07-10', '2025-07-10', 186, 'Средний', 'Технологии в неорганической химии', 'Проведение исследовательского испытания', 'Действителен', 'RU-INORG-126'),
(127, 'Сертификация по энергосистемам', 'Национальный центр энергосистем', '2021-01-22', '2024-01-22', 45, 'Продвинутый', 'Организация и управление энергосистемами', 'Участие в проектировании электростанций', 'Действителен', 'RU-ENERGY-127'),
(128, 'Сертификация по процессам управления', 'Институт управления процессами', '2020-03-15', '2023-03-15', 245, 'Начальный', 'Основы управления промышленными и производственными процессами', 'Стажировка на крупном предприятии', 'Истек', 'RU-PROCESS-128'),
(129, 'Сертификация по системам безопасности', 'Центр систем безопасности', '2023-09-01', '2026-09-01', 35, 'Эксперт', 'Проекты и внедрения систем безопасности', 'Проведение полевых испытаний', 'Действителен', 'RU-SECURE-129'),
(130, 'Сертификация по электроэнергетике', 'Российский институт электроэнергетики', '2022-04-14', '2025-04-14', 98, 'Средний', 'Электроэнергетические системы и процессы', 'Публикация в специализированных журналах', 'Действителен', 'RU-ELEC-130'),
(131, 'Сертификация по нефтехимии', 'Национальный институт нефтехимии', '2021-12-05', '2024-12-05', 249, 'Продвинутый', 'Технологии в нефтехимической промышленности', 'Ведение исследовательских проектов', 'Действителен', 'RU-PETCO-131'),
(132, 'Сертификация по инженерной механике', 'Форум инженерной механики', '2020-07-08', '2023-07-08', 134, 'Начальный', 'Основы инженерной механики', 'Аттестация на выполнение расчетов', 'Истек', 'RU-ENGMECH-132'),
(133, 'Сертификация по инженерной акустике', 'Академия звука и акустики', '2023-02-17', '2026-02-17', 242, 'Эксперт', 'Методы и применение акустических систем', 'Аудитория роликов и тестирование', 'Действителен', 'RU-ACOUST-133'),
(134, 'Сертификация по умным сетям', 'Институт умных технологий', '2022-08-31', '2025-08-31', 271, 'Средний', 'Применение интеллектуальных систем в городах', 'Участие в пилотных проектах умных городов', 'Действителен', 'RU-SMART-134'),
(135, 'Сертификация по ресурсосбережению', 'Научный центр ресурсосбережения', '2021-02-13', '2024-02-13', 265, 'Продвинутый', 'Оптимизация ресурсов в энергетике и производстве', 'Публикация экологически чистых решений', 'Действителен', 'RU-RESO-135'),
(136, 'Сертификация по биостехнологиям', 'Академия биотехнологий', '2020-06-18', '2023-06-18', 295, 'Начальный', 'Внедрение современных биотехнологий', 'Прохождение лабораторного курса', 'Истек', 'RU-BIOTECH-136'),
(137, 'Сертификация по строительным технологиям', 'Институт строительных технологий', '2023-12-29', '2026-12-29', 303, 'Эксперт', 'Внедрение новых строительных технологий', 'Разработка и реализация проектных решений', 'Действителен', 'RU-BUILDTECH-137'),
(138, 'Сертификация по энергоэффективности', 'Центр изучения энергоэффективности', '2022-09-19', '2025-09-19', 204, 'Средний', 'Анализ и внедрение энергоэффективных систем', 'Организация конференций по энергосбережению', 'Действителен', 'RU-ENEF-138'),
(139, 'Сертификация по строительно-инженерным системам', 'Российский институт строительно-инженерных исследований', '2021-03-05', '2024-03-05', 248, 'Продвинутый', 'Конструирование и управление строительно-инженерными системами', 'Проведение международного семинара', 'Действителен', 'RU-BUILDENG-139'),
(140, 'Сертификация по инженерным сетям', 'Союз инженерных сетей', '2020-12-25', '2023-12-25', 267, 'Начальный', 'Проектирование и эксплуатация инженерных сетей', 'Практическое обучение в сфере систем', 'Истек', 'RU-ENGSYS-140'),
(141, 'Сертификация по инжинирингу данных', 'Центр инноваций данных', '2023-11-10', '2026-11-10', 73, 'Эксперт', 'Большие данные и их анализ', 'Создание уникальной системы обработки данных', 'Действителен', 'RU-DATAENG-141'),
(142, 'Сертификация по аудиту качества', 'Институт аудита и менеджмента качества', '2022-01-20', '2025-01-20', 248, 'Средний', 'Программы и сертификации менеджмента качества', 'Публикация профессионального аудита', 'Действителен', 'RU-QUALAUD-142'),
(143, 'Сертификация по технике безопасности', 'Центр техники безопасности', '2021-06-11', '2024-06-11', 133, 'Продвинутый', 'Разработка систем безопасности на производстве', 'Стажировка на производстве', 'Действителен', 'RU-SAFE-143'),
(144, 'Сертификация по интеллектуальным системам', 'Институт инновационных систем', '2020-09-22', '2023-09-22', 194, 'Начальный', 'Разработка и эксплуатация интеллектуальных систем', 'Прохождение практической аттестации', 'Истек', 'RU-INTSYS-144'),
(145, 'Сертификация по акустическим технологиям', 'Академия акустической техники', '2023-05-14', '2026-05-14', 249, 'Эксперт', 'Применение и разработка акустических технологий', 'Анализ и создание аудиопрофиля', 'Действителен', 'RU-SOUNDTECH-145'),
(146, 'Сертификация по биотехнологическим процессам', 'Центр биотехнологий России', '2022-03-06', '2025-03-06', 294, 'Средний', 'Биотехнологические процессы и управление', 'Проектирование биотехнологической установки', 'Действителен', 'RU-BIOPROC-146'),
(147, 'Сертификация по транспортным системам', 'Национальная транспортная ассоциация', '2021-10-19', '2024-10-19', 105, 'Продвинутый', 'Параметризация и внедрение транспортных систем', 'Оценка и управление транспортными проектами', 'Действителен', 'RU-TRANSSYS-147'),
(148, 'Сертификация по наноинженерии', 'Форум наноинженеров', '2020-04-02', '2023-04-02', 100, 'Начальный', 'Изучение и внедрение наноинженерных систем', 'Обучение через лабораторные практикумы', 'Истек', 'RU-NANOENG-148'),
(149, 'Сертификация по экологоинженерии', 'Институт экологоинженерии', '2023-07-27', '2026-07-27', 55, 'Эксперт', 'Проектирование и оптимизация экологоинженерных систем', 'Публикация на тему экологоинженерных проектов', 'Действителен', 'RU-ECOENG-149'),
(150, 'Сертификация по функциональным материалам', 'Исследовательский центр функциональных материалов', '2022-12-03', '2025-12-03', 124, 'Средний', 'Новые достижения в области функциональных материалов', 'Издание научной книги', 'Действителен', 'RU-FUNCMAT-150'),
(151, 'Сертификация по промышленной автоматизации', 'Центр промышленной автоматизации', '2021-11-30', '2024-11-30', 111, 'Продвинутый', 'Автоматизация производственных процессов', 'Создание автоматической линии сборки', 'Действителен', 'RU-INDUSTRIAUTO-151'),
(152, 'Сертификация по геоинженерии', 'Геоинженерная ассоциация России', '2020-08-09', '2023-08-09', 81, 'Начальный', 'Исследование и проектирование геоинженерных систем', 'Практические занятия на геоинженерных объектах', 'Истек', 'RU-GEOENG-152'),
(153, 'Сертификация по автотехническому инжинирингу', 'Институт автотехнического инжиниринга', '2023-02-01', '2026-02-01', 47, 'Эксперт', 'Проектирование и тестирование автотехнических систем', 'Обзор международных стандартов', 'Действителен', 'RU-AUTOENG-153'),
(154, 'Сертификация по объемным сетям', 'Академия объёмных вычислений', '2022-05-27', '2025-05-27', 300, 'Средний', 'Разработка объёмных вычислительных моделей', 'Практические исследования в области сетей', 'Действителен', 'RU-VOLNET-154'),
(155, 'Сертификация по радиоинженерии', 'Центр радиоинженерии России', '2021-04-24', '2024-04-24', 34, 'Продвинутый', 'Проектирование и оптимизация радиосистем', 'Создание радиоконструкций', 'Действителен', 'RU-RADIOENG-155'),
(156, 'Сертификация по фотонике', 'Институт фотоники', '2020-01-17', '2023-01-17', 90, 'Начальный', 'Использование фотонных технологий в промышленности', 'Участие в лабораториях фотонки', 'Истек', 'RU-TONIC-156'),
(157, 'Сертификация по проектированию зданий', 'Национальный центр архитектуры', '2023-10-05', '2026-10-05', 80, 'Эксперт', 'Архитектурное проектирование современных зданий', 'Представление авторского проекта', 'Действителен', 'RU-BUILDARCH-157'),
(158, 'Сертификация по пищевой инженерии', 'Ассоциация пищевой инженерии России', '2022-06-13', '2025-06-13', 102, 'Средний', 'Разработка новых пищевых продуктов и технологий', 'Презентация исследований в области пищевой инженерии', 'Действителен', 'RU-FOODENG-158'),
(159, 'Сертификация по автоматизации строительства', 'Академия строительной автоматизации', '2021-10-29', '2024-10-29', 31, 'Продвинутый', 'Интеграция автоматизации в строительные проекты', 'Внедрение технологий для управления строительством', 'Действителен', 'RU-BUILDAUTO-159'),
(160, 'Сертификация по химическому инжинирингу', 'Федеральное института химического инжиниринга', '2020-03-12', '2023-03-12', 10, 'Начальный', 'Химические процессы и их оптимизация', 'Инновационные проекты в химическом инжиниринге', 'Истек', 'RU-CHEMENG-160'),
(161, 'Сертификация по водоемным системам', 'Научный центр водоемных систем', '2023-04-28', '2026-04-28', 265, 'Эксперт', 'Управление и оптимизация водоемных систем', 'Система прогнозирования', 'Действителен', 'RU-WATERSYS-161'),
(162, 'Сертификация по технологиям будущего', 'Форум технологий будущего', '2022-11-01', '2025-11-01', 307, 'Средний', 'Иновации и исследования в перспективных технологиях', 'Участие в разрабатываемых проектах', 'Действителен', 'RU-FUTURE-162'),
(163, 'Сертификация по управлению продуктом', 'Центр инновационного управления продуктами', '2021-09-07', '2024-09-07', 227, 'Продвинутый', 'Технологические и управленческие навыки в прод.разраб.', 'Сертификация на прохождение менеджмента', 'Действителен', 'RU-PRODMGMT-163'),
(164, 'Сертификация по тепловым электростанциям', 'Институт тепловых электростанций', '2020-05-24', '2023-05-24', 204, 'Начальный', 'Проектирование и оптимизация тепловых потоков', 'Проект по тепловым оптимизациям', 'Истек', 'RU-THERMAL-164'),
(165, 'Сертификация по экологическим системам', 'Центр экосистем России', '2023-08-20', '2026-08-20', 72, 'Эксперт', 'Изучение и сохранение экологических систем', 'Руководство по модернизации экосистем', 'Действителен', 'RU-ECO-SYSTEMS-165'),
(166, 'Сертификация по когнитивным технологиям', 'Российский институт когнитивных исследований', '2022-02-18', '2025-02-18', 59, 'Средний', 'Исследования и внедрение когнитивных технологий', 'Создание модели когнитивной технологии', 'Действителен', 'RU-COGNITIVE-166'),
(167, 'Сертификация по альтернативной энергетике', 'Академия альтернативной энергетики', '2021-11-08', '2024-11-08', 14, 'Продвинутый', 'Разработка источников возобновляемой энергии', 'Создание прототипа альтернативного источника энергии', 'Действителен', 'RU-ALTENERGY-167'),
(168, 'Сертификация по дополненной реальности', 'Центр новых технологий', '2020-07-03', '2023-07-03', 233, 'Начальный', 'Создание и встраивание дополненной реальности', 'Проведение виртуального семинара', 'Истек', 'RU-AR-168'),
(169, 'Сертификация по биофизике', 'Форум биофизиков России', '2023-01-14', '2026-01-14', 68, 'Эксперт', 'Изучение биофизических процессов и методологий', 'Проекты в области биофизики', 'Действителен', 'RU-BIOPHYS-169'),
(170, 'Сертификация по радиационной безопасности', 'Фонд радиационной безопасности', '2022-06-24', '2025-06-24', 138, 'Средний', 'Мониторинг и разработка мер радиационной безопасности', 'Участие в радиационно-безопасных экспериментах', 'Действителен', 'RU-RADSAFE-170'),
(171, 'Сертификация по водоснабжению и водоотведению', 'Водоканал России', '2021-03-15', '2024-03-15', 43, 'Продвинутый', 'Планы модернизации и проектирования систем водоснабжения', 'Аккоуммулирование данных для новых водопроводных систем', 'Действителен', 'RU-WATER-171'),
(172, 'Сертификация по утвердительным технологиям', 'Научный институт утвердительных технологий', '2020-12-09', '2023-12-09', 220, 'Начальный', 'Альтернативные инновации и системы', 'Издание учебной литературы', 'Истек', 'RU-AFFIRM-172'),
(173, 'Сертификация по городскому управлению', 'Национальный институт городских исследований', '2023-09-25', '2026-09-25', 35, 'Эксперт', 'Управление и проектирование городских структур', 'Внедрение пилотных проектов в городах', 'Действителен', 'RU-URBAN-173'),
(174, 'Сертификация по термохимии', 'Академия научных исследований по термохимии', '2022-01-30', '2025-01-30', 320, 'Средний', 'Процессы и методы термодинамической системы', 'Публикация аналитических статей', 'Действителен', 'RU-THERMOCHEM-174'),
(175, 'Сертификация по теории беспилотных автомобилей', 'Национальный центр беспилотных технологий', '2021-10-21', '2024-10-21', 188, 'Продвинутый', 'Проектирование и внедрение беспилотных систем', 'Ведущая роль в создании автопилота', 'Действителен', 'RU-UNVEH-175'),
(176, 'Сертификация по кибербезопасности в промышленных системах', 'Форум технической безопасности России', '2020-05-06', '2023-05-06', 16, 'Начальный', 'Мониторинг и предотвращение угроз в системе', 'Учебный курс по анализу киберугроз', 'Истек', 'RU-INDCYBER-176'),
(177, 'Сертификация по системам личной безопасности', 'Академия систем безопасности', '2023-02-26', '2026-02-26', 199, 'Эксперт', 'Установка и модернизация систем личной безопасности', 'Участие в международных конференциях', 'Действителен', 'RU-PERSECURE-177'),
(178, 'Сертификация по химическому анализу', 'Центр химических исследований', '2022-07-18', '2025-07-18', 85, 'Средний', 'Старинный анализ химических соединений', 'Профессиональные навыки в аналитической химии', 'Действителен', 'RU-CHEMANA-178'),
(179, 'Сертификация по открытым технологиям', 'Форум открытых технологий России', '2021-12-29', '2024-12-29', 57, 'Продвинутый', 'Рациональное применение открытых технологий', 'Участие в международных проектах', 'Действителен', 'RU-OPENTECH-179'),
(180, 'Сертификация по энергоменеджменту', 'Академия управленческих наук России', '2020-04-11', '2023-04-11', 181, 'Начальный', 'Системы управления энергетическими ресурсами', 'Участие в управленческих инициативах', 'Истек', 'RU-ENERGMGMT-180'),
(181, 'Сертификация по транспортной безопасности', 'Российская транспортная ассоциация', '2023-06-21', '2026-06-21', 72, 'Эксперт', 'Развитие и соблюдение требований безопасности транспорта', 'Профессиональные навыки управления безопасностью', 'Действителен', 'RU-TRANSSAFE-181'),
(182, 'Сертификация по обрабатывающим техникам', 'Институт обрабатывающих технологий', '2022-01-02', '2025-01-02', 115, 'Средний', 'Современные методы обработки материалов', 'Проведение профессиональных семинаров', 'Действителен', 'RU-PROCTECH-182'),
(183, 'Сертификация по экологическим сооружениям', 'Экоцентр инженеров России', '2021-09-06', '2024-09-06', 221, 'Продвинутый', 'Проектирование и строительство экологически безопасных сооружений', 'Внедрение инновационных экологических решений', 'Действителен', 'RU-ECOCONS-183'),
(184, 'Сертификация по управлению потоками данных', 'Центр информационных потоков', '2020-12-12', '2023-12-12', 125, 'Начальный', 'Управление и контроль технологических потоков', 'Организация предприятий производств', 'Истек', 'RU-DATAFLOW-184'),
(185, 'Сертификация по квантовым технологиям', 'Научно-исследовательский центр квантовой механики', '2023-04-07', '2026-04-07', 59, 'Эксперт', 'Теория и воплощение квантовых применений', 'Разработка и создание прототипа', 'Действителен', 'RU-QUANTUM-185'),
(186, 'Сертификация по инженерии воздуха', 'Академия инженерии и аэродинамики', '2022-08-15', '2025-08-15', 196, 'Средний', 'Популярные модели и воздушные технологии', 'Публикация исследовательских достижений', 'Действителен', 'RU-AIR-ENG-186'),
(187, 'Сертификация по системам кинематографирования', 'Центр аудиовизуальных технологий', '2021-03-17', '2024-03-17', 115, 'Продвинутый', 'Использование и контроль кинематографических технологий', 'Новые методы использования, кинопрактика', 'Действителен', 'RU-CINE-ENG-187'),
(188, 'Сертификация по комплексным энергетическим системам', 'Институт сложных энергетических структур', '2020-11-22', '2023-11-22', 132, 'Начальный', 'Сложные энергоструктуры и их взаимодействие', 'Метрики и управление энергетическими системами', 'Истек', 'RU-ENESYS-188'),
(189, 'Сертификация по ветроэнергетике', 'Академия ветроэнергетики России', '2023-10-19', '2026-10-19', 258, 'Эксперт', 'Дизайн и производство ветрогенераторных систем', 'Программа обучения новыми навыками', 'Действителен', 'RU-WINDENG-189'),
(190, 'Сертификация по электромагнитной совместимости', 'Институт электромагнитных технологий', '2022-05-04', '2025-05-04', 200, 'Средний', 'Теория и системный анализ электромагнитной совместимости', 'Участие в проектировании и создании', 'Действителен', 'RU-EMC-190'),
(191, 'Сертификация по строительству на нефтяных платформах', 'Центр нефтеинженерии', '2021-08-22', '2024-08-22', 309, 'Продвинутый', 'Разработка и эксплуатация нефтегазовых платформ', 'Создание проектов на уровне международного сотрудничества', 'Действителен', 'RU-OILPLAT-191'),
(192, 'Сертификация по зелёной энергетике', 'Ассоциация зелёной энергетики России', '2020-04-28', '2023-04-28', 193, 'Начальный', 'Возобновляемая и разведанная энергетика', 'Семинары по зелёной энергетике', 'Истек', 'RU-GREENENG-192'),
(193, 'Сертификация по двигателестроению', 'Российская ассоциация моторотехники', '2023-08-06', '2026-08-06', 258, 'Эксперт', 'Производство и оптимизация двигателей', 'Использование технологий двигателестроения', 'Действителен', 'RU-ENGINE-193'),
(194, 'Сертификация по функциональной инженерии', 'Центр функциональных исследований', '2022-03-14', '2025-03-14', 70, 'Средний', 'Особенности и реинжиниринг функциональных систем', 'Вывод на рынок новых технологических патентов', 'Действителен', 'RU-FUNGEN-194'),
(195, 'Сертификация по агропромышленной инженерии', 'Ассоциация агропромышленной науки', '2021-11-30', '2024-11-30', 116, 'Продвинутый', 'Изучение и управление агропромышленными процессами', 'Обеспечение повышенной производительности в агросекторе', 'Действителен', 'RU-AGROENG-195'),
(196, 'Сертификация по управлению отходами', 'Академия экологии', '2020-01-28', '2023-01-28', 267, 'Начальный', 'Эффективное управление системами безопасной утилизации', 'Выработка концептуальных платформ', 'Истек', 'RU-WASTEMGMT-196'),
(197, 'Сертификация по электрическим цепям', 'Научный центр электрических технологий', '2023-05-08', '2026-05-08', 58, 'Эксперт', 'Динамические процессы в электрических цепях', 'Точные и квантовые измерения', 'Действителен', 'RU-ELECCIR-197'),
(198, 'Сертификация по системам визуализации', 'Ассоциация визуального инжиниринга', '2022-11-18', '2025-11-18', 50, 'Средний', 'Изучение и создание новых визуальных решений', 'Технологический анализ визуальных систем', 'Действителен', 'RU-VIZSYS-198'),
(199, 'Сертификация по мясо- и молочным технологиям', 'Центр пищевой индустрии России', '2021-06-07', '2024-06-07', 320, 'Продвинутый', 'Современные методики обработки и хранения мясо-молочных продуктов', 'Совместные инициативы с ведущими лабораториями', 'Действителен', 'RU-MEATDAIRY-199'),
(200, 'Сертификация по глобальным системам', 'Институт глобальных технологий', '2020-09-19', '2023-09-19', 235, 'Начальный', 'Анализ динамических глобальных систем', 'Участие в глобальных инициативах', 'Истек', 'RU-GLOBALSYS-200'),
(201, 'Сертификация по экологическим инновациям', 'Центр экологических исследований России', '2023-02-14', '2026-02-14', 232, 'Эксперт', 'Разработка инновационных экологически чистых технологий', 'Демонстрация успешных экологических проектов', 'Действителен', 'RU-ECOINNOV-201'),
(202, 'Сертификация по метеорологии', 'Российская метеорологическая ассоциация', '2022-11-04', '2025-11-04', 236, 'Средний', 'Концепции и практики в области метеорологии', 'Семинар по метеорологическим моделям', 'Действителен', 'RU-METEOR-202'),
(203, 'Сертификация по биоинформатике', 'Научный центр биоинформатики', '2021-06-21', '2024-06-21', 122, 'Продвинутый', 'Применение биоинформатики в медицине', 'Разработка биоинформатического программного обеспечения', 'Действителен', 'RU-BIOINFO-203'),
(204, 'Сертификация по системам умного дома', 'Ассоциация умных технологий', '2023-08-11', '2026-08-11', 311, 'Эксперт', 'Проектирование и внедрение технологий умных домов', 'Семинар о будущем умных технологий', 'Действителен', 'RU-SMARTSYS-204'),
(205, 'Сертификация по наноматериалам', 'Центр наноматериалов', '2022-03-13', '2025-03-13', 116, 'Средний', 'Разработка и применение наноматериалов', 'Публикация исследования по наноматериалам', 'Действителен', 'RU-NANOMAT-205'),
(206, 'Сертификация по научной электронной технике', 'Российское общество научной электроники', '2021-09-02', '2024-09-02', 220, 'Продвинутый', 'Высокие технологии в электронной технике', 'Участие в международной выставке', 'Действителен', 'RU-ELCTECH-206'),
(207, 'Сертификация по транспортной инновации', 'Институт транспортных технологий', '2023-11-01', '2026-11-01', 318, 'Эксперт', 'Разработка и внедрение инноваций в транспорте', 'Представление проекта на выставке', 'Действителен', 'RU-TRANSINN-207'),
(208, 'Сертификация по биометрическим системам', 'Центр биометрической инженерии', '2022-07-17', '2025-07-17', 212, 'Средний', 'Изучение и разработка биометрических систем', 'Участие в исследовательских экспериментах', 'Действителен', 'RU-BIOMETRIC-208'),
(209, 'Сертификация по технологий выработки энергии', 'Национальный энергетический институт', '2021-04-29', '2024-04-29', 71, 'Продвинутый', 'Новые подходы к энергогенерации', 'Внедрение инновации в энергетике', 'Действителен', 'RU-ENERGYTECH-209'),
(210, 'Сертификация по машинному обучению', 'Институт искусственного интеллекта', '2023-07-19', '2026-07-19', 72, 'Эксперт', 'Основы и практики машинного обучения', 'Создание рабочей модели ИИ', 'Действителен', 'RU-ML-210'),
(211, 'Сертификация по микропроцессорным системам', 'Академия процессорных технологий', '2022-12-12', '2025-12-12', 162, 'Средний', 'Проектирование микропроцессоров для современных устройств', 'Публикация о новых архитектурах', 'Действителен', 'RU-MICROPROC-211'),
(212, 'Сертификация по лазерным технологиям', 'Российский институт лазерных исследований', '2021-05-16', '2024-05-16', 275, 'Продвинутый', 'Использование лазеров в промышленности', 'Практическое применение лазерных систем', 'Действителен', 'RU-LASERTECH-212'),
(213, 'Сертификация по контекстным системам', 'Центр изучения контекстов', '2023-06-25', '2026-06-25', 264, 'Эксперт', 'Анализ и разработка контекстно-зависимых систем', 'Разработка прототипа', 'Действителен', 'RU-CONTEXSYS-213'),
(214, 'Сертификация по устойчивым сельскохозяйственным системам', 'Ассоциация устойчивого сельского хозяйства', '2022-02-21', '2025-02-21', 65, 'Средний', 'Разработка устойчивых агропрактик', 'Публикация результатов исследований', 'Действителен', 'RU-SUSTAGRO-214'),
(215, 'Сертификация по пищевой химии', 'Институт пищевой химии', '2021-09-18', '2024-09-18', 168, 'Продвинутый', 'Анализ и разработка пищевых компонентов', 'Участие в дегустационных исследованиях', 'Действителен', 'RU-FOODCHEM-215'),
(216, 'Сертификация по гибридных системах энергии', 'Центр гибридной энергетики', '2023-01-11', '2026-01-11', 303, 'Эксперт', 'Интеграция гибридных энергосистем', 'Публикация инновационного исследования', 'Действителен', 'RU-HYBRIDENG-216'),
(217, 'Сертификация по робототехническим платформам', 'Российский институт робототехнологий', '2022-10-03', '2025-10-03', 199, 'Средний', 'Разработка нетривиальных робототехнических решений', 'Участие в глобальном конкурсе робототехники', 'Действителен', 'RU-ROBOTPLAT-217'),
(218, 'Сертификация по нейросетям', 'Центр нейрокомпьютинга', '2021-07-27', '2024-07-27', 238, 'Продвинутый', 'Применение нейросетей в компьютерной технике', 'Создание моделей нейросетей', 'Действителен', 'RU-NEURALNET-218'),
(219, 'Сертификация по глубокому обучению', 'Институт передовых изучений', '2023-05-04', '2026-05-04', 70, 'Эксперт', 'Методики и использование глубокого обучения', 'Достижение результатов в сложных задачах ИИ', 'Действителен', 'RU-DEEPLEARN-219'),
(220, 'Сертификация по биомедицинским исследованиям', 'Академия биомедицинских наук', '2022-01-28', '2025-01-28', 89, 'Средний', 'Инновации в биомедицинской технике', 'Участие в исследованиях', 'Действителен', 'RU-BIOMEDRES-220'),
(221, 'Сертификация по молекулярной биологии', 'Национальная ассоциация биологов', '2023-07-10', '2026-07-10', 167, 'Эксперт', 'Изучение молекулярных процессов и техник', 'Презентация результатов на конференции', 'Действителен', 'RU-MOLECBIO-221'),
(222, 'Сертификация по квантовой криптографии', 'Институт квантовой безопасности', '2022-12-05', '2025-12-05', 141, 'Средний', 'Разработка и применение квантовых криптографических методов', 'Участие в семинарах по криптографии', 'Действителен', 'RU-QUANTCRYPTO-222'),
(223, 'Сертификация по экологическим инновациям в строительстве', 'Ассоциация экологического строительства', '2021-08-17', '2024-08-17', 301, 'Продвинутый', 'Внедрение экологически чистых технологий в строительстве', 'Публикации патентов и исследований', 'Действителен', 'RU-ECOCONST-223'),
(224, 'Сертификация по адаптивным системам', 'Центр изучения адаптивных технологий', '2023-03-29', '2026-03-29', 286, 'Эксперт', 'Разработка систем с адаптивными возможностями', 'Демонстрация прототипа на выставке', 'Действителен', 'RU-ADAPTIVESYS-224'),
(225, 'Сертификация по энергетическим инновациям', 'Национальный институт энергетики', '2022-06-02', '2025-06-02', 10, 'Средний', 'Применение инновационных подходов к энергосбережению и выработке', 'Участие в исследованиях и разработках', 'Действителен', 'RU-ENERGOINNO-225'),
(226, 'Сертификация по бионовлагам', 'Академия биотехнологий России', '2021-11-06', '2024-11-06', 306, 'Продвинутый', 'Исследование и разработка биоматериалов', 'Участие в международной конференции', 'Действителен', 'RU-BIOMAT-226'),
(227, 'Сертификация по нейрокоммуникациям', 'Центр нейротехнологий', '2020-04-30', '2023-04-30', 208, 'Начальный', 'Разработка интерфейсов мозг-компьютер', 'Публикация научных статей в международных журналах', 'Истек', 'RU-NEUROCOMM-227'),
(228, 'Сертификация по технологиям машинного зрения', 'Техноцентр искусственного интеллекта', '2023-12-20', '2026-12-20', 213, 'Эксперт', 'Применение технологий машинного зрения в промышленности', 'Организация обучающих семинаров', 'Действителен', 'RU-MACHINEVISION-228'),
(229, 'Сертификация по биоакустическим исследованиям', 'Ассоциация биоакустики', '2022-07-29', '2025-07-29', 123, 'Средний', 'Исследование биоакустических взаимодействий', 'Участие в полевых исследованиях', 'Действителен', 'RU-BIOACOUST-229'),
(230, 'Сертификация по альтернативным транспортным системам', 'Институт альтернативного транспорта', '2021-09-11', '2024-09-11', 149, 'Продвинутый', 'Разработка устойчивых транспортных решений', 'Представление проектов на национальных выставках', 'Действителен', 'RU-ALTTRANSPORT-230'),
(231, 'Сертификация по наночипам', 'Центр нанотехнологий и микроэлектроники', '2023-11-30', '2026-11-30', 263, 'Эксперт', 'Создание и внедрение инновационных наночипов', 'Демонстрация готовых решений', 'Действителен', 'RU-NANOCHIPS-231'),
(232, 'Сертификация по инженерии материалов', 'Исследовательский центр материалов', '2022-02-14', '2025-02-14', 268, 'Средний', 'Исследование и развитие новых технологий в инженерии материалов', 'Публикация научной работы', 'Действителен', 'RU-MATERIALENG-232'),
(233, 'Сертификация по биохимическим сенсорам', 'Центр биохимических исследований', '2021-08-02', '2024-08-02', 128, 'Продвинутый', 'Разработка и внедрение биохимических сенсоров', 'Семинары по инновационным технологиям', 'Действителен', 'RU-BIOCHEMSENSOR-233'),
(234, 'Сертификация по когнитивной робототехнике', 'Академия когнитивных наук', '2020-06-15', '2023-06-15', 205, 'Начальный', 'Применение когнитивных технологий в робототехнике', 'Участие в проектировании когнитивных роботов', 'Истек', 'RU-COGROBOTICS-234'),
(235, 'Сертификация по передовым инженерным решениям', 'Технологический институт', '2023-05-22', '2026-05-22', 247, 'Эксперт', 'Создание и внедрение передовых инженерных решений', 'Организация выставки новых технологий', 'Действителен', 'RU-ADVENG-235'),
(236, 'Сертификация по виртуальным технологиям', 'Виртуальный научный центр', '2022-01-09', '2025-01-09', 207, 'Средний', 'Погружение в технологии виртуальной реальности', 'Участие в разработке виртуальных инструментов', 'Действителен', 'RU-VIRTECH-236'),
(237, 'Сертификация по разработке облачных систем', 'Институт облачной архитектуры', '2021-12-28', '2024-12-28', 244, 'Продвинутый', 'Дизайн и реализация облачных платформ', 'Концептуальные разработки облачных решений', 'Действителен', 'RU-CLOUDSYS-237'),
(238, 'Сертификация по системной биологии', 'Центр системной биологии и инноваций', '2020-09-03', '2023-09-03', 121, 'Начальный', 'Моделирование и анализ биологических систем', 'Выступление на конференциях', 'Истек', 'RU-SYSBIO-238'),
(239, 'Сертификация по геоинформационным системам', 'Научный институт геоинформации', '2023-08-16', '2026-08-16', 247, 'Эксперт', 'Создание и управление геоинформационными системами', 'Публикация пространственных данных', 'Действителен', 'RU-GEINFO-239'),
(240, 'Сертификация по биоразлагаемым материалам', 'Академия устойчивого развития', '2022-04-19', '2025-04-19', 81, 'Средний', 'Разработка и применение биоразлагаемых материалов', 'Внедрение экологичных решений', 'Действителен', 'RU-BIODEG-240'),
(241, 'Сертификация по нейрокогнитивным исследованиям', 'Ассоциация учёных-нейрофизиологов', '2021-11-24', '2024-11-24', 125, 'Продвинутый', 'Исследование функционирования человеческого мозга', 'Публикация экспериментальных данных', 'Действителен', 'RU-NEUROCOG-241'),
(242, 'Сертификация по адаптивной инженерии', 'Центр цивилизационных технологий', '2020-05-09', '2023-05-09', 282, 'Начальный', 'Разработка адаптивных инженерных решений', 'Создание прототипных моделей', 'Истек', 'RU-ADAPTENG-242'),
(243, 'Сертификация по роботизированным технологиям', 'Инженерная ассоциация робототехники', '2023-06-18', '2026-06-18', 77, 'Эксперт', 'Разработка инновационных роботизированных технологий', 'Участие в международных разработках', 'Действителен', 'RU-ROBOTTECH-243'),
(244, 'Сертификация по интерактивным системам', 'Институт интерактивных решений', '2022-03-01', '2025-03-01', 264, 'Средний', 'Проектирование интерактивных систем для бизнеса и образования', 'Демонстрация проектов на конференции', 'Действителен', 'RU-INTERSYS-244'),
(245, 'Сертификация по органической химии', 'Российский исследовательский институт химии', '2021-10-14', '2024-10-14', 21, 'Продвинутый', 'Изучение органических соединений и их синтезов', 'Отчёт о проделанных исследованиях', 'Действителен', 'RU-ORGANCHEM-245'),
(246, 'Сертификация по перспективным электрогенераторам', 'Центр энергетических технологий', '2020-12-21', '2023-12-21', 148, 'Начальный', 'Разработка и тестирование новых электрогенераторов', 'Презентация на инновационной выставке', 'Истек', 'RU-ADVGEN-246'),
(247, 'Сертификация по хемоинформатике', 'Национальный центр хемоинформатики', '2023-04-01', '2026-04-01', 159, 'Эксперт', 'Использование информатики в химических исследованиях', 'Разработка аналитических инструментов', 'Действителен', 'RU-CHEMINF-247'),
(248, 'Сертификация по фотокерамическим материалам', 'Академия керамических технологий', '2022-01-17', '2025-01-17', 136, 'Средний', 'Создание фоточувствительных керамических материалов', 'Участие в технологических исследованиях', 'Действителен', 'RU-PHOTOCERAM-248'),
(249, 'Сертификация по интегрированным вычислительным системам', 'Институт высоких технологий', '2021-09-24', '2024-09-24', 235, 'Продвинутый', 'Дизайн и оптимизация вычислительных систем', 'Семинар по новым разработкам', 'Действителен', 'RU-INTEGCOMP-249'),
(250, 'Сертификация по энергетической диагностики', 'Научный центр энергетического анализа', '2020-03-28', '2023-03-28', 289, 'Начальный', 'Диагностика состояния энергосистем и оборудования', 'Прогнозное моделирование и анализ', 'Истек', 'RU-ENERGDIAG-250'),
(251, 'Сертификация по когнитивным роботам', 'Центр когнитивной робототехники', '2023-10-15', '2026-10-15', 68, 'Эксперт', 'Проектирование и внедрение когнитивных роботов', 'Участие в международных симпозиумах', 'Действителен', 'RU-COGROBOTS-251'),
(252, 'Сертификация по наноструктурам', 'Академия нанотехнологий и структур', '2022-05-08', '2025-05-08', 215, 'Средний', 'Создание и исследование наноструктурных систем', 'Презентация новых технологий', 'Действителен', 'RU-NANOSTRUCT-252'),
(253, 'Сертификация по полимерным инновациям', 'Научное общество полимеров', '2021-07-03', '2024-07-03', 202, 'Продвинутый', 'Разработка и применение новых полимерных материалов', 'Участие в технологических конференциях', 'Действителен', 'RU-POLYMERINNO-253'),
(254, 'Сертификация по экологии городской среды', 'Центр экологического градостроительства', '2020-08-26', '2023-08-26', 276, 'Начальный', 'Управление экологической безопасностью в городах', 'Публикация исследований экологического мониторинга', 'Истек', 'RU-URBANECO-254'),
(255, 'Сертификация по системам радиоуправления', 'Изучение радиочастотных технологий', '2023-06-09', '2026-06-09', 303, 'Эксперт', 'Разработка и управление системами радиоуправления', 'Участие в разработке новых систем', 'Действителен', 'RU-RADIOCTRL-255'),
(256, 'Сертификация по экзоинженерии', 'Институт передовых инженерных технологий', '2022-02-03', '2025-02-03', 57, 'Средний', 'Исследование и внедрение экзосистем', 'Организация симпозиумов по экзоинженерии', 'Действителен', 'RU-EXOENG-256'),
(257, 'Сертификация по астронавтическим технологиям', 'Космическое агентство России', '2021-11-12', '2024-11-12', 28, 'Продвинутый', 'Создание и испытание астронавтических технологий', 'Презентация проектов на форумах по космосу', 'Действителен', 'RU-ASTRONAUT-257'),
(258, 'Сертификация по биофлуидной аналитике', 'Институт биофизических исследований', '2020-04-26', '2023-04-26', 87, 'Начальный', 'Анализ и моделирование биологических жидкостей', 'Научные статьи и публикации', 'Истек', 'RU-BIOFLUIDS-258'),
(259, 'Сертификация по мобильным сетям нового поколения', 'Академия телекоммуникаций', '2023-03-25', '2026-03-25', 9, 'Эксперт', 'Разработка сетей связи следующего поколения', 'Демонстрация на отраслевых форумах', 'Действителен', 'RU-MOBILENET-259'),
(260, 'Сертификация по биоэнергетике', 'Центр альтернативной энергии', '2022-12-10', '2025-12-10', 39, 'Средний', 'Развитие и внедрение технологий биоэнергетики', 'Участие в экологических инициативах', 'Действителен', 'RU-BIOENERGY-260');


INSERT INTO TrainingPrograms VALUES 
(1, 'Управление инженерными проектами', 'Газпром', '2023-11-01', '2023-11-30', 150000.00, 'Москва', 'Программа направлена на улучшение навыков управления проектами в инженерной сфере.', 276, 'Завершено', 227),
(2, 'Основы машиностроения', 'Ростех', '2023-09-10', '2023-11-20', 200000.00, 'Санкт-Петербург', 'Продвинутый курс по современным технологиям в машиностроении.', 148, 'В процессе', 170),
(3, 'Инновации в энергетике', 'Росатом', '2023-10-05', '2023-12-15', 180000.00, 'Нижний Новгород', 'Курс по внедрению инновационных технологий в энергетику.', 213, 'Запланирован', 177),
(4, 'Автоматизация производственных процессов', 'Сбербанк', '2023-11-20', '2024-01-31', 175000.00, 'Екатеринбург', 'Практические занятия по автоматизации производственных процессов на базе SAP.', 40, 'Завершено', 220),
(5, 'Экологическая безопасность', 'Татнефть', '2023-12-01', '2024-02-10', 155000.00, 'Казань', 'Курс посвящен управлению экологической безопасностью на промышленных предприятиях.', 202, 'В процессе', 254),
(6, 'Строительные материалы и технологии', 'Лукойл', '2023-08-15', '2023-10-20', 225000.00, 'Краснодар', 'Обучение по инновационным строительным материалам и их применению.', 154, 'Запланирован', 200),
(7, 'Анализ данных для инженеров', 'Яндекс', '2023-11-12', '2024-03-15', 120000.00, 'Новосибирск', 'Использование анализа данных для повышения эффективности инженерных решений.', 300, 'В процессе', 215),
(8, 'Интеграция систем управления', 'Мегафон', '2023-09-22', '2023-12-01', 130000.00, 'Волгоград', 'Курс по интеграции различных систем управления в сложных инженерных системах.', 194, 'Завершено', 155),
(9, 'Энергоэффективные технологии', 'РЖД', '2023-10-15', '2024-01-05', 140000.00, 'Челябинск', 'Методы внедрения энергоэффективных технологий на предприятиях.', 4, 'Запланирован', 241),
(10, 'Сети и телекоммуникации', 'Ростелеком', '2023-12-04', '2024-02-28', 160000.00, 'Уфа', 'Разработка и обслуживание телекоммуникационных сетей.', 203, 'В процессе', 108),
(11, 'Цифровое производство', 'Северсталь', '2023-11-14', '2024-02-20', 190000.00, 'Пермь', 'Автоматизация и цифровизация современного производства.', 180, 'Завершено', 200),
(12, 'Промышленная безопасность', 'Норникель', '2023-10-01', '2023-12-30', 145000.00, 'Омск', 'Курс повышения квалификации в области промышленной безопасности.', 243, 'В процессе', 120),
(13, 'Управление качеством', 'Еврохим', '2023-11-25', '2024-03-05', 135000.00, 'Саратов', 'Обеспечение качества на всех этапах производственного процесса.', 146, 'Запланирован', 191),
(14, 'Системы автоматизации в энергетике', 'Русгидро', '2023-09-18', '2023-12-18', 185000.00, 'Иркутск', 'Современные системы автоматизации процессов в энергетической отрасли.', 114, 'Завершено', 260),
(15, 'Машинное обучение для инженеров', 'Mail.Ru', '2023-12-10', '2024-03-10', 210000.00, 'Хабаровск', 'Применение технологий машинного обучения в инженерных задачах.', 40, 'В процессе', 116),
(16, 'Технологии 3D-печати', 'Почта России', '2023-10-10', '2024-01-10', 170000.00, 'Сочи', 'Применение современных технологий 3D-печати в производстве.', 75, 'Запланирован', 249),
(17, 'Нанотехнологии в инженерии', 'Аэрофлот', '2023-11-07', '2024-02-07', 220000.00, 'Тюмень', 'Применение нанотехнологий в различных направлениях инженерной деятельности.', 111, 'Завершено', 241),
(18, 'Современные металлы и сплавы', 'Роснефть', '2023-09-29', '2023-12-05', 155000.00, 'Рязань', 'Курс по новейшим материалам в производстве.', 317, 'В процессе', 203),
(19, 'Экономика энергосбережения', 'Сибур', '2023-10-06', '2024-01-06', 165000.00, 'Барнаул', 'Эффективные методы управления экономикой энергопотребления.', 29, 'Запланирован', 246),
(20, 'Биотехнология в производстве', 'Белоруснефть', '2023-12-15', '2024-03-25', 175000.00, 'Калининград', 'Внедрение биотехнологических подходов в производственные процессы.', 130, 'В процессе', 226),
(21, 'Инженерные расчеты в строительстве', 'Транснефть', '2023-11-10', '2024-02-15', 145000.00, 'Самара', 'Расчеты и проектирование строений и сооружений на основе современных технологий.', 198, 'Запланирован', 126),
(22, 'Обработка материалов', 'Сургутнефтегаз', '2023-12-20', '2024-03-20', 155000.00, 'Ярославль', 'Современные методы обработки материалов в производственных условиях.', 215, 'В процессе', 205),
(23, 'Информационные технологии в инжиниринге', 'Татнефи', '2023-11-25', '2024-03-25', 165000.00, 'Владивосток', 'Интеграция IT-решений в инженерных проектах.', 172, 'Завершено', 176),
(24, 'Управление производственными системами', 'НЛМК', '2023-11-19', '2024-01-15', 125000.00, 'Томск', 'Системы управления в машиностроении и металлургии.', 46, 'В процессе', 257),
(25, 'Промышленные сети и коммуникации', 'Сибэнергомаш', '2023-12-05', '2024-02-25', 175000.00, 'Рязань', 'Организация промышленных сетей и коммуникаций для повышения эффективности производства.', 201, 'Запланирован', 197),
(26, 'Геоинформационные системы', 'РЖД', '2023-11-18', '2024-03-03', 140000.00, 'Волгоград', 'Использование геоинформационных систем в транспортной отрасли.', 48, 'Завершено', 222),
(27, 'Обработка и анализ больших данных', 'МТС', '2023-12-01', '2024-02-10', 190000.00, 'Чебоксары', 'Современные технологии и методы обработки и анализа больших данных в инженерии.', 74, 'В процессе', 236),
(28, 'Роботизация производства', 'Росатом', '2023-11-07', '2024-02-07', 210000.00, 'Ульяновск', 'Введение в робототехнику и роботизацию производственных процессов.', 171, 'В процессе', 245),
(29, 'Техника безопасности на производстве', 'ГАЗ', '2023-12-15', '2024-03-01', 135000.00, 'Ижевск', 'Обучение принципам техники безопасности на производстве.', 69, 'Запланирован', 145),
(30, 'Энергетические системы и оборудование', 'Русгидро', '2023-11-05', '2024-01-25', 155000.00, 'Красноярск', 'Эффективное управление энергосистемами и энергетическим оборудованием.', 263, 'Завершено', 204),
(31, 'Цифровые технологии в строительстве', 'Ростелеком', '2023-11-28', '2024-02-20', 120000.00, 'Кемерово', 'Использование цифровых технологий для управления строительными проектами.', 163, 'Запланирован', 238),
(32, 'Кибербезопасность в инженерии', 'Яндекс', '2023-12-20', '2024-04-01', 185000.00, 'Киров', 'Защита инженерных систем от киберугроз.', 159, 'В процессе', 102),
(33, 'Современные металлообрабатывающие технологии', 'ОМК', '2023-11-15', '2024-03-10', 160000.00, 'Уфа', 'Методы и технологии обработки металлов в условиях современного производства.', 303, 'В процессе', 216),
(34, 'Промышленная электроника', 'ФСК ЕЭС', '2023-12-25', '2024-03-25', 130000.00, 'Набережные Челны', 'Современные решения и опыт применения промышленной электроники.', 262, 'Запланирован', 105),
(35, 'Системы мониторинга и управления', 'Технопромэкспорт', '2023-12-10', '2024-03-10', 140000.00, 'Пенза', 'Создание систем мониторинга для промышленных предприятий.', 240, 'В процессе', 220),
(36, 'Аддитивные технологии в производстве', 'Энергопром', '2023-11-30', '2024-03-01', 150000.00, 'Тверь', 'Применение аддитивных технологий в машиностроении и энергетике.', 153, 'Завершено', 130),
(37, 'Интеллектуальные системы управления', 'Транснефтепродукт', '2023-11-18', '2024-02-18', 200000.00, 'Липецк', 'Внедрение интеллектуальных систем управления в производственные процессы.', 228, 'Запланирован', 180),
(38, 'Промышленная автоматика и робототехника', 'Сибур', '2023-12-01', '2024-04-01', 170000.00, 'Калуга', 'Особенности проектирования и эксплуатации автоматических систем управления.', 244, 'В процессе', 140),
(39, 'Системы энергосбережения', 'Роснефть', '2023-12-10', '2024-03-15', 165000.00, 'Воронеж', 'Введение в современные системы энергосбережения и их применение.', 153, 'В процессе', 205),
(40, 'Экологические технологии в машиностроении', 'Газпром', '2023-11-15', '2024-02-15', 140000.00, 'Севастополь', 'Прикладные аспекты внедрения экологически чистых технологий в машиностроении.', 131, 'В процессе', 259),
(41, 'Технологии машинного зрения', 'Ростех', '2023-11-25', '2024-03-10', 185000.00, 'Южно-Сахалинск', 'Практическое применение технологий машинного зрения в промышленности.', 51, 'Запланирован', 133),
(42, 'Автоматизированные системы проектирования', 'РусГидро', '2023-12-20', '2024-04-05', 160000.00, 'Архангельск', 'Использование авто-систем проектирования в различных отраслях.', 125, 'Завершено', 110),
(43, 'Диагностика технических систем', 'Автоваз', '2023-12-01', '2024-03-20', 145000.00, 'Красногорск', 'Современные методы диагностики и обслуживания технических систем.', 122, 'В процессе', 152),
(44, 'Программируемые логические контроллеры', 'Буревестник', '2023-11-22', '2024-02-20', 155000.00, 'Смоленск', 'Обучение работе с программируемыми логическими контроллерами в промышленности.', 40, 'Запланирован', 116),
(45, 'Устойчивое строительство', 'ГАЗПРОМНЕФТЬ', '2023-12-15', '2024-03-25', 175000.00, 'Череповец', 'Концепции устойчивого развития в строительстве.', 265, 'В процессе', 170),
(46, 'Солнечная энергетика', 'Альянс', '2023-12-18', '2024-04-01', 150000.00, 'Элиста', 'Стратегии развития и внедрения солнечных энергетических технологий.', 143, 'Запланирован', 156),
(47, 'Электрооборудование высокого напряжения', 'Энергосистема', '2023-11-20', '2024-02-20', 165000.00, 'Владимир', 'Эксплуатация и обслуживание электрооборудования высокого напряжения.', 1, 'Завершено', 238),
(48, 'Оптимизация производственных процессов', 'Татэнерго', '2023-12-05', '2024-03-05', 130000.00, 'Саратов', 'Методы и инструменты оптимизации производственных процессов.', 54, 'В процессе', 108),
(49, 'Проектирование электрооборудования', 'КамАЗ', '2023-12-10', '2024-03-20', 160000.00, 'Саранск', 'Аспекты проектирования сложного электрооборудования.', 26, 'Запланирован', 154),
(50, 'Система газораспределения', 'Росгазификация', '2023-12-25', '2024-03-25', 145000.00, 'Петрозаводск', 'Управление и эксплуатация систем газораспределения.', 10, 'В процессе', 188),
(51, 'Металлургия и материаловедение', 'Северсталь', '2023-12-15', '2024-04-01', 175000.00, 'Калининград', 'Современные достижения и технологии в металлургии и материаловедении.', 317, 'Запланирован', 257),
(52, 'Литейные технологии', 'ОМК', '2023-12-05', '2024-03-25', 165000.00, 'Мурманск', 'Обучение методам и технологиям современного литья металлов.', 154, 'В процессе', 174),
(53, 'Стратегии управления качеством', 'ФосАгро', '2023-12-18', '2024-02-20', 155000.00, 'Киров', 'Обеспечение и контроль качества в современных условиях производства.', 81, 'Запланирован', 213),
(54, 'Гидравлические системы', 'Ростовэнерго', '2023-11-25', '2024-03-15', 120000.00, 'Оренбург', 'Эксплуатация и оптимизация гидравлических систем.', 245, 'Завершено', 189),
(55, 'Биомеханика и биоматериалы', 'Белорусская компания', '2023-12-10', '2024-03-10', 200000.00, 'Ижевск', 'Биомеханика и разработка новых биоматериалов.', 223, 'В процессе', 228),
(56, 'Энергоэффективность в машиностроении', 'Газпром', '2023-12-20', '2024-03-30', 190000.00, 'Орёл', 'Методы и технологии повышения энергоэффективности в машиностроении.', 178, 'Запланирован', 152),
(57, 'Программирование в инженерии', 'Ростехнологии', '2023-12-01', '2024-04-01', 175000.00, 'Тула', 'Программирование как основа современных инженерных разработок.', 242, 'В процессе', 179),
(58, 'Промышленные компрессоры', 'Татнефть', '2023-11-28', '2024-03-25', 155000.00, 'Брянск', 'Эксплуатация и сервисное обслуживание промышленных компрессоров.', 178, 'Завершено', 205),
(59, 'Энергетические установки', 'Лукойл', '2023-12-15', '2024-03-15', 165000.00, 'Сочи', 'Проектирование и обслуживание энергетических установок.', 123, 'В процессе', 108),
(60, 'Транспарентные технологические решения', 'Яндекс', '2023-12-10', '2024-03-20', 180000.00, 'Находка', 'Прозрачные процессы для инновационных решений.', 25, 'Запланирован', 256),
(61, 'Стратегии логистики', 'Автоваз', '2023-12-01', '2024-03-01', 145000.00, 'Магадан', 'Развитие эффективных стратегий логистики для производственного сектора.', 187, 'В процессе', 182),
(62, 'Сенсорные системы', 'Сибур', '2023-12-20', '2024-04-01', 125000.00, 'Калуга', 'Дизайн и интеграция сенсорных систем в промышленных установках.', 41, 'Запланирован', 140),
(63, 'Технологии переработки отходов', 'Экотек', '2023-12-15', '2024-03-02', 150000.00, 'Тюмень', 'Инновационные подходы к переработке отходов и их утилизации.', 257, 'В процессе', 219),
(64, 'Промышленная экология', 'GreenTech', '2023-12-12', '2024-03-25', 135000.00, 'Барнаул', 'Экологическое сопровождение промышленных проектов.', 236, 'Запланирован', 252),
(65, 'Наноматериалы в энергетике', 'Транснефть', '2023-12-20', '2024-04-01', 160000.00, 'Ростов-на-Дону', 'Использование наноматериалов в энергетических системах.', 61, 'Завершено', 145),
(66, 'Интердисциплинарные инновации', 'Сколково', '2023-12-05', '2024-03-25', 175000.00, 'Новосибирск', 'Интеграция знаний из различных областей для создания инноваций.', 316, 'В процессе', 214),
(67, 'Дизайн инженерных систем', 'Энерготехстрой', '2023-12-18', '2024-03-15', 180000.00, 'Казань', 'Разработка и проектирование сложных инженерных решений.', 259, 'Запланирован', 217),
(68, 'Оптимизация инженерных процессов', 'ЮжУралНефть', '2023-12-10', '2024-03-10', 155000.00, 'Челябинск', 'Стратегии улучшения и оптимизации процессов производства.', 305, 'В процессе', 177),
(69, 'Проектирование логистических систем', 'ЛогистикТех', '2023-12-01', '2024-03-01', 165000.00, 'Тамбов', 'Разработка эффективных логистических цепочек.', 199, 'Запланирован', 106),
(70, 'Циклы разработки систем', 'Технопарк', '2023-12-20', '2024-04-05', 140000.00, 'Вологда', 'Полный цикл разработки и тестирования инженерных систем.', 117, 'В процессе', 209),
(71, 'Передовые материалы в строительстве', 'СтройАльянс', '2023-12-25', '2024-03-25', 180000.00, 'Новополоцк', 'Применение новейших материалов в строительных проектах.', 290, 'Запланирован', 241),
(72, 'Космические технологии', 'Роскосмос', '2023-12-18', '2024-03-30', 250000.00, 'Королёв', 'Разработка и внедрение технологий для космических исследований.', 207, 'Завершено', 124),
(73, 'Методы решения инженерных проблем', 'ТехСтрой', '2023-12-12', '2024-03-15', 145000.00, 'Калуга', 'Эффективные подходы к решению сложных инженерных задач.', 137, 'В процессе', 248),
(74, 'Квантовые технологии', 'Квант', '2023-12-05', '2024-03-05', 185000.00, 'Санкт-Петербург', 'Использование квантовых технологий в современных инженерных проектах.', 99, 'Запланирован', 106),
(75, 'Инженерная экология', 'Экострой', '2023-12-01', '2024-03-01', 160000.00, 'Грозный', 'Интеграция экологических принципов в инженерную деятельность.', 307, 'В процессе', 137),
(76, 'Управление техническими рисками', 'Ренова', '2023-12-15', '2024-04-01', 145000.00, 'Благовещенск', 'Анализ и управление техническими рисками на предприятии.', 265, 'Запланирован', 253),
(77, 'Обратное проектирование', 'Инновация', '2023-12-08', '2024-03-15', 150000.00, 'Курск', 'Методы и технологии обратного проектирования для инженерии.', 218, 'В процессе', 164),
(78, 'Теплотехника', 'Теплоэнерго', '2023-12-18', '2024-03-20', 200000.00, 'Череповец', 'Основы теплотехники и ее применение в производственных процессах.', 203, 'В процессе', 200),
(79, 'Управление проектами в энергетике', 'Энергостарт', '2023-12-20', '2024-04-01', 175000.00, 'Камчатка', 'Особенности управления проектами в энергетическом секторе.', 217, 'Запланирован', 152),
(80, 'Сложные системы и их управление', 'КомплексСиб', '2023-12-15', '2024-03-25', 180000.00, 'Сургут', 'Обучение методам управления сложными инженерными системами.', 175, 'В процессе', 177),
(81, 'Биоинженерия', 'Биотехнолог', '2023-12-10', '2024-03-10', 160000.00, 'Тольятти', 'Прикладная биоинженерия и ее перспективы.', 213, 'Запланирован', 171),
(82, 'Технологии хранения энергии', 'Энерговест', '2023-12-12', '2024-03-15', 175000.00, 'Иркутск', 'Современные технологии хранения и распределения энергии.', 218, 'Завершено', 245),
(83, 'Аналитика и моделирование', 'АНАЛИТИК', '2023-12-18', '2024-03-30', 165000.00, 'Кострома', 'Стратегии и инструменты для инженерного анализа и моделирования.', 286, 'В процессе', 197),
(84, 'Разработка новых материалов', 'CompTech', '2023-12-20', '2024-03-25', 185000.00, 'Брянск', 'Инновации в области разработки и применения новых материалов.', 155, 'Запланирован', 251),
(85, 'Авиационные системы', 'Туполев', '2023-12-01', '2024-03-01', 170000.00, 'Ульяновск', 'Технологии проектирования и обслуживание авиационных систем.', 297, 'В процессе', 237),
(86, 'Системы контроля и автоматизации', 'КонтрольСистема', '2023-12-10', '2024-03-10', 175000.00, 'Миасс', 'Управление системами контроля и автоматизации на предприятиях.', 151, 'Запланирован', 120),
(87, 'Системный инжиниринг', 'Инноватор', '2023-12-08', '2024-03-15', 160000.00, 'Ставрополь', 'Системный подход к проектированию и реализации современных проектов.', 154, 'Завершено', 106),
(88, 'Экологическая инжинирия', 'ЭкоИнж', '2023-12-12', '2024-03-20', 155000.00, 'Калуга', 'Экологические проекты и инновации в сфере инжиниринга.', 205, 'В процессе', 160),
(89, 'Проектирование систем безопасности', 'СервисБезопасности', '2023-12-25', '2024-04-01', 180000.00, 'Владик', 'Обучение проектированию и внедрению систем безопасности.', 55, 'Запланирован', 135),
(90, 'Лазерные технологии', 'ЛазерТех', '2023-12-01', '2024-03-01', 185000.00, 'Калининград', 'Инновационные лазерные технологии в производственных процессах.', 260, 'В процессе', 154),
(91, 'Киберфизические системы', 'Электроника', '2023-12-05', '2024-03-05', 165000.00, 'Волгоград', 'Интеграция киберфизических систем в производственные цепочки.', 14, 'Завершено', 165),
(92, 'Экономика инженерных решений', 'ЭкономИнж', '2023-12-10', '2024-03-10', 170000.00, 'Астрахань', 'Анализ и управление экономическими аспектами инженерного проектирования.', 237, 'В процессе', 218),
(93, 'Обработка больших данных', 'ДатаИнж', '2023-12-12', '2024-03-20', 150000.00, 'Пермь', 'Применение обработки и анализа больших данных в инженерии.', 40, 'Запланирован', 104),
(94, 'Технологии интеллекта', 'ТехноИнтеллект', '2023-12-15', '2024-03-25', 180000.00, 'Иваново', 'Современные технологии искусственного интеллекта в инженерных решениях.', 90, 'В процессе', 104),
(95, 'Генетическая инженерия', 'ГеномТех', '2023-12-18', '2024-03-30', 175000.00, 'Омск', 'Применение генетических технологий в биоинженерии.', 262, 'Запланирован', 212),
(96, 'Прецизионная инженерия', 'ТочИнженер', '2023-12-20', '2024-04-05', 160000.00, 'Самара', 'Методы и технологии прецизионного проектирования в различных областях.', 137, 'В процессе', 203),
(97, 'Инновационная инфраструктура', 'Инфратех', '2023-12-10', '2024-03-10', 145000.00, 'Курган', 'Разработка и эксплуатация инновационной инфраструктуры в инженерных решениях.', 294, 'Запланирован', 247),
(98, 'Технические нормативы', 'СтандартТех', '2023-12-12', '2024-03-20', 110000.00, 'Москва', 'Разработка и внедрение технических нормативов в инженерной сфере.', 41, 'Завершено', 165),
(99, 'Зеленые технологии', 'Экологика', '2023-12-18', '2024-03-25', 175000.00, 'Сочи', 'Инновации в области зеленых технологий и устойчивого развития.', 314, 'В процессе', 201),
(100, 'Инженерное программное обеспечение', 'СофтЭнг', '2023-12-20', '2024-04-01', 150000.00, 'Чебоксары', 'Разработка и использование инженерного программного обеспечения.', 207, 'Запланирован', 167),
(101, 'Обучение инженерии данных', 'Яндекс', '2024-01-10', '2024-04-10', 220000.00, 'Москва', 'Курс о фундаментальных и продвинутых методах обработки данных в инженерии.', 149, 'Запланирован', 225),
(102, 'Введение в нейронные сети', 'Росатом', '2024-01-15', '2024-04-15', 235000.00, 'Санкт-Петербург', 'Особенности применения нейронных сетей в различных инженерных задачах.', 265, 'В процессе', 105),
(103, 'Бизнес-инжиниринг', 'Газпром', '2024-01-20', '2024-04-20', 240000.00, 'Казань', 'Курс о применении инженерных подходов для оптимизации бизнес-процессов.', 281, 'Запланирован', 252),
(104, 'Технологии устойчивого развития', 'Ростех', '2024-01-25', '2024-04-25', 205000.00, 'Екатеринбург', 'Инновации в области устойчивого развития и экологии.', 311, 'Запланирован', 121),
(105, 'Управление знаниями в инженерии', 'Роснефть', '2024-02-01', '2024-05-01', 225000.00, 'Нижний Новгород', 'Навыки и методы управления знаниями в инженерной деятельности.', 290, 'В процессе', 184),
(106, 'Оптимизация энергоэффективности', 'Татнефть', '2024-02-05', '2024-05-05', 210000.00, 'Воронеж', 'Курс по внедрению энергосберегающих технологий в промышленности.', 44, 'В процессе', 234),
(107, 'Интернет вещей для инженерии', 'Лукойл', '2024-02-10', '2024-05-10', 230000.00, 'Новосибирск', 'Обучение технологии IoT и её применению в инженерных системах.', 100, 'Запланирован', 174),
(108, 'Микросистемная техника', 'Сбербанк', '2024-02-15', '2024-05-15', 190000.00, 'Самара', 'Основы проектирования и использования микросистемных устройств.', 65, 'Завершено', 104),
(109, 'Киберзащита в промышленности', 'Ростелеком', '2024-02-20', '2024-05-20', 195000.00, 'Ижевск', 'Защита промышленных сетей и систем от киберугроз.', 231, 'Запланирован', 201),
(110, 'Энергетический аудит', 'Русгидро', '2024-02-25', '2024-05-25', 215000.00, 'Челябинск', 'Навыки проведения аудита энергетических систем и выявления потерь.', 290, 'В процессе', 250),
(111, 'Автоматизация объектов недвижимости', 'МТС', '2024-03-01', '2024-06-01', 205000.00, 'Брянск', 'Технологии автоматизации для управления офисными и жилыми зданиями.', 267, 'Запланирован', 127),
(112, 'Процессное управление', 'Сибур', '2024-03-05', '2024-06-05', 200000.00, 'Тула', 'Методики управления процессами для повышения эффективности компании.', 135, 'В процессе', 194),
(113, 'Рынок углеродных единиц', 'ГлобалЭнергия', '2024-03-10', '2024-06-10', 230000.00, 'Мурманск', 'Углеродные рынки и их роль в снижении выбросов парниковых газов.', 20, 'Запланирован', 230),
(114, 'Интеллектуальные сети', 'Телеком', '2024-03-15', '2024-06-15', 220000.00, 'Кострома', 'Инновации и технологии создания интеллектуальных сетей.', 239, 'В процессе', 159),
(115, 'Возобновляемые источники энергии', 'Экосила', '2024-03-20', '2024-06-20', 210000.00, 'Владивосток', 'Использование солнечной, ветровой и гидроэнергии в инженерных решениях.', 215, 'Запланирован', 193),
(116, 'Инженерия малых систем', 'Минитех', '2024-03-25', '2024-06-25', 180000.00, 'Томск', 'Технологии и методы разработки малых инженерных систем.', 186, 'Завершено', 183),
(117, 'Аналитическая инженерия', 'АнализСистем', '2024-04-01', '2024-07-01', 195000.00, 'Тула', 'Применение аналитических методов для оптимизации инженерных процессов.', 64, 'В процессе', 112),
(118, 'Робототехнические комплексы', 'Росробот', '2024-04-05', '2024-07-05', 240000.00, 'Краснодар', 'Современные робототехнические системы и их управление.', 24, 'Запланирован', 148),
(119, 'Машинное зрение', 'ВизТех', '2024-04-10', '2024-07-10', 220000.00, 'Вологда', 'Технологии анализа изображений и их применение в инженерии.', 173, 'Запланирован', 218),
(120, 'Управленческая экономика', 'УправЭко', '2024-04-15', '2024-07-15', 205000.00, 'Калуга', 'Экономические основы управления технологическими проектами.', 170, 'В процессе', 209),
(121, 'Энергетическая логистика', 'ЭнЛогистик', '2024-04-20', '2024-07-20', 215000.00, 'Саранск', 'Управление цепочками поставок в энергетической сфере.', 1, 'Запланирован', 133),
(122, 'Технологии переработки ресурсов', 'РециклинТех', '2024-04-25', '2024-07-25', 235000.00, 'Владимир', 'Методы и технологии переработки промышленных и бытовых отходов.', 166, 'В процессе', 122),
(123, 'Инженерное конструирование', 'Конструктор', '2024-05-01', '2024-08-01', 190000.00, 'Уфа', 'Основы и технологии инженерного проектирования и разработки.', 155, 'Запланирован', 226),
(124, 'Управление киберфизическими системами', 'КиберСистемы', '2024-05-05', '2024-08-05', 225000.00, 'Сочи', 'Обучение интеграции и управления киберфизическими системами.', 320, 'В процессе', 184),
(125, 'Экоэффективные решения', 'Экоград', '2024-05-10', '2024-08-10', 220000.00, 'Тюмень', 'Инновации и передовые практики в области экоэффективности.', 133, 'Запланирован', 134),
(126, 'Биоинновационные технологии', 'БиоТех', '2024-05-15', '2024-08-15', 245000.00, 'Калининград', 'Применение биотехнологий в инженерных и медицинских проектах.', 163, 'В процессе', 237),
(127, 'Космическая инженерия', 'КосмоТех', '2024-05-20', '2024-08-20', 250000.00, 'Королёв', 'Разработка технологий для освоения космического пространства.', 86, 'Запланирован', 177),
(128, 'Промышленная робототехника', 'РобоМаш', '2024-05-25', '2024-08-25', 235000.00, 'Ставрополь', 'Программы по внедрению роботов на производство и их обслуживание.', 105, 'В процессе', 109),
(129, 'Будущее инженерии: тренды и инновации', 'Футурист', '2024-06-01', '2024-09-01', 255000.00, 'Красноярск', 'Преобразования инженерии под влиянием новых технологий.', 34, 'Запланирован', 164),
(130, 'Теория и практика сетевой инженерии', 'Сеть-Дизайн', '2024-06-05', '2024-09-05', 195000.00, 'Магнитогорск', 'Проектирование и обслуживание сетей в инженерных системах.', 209, 'В процессе', 257),
(131, 'Электротехнические инновации', 'ЭлектроТех', '2024-06-10', '2024-09-10', 220000.00, 'Самара', 'Современные технологии и решения в области электротехники.', 196, 'Запланирован', 123),
(132, 'Инженерия медицинских систем', 'МедТехно', '2024-06-15', '2024-09-15', 245000.00, 'Омск', 'Разработка и внедрение инженерных решений в медицине.', 265, 'В процессе', 121),
(133, 'Агрохимические технологии', 'АгроХим', '2024-06-20', '2024-09-20', 215000.00, 'Иваново', 'Продвинутые методы производства и применения агрохимикатов.', 108, 'Запланирован', 221),
(134, 'Микроэлектроника и нанотехнологии', 'МикроНано', '2024-06-25', '2024-09-25', 230000.00, 'Якутск', 'Проектирование и использование микро- и нанотехнологий.', 315, 'В процессе', 224),
(135, 'Умные города и цифровая экосистема', 'Город-IT', '2024-07-01', '2024-10-01', 240000.00, 'Владивосток', 'Интеграция цифровых технологий в городскую инфраструктуру.', 241, 'Запланирован', 137),
(136, 'Технологии водородной энергетики', 'ВодородТех', '2024-07-05', '2024-10-05', 260000.00, 'Тольятти', 'Перспективы и внедрение водородных энергетических решений.', 155, 'В процессе', 255),
(137, 'Моделирование энергетических систем', 'ЭнергоМодель', '2024-07-10', '2024-10-10', 225000.00, 'Чебоксары', 'Компьютерное моделирование и проектирование энергетических установок.', 309, 'Запланирован', 138),
(138, 'Электромагнитные поля и волны', 'ЭлектроВолна', '2024-07-15', '2024-10-15', 220000.00, 'Сургут', 'Изучение свойств и применения электромагнитных полей.', 220, 'В процессе', 209),
(139, 'Компьютерное зрение и обработка изображений', 'ВизКомп', '2024-07-20', '2024-10-20', 235000.00, 'Миасс', 'Технологии цифровой обработки изображений для задач инженерии.', 306, 'Запланирован', 181),
(140, 'Системы отопления и вентиляции', 'ТеплоВент', '2024-07-25', '2024-10-25', 195000.00, 'Ставрополь', 'Проектирование и эксплуатация систем отопления и вентиляции.', 94, 'В процессе', 132),
(141, 'Информационная безопасность автоматизированных систем', 'ИнфоСек', '2024-08-01', '2024-11-01', 230000.00, 'Волгоград', 'Методы защиты данных и безопасности автоматизированных систем.', 273, 'Запланирован', 154),
(142, 'Нанофотоника', 'ФотонТех', '2024-08-05', '2024-11-05', 245000.00, 'Тверь', 'Наука о световых эффектах и их применение в нанотехнологиях.', 298, 'В процессе', 206),
(143, 'Управление транспортными потоками', 'ТрафикТех', '2024-08-10', '2024-11-10', 220000.00, 'Курган', 'Оптимизация и управление системами транспортных потоков.', 226, 'Запланирован', 174),
(144, 'Облачные технологии для инженерии', 'КлаудИнж', '2024-08-15', '2024-11-15', 210000.00, 'Красногорск', 'Применение облачных решений в проектировании и производстве.', 37, 'В процессе', 251),
(145, 'Безопасность на производстве', 'ПроТек', '2024-08-20', '2024-11-20', 215000.00, 'Пенза', 'Методики обеспечения безопасности и защиты труда на производстве.', 84, 'Запланирован', 181),
(146, 'Информационная экология', 'ЭкоИнфо', '2024-08-25', '2024-11-25', 245000.00, 'Кемерово', 'Воздействие информационных технологий на окружающую среду.', 273, 'В процессе', 107),
(147, 'Синтетические горючие', 'СинГор', '2024-09-01', '2024-12-01', 260000.00, 'Рязань', 'Разработка и внедрение синтетического топлива в энергетике.', 68, 'Запланирован', 152),
(148, 'Морская инженерия', 'МореТех', '2024-09-05', '2024-12-05', 255000.00, 'Владик', 'Технологии проектирования и строительства морских инженерных сооружений.', 64, 'В процессе', 169),
(149, 'Энергоэффективное строительство', 'ЭнергоСтрой', '2024-09-10', '2024-12-10', 250000.00, 'Новополоцк', 'Современные методы и технологии энергосбережения в строительных проектах.', 236, 'Запланирован', 256),
(150, 'Воздухоплавательная техника', 'ВоздухТех', '2024-09-15', '2024-12-15', 230000.00, 'Казань', 'Проектирование и эксплуатация летательных аппаратов лёгкой авиации.', 254, 'В процессе', 160),
(151, 'Системы распознавания речи', 'РечьТех', '2024-09-20', '2024-12-20', 220000.00, 'Севастополь', 'Технологии и приложения систем автоматического распознавания речи.', 192, 'Запланирован', 111),
(152, 'Искусственный интеллект в инженерных системах', 'ИИ-Тех', '2024-09-25', '2024-12-25', 275000.00, 'Архангельск', 'Интеграция AI для автоматизации и улучшения инженерных процессов.', 273, 'В процессе', 204),
(153, 'Электромобили и зарядная инфраструктура', 'ЭлМобИнфра', '2024-10-01', '2024-01-01', 235000.00, 'Комментарии:', 'Обеспечение функционирования электромобильной сети и её инфраструктуры.', 131, 'Запланирован', 148),
(154, 'Индустриальные технологии в строительстве', 'ИндустрияСтрой', '2024-10-05', '2024-01-05', 220000.00, 'Калуга', 'Модернизация и повышение эффективности строительных процессов.', 133, 'В процессе', 233),
(155, 'Аддитивный инжиниринг', 'АддТех', '2024-10-10', '2024-01-10', 250000.00, 'Ярославль', 'Применение аддитивных технологий в производстве и проектировании.', 242, 'Запланирован', 121),
(156, 'Океанографические исследования', 'ОкеанТек', '2024-10-15', '2024-01-15', 245000.00, 'Петропавловск-Камчатский', 'Исследование океанов и технологии их освоения.', 78, 'В процессе', 165),
(157, 'Системы управления качеством', 'КачествоСистема', '2024-10-20', '2024-01-20', 195000.00, 'Котлас', 'Методы управления и контроля качества в современных производствах.', 91, 'Запланирован', 161),
(158, 'Информатика и управление', 'ИнфоУправ', '2024-10-25', '2024-01-25', 230000.00, 'Мытищи', 'Интеграция информатических систем в управление производственными процессами.', 174, 'В процессе', 118),
(159, 'Геотермальная энергия', 'ГеотермЭнерго', '2024-11-01', '2024-02-01', 240000.00, 'Новосибирск', 'Использование геотермальных ресурсов для производства энергии.', 19, 'Запланирован', 163),
(160, 'Устойчивое сельское хозяйство', 'ЭкоАгро', '2024-11-05', '2024-02-05', 220000.00, 'Липецк', 'Методы и технологии для устойчивого и продуктивного сельхозпроизводства.', 149, 'В процессе', 101),
(161, 'Инновационные строительные материалы', 'СтройИновация', '2024-11-10', '2024-02-10', 250000.00, 'Набережные Челны', 'Передовые разработки и практики применения новых строительных материалов.', 292, 'Запланирован', 205),
(162, 'Технологии переработки пластмасс', 'ПластикТех', '2024-11-15', '2024-02-15', 215000.00, 'Челябинск', 'Инновации и технологии в области переработки пластиков.', 83, 'В процессе', 223),
(163, 'Инженерные методологии', 'МетодИнж', '2024-11-20', '2024-02-20', 230000.00, 'Саранск', 'Стратегии и методологии развития инженерии и технологий.', 283, 'Запланирован', 182),
(164, 'Прикладная термодинамика', 'ТермоДинамик', '2024-11-25', '2024-02-25', 250000.00, 'Псков', 'Теория и практика термодинамических процессов в инженерии.', 271, 'В процессе', 143),
(165, 'Рекультивация земель', 'ЗемлиТех', '2024-12-01', '2024-03-01', 220000.00, 'Киров', 'Технологии восстановление земель после сельскохозяйственной или индустриальной эксплуатации.', 20, 'Запланирован', 154),
(166, 'Технологии сточных вод', 'ВодаТех', '2024-12-05', '2024-03-05', 240000.00, 'Орёл', 'Инновации в очистке и использовании сточных вод.', 70, 'В процессе', 223),
(167, 'Инженерные новации', 'НОВА', '2024-12-10', '2024-03-10', 260000.00, 'Иваново', 'Последние достижения и перспективы инженерной науки и техники.', 241, 'Запланирован', 238),
(168, 'Генерация энергии от возобновляемых источников', 'ВЭИ-Энерго', '2024-12-15', '2024-03-15', 245000.00, 'Миасс', 'Курс о новых способах генерации энергии из возобновляемых источников.', 167, 'В процессе', 185),
(169, 'Интерактивное проектирование', 'ПроектИнтерактив', '2024-12-20', '2024-03-20', 275000.00, 'Брянск', 'Технологии виртуального и дополненного проектирования в инженерии.', 149, 'Запланирован', 233),
(170, 'Разработка электролитов', 'ЭлетроЛаб', '2024-12-25', '2024-03-25', 250000.00, 'Каменск-Уральский', 'Инновационные технологии разработки и применения электролитов.', 204, 'В процессе', 237),
(171, 'Охрана атмосферного воздуха', 'ВоздухЧист', '2024-12-10', '2024-03-10', 220000.00, 'Новосибирск', 'Экологические технологии защиты атмосферы от промышленных выбросов.', 227, 'Запланирован', 256),
(172, 'Гидроэнергетические проекты', 'ГидроПроект', '2024-12-15', '2024-03-15', 245000.00, 'Краснодар', 'Проектирование и управление крупными гидроэнергетическими объектами.', 101, 'В процессе', 214),
(173, 'Муниципальное энергетическое планирование', 'МуниципЭнерго', '2024-12-20', '2024-03-20', 270000.00, 'Пермь', 'Планирование энергопотребления и производства на уровне муниципалитетов.', 73, 'Запланирован', 219),
(174, 'Системы управления воздухом', 'ВоздухУправ', '2024-12-25', '2024-03-25', 235000.00, 'Омск', 'Создание систем управления воздушным пространством больших городов.', 195, 'Завершено', 171),
(175, 'Энергоаудит промышленных компаний', 'АудитЭнерго', '2024-12-01', '2024-03-01', 240000.00, 'Санкт-Петербург', 'Практические подходы к энергоаудиту на больших промышленных предприятиях.', 162, 'В процессе', 258),
(176, 'Биомимикрия в инженерии', 'БиоИнжТех', '2024-12-05', '2024-03-05', 260000.00, 'Екатеринбург', 'Применение биологических принципов в разработке инженерных решений.', 225, 'Запланирован', 129),
(177, 'Цифровая трансформация в энергетике', 'ЦифроЭнерго', '2024-12-10', '2024-03-10', 225000.00, 'Новосибирск', 'Роль цифровых технологий в преобразовании энергетической отрасли.', 100, 'В процессе', 153),
(178, 'Экологическая сертификация', 'ЭкоСертификат', '2024-12-15', '2024-03-15', 270000.00, 'Омск', 'Процесс и значимость экологической сертификации в проектировании.', 271, 'Запланирован', 152),
(179, 'Система управления интеллектуальной собственностью', 'ИнтелТех', '2024-12-20', '2024-03-20', 245000.00, 'Красноярск', 'Организация управления и защиты интеллектуальных прав в технологической сфере.', 256, 'Завершено', 214),
(180, 'Тенденции в современной инженерии', 'ИнженерТренд', '2024-12-25', '2024-03-25', 210000.00, 'Москва', 'Изучение ключевых тенденций в инженерной науке и практике.', 99, 'В процессе', 105),
(181, 'Водородные технологии для транспорта', 'ТранспортВодород', '2024-12-01', '2024-03-01', 230000.00, 'Сочи', 'Использование водорода в качестве топлива для транспортных средств.', 50, 'Запланирован', 127),
(182, 'Диспетчеризация инженерных систем', 'ДиспИнж', '2024-12-05', '2024-03-05', 235000.00, 'Пермь', 'Мониторинг и управление сложными инженерными системами в реальном времени.', 164, 'В процессе', 130),
(183, 'Круговое производство', 'ЭкоКруг', '2024-12-10', '2024-03-10', 255000.00, 'Санкт-Петербург', 'Инновационные подходы к созданию замкнутых производственных циклов.', 205, 'Запланирован', 161),
(184, 'Технологии экологичного строительства', 'ЭкоСтрой', '2024-12-15', '2024-03-15', 250000.00, 'Казань', 'Строительные технологии, направленные на снижение ущерба окружающей среде.', 284, 'В процессе', 143),
(185, 'Технологии хранения энергии в батареях', 'БатТех', '2024-12-20', '2024-03-20', 275000.00, 'Владивосток', 'Современные технологии производства и использования батарей.', 76, 'Запланирован', 218),
(186, 'Проектирование малого бизнеса в инженерии', 'МалИнжБизнес', '2024-12-25', '2024-03-25', 230000.00, 'Краснодар', 'Создание инновационных малых предприятий в инженерной сфере.', 104, 'Завершено', 239),
(187, 'Биотехнические системы', 'БиоСистемы', '2024-12-01', '2024-03-01', 260000.00, 'Новосибирск', 'Внедрение биотехнологий в управление и проектирование инженерных систем.', 275, 'В процессе', 236),
(188, 'Системы мобильной робототехники', 'МобРобот', '2024-12-05', '2024-03-05', 245000.00, 'Калининград', 'Проектирование и внедрение мобильных роботизированных систем.', 239, 'Запланирован', 155),
(189, 'Прикладная биотехника', 'ПрикладБиоТех', '2024-12-10', '2024-03-10', 275000.00, 'Иркутск', 'Технологии и решения для синтеза и использования биоматериалов.', 183, 'В процессе', 253),
(190, 'Децентрализованная энергетика', 'ДецЭнерго', '2024-12-15', '2024-03-15', 260000.00, 'Ставрополь', 'Создание независимых энергетических систем на основе ВИЭ.', 32, 'Запланирован', 195),
(191, 'Компьютерные симуляции в инженерии', 'СимуИнж', '2024-12-20', '2024-03-20', 240000.00, 'Петрозаводск', 'Инструменты и технологии симуляции инженерных процессов.', 300, 'В процессе', 101),
(192, 'Разработка наноматериалов', 'НаноИннов', '2024-12-25', '2024-03-25', 265000.00, 'Махачкала', 'Передовые исследования и создание инновационных наноматериалов.', 176, 'Запланирован', 234),
(193, 'Управление промышленными цепочками поставок', 'ИндустрСнаб', '2024-12-01', '2024-03-01', 230000.00, 'Краснодар', 'Планирование и оптимизация цепочек поставок в инженерии.', 145, 'В процессе', 140),
(194, 'Программное обеспечение для инженерных проектов', 'СофтПро', '2024-12-05', '2024-03-05', 250000.00, 'Миасс', 'Разработка и применение эффективного ПО для управления проектами.', 304, 'Запланирован', 189),
(195, 'Биосенсоры в инженерии', 'БиоДатчик', '2024-12-10', '2024-03-10', 275000.00, 'Кемерово', 'Интеграция биосенсорных технологий в сложные системы.', 300, 'В процессе', 158),
(196, 'Мембранные технологии', 'МембраноТех', '2024-12-15', '2024-03-15', 265000.00, 'Псков', 'Применение мембранных решений для очистки и переработки в разных областях.', 45, 'Запланирован', 161),
(197, 'Биоинформатика в инженерии', 'БиоИнфо', '2024-12-20', '2024-03-20', 280000.00, 'Уфа', 'Применение методов биоинформатики для решения инженерных задач.', 4, 'В процессе', 192),
(198, 'Минимизация производственных расходов', 'СокрПроиз', '2024-12-25', '2024-03-25', 255000.00, 'Грозный', 'Стратегии минимизации затрат на производство.', 99, 'Запланирован', 105),
(199, 'Методы автономного проектирования', 'Автопро', '2024-12-01', '2024-03-01', 245000.00, 'Таганрог', 'Создание систем для автономного проектирования и изменения инженерных решений.', 296, 'В процессе', 121),
(200, 'Функциональная безопасность систем', 'БезопСистем', '2024-12-05', '2024-03-05', 260000.00, 'Архангельск', 'Анализ и поддержка функциональной безопасности в комплексных системах.', 24, 'Завершено', 187),
(201, 'Развитие инновационного потенциала инженера', 'ТехноИнновации', '2025-01-10', '2025-04-10', 180000.00, 'Москва', 'Курс о методах и инструментах для развития инновационного мышления у инженеров.', 167, 'Запланирован', 240),
(202, 'Энергетическое планирование для стартапов', 'ЭнергоСтарт', '2025-01-15', '2025-04-15', 175000.00, 'Нижний Новгород', 'Разработка стратегий эффективного энергопотребления на начальных стадиях разработки.', 124, 'В процессе', 257),
(203, 'Технологии восстановления окружающей среды', 'ЭкоВосстановление', '2025-01-20', '2025-04-20', 190000.00, 'Казань', 'Инновационные решения для восстановления и охраны окружающей среды.', 314, 'Запланирован', 203),
(204, 'Инженерный менеджмент для лидеров', 'ЛидерИнж', '2025-01-25', '2025-04-25', 210000.00, 'Новосибирск', 'Курс о развитии лидерских навыков и принципах управления инженерными проектами.', 94, 'Запланирован', 155),
(205, 'Энергоэффективные системы в машиностроении', 'МашЭнерго', '2025-02-01', '2025-05-01', 200000.00, 'Екатеринбург', 'Методы повышения энергоэффективности в производстве машиностроения.', 303, 'В процессе', 226),
(206, 'Цифровая грамотность для инженеров', 'ЦифраТех', '2025-02-05', '2025-05-05', 195000.00, 'Томск', 'Курс о применении цифровых технологий в инженерной практике.', 207, 'Запланирован', 124),
(207, 'Нанотехнологии в медицинской инженерии', 'НаноМед', '2025-02-10', '2025-05-10', 220000.00, 'Санкт-Петербург', 'Внедрение нанотехнологий для инновационных медицинских решений.', 232, 'Завершено', 116),
(208, 'Продвинутые автоматизированные системы', 'АвтоСистемы', '2025-02-15', '2025-05-15', 250000.00, 'Челябинск', 'Построение и управление модернизированными автоматизированными системами.', 220, 'В процессе', 258),
(209, 'Геоэкологические исследования и мониторинг', 'ГеоМонитор', '2025-02-20', '2025-05-20', 185000.00, 'Краснодар', 'Технологии и методы геоэкологического мониторинга.', 58, 'Запланирован', 111),
(210, 'Системы контроля качества', 'КачествоПро', '2025-02-25', '2025-05-25', 215000.00, 'Ижевск', 'Современные подходы к обеспечению и поддержанию высочайшего качества продукции.', 270, 'В процессе', 149),
(211, 'Программируемые системы безопасности', 'ПрогБезоп', '2025-03-01', '2025-06-01', 230000.00, 'Сочи', 'Обучение программированию и интеграции систем безопасности.', 311, 'Запланирован', 150),
(212, 'Экологическое проектирование', 'ЭкоДизайн', '2025-03-05', '2025-06-05', 240000.00, 'Рязань', 'Интеграция экологических стандартов в проектирование.', 73, 'В процессе', 188),
(213, 'Фотоника и квантовые технологии', 'ФотонКвант', '2025-03-10', '2025-06-10', 270000.00, 'Саратов', 'Изучение квантовых эффектов и световых технологий.', 278, 'Запланирован', 186),
(214, 'Промышленная биоэкономика', 'БиоЭкон', '2025-03-15', '2025-06-15', 265000.00, 'Липецк', 'Разработка экономически эффективных решений с использованием биоресурсов.', 143, 'В процессе', 194),
(215, 'Смарт-системы для устойчивого развития', 'СмартУст', '2025-03-20', '2025-06-20', 260000.00, 'Вологда', 'Курс об инновационных решениях для достижения устойчивости.', 67, 'Запланирован', 112),
(216, 'Технологии будущего в переработке', 'ПерерабФутур', '2025-03-25', '2025-06-25', 245000.00, 'Белгород', 'Прогноз и развитие технологий переработки отходов.', 212, 'В процессе', 216),
(217, 'Энергетические эффективные решения', 'ЭнергоЭфф', '2025-04-01', '2025-07-01', 290000.00, 'Мурманск', 'Создание и внедрение решений, снижающих энергозатраты.', 317, 'Запланирован', 134),
(218, 'Управление когнитивными системами', 'КогнитУправ', '2025-04-05', '2025-07-05', 255000.00, 'Пермь', 'Обучение методам управления системами с искусственным интеллектом.', 6, 'В процессе', 184),
(219, 'Экологическая адаптация в проектировании', 'ЭкологПроект', '2025-04-10', '2025-07-10', 235000.00, 'Владивосток', 'Методы учета экологических факторов в инженерной деятельности.', 119, 'Запланирован', 126),
(220, 'Разработка приборов с искусственным интеллектом', 'ИИ-Приборы', '2025-04-15', '2025-07-15', 275000.00, 'Калининград', 'Интеграция AI в разработки современных приборов и устройств.', 89, 'В процессе', 253),
(310, 'Информационные системы управления', 'ИнфоСистемы', '2025-04-20', '2025-07-20', 245000.00, 'Киров', 'Проектирование и внедрение информационных систем для управления процессами.', 159, 'Запланирован', 123),
(311, 'Технологии устойчивого строительства', 'СтабСтрой', '2025-04-25', '2025-07-25', 250000.00, 'Астрахань', 'Инновации в строительстве, направленные на снижение экологических рисков.', 32, 'В процессе', 127),
(312, 'Организация и управление производственными активами', 'АктиВУправ', '2025-05-01', '2025-08-01', 280000.00, 'Вологда', 'Стратегии управления материальными активами для повышения производительности.', 47, 'Запланирован', 150),
(313, 'Методы повышения эффективности инженерных процессов', 'ЭффВектор', '2025-05-05', '2025-08-05', 195000.00, 'Тула', 'Современные подходы к улучшению производительности инженерных процессов.', 34, 'В процессе', 224),
(314, 'Технологии переработки нефти и газа', 'НефтьГазПро', '2025-05-10', '2025-08-10', 290000.00, 'Орёл', 'Разработка методов и технологий переработки углеводородных ресурсов.', 143, 'Запланирован', 108),
(315, 'Киберкультура в инженерии', 'КиберКульт', '2025-05-15', '2025-08-15', 215000.00, 'Самара', 'Формирование и развитие культуры в киберинженерии.', 46, 'В процессе', 242),
(316, 'Неконвенциональные методы строительства', 'НетрадищСтрой', '2025-05-20', '2025-08-20', 265000.00, 'Саранск', 'Использование нестандартных подходов и технологий в строительстве.', 114, 'Запланирован', 107),
(317, 'Управление инновациями в инженерных компаниях', 'ИнноваКомп', '2025-05-25', '2025-08-25', 260000.00, 'Калуга', 'Разработка стратегий для управления инновациями в инженерной сфере.', 83, 'В процессе', 169),
(318, 'Виртуальная реальность в инженерии', 'ВиртРеальность', '2025-06-01', '2025-09-01', 270000.00, 'Магадан', 'Использование технологий VR для улучшения инженерных практик.', 96, 'Запланирован', 200),
(319, 'Электромагнитные совместимости', 'ЭлектроСовм', '2025-06-05', '2025-09-05', 255000.00, 'Грозный', 'Методы достижения совместимости в электромагнитной среде.', 11, 'В процессе', 214),
(320, 'Децентрализация умных сетей', 'УмнаяДецентр', '2025-06-10', '2025-09-10', 265000.00, 'Барнаул', 'Создание и управление децентрализованными электротехническими сетями.', 95, 'Запланирован', 124),
(321, 'Инновации в транспортной логистике', 'ТрансЛогИнно', '2025-06-15', '2025-09-15', 245000.00, 'Владикавказ', 'Технологические подходы к созданию современных транспортных систем.', 62, 'В процессе', 169),
(322, 'Энергосбережение в авиации', 'АвиоЭнерго', '2025-06-20', '2025-09-20', 230000.00, 'Оренбург', 'Внедрение и оптимизация энергосберегающих технологий в авиации.', 20, 'Запланирован', 145),
(323, 'Оптимизация процессов через IoT', 'IoTПроцессы', '2025-06-25', '2025-09-25', 275000.00, 'Ставрополь', 'Использование технологий Интернет вещей для оптимизации бизнес-процессов.', 320, 'В процессе', 249),
(324, 'Передовые водородные технологии', 'ВодородВперед', '2025-07-01', '2025-10-01', 290000.00, 'Архангельск', 'Курс о внедрении и развитии современных водородных технологий.', 150, 'Запланирован', 155),
(325, 'Теоретическое моделирование промышленных процессов', 'ПромМодель', '2025-07-05', '2025-10-05', 240000.00, 'Смоленск', 'Создание теоретических моделей для улучшения работы производственных систем.', 207, 'В процессе', 104),
(326, 'Лазерные инновации в производстве', 'ЛазерПрорыв', '2025-07-10', '2025-10-10', 275000.00, 'Тверь', 'Использование лазеров для оптимизации производственных процессов.', 259, 'Запланирован', 154),
(327, 'Эффективное управление рециклацией', 'РециклЭффект', '2025-07-15', '2025-10-15', 245000.00, 'Пенза', 'Инновационные методы управления процессами рециклации материалов.', 247, 'В процессе', 221),
(328, 'Интеграция ИИ в инженерные системы', 'ИИИнтегр', '2025-07-20', '2025-10-20', 290000.00, 'Калуга', 'Курс о внедрении искусственного интеллекта в инженерные процессы.', 22, 'Запланирован', 143),
(329, 'Новые методики урбанистического планирования', 'УрбанПлан', '2025-07-25', '2025-10-25', 260000.00, 'Курган', 'Разработка современных стратегий для планирования городов.', 315, 'В процессе', 140);


INSERT INTO SafetyIncidents VALUES
(1, '2023-01-05', 219, 'Падение с лестницы при проверке оборудования', 'Москва', 'Высокий', 301, 'Изучение инструкции техники безопасности. Предоставить страховочные средства.', 'Закрыто', 144),
(2, '2023-01-12', 261, 'Ожог в результате неисправности оборудования', 'Санкт-Петербург', 'Средний', 302, 'Ремонт оборудования. Провести инструктаж на месте.', 'На рассмотрении', 171),
(3, '2023-01-20', 203, 'Травма руки от движущихся частей машины', 'Новосибирск', 'Низкий', 303, 'Установка защитных кожухов на оборудование.', 'Отложено', 101),
(4, '2023-01-25', 88, 'Проблемы с вентиляцией в цехе', 'Екатеринбург', 'Средний', 304, 'Провести полную проверку вентиляционной системы.', 'В работе', 125),
(5, '2023-02-01', 109, 'Поражение электрическим током от неисправной розетки', 'Казань', 'Высокий', 305, 'Заменить электропроводку. Провести обучение по электробезопасности.', 'Закрыто', 127),
(6, '2023-02-10', 106, 'Разлив опасных химических веществ', 'Челябинск', 'Высокий', 306, 'Установить новые знаки безопасности. Организовать тренировку по ЧС.', 'Закрыто', 19),
(7, '2023-02-15', 116, 'Травма ноги вследствие скольжения на мокром полу', 'Нижний Новгород', 'Низкий', 307, 'Установить не скользящие коврики. Провести инспекцию по технике безопасности.', 'Решено', 354),
(8, '2023-02-20', 252, 'Ухудшение здоровья из-за длительного шума', 'Самара', 'Средний', 308, 'Разработать программу защиты слуха. Установить шумозащитные перегородки.', 'В работе', 129),
(9, '2023-03-01', 33, 'Падение от лестницы в результате нарушения техники безопасности', 'Ростов-на-Дону', 'Высокий', 309, 'Обновить инструкцию по технике безопасности. Провести обучение.', 'Закрыто', 152),
(10, '2023-03-10', 272, 'Ожог в результате аварийной утечки газа', 'Омск', 'Высокий', 310, 'Проверить все соединения. Провести обучающий семинар по безопасности.', 'Закрыто', 272),
(11, '2023-03-15', 308, 'Выброс промышленной пыли', 'Уфа', 'Средний', 311, 'Установить новые фильтры. Провести дополнительное обучение.', 'На исправлении', 149),
(12, '2023-03-22', 45, 'Травма руки вследствие неправильного использования инструмента', 'Волгоград', 'Низкий', 312, 'Установить инструктажи по использованию инструментов.', 'Решено', 325),
(13, '2023-03-28', 98, 'Задержка в эвакуации из-за отсутствия выходных путей', 'Красноярск', 'Высокий', 313, 'Обеспечить наличие всех маршрутов выхода. Провести эвакуационные тренировки.', 'Закрыто', 256),
(14, '2023-04-02', 184, 'Возгорание вследствие неисправного оборудования', 'Пермь', 'Высокий', 314, 'Модернизировать систему пожаротушения. Провести курсы по ПТМ.', 'Закрыто', 119),
(15, '2023-04-08', 44, 'Попадание посторонних предметов в оборудование', 'Воронеж', 'Средний', 315, 'Установить защитные решетки. Провести инструктажи.', 'В работе', 358),
(16, '2023-04-15', 206, 'Проблемы с электричеством из-за перегрузки системы', 'Саратов', 'Низкий', 316, 'Проверить и модернизировать электросистему.', 'Отложено', 166),
(17, '2023-04-22', 294, 'Угарный газ в результате неисправности системы вентиляции', 'Краснодар', 'Высокий', 317, 'Немедленно починить вентиляцию. Обучение по использованию респираторов.', 'В работе', 309),
(18, '2023-05-01', 7, 'Падение груза с высоты на рабочем месте', 'Тольятти', 'Высокий', 318, 'Обеспечить корректное крепление грузов. Провести практические занятия по безопасности.', 'Закрыто', 167),
(19, '2023-05-10', 145, 'Острое нарушение техники безопасности при сварке', 'Ижевск', 'Средний', 319, 'Провести обучение по новым стандартам безопасности.', 'На контроле', 288),
(20, '2023-05-18', 96, 'Неисправность пожарной сигнализации', 'Барнаул', 'Высокий', 320, 'Систематическая проверка и обновление системы. Провести учения.', 'На исправлении', 363),
(21, '2023-05-25', 190, 'Неисправность оборудования из-за износа', 'Владивосток', 'Низкий', 321, 'Заменить поврежденное оборудование.', 'Закрыто', 31),
(22, '2023-06-01', 277, 'Инцидент с избыточным выбросом тепла', 'Ярославль', 'Средний', 322, 'Провести проверку теплообменников.', 'В работе', 181),
(23, '2023-06-08', 236, 'Контакт с агрессивными химикатами', 'Иркутск', 'Высокий', 323, 'Установить новые защитные средства. Провести дополнительное обучение.', 'На рассмотрении', 361),
(24, '2023-06-15', 208, 'Проблемы с освещением на рабочих местах', 'Тюмень', 'Низкий', 324, 'Обеспечить качественное и постоянное освещение.', 'Решено', 354),
(25, '2023-06-20', 58, 'Нарушение вентиляции в лаборатории', 'Кемерово', 'Средний', 325, 'Обновить и улучшить систему вентиляции.', 'В работе', 46),
(26, '2023-06-28', 219, 'Сильные колебания давления в гидросистеме', 'Астрахань', 'Высокий', 326, 'Провести проверку на герметичность системы.', 'Закрыто', 405),
(27, '2023-07-05', 51, 'Инцидент с неконтролируемым выбросом пара', 'Ульяновск', 'Средний', 327, 'Установить клапаны давления.', 'На исправлении', 168),
(28, '2023-07-12', 315, 'Травма от неправильной эксплуатации подъемника', 'Хабаровск', 'Низкий', 328, 'Провести инструктаж по правильной эксплуатации подъемников.', 'Решено', 259),
(29, '2023-07-20', 273, 'Проблемы с системой охлаждения', 'Махачкала', 'Средний', 329, 'Провести тщательную проверку и чистку системы.', 'В работе', 352),
(30, '2023-07-30', 62, 'Перегрев оборудования в результате утечки масла', 'Чебоксары', 'Высокий', 330, 'Заменить масло. Провести обучение по безопасности.', 'Закрыто', 76),
(31, '2023-08-05', 39, 'Износ защитных ограждений', 'Орел', 'Средний', 331, 'Установить новые ограждения.', 'На исправлении', 282),
(32, '2023-08-11', 108, 'Увеличение уровня шума вследствие износа двигателей', 'Курск', 'Низкий', 332, 'Установить шумоизоляцию и провести инструктаж.', 'Решено', 128),
(33, '2023-08-18', 269, 'Протечки из трубопровода', 'Смоленск', 'Средний', 333, 'Обновить системы трубопровода. Провести обучающие семинары.', 'В работе', 176),
(34, '2023-08-25', 174, 'Ожог в результате контакта с горячим оборудованием', 'Грозный', 'Высокий', 334, 'Провести обучение по правилам безопасности.', 'Закрыто', 133),
(35, '2023-09-01', 221, 'Проблемы с системой противопожарной сигнализации', 'Якутск', 'Высокий', 335, 'Обновить систему. Провести еженедельные проверки.', 'На исправлении', 385),
(36, '2023-09-07', 154, 'Пожар вследствие неисправности электросети', 'Тверь', 'Высокий', 336, 'Полная проверка электропроводки. Провести дополнительные инструктажи.', 'Закрыто', 268),
(37, '2023-09-14', 121, 'Некорректная работа защитных систем', 'Пенза', 'Средний', 337, 'Обновить защитные системы.', 'В работе', 385),
(38, '2023-09-21', 320, 'Травма при работе с грузоподъемной техникой', 'Липецк', 'Средний', 338, 'Проверка всех механизмов. Проведение тренингов по технике безопасности.', 'На рассмотрении', 80),
(39, '2023-09-28', 278, 'Падение инструментов с высоты', 'Киров', 'Низкий', 339, 'Обеспечение грузов, обучение по безопасности.', 'Решено', 405),
(40, '2023-10-01', 53, 'Инцидент с несанкционированным доступом', 'Тула', 'Средний', 340, 'Установка видеонаблюдения. Провести обучение персонала.', 'В работе', 247),
(41, '2023-10-05', 161, 'Проблемы с канализационной системой', 'Калининград', 'Низкий', 341, 'Полный ремонт системы. Провести образовательные мероприятия.', 'Решено', 305),
(42, '2023-10-11', 181, 'Падение работника из-за неисправного снаряжения', 'Брянск', 'Высокий', 342, 'Замена снаряжения. Организация курсов повышения квалификации.', 'Закрыто', 111),
(43, '2023-10-18', 43, 'Остановка работы из-за отсутствия электричества', 'Сочи', 'Средний', 343, 'Обеспечение резервными источниками.', 'На исправлении', 282),
(44, '2023-10-25', 285, 'Разлив химических веществ в лаборатории', 'Мурманск', 'Высокий', 344, 'Обучение сотрудников. Установка новых барьеров.', 'На рассмотрении', 310),
(45, '2023-10-31', 10, 'Травма из-за неправильного использования защитных средств', 'Тамбов', 'Средний', 345, 'Провести дополнительные занятия по пользованию оборудованием.', 'В работе', 289),
(146, '2023-11-01', 241, 'Излишний шум из-за неисправности машины', 'Сергиев Посад', 'Средний', 346, 'Установка звукопоглощающих барьеров. Протестировать оборудование.', 'На исправлении', 373),
(147, '2023-11-02', 125, 'Утечка масла из гидравлического пресса', 'Стерлитамак', 'Высокий', 347, 'Проверка и ремонт гидравлических систем. Организация обучения персонала.', 'Закрыто', 190),
(148, '2023-11-03', 8, 'Инцидент с падением крыши', 'Благовещенск', 'Высокий', 348, 'Строительная проверка и усиление конструкции. Провести учения.', 'На рассмотрении', 52),
(149, '2023-11-04', 113, 'Проблемы с электрическим заземлением', 'Петропавловск-Камчатский', 'Низкий', 349, 'Обновление систем заземления. Инструктаж по безопасности.', 'Решено', 366),
(150, '2023-11-05', 241, 'Травма головы из-за падения предмета', 'Новочеркасск', 'Средний', 350, 'Установить ограждения и предупреждающие знаки.', 'Закрыто', 24),
(151, '2023-11-06', 205, 'Отказ системы безопасности на конвейере', 'Калуга', 'Высокий', 351, 'Проверить все механизмы и обновить ПО.', 'На исправлении', 102),
(152, '2023-11-07', 122, 'Случайная сработка пожарной сигнализации', 'Великий Новгород', 'Низкий', 352, 'Проверка датчиков. Провести перенастройку системы.', 'Решено', 287),
(153, '2023-11-08', 303, 'Падение инструментов с верхних уровней', 'Тюмень', 'Средний', 353, 'Установить дополнительные полки и организовать складирование.', 'Закрыто', 386),
(154, '2023-11-09', 52, 'Нарушение техники безопасности в лаборатории', 'Северодвинск', 'Средний', 354, 'Обустройство безопасной рабочей зоны. Проведение семинаров.', 'На исправлении', 164),
(155, '2023-11-10', 23, 'Разлив теплоносителя в котельной', 'Архангельск', 'Высокий', 355, 'Проверка труб и заменители утечек. Обучение по ЧС.', 'На рассмотрении', 90),
(156, '2023-11-11', 19, 'Повреждение стенки резервуара газа', 'Уссурийск', 'Высокий', 356, 'Немедленный ремонт и диагностика системы.', 'В работе', 9),
(157, '2023-11-12', 150, 'Неисправность климатической системы', 'Удомля', 'Средний', 357, 'Обслуживание кондиционирующих систем. Провести аттестацию.', 'На исправлении', 303),
(158, '2023-11-13', 277, 'Проблемы с системой блокировки оборудования', 'Магнитогорск', 'Высокий', 358, 'Замена блокировочных механизмов. Проведение инструктажа.', 'Закрыто', 180),
(159, '2023-11-14', 177, 'Травма от высокого давления газа', 'Нерюнгри', 'Высокий', 359, 'Контроль давления и обучение персонала.', 'В работе', 370),
(160, '2023-11-15', 115, 'Инцидент с перегрузом электрической сети', 'Северск', 'Средний', 360, 'Модернизация электрооборудования. Инструктаж.', 'На исправлении', 64),
(161, '2023-11-16', 241, 'Падение при работа с лестницы', 'Зеленогорск', 'Средний', 361, 'Обучение по безопасной работе на высоте.', 'Закрыто', 148),
(162, '2023-11-17', 9, 'Протечка в системе водоснабжения', 'Мурманск', 'Низкий', 362, 'Ремонт и установка новых труб.', 'Решено', 140),
(163, '2023-11-18', 40, 'Выброс опасных газов из котла', 'Новошахтинск', 'Высокий', 363, 'Установка фильтров и систем чистки. ЧС обучение.', 'Закрыто', 352),
(164, '2023-11-19', 79, 'Проблемы с телефонией на предприятии', 'Ангарск', 'Низкий', 364, 'Обновление и тестирование оборудования связи.', 'Решено', 356),
(165, '2023-11-20', 291, 'Неисправность сети интернет', 'Волжский', 'Средний', 365, 'Установка нового роутера и ПО.', 'На исправлении', 375),
(166, '2023-11-21', 217, 'Травма руки от острых краев оборудования', 'Ачинск', 'Средний', 366, 'Защита всех острых кромок и углов.', 'На исправлении', 260),
(167, '2023-11-22', 187, 'Остановка работы из-за потери данных', 'Балаково', 'Высокий', 367, 'Восстановление данных и настройка резервирования.', 'Закрыто', 386),
(168, '2023-11-23', 37, 'Неожиданное включение оборудования', 'Саров', 'Высокий', 368, 'Проверка системы управления и обучение.', 'На рассмотрении', 215),
(169, '2023-11-24', 151, 'Протечка кислоты на производстве', 'Камышин', 'Высокий', 369, 'Немедленно блокировать источник и провести ликвидацию.', 'В работе', 8),
(170, '2023-11-25', 157, 'Инцидент с нестабильностью сети', 'Рязань', 'Средний', 370, 'Обновление аппаратной части и ПО.', 'На исправлении', 387),
(171, '2023-11-26', 54, 'Ожог при работе с кислотой', 'Электросталь', 'Средний', 371, 'Закрыть рабочую зону и пересмотреть порядок работы.', 'На рассмотрении', 218),
(172, '2023-11-27', 148, 'Проблемы с вентиляцией на кухне', 'Копейск', 'Средний', 372, 'Проверка системы и замена старых частей.', 'На исправлении', 99),
(173, '2023-11-28', 84, 'Проблемы с канализацией на предприятии', 'Белгород', 'Низкий', 373, 'Проведение санитарных работ и обновление системы.', 'Решено', 168),
(174, '2023-11-29', 90, 'Проблемы с применением защитных средств', 'Бийск', 'Средний', 374, 'Проведение тренинга для сотрудников.', 'На исправлении', 327),
(175, '2023-11-30', 282, 'Неконтролируемое открытие крышек резервуаров', 'Рубцовск', 'Высокий', 375, 'Обеспечить фиксацию и контроль доступа.', 'На рассмотрении', 6),
(176, '2023-12-01', 83, 'Инцидент с коротким замыканием', 'Ярославль', 'Высокий', 376, 'Проверка электропроводки и устранение неисправностей.', 'Закрыто', 35),
(177, '2023-12-02', 58, 'Протечка в трубах системы отопления', 'Шахты', 'Средний', 377, 'Замена ветхих труб.', 'На исправлении', 115),
(178, '2023-12-03', 219, 'Потеря зрения из-за попадания химикатов', 'Печора', 'Высокий', 378, 'Обеспечение защитными средствами и обучение.', 'На рассмотрении', 66),
(179, '2023-12-04', 9, 'Проблемы с электропроводкой в офисе', 'Рославль', 'Низкий', 379, 'Проверка и замена поврежденных элементов.', 'Решено', 289),
(180, '2023-12-05', 286, 'Неконтролируемая утечка газа на объекте', 'Касимов', 'Высокий', 380, 'Изоляция объекта и устранение утечки.', 'На исправлении', 224),
(181, '2023-12-06', 194, 'Проблемы с регистрацией жалоб', 'Волгодонск', 'Средний', 381, 'Обучение сотрудников процедурным вопросам.', 'На исправлении', 255),
(182, '2023-12-07', 302, 'Падение на скользкой плитке в офисе', 'Зеленоград', 'Низкий', 382, 'Установить противоскользящие покрытия.', 'Решено', 175),
(183, '2023-12-08', 214, 'Головокружение от недостатка кислорода', 'Минеральные Воды', 'Высокий', 383, 'Проверка вентиляции и замена фильтров.', 'На исправлении', 38),
(184, '2023-12-09', 106, 'Проблемы со светом в производственных помещениях', 'Сыктывкар', 'Средний', 384, 'Установка дополнительных источников света.', 'На исправлении', 196),
(185, '2023-12-10', 9, 'Падение сиденья в автомобиле', 'Ессентуки', 'Низкий', 385, 'Проверка и ремонт системой безопасности', 'Решено', 105),
(186, '2023-12-11', 200, 'Инцидент с пожаром в серверной', 'Выкса', 'Высокий', 386, 'Проведение противопожарной инвентаризации.', 'На рассмотрении', 193),
(187, '2023-12-12', 190, 'Проблемы с отводом воздуха из лаборатории', 'Арзамас', 'Средний', 387, 'Проверка и модернизация вытяжной системы.', 'На исправлении', 193),
(188, '2023-12-13', 289, 'Травма руки от удара двери', 'Калининград', 'Средний', 388, 'Обновление систем закрытия дверей.', 'Закрыто', 230),
(189, '2023-12-14', 181, 'Использование неподходящих защитных костюмов', 'Белогорск', 'Высокий', 389, 'Провести проверку и закупить новые костюмы.', 'На исправлении', 51),
(190, '2023-12-15', 126, 'Опасный источник радиации на объекте', 'Королев', 'Высокий', 390, 'Установка и проверка системы мониторинга.', 'На рассмотрении', 99),
(191, '2023-12-16', 221, 'Повреждение труб с нефтью', 'Железногорск', 'Средний', 391, 'Проверка и ремонт поврежденных участков.', 'На исправлении', 121),
(192, '2023-12-17', 111, 'Сбой работы лифта в здании', 'Лесосибирск', 'Средний', 392, 'Проверка и техническое обслуживание техники.', 'На исправлении', 48),
(193, '2023-12-18', 244, 'Ожог от горячего пара', 'Камышлов', 'Высокий', 393, 'Установка защиты и обучение персонала.', 'На исправлении', 110),
(194, '2023-12-19', 185, 'Разлив химических отходов', 'Алатырь', 'Высокий', 394, 'Очистка и проведение тренинга по ЧС.', 'На исправлении', 98),
(195, '2023-12-20', 313, 'Инцидент с утечкой информации', 'Александров', 'Средний', 395, 'Обновление системы безопасности данных.', 'На исправлении', 141),
(196, '2023-12-21', 34, 'Разрыв электрического кабеля', 'Верхняя Салда', 'Высокий', 396, 'Ремонт кабеля и восстановление электрификации.', 'На исправлении', 339),
(197, '2023-12-23', 20, 'Касание подвижных частей оборудования', 'Котлас', 'Средний', 397, 'Обучение и установка защитных экранов.', 'На исправлении', 37),
(198, '2023-12-24', 180, 'Угарный газ в рабочем помещении', 'Миасс', 'Высокий', 398, 'Восстановление вентиляции и установка детекторов.', 'На контроле', 377),
(199, '2023-12-25', 131, 'Срыв работ из-за плохой погоды', 'Салават', 'Низкий', 399, 'Проведение инструктажа по погодным условиям.', 'Решено', 403),
(200, '2023-12-26', 134, 'Травма от падения тяжелого предмета', 'Борисоглебск', 'Высокий', 400, 'Установка организационных мероприятий.', 'Закрыто', 3),
(201, '2023-12-27', 11, 'Поломка кран-балки при погрузке', 'Одинцово', 'Высокий', 401, 'Проверка оборудования и проведение обучения.', 'На исправлении', 37),
(202, '2023-12-28', 254, 'Выход из строя компрессора', 'Новокузнецк', 'Средний', 402, 'Ремонт и плановое ТО оборудования.', 'На рассмотрении', 177),
(203, '2023-12-29', 68, 'Повреждение материалов из-за перегрева', 'Сургут', 'Средний', 403, 'Проверка системы охлаждения и контроль температуры.', 'Закрыто', 66),
(204, '2023-12-30', 288, 'Электрошок при контакте с оборудованием', 'Балашиха', 'Высокий', 404, 'Изоляция оборудования и проверка заземления.', 'На исправлении', 242),
(205, '2023-12-31', 55, 'Возникновение пожара в лаборатории', 'Энгельс', 'Высокий', 405, 'Проведение противопожарных учений и обновление сигнализации.', 'На рассмотрении', 131),
(206, '2024-01-01', 66, 'Аварийное отключение системы вентиляции', 'Таганрог', 'Средний', 406, 'Проверка и ремонт вентиляционного оборудования.', 'В работе', 299),
(207, '2024-01-02', 181, 'Нарушение в системе подачи воды', 'Серпухов', 'Средний', 407, 'Восстановление системы и профилактические мероприятия.', 'На исправлении', 81),
(208, '2024-01-03', 309, 'Утечка газов из трубопровода', 'Волжск', 'Высокий', 408, 'Устранение утечки и обучение по безопасности.', 'На контроле', 293),
(209, '2024-01-04', 85, 'Сбой в работе систем сигнализации', 'Подольск', 'Высокий', 409, 'Проверка датчиков и обновление ПО.', 'На исправлении', 140),
(210, '2024-01-05', 84, 'Несчастный случай при работе с химикатами', 'Кинешма', 'Высокий', 410, 'Обучение по безопасной работе и снабжение средствами защиты.', 'На рассмотрении', 357),
(211, '2024-01-06', 47, 'Повреждение оборудования из-за вибрации', 'Старый Оскол', 'Средний', 411, 'Проверка и стабилизация оборудования.', 'Закрыто', 228),
(212, '2024-01-07', 62, 'Обрез пальца при работе с инструментом', 'Орехово-Зуево', 'Средний', 412, 'Обучение и проверка безопасности оборудования.', 'На исправлении', 106),
(213, '2024-01-08', 85, 'Выброс пыли при производстве', 'Коломна', 'Средний', 413, 'Установка фильтров и обучение по охране труда.', 'На контроле', 256),
(214, '2024-01-09', 213, 'Попадание инородного тела в глаз', 'Щелково', 'Высокий', 414, 'Комплексное обследование места производства и обучение.', 'Закрыто', 137),
(215, '2024-01-10', 14, 'Инцидент с неисправностью котла', 'Жуковский', 'Высокий', 415, 'Ремонт и диагностика системы.', 'На исправлении', 359),
(216, '2024-01-11', 85, 'Тепловой удар на рабочих местах', 'Дзержинский', 'Средний', 416, 'Улучшение систем кондиционирования.', 'На рассмотрении', 130),
(217, '2024-01-12', 81, 'Повреждение кабелей передачи данных', 'Можайск', 'Средний', 417, 'Проверка кабельных систем и устранение дефектов.', 'Закрыто', 318),
(218, '2024-01-13', 320, 'Неисправность в системе работы лифта', 'Красногорск', 'Высокий', 418, 'Обновление и проверка лифтового оборудования.', 'На исправлении', 370),
(219, '2024-01-14', 306, 'Удушье из-за отсутствия вентиляции', 'Электроугли', 'Высокий', 419, 'Модернизация вентиляционных систем.', 'На контроле', 118),
(220, '2024-01-15', 111, 'Повреждение резервуара с химикатами', 'Отрадный', 'Высокий', 420, 'Срочная ликвидация последствий и обучение.', 'На исправлении', 302),
(221, '2024-01-16', 24, 'Неисправность противопожарных дверей', 'Чехов', 'Средний', 421, 'Проверка и восстановление систем безопасности.', 'Закрыто', 85),
(222, '2024-01-17', 179, 'Сбой при использовании подъемного оборудования', 'Клин', 'Высокий', 422, 'Проверка оборудования и повышение квалификации сотрудников.', 'На исправлении', 369),
(223, '2024-01-18', 207, 'Повреждение транспортной ленты', 'Железнодорожный', 'Средний', 423, 'Ремонт и предупреждение разрушений ленты.', 'В работе', 123),
(224, '2024-01-19', 210, 'Контакт с токсичными веществами', 'Металлострой', 'Высокий', 424, 'Организация защиты сотрудников и проведение инструктажей.', 'На контроле', 165),
(225, '2024-01-20', 135, 'Падение инвентаря при работе на высоте', 'Ковров', 'Средний', 425, 'Проверка систем крепления и меры безопасности.', 'Закрыто', 298),
(226, '2024-01-21', 17, 'Травма кисти при резке материала', 'Раменское', 'Средний', 426, 'Обучение по безопасной работе и обновление техники.', 'На исправлении', 87),
(227, '2024-01-22', 294, 'Обрушение крыши в цеху', 'Апрелевка', 'Высокий', 427, 'Проверка конструкции и проведение анализа.', 'На контроле', 52),
(228, '2024-01-23', 264, 'Выход из строя компрессорной станции', 'Зверево', 'Высокий', 428, 'Комплексная диагностика и ремонт оборудования.', 'На исправлении', 153),
(229, '2024-01-24', 280, 'Неисправность аварийного освещения', 'Кизляр', 'Средний', 429, 'Улучшение системы безопасности и обновление ламп.', 'В работе', 325),
(230, '2024-01-25', 257, 'Ожог при работе с горячими поверхностями', 'Рубцовск', 'Высокий', 430, 'Проверка оборудования и обучение по безопасности.', 'На исправлении', 93),
(231, '2024-01-26', 119, 'Падение в яму на строительном объекте', 'Обнинск', 'Высокий', 431, 'Обеспечение безопасности рабочей зоны и контроль.', 'На контроле', 238),
(232, '2024-01-27', 60, 'Чрезмерная запыленность при производственных работах', 'Волоколамск', 'Средний', 432, 'Установка фильтров и систем очистки.', 'Закрыто', 83),
(233, '2024-01-28', 246, 'Задержка в эвакуации при тренировочном сценарии', 'Зеленоградск', 'Высокий', 433, 'Проведение учений и обучение сотрудников.', 'На исправлении', 394),
(234, '2024-01-29', 87, 'Несанкционированное проникновение на охраняемую территорию', 'Воскресенск', 'Средний', 434, 'Установка систем контроля и безопасности.', 'В работе', 339),
(235, '2024-01-30', 123, 'Поломка системы автоматической фиксации', 'Кострома', 'Средний', 435, 'Ремонт и модернизация систем безопасности.', 'Закрыто', 251),
(236, '2024-01-31', 222, 'Опасное сходство грузов и сброс материалов', 'Наро-Фоминск', 'Высокий', 436, 'Улучшение условий погрузки и хранения.', 'На исправлении', 151),
(237, '2024-02-01', 185, 'Падение мебели в офисе', 'Пыть-Ях', 'Средний', 437, 'Проверка креплений мебели и обучение по безопасности.', 'В работе', 106),
(238, '2024-02-02', 157, 'Обрыв электропроводки на улице', 'Светлогорск', 'Средний', 438, 'Проверка и ремонт наружных электролиний.', 'На исправлении', 29),
(239, '2024-02-03', 284, 'Выброс газов из-за разрыва трубы', 'Киржач', 'Высокий', 439, 'Ремонт и установка дополнительных клапанов.', 'На контроле', 73),
(240, '2024-02-04', 219, 'Проблемы с замочной системой', 'Ивантеевка', 'Средний', 440, 'Обновление замков и систем доступа.', 'На исправлении', 341),
(241, '2024-02-05', 95, 'Падение предметов с высоты при строительстве', 'Петушки', 'Высокий', 441, 'Систематическая проверка крепежа и обучение.', 'На контроле', 95),
(242, '2024-02-06', 160, 'Выход из строя подъемника', 'Выборг', 'Средний', 442, 'Проверка и ремонт механического оборудования.', 'Закрыто', 385),
(243, '2024-02-07', 94, 'Инцидент с кислыми выбросами', 'Шатура', 'Высокий', 443, 'Установка фильтров и улучшение контроля процессов.', 'На контроле', 216),
(244, '2024-02-08', 30, 'Сбои в автоматике производственной линии', 'Кувандыг', 'Средний', 444, 'Профилактические мероприятия и обновление ПО.', 'На исправлении', 29),
(245, '2024-02-09', 109, 'Аварийное отключение котельной системы', 'Химки', 'Высокий', 445, 'Проверка системы безопасности и обучение персонала.', 'На контроле', 196),
(246, '2024-02-10', 312, 'Падение рабочего с высоты', 'Троицк', 'Высокий', 446, 'Обеспечение безопасных условий работы и методов.', 'На исправлении', 20),
(247, '2024-02-11', 177, 'Нарушения в системе кондиционирования', 'Мирный', 'Средний', 447, 'Проверка и модернизация системы охлаждения.', 'На исправлении', 390),
(248, '2024-02-12', 141, 'Удары током при работе с электроприборами', 'Воротынец', 'Высокий', 448, 'Проверка оборудования и обучение по безопасности.', 'На исправлении', 211),
(249, '2024-02-13', 148, 'Сбой системы видеонаблюдения', 'Сухой Лог', 'Средний', 449, 'Ремонт и улучшение системы мониторинга.', 'На контроле', 141),
(250, '2024-02-14', 208, 'Ожоги при сварочных работах', 'Солнечногорск', 'Высокий', 450, 'Проведение инструктажей и обеспечение средствами защиты.', 'На исправлении', 111),
(251, '2024-02-15', 181, 'Возгорание масла на кухне', 'Калуга', 'Высокий', 451, 'Регулярное техническое обслуживание вентиляции и обучение сотрудников пожарной безопасности.', 'На контроле', 5),
(252, '2024-02-16', 81, 'Неисправность пожарного оборудования', 'Брянск', 'Средний', 452, 'Проверка и обслуживание спринклеров и огнетушителей.', 'На исправлении', 398),
(253, '2024-02-17', 39, 'Падение плиты в съемном помещении', 'Калининград', 'Средний', 453, 'Контроль за состоянием креплений и проведение регулярных осмотров.', 'На исправлении', 185),
(254, '2024-02-18', 63, 'Инцидент с токсическим аэрозолем', 'Петрозаводск', 'Высокий', 454, 'Монтаж очистительных систем и обучение сотрудников безопасности.', 'На контроле', 132),
(255, '2024-02-19', 75, 'Проблемы с электросетью на объекте', 'Котелниково', 'Средний', 455, 'Обновление изоляции и установка стабилизаторов напряжения.', 'На исправлении', 371),
(256, '2024-02-20', 122, 'Износ стеллажей в архиве', 'Муром', 'Низкий', 456, 'Закупка и установка новых стеллажей, переоборудование помещения.', 'Решено', 108),
(257, '2024-02-21', 197, 'Утечка воды в серверном помещении', 'Омск', 'Высокий', 457, 'Срочный ремонт водопровода и защита сервера.', 'Закрыто', 293),
(258, '2024-02-22', 253, 'Смещение грунта на строительной площадке', 'Красноярск', 'Высокий', 458, 'Проведение геологического анализа и укрепление почвы.', 'На исправлении', 128),
(259, '2024-02-23', 278, 'Нехватка защитных средств на производстве', 'Волгоград', 'Высокий', 459, 'Закупка и распределение средств защиты среди сотрудников.', 'На контроле', 206),
(260, '2024-02-24', 217, 'Инцидент с дымом в офисе', 'Самара', 'Средний', 460, 'Разработка плана эвакуации и установка систем очистки воздуха.', 'На исправлении', 303),
(261, '2024-02-25', 104, 'Проблемы с водоснабжением на заводе', 'Киров', 'Средний', 461, 'Ремонт и модернизация насосных станций.', 'На исправлении', 55),
(262, '2024-02-26', 226, 'Травма во время перемещения тяжелых грузов', 'Астрахань', 'Высокий', 462, 'Обучение по безопасным методам работы и использование механизмизированных решений.', 'Закрыто', 325),
(263, '2024-02-27', 29, 'Протечка вихлопных газов в здание', 'Челябинск', 'Высокий', 463, 'Проверка и замена вентиляционных труб.', 'На исправлении', 215),
(264, '2024-02-28', 103, 'Отключение электропитания в условиях перепада напряжения', 'Уфа', 'Средний', 464, 'Инсталляция бесперебойных источников питания.', 'На исправлении', 291),
(265, '2024-02-29', 230, 'Неисправность системы пожаротушения', 'Ижевск', 'Средний', 465, 'Регулярные осмотры и тестирование спринклеров.', 'На исправлении', 379),
(266, '2024-03-01', 224, 'Инцидент с перегревом электрооборудования', 'Екатеринбург', 'Высокий', 466, 'Оборудование систем охлаждения и проведения тестирования.', 'На исправлении', 112),
(267, '2024-03-02', 292, 'Контакт с высокой температурой при сварочных работах', 'Казань', 'Высокий', 467, 'Обучение и снабжение средствами защиты.', 'Закрыто', 281),
(268, '2024-03-03', 193, 'Выход из строя генератора', 'Калуга', 'Средний', 468, 'Ремонт генератора и техническое обслуживание.', 'На исправлении', 332),
(269, '2024-03-04', 44, 'Инцидент с хлорным испарением', 'Пермь', 'Высокий', 469, 'Срочная эвакуация и вентиляция помещения.', 'Закрыто', 297),
(270, '2024-03-05', 8, 'Протечка масла на производственной линии', 'Тюмень', 'Высокий', 470, 'Замена уплотнителей и тестирование оборудования.', 'На исправлении', 151),
(271, '2024-03-06', 148, 'Образование льда на рабочих зонах', 'Сыктывкар', 'Низкий', 471, 'Обслуживание оборудования отопления и регулярный мониторинг температуры.', 'Решено', 42),
(272, '2024-03-07', 73, 'Проблемы с загрузкой сырья в теплице', 'Липецк', 'Средний', 472, 'Проверка оборудования транспортировки и организационные меры.', 'На исправлении', 240),
(273, '2024-03-08', 111, 'Угрозы безопасности данных', 'Москва', 'Высокий', 473, 'Обновление систем контроля доступа и резервные копии.', 'На контроле', 234),
(274, '2024-03-09', 92, 'Поломка мешалки в процессной установке', 'Барнаул', 'Средний', 474, 'Ремонт оборудования и проверка на возможные неисправности.', 'На исправлении', 2),
(275, '2024-03-10', 293, 'Травма от обломка стекла', 'Новороссийск', 'Высокий', 475, 'Обеспечение сотрудниками средствами защиты и установка защитных экранов.', 'Закрыто', 154),
(276, '2024-03-11', 139, 'Сбои в системе отопления', 'Новосибирск', 'Средний', 476, 'Диагностика и обновление оборудования отопления.', 'На исправлении', 291),
(277, '2024-03-12', 17, 'Нарушение герметичности резервуара', 'Оренбург', 'Высокий', 477, 'Срочная изоляция и ремонт резервуара.', 'Закрыто', 59),
(278, '2024-03-13', 16, 'Проблемы с транспортировкой в условиях плохой дороги', 'Томск', 'Средний', 478, 'Обустройство дорожного покрытия и страхование грузов.', 'На исправлении', 401),
(279, '2024-03-14', 128, 'Инцидент с течью холодильной системы', 'Ярославль', 'Высокий', 479, 'Монтаж и проверка системы герметичности.', 'На исправлении', 299),
(280, '2024-03-15', 273, 'Неисправность подъемного механизма', 'Курган', 'Средний', 480, 'Проверка и обслуживание всей подъемной установки.', 'На исправлении', 345),
(281, '2024-03-16', 10, 'Проблемы с сигнализацией доступа', 'Кострома', 'Средний', 481, 'Проверка системы доступа и установка нового оборудования.', 'На исправлении', 256),
(282, '2024-03-17', 153, 'Потеря управления в результате человеческого фактора', 'Саранск', 'Высокий', 482, 'Анализ и обучение по предотвращению ошибок.', 'Закрыто', 222),
(283, '2024-03-18', 251, 'Потеря связи между подразделениями', 'Тула', 'Средний', 483, 'Проверка и настройка коммуникационных систем.', 'На исправлении', 337),
(284, '2024-03-19', 318, 'Несанкционированный вывоз материалов', 'Рязань', 'Высокий', 484, 'Улучшение систем безопасности и контроль за вывозом.', 'На исправлении', 193),
(285, '2024-03-20', 77, 'Инцидент с утечкой хладагента в производственном процессе', 'Тверь', 'Средний', 485, 'Проверка охлаждающих систем и конструкций.', 'На контроле', 192),
(286, '2024-03-21', 217, 'Обрушение лестницы в служебных помещениях', 'Балашиха', 'Высокий', 486, 'Проведение инспекции и ремонт лестничных конструкций.', 'На исправлении', 46),
(287, '2024-03-22', 34, 'Ограничение доступа в результате поломки замков', 'Железногорск', 'Средний', 487, 'Установка новых систем доступа и информационных табличек.', 'На исправлении', 282),
(288, '2024-03-23', 104, 'Сбой в системе распределения воды', 'Иркутск', 'Высокий', 488, 'Обновление системы и проведение регулярных тестов.', 'На исправлении', 317),
(289, '2024-03-24', 258, 'Инцидент с выбросом кислот в окружающую среду', 'Уссурийск', 'Высокий', 489, 'Монтаж защитных барьеров и обучение сотрудников.', 'На контроле', 50),
(290, '2024-03-25', 211, 'Срыв поставок из-за погодных условий', 'Воронеж', 'Средний', 490, 'Разработка альтернативных маршрутов и планов.', 'На исправлении', 218),
(291, '2024-03-26', 197, 'Разрушение временных конструкций', 'Сухой Лог', 'Высокий', 491, 'Проверка и модернизация временных зданий.', 'На исправлении', 353),
(292, '2024-03-27', 8, 'Контакт с потенциально опасными веществами', 'Кемерово', 'Средний', 492, 'Использование специального защитного оборудования.', 'Закрыто', 197),
(293, '2024-03-28', 180, 'Падение в результате потери равновесия на скользкой поверхности', 'Волгоград', 'Высокий', 493, 'Установка противоскользящих поверхностей и обучение сотрудников.', 'На контроле', 89),
(294, '2024-03-29', 114, 'Инструктаж по эвакуации не выполнен', 'Санкт-Петербург', 'Средний', 494, 'Проведение проведения обучения и проверка планов эвакуации.', 'На исправлении', 182),
(295, '2024-03-30', 249, 'Инцидент с механизмами в ночную смену', 'Магнитогорск', 'Высокий', 495, 'Обучение ночных смен и проверка исправности систем освещения.', 'На исправлении', 362),
(296, '2024-03-31', 318, 'Проблемы с направлением дымоудаления', 'Пенза', 'Средний', 496, 'Инсталляция систем контроля воздуха и модернизация систем удаления.', 'На исправлении', 223),
(297, '2024-04-01', 271, 'Инцидент с нагревателем в лаб', 'Новочеркасск', 'Средний', 497, 'Тестирование систем вентиляции и проверка датчиков нагрева.', 'На контроле', 325),
(298, '2024-04-02', 221, 'Травма от внезапного падения лестницы', 'Хабаровск', 'Высокий', 498, 'Закрепление конструкций и выполнение проверок на безопасность.', 'Закрыто', 379),
(299, '2024-04-03', 13, 'Проблемы с хранением легковоспламеняющихся материалов', 'Томск', 'Высокий', 499, 'Организация специального помещения и обучение персонала.', 'На исправлении', 260),
(300, '2024-04-04', 61, 'Поломка цементной пушки', 'Уфа', 'Средний', 500, 'Срочное проведение ремонта и технического обслуживания.', 'Закрыто', 366);


INSERT INTO DesignDocuments VALUES
(101, 'Документ проектирования А1', 126, 3, '2023-01-15', '2023-01-20', 'v1.0', 'Черновик', '/path/to/docA1', 'Описание A1'),
(102, 'Инженерная схема B2', 226, 5, '2022-11-10', '2023-02-15', 'v1.2', 'Утвержден', '/path/to/docB2', 'Описание B2'),
(103, 'Чертеж детали C3', 135, 2, '2023-03-11', '2023-03-18', 'v0.9', 'На проверке', '/path/to/docC3', 'Описание C3'),
(104, 'Схема подключения D4', 236, 7, '2023-01-07', '2023-01-21', 'v2.1', 'Утвержден', '/path/to/docD4', 'Описание D4'),
(105, 'Спецификация E5', 140, 4, '2023-02-26', '2023-03-05', 'v3.3', 'Черновик', '/path/to/docE5', 'Описание E5'),
(106, 'Проектный анализ F6', 313, 5, '2023-02-14', '2023-03-01', 'v2.5', 'Утвержден', '/path/to/docF6', 'Описание F6'),
(107, 'Техническое задание G7', 361, 1, '2022-12-05', '2023-01-10', 'v1.0', 'На проверке', '/path/to/docG7', 'Описание G7'),
(108, 'Дизайнерская разработка H8', 189, 3, '2023-01-29', '2023-02-15', 'v1.7', 'Черновик', '/path/to/docH8', 'Описание H8'),
(109, 'Чертеж I9', 176, 6, '2023-03-09', '2023-03-14', 'v2.0', 'Утвержден', '/path/to/docI9', 'Описание I9'),
(110, 'Проектный план J10', 113, 2, '2023-01-11', '2023-01-20', 'v3.1', 'Черновик', '/path/to/docJ10', 'Описание J10'),
(111, 'Отчет анализа K11', 218, 4, '2023-02-01', '2023-02-09', 'v0.8', 'На проверке', '/path/to/docK11', 'Описание K11'),
(112, 'Планирование ресурса L12', 291, 5, '2023-03-03', '2023-03-07', 'v4.6', 'Утвержден', '/path/to/docL12', 'Описание L12'),
(113, 'Разработка M13', 243, 3, '2023-01-23', '2023-02-03', 'v2.3', 'Утвержден', '/path/to/docM13', 'Описание M13'),
(114, 'Детализированный отчет N14', 251, 1, '2023-02-17', '2023-02-25', 'v1.9', 'На проверке', '/path/to/docN14', 'Описание N14'),
(115, 'Моделирование O15', 149, 2, '2023-03-11', '2023-03-22', 'v0.7', 'Черновик', '/path/to/docO15', 'Описание O15'),
(116, 'Сводка P16', 254, 6, '2023-01-16', '2023-01-21', 'v3.4', 'Утвержден', '/path/to/docP16', 'Описание P16'),
(117, 'Комплексная спецификация Q17', 327, 5, '2023-02-05', '2023-02-15', 'v1.6', 'На проверке', '/path/to/docQ17', 'Описание Q17'),
(118, 'Анализ R18', 278, 4, '2023-03-19', '2023-03-25', 'v2.7', 'Утвержден', '/path/to/docR18', 'Описание R18'),
(119, 'Инженерная разработка S19', 226, 7, '2022-11-03', '2023-02-08', 'v1.0', 'Черновик', '/path/to/docS19', 'Описание S19'),
(120, 'Перспективный план T20', 335, 3, '2023-01-13', '2023-01-26', 'v2.9', 'На проверке', '/path/to/docT20', 'Описание T20'),
(121, 'Оценка У1', 150, 2, '2023-02-21', '2023-03-05', 'v2.2', 'Утвержден', '/path/to/docU1', 'Описание U1'),
(122, 'Структурный анализ V22', 261, 1, '2023-03-10', '2023-03-20', 'v3.5', 'Черновик', '/path/to/docV22', 'Описание V22'),
(123, 'Схема проекта X23', 355, 3, '2023-01-08', '2023-01-19', 'v1.1', 'На проверке', '/path/to/docX23', 'Описание X23'),
(124, 'Документируемый отчет Y24', 124, 7, '2022-12-12', '2023-01-24', 'v0.7', 'Утвержден', '/path/to/docY24', 'Описание Y24'),
(125, 'Поэтапное руководство Z25', 250, 6, '2023-02-07', '2023-02-17', 'v4.0', 'Черновик', '/path/to/docZ25', 'Описание Z25'),
(126, 'Настройка A26', 281, 5, '2023-03-15', '2023-03-25', 'v1.8', 'На проверке', '/path/to/docA26', 'Описание A26'),
(127, 'Инструкции для B27', 226, 4, '2023-01-29', '2023-02-06', 'v2.4', 'Утвержден', '/path/to/docB27', 'Описание B27'),
(128, 'Компетентный анализ C28', 305, 3, '2022-11-21', '2023-02-10', 'v2.7', 'Черновик', '/path/to/docC28', 'Описание C28'),
(129, 'Проверка D29', 216, 2, '2023-01-24', '2023-02-02', 'v1.8', 'На проверке', '/path/to/docD29', 'Описание D29'),
(130, 'Планирование E30', 234, 1, '2023-03-07', '2023-03-12', 'v4.6', 'Утвержден', '/path/to/docE30', 'Описание E30'),
(131, 'Обзор F31', 317, 5, '2023-01-14', '2023-01-28', 'v1.3', 'На проверке', '/path/to/docF31', 'Описание F31'),
(132, 'Руководство G32', 360, 6, '2023-02-18', '2023-02-27', 'v0.8', 'Черновик', '/path/to/docG32', 'Описание G32'),
(133, 'Сбор данных H33', 325, 4, '2023-03-04', '2023-03-10', 'v3.3', 'На проверке', '/path/to/docH33', 'Описание H33'),
(134, 'Инженерный отчет I34', 198, 7, '2022-12-20', '2023-01-15', 'v0.5', 'Утвержден', '/path/to/docI34', 'Описание I34'),
(135, 'Разработка интерфейса J35', 254, 3, '2022-11-30', '2023-01-13', 'v1.7', 'Черновик', '/path/to/docJ35', 'Описание J35'),
(136, 'Аналитический отчет K36', 106, 1, '2023-02-13', '2023-02-23', 'v2.1', 'На проверке', '/path/to/docK36', 'Описание K36'),
(137, 'Комплексная модель L37', 325, 6, '2023-03-18', '2023-03-29', 'v3.4', 'Утвержден', '/path/to/docL37', 'Описание L37'),
(138, 'Технический детализированный отчет M38', 314, 5, '2023-01-06', '2023-01-17', 'v1.0', 'На проверке', '/path/to/docM38', 'Описание M38'),
(139, 'Детальная инструкция N39', 243, 7, '2023-02-19', '2023-03-01', 'v3.7', 'Черновик', '/path/to/docN39', 'Описание N39'),
(140, 'Проектная документация O40', 250, 4, '2023-03-02', '2023-03-07', 'v1.4', 'На проверке', '/path/to/docO40', 'Описание O40'),
(141, 'Функциональный обзор P41', 210, 2, '2022-11-11', '2023-02-01', 'v2.9', 'Утвержден', '/path/to/docP41', 'Описание P41'),
(142, 'Концепция Q42', 266, 3, '2023-01-16', '2023-01-30', 'v2.6', 'Черновик', '/path/to/docQ42', 'Описание Q42'),
(143, 'Тестовая схема R43', 181, 1, '2023-02-20', '2023-03-03', 'v1.8', 'На проверке', '/path/to/docR43', 'Описание R43'),
(144, 'Схема реализации S44', 305, 6, '2023-01-05', '2023-01-15', 'v2.2', 'Утвержден', '/path/to/docS44', 'Описание S44'),
(145, 'Актуализация T45', 275, 5, '2023-02-24', '2023-03-08', 'v1.9', 'На проверке', '/path/to/docT45', 'Описание T45'),
(146, 'Ресурсный анализ U46', 115, 7, '2022-11-25', '2023-01-14', 'v3.5', 'Черновик', '/path/to/docU46', 'Описание U46'),
(147, 'Техническое руководство V47', 250, 4, '2023-01-27', '2023-02-10', 'v4.2', 'На проверке', '/path/to/docV47', 'Описание V47'),
(148, 'Обучающая инструкция W48', 261, 2, '2023-03-21', '2023-03-31', 'v0.9', 'Утвержден', '/path/to/docW48', 'Описание W48'),
(149, 'Тестирование X49', 267, 3, '2023-01-09', '2023-01-22', 'v1.5', 'На проверке', '/path/to/docX49', 'Описание X49'),
(150, 'Стратегическое планирование Y50', 227, 1, '2023-02-14', '2023-02-28', 'v2.8', 'Черновик', '/path/to/docY50', 'Описание Y50'),
(151, 'Вертикальная разработка Z51', 223, 6, '2023-03-11', '2023-03-21', 'v4.4', 'На проверке', '/path/to/docZ51', 'Описание Z51'),
(152, 'Сетевая схема A52', 335, 7, '2022-12-01', '2023-01-10', 'v1.0', 'Утвержден', '/path/to/docA52', 'Описание A52'),
(153, 'Проектный отчет B53', 184, 5, '2023-01-20', '2023-02-05', 'v3.0', 'На проверке', '/path/to/docB53', 'Описание B53'),
(154, 'Краткое описание C54', 211, 4, '2023-02-01', '2023-02-12', 'v2.1', 'Черновик', '/path/to/docC54', 'Описание C54'),
(155, 'Техническое обслуживание D55', 124, 2, '2023-03-13', '2023-03-23', 'v1.3', 'На проверке', '/path/to/docD55', 'Описание D55'),
(156, 'Инструкция по эксплуатации E56', 105, 6, '2022-11-16', '2023-01-19', 'v4.8', 'Утвержден', '/path/to/docE56', 'Описание E56'),
(157, 'Пользовательский обзор F57', 203, 3, '2023-01-25', '2023-02-15', 'v2.4', 'На проверке', '/path/to/docF57', 'Описание F57'),
(158, 'Аналитическая обзорная статья G58', 185, 1, '2023-02-09', '2023-02-18', 'v1.1', 'Утвержден', '/path/to/docG58', 'Описание G58'),
(159, 'Обновление документации H59', 341, 7, '2023-03-06', '2023-03-16', 'v0.9', 'Черновик', '/path/to/docH59', 'Описание H59'),
(160, 'Сетевое планирование I60', 109, 5, '2022-12-22', '2023-01-18', 'v3.3', 'На проверке', '/path/to/docI60', 'Описание I60'),
(161, 'Модульное тестирование J61', 342, 4, '2023-01-12', '2023-01-27', 'v2.2', 'Утвержден', '/path/to/docJ61', 'Описание J61'),
(162, 'Управление ресурсами K62', 104, 2, '2023-02-22', '2023-03-02', 'v4.1', 'На проверке', '/path/to/docK62', 'Описание K62'),
(163, 'Схема действий L63', 158, 6, '2023-01-03', '2023-01-11', 'v1.4', 'Утвержден', '/path/to/docL63', 'Описание L63'),
(164, 'Окончательный проект M64', 308, 7, '2023-02-28', '2023-03-15', 'v3.8', 'Черновик', '/path/to/docM64', 'Описание M64'),
(165, 'Комплект документации N65', 355, 5, '2023-01-31', '2023-02-22', 'v1.9', 'На проверке', '/path/to/docN65', 'Описание N65'),
(166, 'Утвержденная схема O66', 335, 4, '2023-02-09', '2023-02-17', 'v0.5', 'Утвержден', '/path/to/docO66', 'Описание O66'),
(167, 'Комплексная проверка P67', 126, 3, '2022-11-28', '2023-01-05', 'v2.6', 'На проверке', '/path/to/docP67', 'Описание P67'),
(168, 'Конструкторская документация Q68', 233, 1, '2023-02-05', '2023-02-14', 'v1.7', 'На проверке', '/path/to/docQ68', 'Описание Q68'),
(169, 'Техническая отрасль R69', 157, 2, '2023-03-17', '2023-03-27', 'v3.1', 'Утвержден', '/path/to/docR69', 'Описание R69'),
(170, 'Проектная стратегия S70', 191, 6, '2023-01-08', '2023-01-19', 'v2.9', 'На проверке', '/path/to/docS70', 'Описание S70'),
(171, 'Общая процедура T71', 235, 5, '2023-02-13', '2023-02-24', 'v1.5', 'Черновик', '/path/to/docT71', 'Описание T71'),
(172, 'Критический анализ U72', 261, 4, '2023-03-12', '2023-03-19', 'v4.0', 'На проверке', '/path/to/docU72', 'Описание U72'),
(173, 'Формальное утверждение V73', 104, 7, '2022-12-13', '2023-01-11', 'v1.2', 'Утвержден', '/path/to/docV73', 'Описание V73'),
(174, 'Объектная модель W74', 284, 3, '2023-01-29', '2023-02-08', 'v0.6', 'На проверке', '/path/to/docW74', 'Описание W74'),
(175, 'Общая спецификация X75', 135, 1, '2023-02-23', '2023-03-04', 'v3.2', 'Утвержден', '/path/to/docX75', 'Описание X75'),
(176, 'Проверка состояния проекта Y76', 189, 6, '2023-01-02', '2023-01-13', 'v1.6', 'На проверке', '/path/to/docY76', 'Описание Y76'),
(177, 'Расширенная инструкция Z77', 276, 4, '2023-02-20', '2023-03-01', 'v4.5', 'Черновик', '/path/to/docZ77', 'Описание Z77'),
(178, 'Стратегическое направление A78', 279, 2, '2023-03-08', '2023-03-18', 'v2.0', 'На проверке', '/path/to/docA78', 'Описание A78'),
(179, 'Документ состояния B79', 144, 5, '2022-11-19', '2023-01-09', 'v0.8', 'Утвержден', '/path/to/docB79', 'Описание B79'),
(180, 'Итоговая схема C80', 125, 7, '2023-01-22', '2023-02-13', 'v3.7', 'Черновик', '/path/to/docC80', 'Описание C80'),
(181, 'Качественный отчет D81', 159, 3, '2023-02-10', '2023-02-20', 'v1.4', 'На проверке', '/path/to/docD81', 'Описание D81'),
(182, 'Исследовательская работа E82', 201, 1, '2023-03-14', '2023-03-24', 'v2.6', 'Утвержден', '/path/to/docE82', 'Описание E82'),
(183, 'Обзор инженерных решений F83', 265, 6, '2023-01-07', '2023-01-26', 'v4.1', 'На проверке', '/path/to/docF83', 'Описание F83'),
(184, 'Анализ операционной обстановки G84', 126, 5, '2023-02-28', '2023-03-17', 'v2.4', 'Черновик', '/path/to/docG84', 'Описание G84'),
(185, 'Плановое обновление H85', 218, 7, '2022-12-18', '2023-01-20', 'v3.0', 'На проверке', '/path/to/docH85', 'Описание H85'),
(186, 'Междисциплинарный анализ I86', 188, 2, '2023-01-17', '2023-02-07', 'v0.7', 'Утвержден', '/path/to/docI86', 'Описание I86'),
(187, 'Сертификация J87', 170, 4, '2023-02-03', '2023-02-15', 'v4.3', 'На проверке', '/path/to/docJ87', 'Описание J87'),
(188, 'Регистрация K88', 154, 1, '2023-03-09', '2023-03-19', 'v2.5', 'Утвержден', '/path/to/docK88', 'Описание K88'),
(189, 'Обозначение бюджета L89', 331, 3, '2023-01-15', '2023-02-11', 'v1.9', 'На проверке', '/path/to/docL89', 'Описание L89'),
(190, 'Отчет по тестированию M90', 361, 6, '2023-02-16', '2023-03-08', 'v0.6', 'Черновик', '/path/to/docM90', 'Описание M90'),
(191, 'Подготовка конференции N91', 319, 5, '2022-11-12', '2023-01-18', 'v3.6', 'На проверке', '/path/to/docN91', 'Описание N91'),
(192, 'Особенности модели O92', 146, 7, '2023-01-25', '2023-02-20', 'v1.2', 'Утвержден', '/path/to/docO92', 'Описание O92'),
(193, 'Расширенный анализ P93', 173, 2, '2023-02-06', '2023-03-03', 'v4.7', 'На проверке', '/path/to/docP93', 'Описание P93'),
(194, 'Составление документации Q94', 206, 4, '2023-03-13', '2023-03-22', 'v1.5', 'Утвержден', '/path/to/docQ94', 'Описание Q94'),
(195, 'Контроль качества R95', 151, 1, '2023-01-02', '2023-02-04', 'v2.8', 'На проверке', '/path/to/docR95', 'Описание R95'),
(196, 'Организационная стратегия S96', 214, 3, '2022-12-08', '2023-01-29', 'v3.1', 'Черновик', '/path/to/docS96', 'Описание S96'),
(197, 'Определение задач T97', 301, 5, '2022-11-30', '2023-02-25', 'v0.8', 'На проверке', '/path/to/docT97', 'Описание T97'),
(198, 'Обновление стандартов U98', 144, 7, '2023-01-21', '2023-03-14', 'v4.0', 'Утвержден', '/path/to/docU98', 'Описание U98'),
(199, 'Сводный отчет V99', 290, 2, '2023-02-27', '2023-03-29', 'v3.9', 'На проверке', '/path/to/docV99', 'Описание V99'),
(200, 'Методический материал W100', 306, 6, '2022-12-02', '2023-01-25', 'v2.0', 'Утвержден', '/path/to/docW100', 'Описание W100'),
(201, 'План модернизации X101', 296, 4, '2023-03-10', '2023-03-20', 'v2.7', 'Черновик', '/path/to/docX101', 'Модернизация проекта X для повышения эффективности'),
(202, 'Техническая детализация Y102', 192, 2, '2023-01-11', '2023-02-09', 'v1.6', 'На проверке', '/path/to/docY102', 'Полный технический анализ проекта Y'),
(203, 'Концептуальная разработка Z103', 158, 3, '2022-12-15', '2023-01-22', 'v2.8', 'Утвержден', '/path/to/docZ103', 'Основания концептуального подхода в проекте Z'),
(204, 'Анализ рисков A104', 216, 1, '2023-03-05', '2023-03-15', 'v3.1', 'На проверке', '/path/to/docA104', 'Идентификация и устранение рисков проекта A'),
(205, 'Итоговый отчет B105', 208, 5, '2023-01-20', '2023-03-01', 'v2.0', 'Утвержден', '/path/to/docB105', 'Окончательный отчет по итогам работы над проектом B'),
(206, 'Моделирование системы C106', 170, 6, '2022-11-05', '2023-01-30', 'v3.5', 'На проверке', '/path/to/docC106', 'Использование моделирования для проектирования системы C'),
(207, 'План управления проектом D107', 266, 7, '2023-02-14', '2023-03-07', 'v1.3', 'Черновик', '/path/to/docD107', 'Стратегии управления для успешного завершения проекта D'),
(208, 'Отчет о ходе работ E108', 145, 2, '2023-03-01', '2023-03-16', 'v2.2', 'На проверке', '/path/to/docE108', 'Предварительный отчет о проделанной работе над проектом E'),
(209, 'Техническое описание F109', 129, 4, '2022-12-17', '2023-01-29', 'v1.0', 'Утвержден', '/path/to/docF109', 'Детальное техническое руководство для проекта F'),
(210, 'Разработка прототипа G110', 311, 3, '2023-01-08', '2023-02-28', 'v2.9', 'На проверке', '/path/to/docG110', 'Создание прототипа для тестирования проекта G'),
(211, 'План действий H111', 265, 7, '2023-02-25', '2023-03-11', 'v3.0', 'Черновик', '/path/to/docH111', 'Детализация планирования и выполнения проекта H'),
(212, 'Исследование технологий I112', 138, 6, '2022-11-30', '2023-02-15', 'v1.2', 'Утвержден', '/path/to/docI112', 'Обзор современных технологий и их применения в проекте I'),
(213, 'Нормативная база J113', 105, 1, '2023-01-17', '2023-02-27', 'v3.3', 'На проверке', '/path/to/docJ113', 'Гид по нормативной базе для проекта J'),
(214, 'План корректировки K114', 250, 5, '2023-03-12', '2023-03-22', 'v1.5', 'Черновик', '/path/to/docK114', 'План корректировки технической части проекта K'),
(215, 'Стратегия реализации L115', 225, 2, '2022-12-01', '2023-01-18', 'v2.6', 'На проверке', '/path/to/docL115', 'Реализация и адаптация стратегии для проекта L'),
(216, 'Аналитический обзор M116', 200, 4, '2023-02-03', '2023-02-20', 'v1.1', 'Утвержден', '/path/to/docM116', 'Расширенный аналитический обзор текущей ситуации проекта M'),
(217, 'Управление изменениями N117', 344, 7, '2023-03-06', '2023-03-26', 'v3.4', 'На проверке', '/path/to/docN117', 'Изменения в стратегии управления проектом N'),
(218, 'Структура контроля O118', 319, 3, '2022-11-13', '2023-01-23', 'v0.9', 'Утвержден', '/path/to/docO118', 'Контрольная система для обеспечения качества проекта O'),
(219, 'Экономическая модель P119', 181, 6, '2023-02-07', '2023-03-17', 'v2.3', 'Черновик', '/path/to/docP119', 'Экономические обоснования и модель стоимости проекта P'),
(220, 'Основные принципы Q120', 135, 4, '2023-01-02', '2023-02-08', 'v1.7', 'На проверке', '/path/to/docQ120', 'Основные принципы разработки решений для проекта Q'),
(221, 'Проектное расширение R121', 238, 5, '2023-03-03', '2023-03-28', 'v2.5', 'Утвержден', '/path/to/docR121', 'Расширение проекта R с новыми функциональными возможностями'),
(222, 'Инженерный анализ S122', 165, 1, '2022-12-25', '2023-02-12', 'v3.6', 'На проверке', '/path/to/docS122', 'Комплексный инженерный анализ проекта S'),
(223, 'Оптимизация процессов T123', 281, 3, '2023-01-15', '2023-03-05', 'v1.4', 'Черновик', '/path/to/docT123', 'Процесс оптимизации рабочих процессов в проекте T'),
(224, 'Координация задач U124', 232, 7, '2023-02-28', '2023-03-14', 'v2.0', 'На проверке', '/path/to/docU124', 'Централизованная координация задач в проекте U'),
(225, 'Поддержка продуктивности V125', 329, 2, '2022-12-10', '2023-01-30', 'v1.9', 'Утвержден', '/path/to/docV125', 'Поддержка продуктивности и улучшение рабочих процессов проекта V'),
(226, 'Диагностика проектных решений W126', 164, 5, '2023-01-23', '2023-02-28', 'v2.2', 'На проверке', '/path/to/docW126', 'Методы диагностики проектных решений для проекта W'),
(227, 'Проектное исследование X127', 138, 4, '2023-03-15', '2023-03-30', 'v0.8', 'Черновик', '/path/to/docX127', 'Инновационные подходы и результаты исследования в проекте X'),
(228, 'Методология управления Y128', 200, 7, '2022-11-03', '2023-01-13', 'v2.4', 'На проверке', '/path/to/docY128', 'Эффективная методология управления для проектных задач типа Y'),
(229, 'Ресурсное планирование Z129', 118, 2, '2023-03-20', '2023-03-30', 'v1.8', 'Утвержден', '/path/to/docZ129', 'Оптимизация ресурсного планирования в проекте Z'),
(230, 'Компетенция разработки A130', 117, 6, '2022-12-13', '2023-01-31', 'v3.0', 'На проверке', '/path/to/docA130', 'Выработка компетенций в процессе разработки A'),
(231, 'Инновационное развитие B131', 319, 3, '2023-01-10', '2023-02-24', 'v2.6', 'Черновик', '/path/to/docB131', 'Инновационные технологии для повышения конкурентоспособности B'),
(232, 'Тестирование надежности C132', 234, 1, '2023-02-05', '2023-02-26', 'v1.3', 'На проверке', '/path/to/docC132', 'Стандарты и протоколы тестирования надежности для проекта C'),
(233, 'Система управления D133', 158, 5, '2023-03-02', '2023-03-12', 'v2.1', 'Утвержден', '/path/to/docD133', 'Обзор системы управления и оценки качества D'),
(234, 'План деталей E134', 191, 7, '2022-11-18', '2023-01-29', 'v3.2', 'На проверке', '/path/to/docE134', 'Детальная информация и оформление плана для элементов E'),
(235, 'Проработка методов F135', 335, 2, '2023-01-12', '2023-02-02', 'v1.7', 'Черновик', '/path/to/docF135', 'Анализ опыта внедрения методов в проекте F'),
(236, 'Стратегический обзор G136', 103, 4, '2023-02-08', '2023-02-22', 'v2.0', 'На проверке', '/path/to/docG136', 'Обзор стратегических аспектов и направлений проекта G'),
(237, 'Оптимизационный план H137', 192, 3, '2023-03-25', '2023-03-31', 'v0.9', 'Утвержден', '/path/to/docH137', 'План оптимизации ресурсов в проекте H'),
(238, 'Исследовательский анализ I138', 304, 6, '2022-11-07', '2023-02-23', 'v3.7', 'На проверке', '/path/to/docI138', 'Анализ текущих исследований и их роль в улучшении I'),
(239, 'Прототипирование J139', 359, 5, '2023-01-21', '2023-02-11', 'v1.2', 'Черновик', '/path/to/docJ139', 'План создания прототипов для проекта J'),
(240, 'Критерии учёта K140', 298, 1, '2023-03-22', '2023-03-30', 'v2.5', 'На проверке', '/path/to/docK140', 'Установление и анализ критериев учёта в проекте K'),
(241, 'Функциональность и потребности L141', 292, 7, '2022-12-20', '2023-02-18', 'v3.9', 'Утвержден', '/path/to/docL141', 'Изучение функциональности и требований в проекте L'),
(242, 'Контроль этапов реализации M142', 255, 6, '2023-01-03', '2023-02-19', 'v1.1', 'На проверке', '/path/to/docM142', 'Обеспечение контроля этапов реализации в проекте M'),
(243, 'Рост и развитие N143', 347, 2, '2023-03-12', '2023-03-28', 'v2.8', 'Черновик', '/path/to/docN143', 'Параметры роста и развития в проектной области N'),
(244, 'Рабочий план O144', 188, 4, '2023-01-15', '2023-02-25', 'v1.9', 'На проверке', '/path/to/docO144', 'Разработка и внедрение рабочего плана в проекте O'),
(245, 'Сбор и анализ данных P145', 293, 3, '2023-02-04', '2023-02-23', 'v2.1', 'Утвержден', '/path/to/docP145', 'Методы сбора и анализа данных для проекта P'),
(246, 'Документационный стандарт Q146', 298, 5, '2022-12-28', '2023-01-31', 'v3.4', 'На проверке', '/path/to/docQ146', 'Стандарты документации и их выполнение для проекта Q'),
(247, 'Внедрение новых технологий R147', 235, 2, '2023-03-11', '2023-03-21', 'v1.0', 'Черновик', '/path/to/docR147', 'Внедрение новых технологий и их влияние на проект R'),
(248, 'Разработка стратегии S148', 345, 7, '2023-02-14', '2023-03-09', 'v2.7', 'На проверке', '/path/to/docS148', 'Определение и разработка стратегических инициатив в S'),
(249, 'Технико-экономический анализ T149', 255, 6, '2022-11-22', '2023-02-02', 'v1.5', 'Утвержден', '/path/to/docT149', 'Экономическое обоснование и технико-экономический анализ проекта T'),
(250, 'Основные определения U150', 306, 5, '2023-01-16', '2023-02-14', 'v3.3', 'На проверке', '/path/to/docU150', 'Определения и термины, используемые в проекте U'),
(251, 'Результирующий анализ V151', 169, 1, '2023-02-07', '2023-03-07', 'v2.4', 'Черновик', '/path/to/docV151', 'Подведение итога и анализ достигнутых результатов в V'),
(252, 'Управление конфликтами W152', 255, 3, '2023-03-14', '2023-03-24', 'v1.8', 'На проверке', '/path/to/docW152', 'Подходы и стратегии управления конфликтами в проекте W'),
(253, 'План проверки X153', 248, 4, '2022-12-11', '2023-01-20', 'v3.6', 'Утвержден', '/path/to/docX153', 'Создание и реализация плана проверки в проекте X'),
(254, 'Основы взаимодействия Y154', 143, 7, '2023-01-27', '2023-02-22', 'v2.0', 'На проверке', '/path/to/docY154', 'Платформы и каналы взаимодействия в проекте Y'),
(255, 'Подготовка к реализации Z155', 210, 6, '2023-02-02', '2023-03-10', 'v0.7', 'Черновик', '/path/to/docZ155', 'Этапы подготовки и начальная реализация проекта Z'),
(256, 'Обзор стандартов A156', 342, 5, '2023-03-23', '2023-03-29', 'v2.9', 'На проверке', '/path/to/docA156', 'Анализ и пересмотр стандартов для проекта A'),
(257, 'Исследования и разработки B157', 329, 1, '2022-11-12', '2023-01-11', 'v1.3', 'Утвержден', '/path/to/docB157', 'Инновационные исследования и разработки для проекта B'),
(258, 'Образовательные инициативы C158', 137, 3, '2023-01-19', '2023-02-24', 'v3.8', 'На проверке', '/path/to/docC158', 'Образовательные программы и инициативы для проекта C'),
(259, 'Контроль и оценка D159', 144, 2, '2023-02-28', '2023-03-17', 'v2.2', 'Черновик', '/path/to/docD159', 'Методы контроля и оценки в проекте D'),
(260, 'Расширение возможностей E160', 137, 6, '2023-03-04', '2023-03-25', 'v4.1', 'На проверке', '/path/to/docE160', 'Обеспечение расширения функциональных возможностей в E'),
(261, 'Инженерные принципы F161', 162, 7, '2022-11-29', '2023-01-27', 'v1.6', 'Утвержден', '/path/to/docF161', 'Применение и адаптация инженерных принципов в проекте F'),
(262, 'Проведение консультаций G162', 226, 5, '2023-01-06', '2023-02-15', 'v3.2', 'На проверке', '/path/to/docG162', 'Критически важные консультации для улучшения проекта G'),
(263, 'Навыки для роста H163', 164, 1, '2023-02-16', '2023-03-22', 'v2.7', 'Черновик', '/path/to/docH163', 'Необходимые навыки для роста и развития участников H'),
(264, 'Долгосрочное планирование I164', 362, 3, '2023-01-05', '2023-02-05', 'v1.9', 'На проверке', '/path/to/docI164', 'Надёжное долгосрочное планирование для успеха проекта I'),
(265, 'Теория и практика J165', 134, 4, '2023-03-13', '2023-03-27', 'v2.1', 'Утвержден', '/path/to/docJ165', 'Интеграция теории и практики для улучшения проекта J'),
(266, 'Структурная схема K166', 343, 5, '2022-12-03', '2023-01-16', 'v3.0', 'На проверке', '/path/to/docK166', 'Создание структурной схемы для ключевых аспектов K'),
(267, 'Сравнительный анализ L167', 185, 2, '2023-01-31', '2023-02-20', 'v1.4', 'Черновик', '/path/to/docL167', 'Сравнительный анализ по результатам проекта L'),
(268, 'Детализация процессов M168', 246, 3, '2023-03-02', '2023-03-23', 'v2.3', 'На проверке', '/path/to/docM168', 'Детально проработанные бизнес-процессы для проекта M'),
(269, 'Эффективные подходы N169', 359, 6, '2022-11-15', '2023-02-01', 'v3.5', 'Утвержден', '/path/to/docN169', 'Эффективные подходы и практики для проекта N'),
(270, 'Технический анализ O170', 320, 7, '2023-01-10', '2023-02-28', 'v1.0', 'На проверке', '/path/to/docO170', 'Оценка и корректировка технического содержания в O'),
(271, 'Стратегическое управление P171', 307, 5, '2023-02-27', '2023-03-23', 'v2.8', 'Черновик', '/path/to/docP171', 'Введение методов стратегического управления в P'),
(272, 'Аспекты проектирования Q172', 217, 4, '2023-01-21', '2023-03-17', 'v1.2', 'На проверке', '/path/to/docQ172', 'Ключевые аспекты и этапы проектирования проекта Q'),
(273, 'Развитие методологии R173', 114, 3, '2022-12-08', '2023-01-28', 'v3.4', 'Утвержден', '/path/to/docR173', 'Модернизация методологии и её развитие в процессе R'),
(274, 'Комплексный отчёт S174', 126, 2, '2023-02-15', '2023-03-16', 'v1.7', 'На проверке', '/path/to/docS174', 'Полный и детализированный отчёт по проекту S'),
(275, 'Приоритетные задачи T175', 336, 1, '2023-01-01', '2023-02-12', 'v4.0', 'Черновик', '/path/to/docT175', 'План преодоления приоритетных задач для проекта T'),
(276, 'Анализ отклонений U176', 202, 5, '2022-11-25', '2023-01-26', 'v2.6', 'На проверке', '/path/to/docU176', 'Анализ отклонений и причины для проекта U'),
(277, 'План реализации V177', 288, 7, '2023-01-19', '2023-02-21', 'v1.5', 'Утвержден', '/path/to/docV177', 'Планирование этапов реализации и подходов для V'),
(278, 'Проблематика современных технологий W178', 329, 6, '2023-03-09', '2023-03-20', 'v1.9', 'На проверке', '/path/to/docW178', 'Проблемные зоны и освоение современных технологий в W'),
(279, 'Практическое применение X179', 361, 3, '2022-12-19', '2023-01-24', 'v3.0', 'Черновик', '/path/to/docX179', 'Практическое использование и внедрение X'),
(280, 'Руководство по применению Y180', 112, 4, '2023-01-17', '2023-02-25', 'v1.1', 'На проверке', '/path/to/docY180', 'Документ по применению и изучению руководства для Y'),
(281, 'Ресурсный потенциал Z181', 253, 5, '2023-02-11', '2023-03-09', 'v3.2', 'На проверке', '/path/to/docZ181', 'Оценка и развитие ресурсного потенциала для Z'),
(282, 'Управление изменениями A182', 260, 7, '2022-11-13', '2023-01-22', 'v1.6', 'Черновик', '/path/to/docA182', 'Изменения и управление ими в проекте A'),
(283, 'Качественное развитие B183', 234, 1, '2023-03-03', '2023-03-14', 'v2.9', 'На проверке', '/path/to/docB183', 'Повышение качества и развитие в целях B'),
(284, 'Текущая ситуация C184', 170, 6, '2023-01-05', '2023-02-03', 'v1.2', 'Утвержден', '/path/to/docC184', 'Анализ текущей ситуации и перспективы для C'),
(285, 'Прогнозирование D185', 190, 2, '2023-02-21', '2023-03-13', 'v3.1', 'На проверке', '/path/to/docD185', 'Прогноз и анализ будущих тенденций для D'),
(286, 'Аналитическое исследование E186', 250, 4, '2022-12-06', '2023-01-15', 'v1.4', 'Черновик', '/path/to/docE186', 'Полный анализ и исследования для улучшений проекта E'),
(287, 'Деловая культура F187', 299, 5, '2023-01-11', '2023-02-07', 'v2.3', 'На проверке', '/path/to/docF187', 'Культура делового общения и применения принципов F'),
(288, 'Использование технологий G188', 355, 1, '2023-03-26', '2023-03-31', 'v3.6', 'Утвержден', '/path/to/docG188', 'Использование новейших технологий в проекте G'),
(289, 'Критические моменты H189', 215, 7, '2022-11-08', '2023-01-28', 'v1.5', 'На проверке', '/path/to/docH189', 'Критические элементы проекта и их проработка H'),
(290, 'Проектирование I190', 251, 6, '2023-02-17', '2023-03-10', 'v2.1', 'Черновик', '/path/to/docI190', 'Основы проектирования и модели для I'),
(291, 'Контекстное исследование J191', 130, 3, '2023-02-01', '2023-03-05', 'v1.9', 'На проверке', '/path/to/docJ191', 'Обзор контекста и внедрение изменений для J'),
(292, 'План управления K192', 346, 5, '2022-12-27', '2023-02-19', 'v3.7', 'Утвержден', '/path/to/docK192', 'План и реализация управления для успешного K'),
(293, 'Новые технологии L193', 223, 4, '2023-01-26', '2023-03-08', 'v1.3', 'На проверке', '/path/to/docL193', 'Открытие и внедрение новых технологий для L'),
(294, 'Управление инновациями M194', 259, 2, '2023-03-12', '2023-03-25', 'v2.0', 'Черновик', '/path/to/docM194', 'Оптимизация и внедрение инноваций для M'),
(295, 'Поиск решений N195', 114, 6, '2022-11-20', '2023-01-23', 'v3.9', 'На проверке', '/path/to/docN195', 'Этапы поиска и внедрения решений для N'),
(296, 'Концентрация ресурсов O196', 135, 1, '2023-01-29', '2023-03-06', 'v1.8', 'Утвержден', '/path/to/docO196', 'Эффективная концентрация ресурсов на проекте O'),
(297, 'Решение проблем P197', 344, 4, '2022-12-02', '2023-01-13', 'v2.7', 'На проверке', '/path/to/docP197', 'Устранение проблемных аспектов в проекте P'),
(298, 'Оценка знаний Q198', 258, 7, '2023-02-18', '2023-03-21', 'v1.0', 'Черновик', '/path/to/docQ198', 'Оценивание знаний и развитие навыков проекта Q'),
(299, 'Аналитический подход R199', 243, 6, '2023-03-05', '2023-03-29', 'v2.2', 'На проверке', '/path/to/docR199', 'Аналитический обзор и внедрение методов для R'),
(300, 'Интеграция компонентов S200', 319, 3, '2022-11-10', '2023-01-30', 'v1.1', 'Утвержден', '/path/to/docS200', 'Интеграция компонентов и их результат в S'),
(301, 'Разработка нового дизайна T201', 316, 1, '2023-03-15', '2023-03-26', 'v3.1', 'Черновик', '/path/to/docT201', 'Создание и реализация нового дизайна для проекта T'),
(302, 'Анализ эффективности U202', 230, 5, '2023-03-10', '2023-03-20', 'v2.3', 'На проверке', '/path/to/docU202', 'Анализ эффективности и оптимизация процессов в проекте U'),
(303, 'Техническая оценка V203', 138, 6, '2023-01-12', '2023-02-22', 'v1.8', 'Утвержден', '/path/to/docV203', 'Проведение технической оценки с целью улучшения V'),
(304, 'Проектное управление W204', 333, 3, '2023-03-05', '2023-03-14', 'v2.0', 'На проверке', '/path/to/docW204', 'Организация и управление проектными задачами для W'),
(305, 'Документация по стандартизации X205', 152, 7, '2023-02-20', '2023-03-10', 'v3.2', 'Черновик', '/path/to/docX205', 'Создание и поддержка стандартов для проектной документации X'),
(306, 'Анализ рисков Y206', 343, 4, '2023-01-26', '2023-02-17', 'v1.0', 'На проверке', '/path/to/docY206', 'Выявление и минимизация рисков в рамках проекта Y'),
(307, 'Структурное моделирование Z207', 208, 2, '2023-03-02', '2023-03-21', 'v2.4', 'Утвержден', '/path/to/docZ207', 'Разработка структурных моделей для улучшения функциональности Z'),
(308, 'Трансформация систем A208', 153, 3, '2023-02-15', '2023-03-04', 'v0.9', 'На проверке', '/path/to/docA208', 'Обновление и трансформация существующих систем в проекте A'),
(309, 'Обзор безопасности B209', 281, 5, '2023-01-19', '2023-02-05', 'v3.5', 'Черновик', '/path/to/docB209', 'Анализ безопасности и защита данных в проекте B'),
(310, 'Комплексная интеграция C210', 300, 6, '2023-03-11', '2023-03-25', 'v2.6', 'На проверке', '/path/to/docC210', 'Полная интеграция систем и процессов в проекте C'),
(311, 'Ключевые инициативы D211', 251, 7, '2023-02-06', '2023-03-15', 'v1.7', 'Утвержден', '/path/to/docD211', 'Развитие инициатив и успешное внедрение в проекте D'),
(312, 'Оптимизация расходов E212', 335, 1, '2023-01-03', '2023-02-02', 'v3.4', 'На проверке', '/path/to/docE212', 'Снижение расходов и экономия ресурсов в проекте E'),
(313, 'Техническое сопровождение F213', 149, 3, '2023-02-12', '2023-03-09', 'v1.3', 'Черновик', '/path/to/docF213', 'Обеспечение технического сопровождения для проекта F'),
(314, 'Экспертная оценка G214', 332, 4, '2023-03-07', '2023-03-19', 'v2.2', 'На проверке', '/path/to/docG214', 'Проведение экспертной оценки для повышения качества G'),
(315, 'Разработка инноваций H215', 180, 2, '2023-02-27', '2023-03-11', 'v3.6', 'Утвержден', '/path/to/docH215', 'Разработка и внедрение инновационных решений в проекте H'),
(316, 'Процесс управления I216', 155, 7, '2023-01-14', '2023-02-23', 'v1.9', 'На проверке', '/path/to/docI216', 'Мониторинг и управление процессами для оптимизации I'),
(317, 'Координация действий J217', 155, 5, '2023-02-18', '2023-03-08', 'v2.5', 'Черновик', '/path/to/docJ217', 'Координация действий и взаимодействие в команде J'),
(318, 'План совершенствования K218', 136, 1, '2023-01-29', '2023-02-26', 'v0.8', 'На проверке', '/path/to/docK218', 'Структурированный план для улучшения проекта K'),
(319, 'Системный аудит L219', 288, 2, '2023-03-04', '2023-03-18', 'v2.7', 'Утвержден', '/path/to/docL219', 'Проведение системного аудита и оценка результатов L'),
(320, 'Тренды и анализ M220', 156, 3, '2023-02-10', '2023-03-03', 'v1.6', 'На проверке', '/path/to/docM220', 'Изучение трендов и выполнение анализа M'),
(321, 'Стратегическая консолидация N221', 230, 4, '2023-01-15', '2023-02-13', 'v3.0', 'Черновик', '/path/to/docN221', 'Консолидация стратегий и оптимизация работы в проекте N'),
(322, 'Комплексный подход O222', 180, 5, '2023-02-02', '2023-02-20', 'v1.1', 'На проверке', '/path/to/docO222', 'Эффективное использование комплексного подхода в проекте O'),
(323, 'Экологическая устойчивость P223', 276, 6, '2023-03-17', '2023-03-28', 'v2.9', 'Утвержден', '/path/to/docP223', 'Внедрение экологических практик для устойчивости P'),
(324, 'Адаптационные меры Q224', 283, 7, '2023-01-11', '2023-02-16', 'v2.8', 'На проверке', '/path/to/docQ224', 'Подготовка к изменениям и адаптация в проекте Q'),
(325, 'Решение конфликтов R225', 242, 1, '2023-03-09', '2023-03-20', 'v1.2', 'Черновик', '/path/to/docR225', 'Меры и стратегии по разрешению конфликтов в R'),
(326, 'Инициативы снижения затрат S226', 292, 2, '2023-01-23', '2023-02-14', 'v3.3', 'На проверке', '/path/to/docS226', 'Уменьшение затрат без потери качества в S'),
(327, 'Фокус на клиента T227', 131, 3, '2023-02-07', '2023-02-27', 'v1.5', 'Утвержден', '/path/to/docT227', 'Упор на требования и согласование с потребностями клиента T'),
(328, 'Сложные вычисления U228', 261, 4, '2023-03-01', '2023-03-15', 'v2.1', 'На проверке', '/path/to/docU228', 'Анализ и внедрение сложных вычислительных моделей в U'),
(329, 'Потенциальные решения V229', 228, 5, '2023-02-12', '2023-02-28', 'v1.0', 'Черновик', '/path/to/docV229', 'Исследование возможных решений для проектных задач в V'),
(330, 'Управление оборудованием W230', 352, 6, '2023-03-08', '2023-03-22', 'v2.3', 'На проверке', '/path/to/docW230', 'Оптимизация и управление материально-техническими средствами в проекте W'),
(331, 'Системное управление X231', 271, 7, '2023-01-14', '2023-02-19', 'v3.7', 'Утвержден', '/path/to/docX231', 'Систематическое управление и улучшение процессов X'),
(332, 'Анализ производственных процессов Y232', 282, 1, '2023-02-18', '2023-03-12', 'v3.8', 'На проверке', '/path/to/docY232', 'Анализ процессов производства и их оптимизация для проекта Y'),
(333, 'Реорганизация Z233', 268, 2, '2023-03-16', '2023-03-30', 'v2.6', 'Черновик', '/path/to/docZ233', 'Полная реорганизация структуры для повышения производительности Z'),
(334, 'Улучшения систем A234', 106, 3, '2023-01-29', '2023-02-17', 'v1.9', 'На проверке', '/path/to/docA234', 'Определение областей для улучшения систем и их внедрение A'),
(335, 'Мультидисциплинарный подход B235', 289, 4, '2023-02-02', '2023-02-20', 'v3.1', 'Черновик', '/path/to/docB235', 'Комплексный подход с привлечением мультидисциплинарных знаний B'),
(336, 'Институтальный контроль C236', 107, 5, '2023-03-06', '2023-03-25', 'v2.5', 'На проверке', '/path/to/docC236', 'Установление контролирующих практик на уровне учреждения C'),
(337, 'Цифровая трансформация D237', 239, 6, '2023-01-25', '2023-02-27', 'v2.0', 'Утвержден', '/path/to/docD237', 'Повышение цифровизации и оптимизация под современные условия D'),
(338, 'Проблемы конфиденциальности E238', 318, 7, '2023-02-15', '2023-03-21', 'v1.4', 'На проверке', '/path/to/docE238', 'Рассмотрение вопросов конфиденциальности и защита конфиденциальных данных E'),
(339, 'Поддержка изменений F239', 193, 1, '2023-03-05', '2023-03-14', 'v3.9', 'Черновик', '/path/to/docF239', 'Активная поддержка изменений и облегчение их внедрения F'),
(340, 'Технические улучшения G240', 356, 2, '2023-02-01', '2023-03-11', 'v1.3', 'На проверке', '/path/to/docG240', 'Внедрение инструментов для улучшения технических характеристик G'),
(341, 'Научные исследования H241', 306, 3, '2023-01-27', '2023-02-24', 'v4.0', 'Утвержден', '/path/to/docH241', 'Организация и проведение научных исследований для инноваций H'),
(342, 'Сравнительный анализ I242', 259, 4, '2023-03-03', '2023-03-18', 'v2.7', 'На проверке', '/path/to/docI242', 'Сравнение результатов проектов и выявление лучших практик I'),
(343, 'Проработка деталей J243', 130, 5, '2023-02-22', '2023-03-28', 'v1.8', 'Черновик', '/path/to/docJ243', 'Детализированный анализ компонентов и реализация J'),
(344, 'Командное обучение K244', 282, 6, '2023-01-20', '2023-02-13', 'v3.2', 'На проверке', '/path/to/docK244', 'Обучение команды и повышение квалификации участников K'),
(345, 'Управление рисками L245', 173, 7, '2023-03-14', '2023-03-24', 'v1.5', 'Утвержден', '/path/to/docL245', 'Анализ и уменьшение рисков в проекте L'),
(346, 'Технологическая стратегия M246', 162, 1, '2023-02-05', '2023-02-17', 'v2.2', 'На проверке', '/path/to/docM246', 'Стратегия для внедрения новых технологий и решений M'),
(347, 'Кооперация между отделами N247', 128, 2, '2023-03-08', '2023-03-23', 'v3.0', 'Черновик', '/path/to/docN247', 'Укрепление связи между разными отделами компании N'),
(348, 'Адаптивные системы O248', 310, 3, '2023-01-16', '2023-02-21', 'v1.6', 'На проверке', '/path/to/docO248', 'Разработка систем с высокой способностью адаптации под новые условия O'),
(349, 'Развитие компетенций P249', 324, 4, '2023-02-25', '2023-03-09', 'v2.3', 'На проверке', '/path/to/docP249', 'Обучение сотрудников для повышения их профессиональных навыков P'),
(350, 'Роль инженерии в инновациях Q250', 178, 5, '2023-03-12', '2023-03-27', 'v1.9', 'На проверке', '/path/to/docQ250', 'Инженерные методы и их применение при внедрении инноваций Q'),
(351, 'Диагностика систем R251', 265, 6, '2023-01-09', '2023-02-18', 'v4.2', 'На проверке', '/path/to/docR251', 'Обзор и диагностика существующих систем с целью их улучшения R'),
(352, 'Управление проектной командой S252', 331, 7, '2023-02-14', '2023-03-19', 'v1.7', 'Утвержден', '/path/to/docS252', 'Организация и управление командой для достижения целей проекта S'),
(353, 'Информационные процессы T253', 178, 1, '2023-03-01', '2023-03-22', 'v3.4', 'На проверке', '/path/to/docT253', 'Оптимизация информационных потоков и процессов внутри T'),
(354, 'Стратегия управления U254', 171, 2, '2023-01-30', '2023-02-25', 'v2.8', 'Черновик', '/path/to/docU254', 'Разработка и внедрение стратегий для эффективного управления U'),
(355, 'Обновление систем безопасности V255', 321, 3, '2023-02-13', '2023-03-05', 'v1.0', 'На проверке', '/path/to/docV255', 'Модернизация систем безопасности для улучшенной защиты V'),
(356, 'Стандарты тестирования W256', 327, 4, '2023-03-06', '2023-03-18', 'v2.5', 'Утвержден', '/path/to/docW256', 'Разработка и применение стандартов для тестирования системы W'),
(357, 'Комплексные системы X257', 316, 5, '2023-01-24', '2023-02-21', 'v3.3', 'На проверке', '/path/to/docX257', 'Проектирование и разработка комплексных систем с учетом множества факторов X'),
(358, 'Культурное развитие Y258', 306, 6, '2023-03-10', '2023-03-29', 'v1.2', 'Черновик', '/path/to/docY258', 'Культурное развитие и внедрение новых традиций в рамках Y'),
(359, 'Системный анализ Z259', 141, 7, '2023-01-15', '2023-02-26', 'v2.9', 'На проверке', '/path/to/docZ259', 'Анализ системы и постановка задач для улучшения проекта Z'),
(360, 'Аналитическая интеграция A260', 101, 1, '2023-02-19', '2023-03-27', 'v3.6', 'Утвержден', '/path/to/docA260', 'Интеграция аналитики для повышения эффективности проекта A'),
(361, 'Управление знаниями B261', 328, 2, '2023-03-01', '2023-03-25', 'v1.4', 'Черновик', '/path/to/docB261', 'Система управления знаниями для повышения эффективности проекта'),
(362, 'Прогнозные модели C262', 241, 5, '2023-02-11', '2023-03-01', 'v2.2', 'На проверке', '/path/to/docC262', 'Структурирование прогностических моделей для проекта C'),
(363, 'Обратная связь D263', 166, 6, '2023-03-14', '2023-03-28', 'v3.5', 'Утвержден', '/path/to/docD263', 'Механизм обратной связи для улучшения взаимодействия в проекте D'),
(364, 'Методика анализа E264', 206, 3, '2023-01-05', '2023-02-14', 'v2.9', 'На проверке', '/path/to/docE264', 'Разработка методик анализа данных для проекта E'),
(365, 'Теоретическая база F265', 139, 7, '2023-02-03', '2023-02-25', 'v1.1', 'Черновик', '/path/to/docF265', 'Формирование и оптимизация теоретической базы проекта F'),
(366, 'Обучающие программы G266', 278, 4, '2023-03-17', '2023-03-27', 'v3.2', 'На проверке', '/path/to/docG266', 'Разработка обучающих программ для повышения квалификации G'),
(367, 'Контекстная адаптация H267', 271, 5, '2023-01-25', '2023-02-10', 'v1.9', 'Утвержден', '/path/to/docH267', 'Процессы адаптации под конкретные контексты в H'),
(368, 'Ключевые решения I268', 117, 6, '2023-02-08', '2023-03-07', 'v2.4', 'На проверке', '/path/to/docI268', 'Прием стратегических решений для обеспечения успеха проекта I'),
(369, 'Масштабируемость J269', 311, 1, '2023-03-06', '2023-03-26', 'v3.3', 'Черновик', '/path/to/docJ269', 'Обеспечение масштабируемости решений в проекте J'),
(370, 'Аналитическая оценка K270', 336, 3, '2023-01-29', '2023-02-24', 'v1.7', 'На проверке', '/path/to/docK270', 'Оценка аналитических данных для достижения целей K'),
(371, 'Творческое проектирование L271', 182, 5, '2023-02-12', '2023-03-15', 'v2.8', 'Утвержден', '/path/to/docL271', 'Творческий подход в проектировании и его результаты в L'),
(372, 'Комплексное обучение M272', 219, 4, '2023-03-03', '2023-03-14', 'v1.5', 'На проверке', '/path/to/docM272', 'Координация и интеграция комплексных программ обучения в M'),
(373, 'Техническая совместимость N273', 112, 2, '2023-02-22', '2023-03-04', 'v3.0', 'Черновик', '/path/to/docN273', 'Обеспечение технической совместимости мер и решений в N'),
(374, 'Цели и результаты O274', 198, 1, '2023-01-07', '2023-02-17', 'v2.1', 'На проверке', '/path/to/docO274', 'Документирование целей проекта и достижение результатов'),
(375, 'Проектная диагностика P275', 335, 6, '2023-03-16', '2023-03-25', 'v1.6', 'Утвержден', '/path/to/docP275', 'Диагностика и анализ проектных решений в P'),
(376, 'Методология внедрения Q276', 162, 5, '2023-02-20', '2023-03-11', 'v3.7', 'На проверке', '/path/to/docQ276', 'Методология внедрения успешных стратегий для Q'),
(377, 'Снижение затрат R277', 165, 3, '2023-01-18', '2023-02-28', 'v2.3', 'Черновик', '/path/to/docR277', 'Меры для оптимизации расходов и снижения затрат в R'),
(378, 'Критическая инфраструктура S278', 297, 7, '2023-02-28', '2023-03-20', 'v1.4', 'На проверке', '/path/to/docS278', 'Анализ и совершенствование критической инфраструктуры S'),
(379, 'Культурная интеграция T279', 308, 4, '2023-01-10', '2023-02-15', 'v2.9', 'Утвержден', '/path/to/docT279', 'Интеграция культурных аспектов в проект T'),
(380, 'Анализ эффективности U280', 280, 1, '2023-03-11', '2023-03-21', 'v1.2', 'Черновик', '/path/to/docU280', 'Оценка эффективности процессов и проектов в U'),
(381, 'Структурная инженерия V281', 232, 2, '2023-02-04', '2023-03-08', 'v3.1', 'На проверке', '/path/to/docV281', 'Разработка инженерных решений для структурирования в V'),
(382, 'Современные технологии W282', 123, 6, '2023-03-13', '2023-03-27', 'v1.8', 'Утвержден', '/path/to/docW282', 'Способы внедрения современных технологий в проект W'),
(383, 'Анализ рынка X283', 286, 5, '2023-02-02', '2023-03-09', 'v2.7', 'На проверке', '/path/to/docX283', 'Анализ рыночных условий для проектирования проекта X'),
(384, 'Социальные изменения Y284', 313, 3, '2023-01-14', '2023-03-02', 'v1.3', 'Черновик', '/path/to/docY284', 'Интеграция социальных изменений и их влияние на Y'),
(385, 'Управление кадрами Z285', 146, 5, '2023-03-07', '2023-03-19', 'v3.4', 'На проверке', '/path/to/docZ285', 'Системы управления кадровыми ресурсами в Z'),
(386, 'Оптимизация логистики A286', 107, 1, '2023-02-09', '2023-03-03', 'v2.2', 'Утвержден', '/path/to/docA286', 'Эффективные решения для оптимизации логистических процессов A'),
(387, 'Креативное мышление B287', 159, 6, '2023-03-10', '2023-03-26', 'v1.1', 'Черновик', '/path/to/docB287', 'Применение креативных подходов в проектной деятельности B'),
(388, 'Техническая оптимизация C288', 276, 4, '2023-02-12', '2023-03-11', 'v2.5', 'На проверке', '/path/to/docC288', 'Процессы оптимизации технических решений в проекте C'),
(389, 'Информационная безопасность D289', 345, 3, '2023-01-28', '2023-03-01', 'v3.0', 'Утвержден', '/path/to/docD289', 'Защита информации и предотвращение утечек данных в D'),
(390, 'Контроль производительности E290', 113, 5, '2023-03-08', '2023-03-17', 'v1.7', 'На проверке', '/path/to/docE290', 'Оценка и управление производительностью в проекте E'),
(391, 'Изучение поведения F291', 142, 2, '2023-01-13', '2023-03-12', 'v2.6', 'Черновик', '/path/to/docF291', 'Анализ поведения потребителей в рамках проекта F'),
(392, 'Оценка качества G292', 256, 7, '2023-03-16', '2023-03-28', 'v1.4', 'На проверке', '/path/to/docG292', 'Оценка качества и соответствие стандартам в G'),
(393, 'Экономическая устойчивость H293', 170, 1, '2023-02-19', '2023-03-09', 'v3.5', 'Утвержден', '/path/to/docH293', 'Анализ и содействие экономической устойчивости H'),
(394, 'Регулирование процессов I294', 351, 6, '2023-03-03', '2023-03-15', 'v2.1', 'На проверке', '/path/to/docI294', 'Управление и регулирование процессов в проекте I'),
(395, 'Обратная связь с клиентами J295', 303, 4, '2023-02-17', '2023-03-06', 'v1.9', 'Черновик', '/path/to/docJ295', 'Обработка обратной связи от клиентов и её использование в J'),
(396, 'Координация ресурсов K296', 194, 5, '2023-01-31', '2023-03-20', 'v3.6', 'На проверке', '/path/to/docK296', 'Координация использования ресурсов для максимальной эффективности K'),
(397, 'Инновационные подходы L297', 107, 3, '2023-02-08', '2023-03-18', 'v2.0', 'Утвержден', '/path/to/docL297', 'Разработка и внедрение инновационных подходов в L'),
(398, 'Методическое сопровождение M298', 173, 2, '2023-03-13', '2023-03-29', 'v1.5', 'На проверке', '/path/to/docM298', 'Адаптация методических рекомендаций для успеха M'),
(399, 'Обучение персонала N299', 340, 7, '2023-01-26', '2023-03-13', 'v2.3', 'Черновик', '/path/to/docN299', 'Обучение и повышение квалификации сотрудников N'),
(400, 'Оценка риска O300', 109, 1, '2023-03-02', '2023-03-22', 'v1.1', 'На проверке', '/path/to/docO300', 'Идентификация и оценка рисков в проекте O'),
(401, 'Организация мероприятий P301', 230, 4, '2023-01-11', '2023-03-04', 'v3.4', 'Утвержден', '/path/to/docP301', 'Планирование и проведение мероприятий в рамках проекта P'),
(402, 'Точек изменения Q302', 132, 3, '2023-02-21', '2023-03-19', 'v2.2', 'На проверке', '/path/to/docQ302', 'Поиск и интеграция точек для оптимизации в Q'),
(403, 'Критерии эффективности R303', 225, 6, '2023-03-05', '2023-03-24', 'v3.3', 'Черновик', '/path/to/docR303', 'Определение и использование критериев оценки эффективности R'),
(404, 'Аналитические методики S304', 132, 7, '2023-01-22', '2023-02-26', 'v1.8', 'На проверке', '/path/to/docS304', 'Внедрение аналитических методик для улучшения S'),
(405, 'Оптимизация структур T305', 227, 5, '2023-03-14', '2023-03-31', 'v2.7', 'Утвержден', '/path/to/docT305', 'Изменение и оптимизация структуры управления в T'),
(406, 'Информационная защита U306', 222, 1, '2023-01-19', '2023-03-16', 'v1.6', 'На проверке', '/path/to/docU306', 'Обеспечение информационной защиты и конфиденциальности в U'),
(407, 'Ключевые области V307', 352, 2, '2023-03-10', '2023-03-25', 'v3.2', 'Черновик', '/path/to/docV307', 'Определение и реализация ключевых направлений в проекте V'),
(408, 'Документальное оформление W308', 258, 3, '2023-02-03', '2023-02-20', 'v2.4', 'На проверке', '/path/to/docW308', 'Документальная база для поддержки процесса в W'),
(409, 'Расширенные возможности X309', 356, 7, '2023-01-27', '2023-03-01', 'v1.1', 'Утвержден', '/path/to/docX309', 'Разработка инструментов для расширения функциональности в X'),
(410, 'Кооперация с партнёрами Y310', 304, 6, '2023-03-09', '2023-03-25', 'v3.0', 'На проверке', '/path/to/docY310', 'Партнёрские отношения и стратегия взаимодействия в Y');


INSERT INTO QualityAssurance VALUES
(101, 206, 5, '2023-01-15', 'Обнаружены мелкие дефекты в системе отопления', 'Провести дальнейшую проверку системы', 'Завершено', '2023-02-20', 'Тепловой аудит', 199),
(102, 354, 222, '2023-01-18', 'Неправильное подключение проводки', 'Провести переподключение и дополнительное тестирование', 'Требуется проверка', '2023-03-15', 'Электрический аудит', 248),
(103, 327, 273, '2023-01-20', 'Ржавчина на металлических конструкциях', 'Обработать антикоррозийным покрытием', 'В процессе', '2023-04-10', 'Структурный аудит', 318),
(104, 134, 318, '2023-01-22', 'Проблемы с вентиляцией в здании', 'Установить новые вентиляторы', 'Завершено', '2023-04-25', 'Вентиляционный аудит', 217),
(105, 252, 292, '2023-01-25', 'Низкий коэффициент пропускной способности труб', 'Заменить трубы', 'В процессе', '2023-05-30', 'Сантехнический аудит', 388),
(106, 246, 133, '2023-01-28', 'Неэффективная изоляция', 'Добавить дополнительный слой изоляции', 'Завершено', '2023-06-12', 'Тепловой аудит', 357),
(107, 106, 62, '2023-02-01', 'Коррозия обнаружена на внешних балках', 'Немедленно обработать антикоррозийным средством', 'Требуется проверка', '2023-07-20', 'Структурный аудит', 190),
(108, 296, 11, '2023-02-04', 'Нестабильное электропитание в офисах', 'Установить стабилизатор напряжения', 'В процессе', '2023-08-15', 'Электрический аудит', 218),
(109, 137, 58, '2023-02-07', 'Повреждение гидроизоляции на крыше', 'Провести ремонт гидроизоляции', 'Завершено', '2023-09-10', 'Гидроизоляционный аудит', 368),
(110, 211, 106, '2023-02-10', 'Засорение водостоков', 'Почистить и установить фильтры', 'Завершено', '2023-11-05', 'Сантехнический аудит', 185),
(111, 350, 208, '2023-02-13', 'Проблемы с напором воды на этажах', 'Проверить работу насосов', 'Требуется проверка', '2023-12-04', 'Сантехнический аудит', 306),
(112, 285, 4, '2023-02-16', 'Плиты перекрытия неравномерные', 'Улучшить крепление', 'В процессе', '2024-01-10', 'Структурный аудит', 168),
(113, 110, 201, '2023-02-19', 'Защита кабелей повреждена', 'Заменить поврежденные участки и установить новую защиту', 'Завершено', '2024-02-09', 'Электрический аудит', 327),
(114, 177, 227, '2023-02-22', 'Повышенные теплопотери', 'Установить энергоэффективные окна', 'В процессе', '2024-03-15', 'Тепловой аудит', 124),
(115, 256, 173, '2023-02-25', 'Повреждение уплотнителей на дверях', 'Заменить уплотнители', 'Завершено', '2024-04-05', 'Инфраструктурный аудит', 299),
(116, 143, 127, '2023-02-28', 'Обнаружены дефекты на фасаде', 'Произвести косметический ремонт', 'Требуется проверка', '2024-05-12', 'Фасадный аудит', 181),
(117, 339, 164, '2023-03-03', 'Трещины в фундаменте', 'Заполнить и укрепить', 'В процессе', '2024-06-20', 'Структурный аудит', 400),
(118, 219, 157, '2023-03-06', 'Плохая вентиляция в подвале', 'Установить дополнительные вентиляционные отверстия', 'Завершено', '2024-07-18', 'Вентиляционный аудит', 396),
(119, 293, 130, '2023-03-09', 'Крыша имеет протечки', 'Провести ремонт кровли', 'Требуется проверка', '2024-08-22', 'Кровельный аудит', 265),
(120, 209, 183, '2023-03-12', 'Перегрузка на главной электрической линии', 'Провести перераспределение нагрузок', 'В процессе', '2024-09-15', 'Электрический аудит', 257),
(121, 122, 19, '2023-03-15', 'Дефекты в работе системы отопления', 'Регулировка и замена изношенных элементов', 'Завершено', '2024-10-10', 'Тепловой аудит', 372),
(122, 324, 100, '2023-03-18', 'Утечки газа в лабораторных помещениях', 'Устранить утечки и заменить оборудование', 'Требуется проверка', '2024-11-05', 'Газовый аудит', 367),
(123, 277, 70, '2023-03-21', 'Отсутствуют ограждения в опасных зонах', 'Установка ограждений и предупреждающих знаков', 'В процессе', '2025-01-03', 'Безопасность труда', 345),
(124, 121, 232, '2023-03-24', 'Изоляция кабелей в плохом состоянии', 'Полная замена и тестирование', 'Завершено', '2025-02-14', 'Электрический аудит', 360),
(125, 160, 269, '2023-03-27', 'Недостаточная освещенность в рабочих зонах', 'Установить дополнительное освещение', 'Требуется проверка', '2025-03-20', 'Инфраструктурный аудит', 173),
(126, 104, 132, '2023-03-30', 'Инфильтрация в помещения через окна', 'Установить герметики и проверить изоляцию', 'Завершено', '2025-04-17', 'Инфраструктурный аудит', 265),
(127, 239, 18, '2023-04-02', 'Ирригационные системы блокированы', 'Почистить и провести диагностику', 'В процессе', '2025-05-12', 'Сантехнический аудит', 226),
(128, 274, 312, '2023-04-05', 'Износ деревянной отделки', 'Реставрация и пропитка защитными средствами', 'Завершено', '2025-06-09', 'Архитектурный аудит', 228),
(129, 198, 286, '2023-04-08', 'Низкая доступность эвакуационных выходов', 'Модернизировать и улучшить доступность', 'Требуется проверка', '2025-07-15', 'Пожарная безопасность', 341),
(130, 198, 73, '2023-04-11', 'Высокий уровень шума в офисных помещениях', 'Установка шумопоглощающих панелей', 'В процессе', '2025-08-10', 'Акустический аудит', 308),
(131, 353, 301, '2023-04-14', 'Нарушение герметичности труб системы отопления', 'Устранить утечки и усилить крепеж', 'Завершено', '2025-09-05', 'Тепловой аудит', 373),
(132, 224, 177, '2023-04-17', 'Отсутствие аварийного освещения', 'Установить систему аварийного освещения', 'Требуется проверка', '2025-10-04', 'Безопасность труда', 278),
(133, 325, 170, '2023-04-20', 'Проблемы с контролем доступа', 'Модернизировать систему контроля и безопасности', 'В процессе', '2025-11-02', 'Инфраструктурный аудит', 368),
(134, 220, 129, '2023-04-23', 'Засорение дренажных систем', 'Чистка и профилактика', 'Завершено', '2025-12-01', 'Сантехнический аудит', 120),
(135, 307, 92, '2023-04-26', 'Неудовлетворительная шумоизоляция', 'Заменить материалы и улучшить монтаж', 'Требуется проверка', '2026-01-03', 'Акустический аудит', 116),
(136, 333, 167, '2023-04-29', 'Некорректное функционирование системы кондиционирования', 'Настройка и ремонт системы', 'В процессе', '2026-02-10', 'Вентиляционный аудит', 133),
(137, 125, 231, '2023-05-02', 'Обнаружены трещины в стенах', 'Заполнение трещин и укрепление конструкции', 'Завершено', '2026-03-08', 'Структурный аудит', 311),
(138, 345, 99, '2023-05-05', 'Недостаточное поступление свежего воздуха в офисы', 'Установка дополнительных вентиляционных систем', 'Требуется проверка', '2026-04-06', 'Вентиляционный аудит', 363),
(139, 211, 34, '2023-05-08', 'Повреждение системы аварийного оповещения', 'Обновление системы и тестирование', 'Завершено', '2026-05-01', 'Пожарная безопасность', 230),
(140, 272, 13, '2023-05-11', 'Нехватка места для технического обслуживания оборудования', 'Реконструкция и оптимизация пространства', 'В процессе', '2026-06-12', 'Инфраструктурный аудит', 130),
(141, 291, 241, '2023-05-14', 'Повреждение лестниц и поручней', 'Ремонт и укрепление конструкций', 'Требуется проверка', '2026-07-07', 'Инфраструктурный аудит', 167),
(142, 132, 17, '2023-05-17', 'Выход из строя котлов системы отопления', 'Ремонт и замена неисправных деталей', 'Завершено', '2026-08-03', 'Тепловой аудит', 262),
(143, 231, 61, '2023-05-20', 'Низкое качество питьевой воды', 'Установка дополнительной фильтрации', 'В процессе', '2026-09-10', 'Сантехнический аудит', 333),
(144, 342, 240, '2023-05-23', 'Коррозия труб в подвале', 'Замена и антикоррозийная обработка', 'Требуется проверка', '2026-10-08', 'Сантехнический аудит', 130),
(145, 181, 158, '2023-05-26', 'Проблемы с дренажной системой', 'Профилактическая чистка и ремонт', 'Завершено', '2026-11-05', 'Сантехнический аудит', 274),
(146, 244, 248, '2023-05-29', 'Повышенный уровень шума в конференц-залах', 'Монтаж звукоизоляционных материалов', 'В процессе', '2026-12-01', 'Акустический аудит', 165),
(147, 129, 161, '2023-06-01', 'Усталость металла в конструкциях', 'Обновление элементов и укрепление', 'Требуется проверка', '2027-01-03', 'Структурный аудит', 397),
(148, 280, 27, '2023-06-04', 'Проблемы с системой вентиляции в серверной', 'Обновление и модернизация системы', 'Завершено', '2027-02-08', 'Вентиляционный аудит', 157),
(149, 222, 284, '2023-06-07', 'Ошибка в программном обеспечении систем безопасности', 'Обновление ПО и тестирование', 'В процессе', '2027-03-12', 'Безопасность труда', 220),
(150, 114, 103, '2023-06-10', 'Нарушение антикоррозийной защиты конструкций', 'Провести повторную обработку', 'Требуется проверка', '2027-04-16', 'Структурный аудит', 108),
(151, 179, 302, '2023-06-13', 'Неисправность генераторов резервного питания', 'Обслуживание и замена изношенных участков', 'Завершено', '2027-05-11', 'Электрический аудит', 353),
(152, 266, 196, '2023-06-16', 'Низкое качество освещения в закрытых помещениях', 'Установка светодиодных панелей', 'В процессе', '2027-06-09', 'Инфраструктурный аудит', 310),
(153, 228, 256, '2023-06-19', 'Превышение уровня вибраций на производственном оборудовании', 'Установка амортизаторов и виброизоляции', 'Требуется проверка', '2027-07-05', 'Акустический аудит', 396),
(154, 116, 36, '2023-06-22', 'Проблемы с состоянием покрасочного покрытия', 'Повторное нанесение и защита от коррозии', 'Завершено', '2027-08-01', 'Фасадный аудит', 104),
(155, 164, 179, '2023-06-25', 'Лишний расход воды в санитарных узлах', 'Установка ограничителей потока', 'В процессе', '2027-09-12', 'Сантехнический аудит', 149),
(156, 277, 188, '2023-06-28', 'Выход из строя резервных насосов', 'Проведение технического обслуживания и настройка', 'Требуется проверка', '2027-10-14', 'Сантехнический аудит', 405),
(157, 269, 234, '2023-07-01', 'Нарушение герметичности в оконной раме', 'Замена уплотнителей и регулировка', 'Завершено', '2027-11-10', 'Инфраструктурный аудит', 136),
(158, 128, 80, '2023-07-04', 'Неправильная укладка утеплителя на крыше', 'Проверка и корректировка укладочных работ', 'В процессе', '2027-12-05', 'Тепловой аудит', 312),
(159, 120, 19, '2023-07-07', 'Опасность обрушения облицовки', 'Усиление креплений и замена поврежденных участков', 'Требуется проверка', '2028-01-03', 'Фасадный аудит', 201),
(160, 160, 122, '2023-07-10', 'Проблемы с городской канализацией', 'Координация с местными службами для ремонта', 'Завершено', '2028-02-01', 'Сантехнический аудит', 205),
(161, 198, 300, '2023-07-13', 'Вибрация в механизмах лифта', 'Произвести настройку и балансировку систем', 'Требуется проверка', '2028-03-07', 'Инфраструктурный аудит', 210),
(162, 251, 99, '2023-07-16', 'Разрывы теплоизоляции', 'Устранение дефектов и монтаж нового материала', 'В процессе', '2028-04-12', 'Тепловой аудит', 298),
(163, 243, 12, '2023-07-19', 'Выход из строя датчиков движения', 'Осуществить замену и наладку', 'Завершено', '2028-05-16', 'Электрический аудит', 300),
(164, 270, 77, '2023-07-22', 'Отсутствие противопожарной сигнализации в части здания', 'Инсталляция и тестирование системы', 'Требуется проверка', '2028-06-14', 'Пожарная безопасность', 319),
(165, 136, 163, '2023-07-25', 'Засорение вентиляционных шахт', 'Чистка и предохранительная обработка', 'В процессе', '2028-07-12', 'Вентиляционный аудит', 222),
(166, 107, 51, '2023-07-28', 'Технические проблемы с главной распределительной панелью', 'Ремонт и настройка оборудования', 'Завершено', '2028-08-15', 'Электрический аудит', 229),
(167, 252, 280, '2023-08-01', 'Выход из строя вытяжек в кухонных блоках', 'Ремонт и усиление мощности', 'Требуется проверка', '2028-09-09', 'Вентиляционный аудит', 228),
(168, 142, 31, '2023-08-04', 'Повреждения заборов на внешней границе', 'Ремонт и укрепление', 'В процессе', '2028-10-07', 'Инфраструктурный аудит', 128),
(169, 175, 153, '2023-08-07', 'Сбит режим климат-контроля', 'Перепрограммирование и калибровка', 'Завершено', '2028-11-10', 'Климатический аудит', 190),
(170, 230, 220, '2023-08-10', 'Проблемы с бесперебойным питанием', 'Обновление элементов батарей и тесты', 'Требуется проверка', '2028-12-14', 'Электрический аудит', 172),
(171, 184, 259, '2023-08-13', 'Перегрев оборудования на крыше', 'Обработка и установка охлаждающих систем', 'В процессе', '2029-01-11', 'Тепловой аудит', 196),
(172, 186, 80, '2023-08-16', 'Некачественный состав бетона', 'Проверка и анализ текущего состояния', 'Завершено', '2029-02-20', 'Структурный аудит', 379),
(173, 301, 58, '2023-08-19', 'Неправильная работа скоростных развязок', 'Провести оптимизацию', 'Требуется проверка', '2029-03-15', 'Инфраструктурный аудит', 382),
(174, 287, 205, '2023-08-22', 'Пробоины в асфальтовом покрытии', 'Ремонт покрытия и тест на устойчивость', 'В процессе', '2029-04-12', 'Инфраструктурный аудит', 132),
(175, 196, 236, '2023-08-25', 'Увеличение энергопотребления в ночное время', 'Диагностика и коррекция', 'Завершено', '2029-05-11', 'Энергетический аудит', 142),
(176, 216, 176, '2023-08-28', 'Проблемы с герметичностью клапанов', 'Регулировка механизмов и тестирование', 'Требуется проверка', '2029-06-13', 'Инфраструктурный аудит', 222),
(177, 172, 88, '2023-08-31', 'Засорение систем ливневой канализации', 'Чистка и профилактические работы', 'В процессе', '2029-07-08', 'Сантехнический аудит', 392),
(178, 184, 165, '2023-09-03', 'Повреждение уплотнений в системах кондиционирования', 'Замена и ремонт', 'Завершено', '2029-08-05', 'Климатический аудит', 220),
(179, 295, 56, '2023-09-06', 'Проблемы с системой безопасности на парковке', 'Обновление системы и установка камер', 'Требуется проверка', '2029-09-07', 'Безопасность труда', 348),
(180, 318, 252, '2023-09-09', 'Выход из строя гидрантов', 'Ремонт и тестирование на работоспособность', 'В процессе', '2029-10-09', 'Пожарная безопасность', 340),
(181, 334, 162, '2023-09-12', 'Утечки масла в машинном помещении', 'Диагностика и улучшение уплотнений', 'Завершено', '2029-11-14', 'Технический аудит', 124),
(182, 346, 198, '2023-09-15', 'Неэффективность солнечных панелей', 'Чистка и улучшение поглощения света', 'Требуется проверка', '2029-12-12', 'Энергетический аудит', 386),
(183, 267, 35, '2023-09-18', 'Повреждение ливневых водостоков', 'Обслуживание и замена частей', 'Завершено', '2030-01-09', 'Сантехнический аудит', 337),
(184, 327, 87, '2023-09-21', 'Нарушение системы кондиционирования', 'Ремонт и замена фильтров', 'В процессе', '2030-02-06', 'Климатический аудит', 241),
(185, 141, 96, '2023-09-24', 'Нехватка защитных ограждений на пути эвакуации', 'Установка барьеров и замков', 'Требуется проверка', '2030-03-11', 'Пожарная безопасность', 306),
(186, 237, 78, '2023-09-27', 'Проблемы с брандмауэрами', 'Ремонт и улучшение защиты', 'Завершено', '2030-04-08', 'Безопасность труда', 336),
(187, 317, 235, '2023-09-30', 'Повреждение связей в ИТ-оборудовании', 'Обновление и интеграция', 'Требуется проверка', '2030-05-10', 'ИТ-аудит', 116),
(188, 326, 43, '2023-10-03', 'Недостаток запаса системы водоснабжения', 'Обновление и модернизация систем хранения', 'В процессе', '2030-06-14', 'Сантехнический аудит', 337),
(189, 160, 12, '2023-10-06', 'Сброс давления в пневматических системах', 'Техническое обслуживание и диагностика', 'Завершено', '2030-07-12', 'Технический аудит', 349),
(190, 233, 125, '2023-10-09', 'Выход из строя оборудования в спортивных зонах', 'Ремонт и тестирование безопасности', 'Требуется проверка', '2030-08-03', 'Технический аудит', 389),
(191, 331, 231, '2023-10-12', 'Повреждение систем автоматического полива', 'Настройка и замена насосов', 'В процессе', '2030-09-02', 'Технический аудит', 385),
(192, 181, 90, '2023-10-15', 'Проблемы с кондиционированием в жилых секторах', 'Обновление и тестирование', 'Завершено', '2030-10-01', 'Климатический аудит', 391),
(193, 316, 161, '2023-10-18', 'Увеличение выбросов в окружающую среду', 'Изолирование и улучшение фильтров', 'Требуется проверка', '2030-11-13', 'Экологический аудит', 206),
(194, 229, 240, '2023-10-21', 'Повреждение герметизации на внешних объектах', 'Обновление и улучшение уплотнений', 'В процессе', '2030-12-08', 'Инфраструктурный аудит', 228),
(195, 165, 266, '2023-10-24', 'Утечки реагентов в лабораторном блоке', 'Проведение исследований и улучшение систем хранения', 'Завершено', '2031-01-05', 'Лабораторный аудит', 136),
(196, 127, 299, '2023-10-27', 'Ошибки в системе оповещения безопасности', 'Обновление и настройка оборудования', 'Требуется проверка', '2031-02-07', 'ИТ-аудит', 194),
(197, 132, 223, '2023-10-30', 'Низкая скорость очистки сточных вод', 'Анализ и модернизация процессов', 'В процессе', '2031-03-10', 'Сантехнический аудит', 238),
(198, 144, 174, '2023-10-31', 'Проблемы с вспениванием в технологических линиях', 'Определение и устранение причин', 'Завершено', '2031-04-04', 'Технический аудит', 202),
(199, 298, 301, '2023-11-02', 'Нарушение структурной целостности мостов', 'Проведение контроля и ремонт', 'Требуется проверка', '2031-05-01', 'Структурный аудит', 321),
(200, 228, 119, '2023-11-05', 'Выход из строя фильтров очистки воздуха', 'Замена компонентов и настройка', 'Завершено', '2031-06-10', 'Климатический аудит', 345),
(201, 257, 315, '2023-11-08', 'Засоры на линии водоснабжения', 'Провести техническое обслуживание и очистку', 'Требуется проверка', '2031-07-05', 'Сантехнический аудит', 377),
(202, 330, 47, '2023-11-11', 'Высокий уровень вибрации в насосной станции', 'Установить системы виброзащиты и провести тестирование', 'Завершено', '2031-08-12', 'Акустический аудит', 339),
(203, 359, 265, '2023-11-14', 'Неисправности в системе водоотведения', 'Провести обследование и модернизацию', 'В процессе', '2031-09-07', 'Сантехнический аудит', 385),
(204, 212, 103, '2023-11-17', 'Повреждение кабелей в распределительном щите', 'Заменить поврежденные кабели и провести проверку', 'Требуется проверка', '2031-10-15', 'Электрический аудит', 305),
(205, 101, 152, '2023-11-20', 'Снижение эффективности системы орошения', 'Провести анализ и улучшить инфраструктуру', 'Завершено', '2031-11-20', 'Технический аудит', 407),
(206, 155, 148, '2023-11-23', 'Неправильная работа систем вентиляции', 'Провести очистку и перенастройку системы', 'В процессе', '2031-12-18', 'Вентиляционный аудит', 282),
(207, 154, 131, '2023-11-26', 'Ненадежность креплений на крыше', 'Усилить крепления и провести исследование', 'Требуется проверка', '2032-01-12', 'Структурный аудит', 159),
(208, 217, 33, '2023-11-29', 'Превышение допустимого уровня шума от оборудования', 'Установить шумоизоляцию и провести проверку', 'Завершено', '2032-02-05', 'Акустический аудит', 273),
(209, 182, 273, '2023-12-02', 'Неустойчивость строительных конструкций на втором уровне', 'Провести усиление и перепланировку', 'В процессе', '2032-03-14', 'Структурный аудит', 280),
(210, 220, 46, '2023-12-05', 'Проблемы с распределительной сетью электроэнергии', 'Провести проверку и модернизацию', 'Требуется проверка', '2032-04-18', 'Электрический аудит', 142),
(211, 174, 5, '2023-12-08', 'Недостаточная защита кондиционируемых помещений', 'Добавить слои теплоизоляции', 'Завершено', '2032-05-15', 'Климатический аудит', 108),
(212, 327, 299, '2023-12-11', 'Устойчивость к огню стен недостаточна', 'Провести обработку огнезащитными материалами', 'В процессе', '2032-06-21', 'Пожарная безопасность', 372),
(213, 269, 128, '2023-12-14', 'Протечки в сети ливневой канализации', 'Произвести герметизацию и тестирование', 'Требуется проверка', '2032-07-30', 'Сантехнический аудит', 142),
(214, 108, 257, '2023-12-17', 'Недостаточная теплоизоляция в крышных пленках', 'Обновить материалы и протестировать', 'Завершено', '2032-08-12', 'Тепловой аудит', 163),
(215, 195, 101, '2023-12-20', 'Нарушения в программном обеспечении системы безопасности', 'Обнаружение и исправление ошибок', 'В процессе', '2032-09-10', 'ИТ-аудит', 309),
(216, 238, 194, '2023-12-23', 'Коррозия элементов лифта', 'Очистка и нанесение антикоррозийного покрытия', 'Требуется проверка', '2032-10-16', 'Инфраструктурный аудит', 118),
(217, 343, 8, '2023-12-26', 'Низкая эффективность работы котельных установок', 'Обслуживание и оптимизация процессов', 'Завершено', '2032-11-11', 'Тепловой аудит', 205),
(218, 292, 265, '2023-12-29', 'Избыточное потребление воды в санитарных участках', 'Контроль и установка экономителей', 'В процессе', '2032-12-08', 'Сантехнический аудит', 339),
(219, 131, 122, '2024-01-01', 'Имплозия пластикового покрытия на фасаде', 'Провести ремонт и усиление фасадов', 'Требуется проверка', '2033-01-06', 'Фасадный аудит', 355),
(220, 283, 251, '2024-01-04', 'Инфильтрация на границе между зданиями', 'Установка барьеров и уплотнений', 'Завершено', '2033-02-09', 'Инфраструктурный аудит', 124),
(221, 284, 319, '2024-01-07', 'Проблемы с системой мониторинга безопасности', 'Провести настройку и тестирование', 'В процессе', '2033-03-14', 'Безопасность труда', 236),
(222, 124, 134, '2024-01-10', 'Дефекты в изоляции труб', 'Провести проверку и восстановление', 'Требуется проверка', '2033-04-18', 'Сантехнический аудит', 391),
(223, 259, 221, '2024-01-13', 'Нарушение антикоррозийной защиты', 'Провести переобработку и улучшение защиты', 'Завершено', '2033-05-21', 'Структурный аудит', 300),
(224, 314, 277, '2024-01-16', 'Низкая эффективность кондиционирования воздуха', 'Настройка систем и проверка эффективности', 'В процессе', '2033-06-12', 'Климатический аудит', 332),
(225, 318, 249, '2024-01-19', 'Ошибки в работе электрошкафов', 'Провести обслуживание и обновление оборудования', 'Требуется проверка', '2033-07-10', 'Электрический аудит', 391),
(226, 358, 79, '2024-01-22', 'Коррозия металлических элементов кровли', 'Провести очистку и защиту покрытием', 'Завершено', '2033-08-05', 'Фасадный аудит', 312),
(227, 226, 275, '2024-01-25', 'Неправильная настройка климат-контроля', 'Провести регулировку и калибровку', 'В процессе', '2033-09-03', 'Климатический аудит', 368),
(228, 111, 20, '2024-01-28', 'Проблемы в работе насосного оборудования', 'Провести ремонт и тестирование', 'Требуется проверка', '2033-10-12', 'Технический аудит', 344),
(229, 256, 267, '2024-01-31', 'Сбои в пожарной сигнализации', 'Установка и оптимизация оборудования', 'Завершено', '2033-11-08', 'Пожарная безопасность', 195),
(230, 147, 234, '2024-02-03', 'Проблемы с герметичностью оконных рам', 'Установка новых уплотнителей', 'В процессе', '2033-12-13', 'Инфраструктурный аудит', 146),
(231, 104, 85, '2024-02-06', 'Низкая пропускная способность дренажа', 'Провести чистку и оптимизацию', 'Требуется проверка', '2034-01-17', 'Сантехнический аудит', 166),
(232, 255, 100, '2024-02-09', 'Износ проводов в электрическом щите', 'Провести замену и проверку', 'Завершено', '2034-02-11', 'Электрический аудит', 234),
(233, 356, 320, '2024-02-12', 'Неустойчивость подъемников', 'Установить системы стабилизации', 'В процессе', '2034-03-08', 'Инфраструктурный аудит', 237),
(234, 190, 71, '2024-02-15', 'Нарушение герметичности трубопроводов', 'Провести восстановление и тестирование', 'Требуется проверка', '2034-04-06', 'Сантехнический аудит', 337),
(235, 159, 301, '2024-02-18', 'Высокий уровень энергопотребления', 'Провести аудит потребления и оптимизацию', 'Завершено', '2034-05-03', 'Энергетический аудит', 150),
(236, 151, 30, '2024-02-21', 'Снижение объемов воды в резервуарах', 'Проверка систем и заполнение резервуаров', 'В процессе', '2034-06-01', 'Инфраструктурный аудит', 307),
(237, 251, 52, '2024-02-24', 'Проблемы с вентиляцией складских помещений', 'Провести обслуживание и улучшение системы', 'Требуется проверка', '2034-07-07', 'Вентиляционный аудит', 120),
(238, 346, 1, '2024-02-27', 'Коррозия крепежных элементов', 'Провести замену и защиту', 'Завершено', '2034-08-01', 'Структурный аудит', 119),
(239, 198, 1, '2024-03-01', 'Проблемы с подачей газа в котельные', 'Провести диагностику и ремонт', 'В процессе', '2034-09-10', 'Газовый аудит', 310),
(240, 170, 180, '2024-03-04', 'Перебои с электропитанием', 'Провести анализ и устранение причин', 'Требуется проверка', '2034-10-08', 'Электрический аудит', 375),
(241, 162, 173, '2024-03-07', 'Угроза обрушения кровли', 'Укрепление конструкций и тестирование', 'Завершено', '2034-11-02', 'Фасадный аудит', 157),
(242, 260, 17, '2024-03-10', 'Снижение эффективности звукоизоляции', 'Провести улучшение и обновление материалов', 'В процессе', '2034-12-04', 'Акустический аудит', 107),
(243, 198, 34, '2024-03-13', 'Нарушение программы в ИТ-инфраструктуре', 'Проверка и устранение ошибок', 'Требуется проверка', '2035-01-06', 'ИТ-аудит', 220),
(244, 259, 138, '2024-03-16', 'Сбои в срабатывании датчиков температуры', 'Провести диагностику и замену оборудования', 'Завершено', '2035-02-05', 'Технический аудит', 360),
(245, 202, 160, '2024-03-19', 'Нарушение работы канализационных систем', 'Провести очистку и ремонт', 'В процессе', '2035-03-10', 'Сантехнический аудит', 164),
(246, 358, 304, '2024-03-22', 'Проблемы с несущими конструкциями', 'Проведение тестов и укрепление', 'Требуется проверка', '2035-04-04', 'Структурный аудит', 349),
(247, 108, 12, '2024-03-25', 'Перегрузка электрооборудования', 'Провести аудит и перераспределение нагрузок', 'Завершено', '2035-05-06', 'Электрический аудит', 316),
(248, 195, 99, '2024-03-28', 'Сброс климатического режима', 'Провести корректировку и тестирование', 'В процессе', '2035-06-02', 'Климатический аудит', 143),
(249, 243, 41, '2024-03-31', 'Снижение давления в системах отопления', 'Проверка и устранение утечек', 'Требуется проверка', '2035-07-12', 'Тепловой аудит', 129),
(250, 339, 299, '2024-04-03', 'Угрозы безопасности в лабораторных помещениях', 'Обеспечение обновления систем защиты', 'Завершено', '2035-08-14', 'Лабораторный аудит', 179),
(251, 192, 234, '2024-04-06', 'Нарушение работы вентиляторов', 'Провести проверку и ремонт', 'В процессе', '2035-09-11', 'Вентиляционный аудит', 151),
(252, 284, 208, '2024-04-09', 'Ошибки в управлении системами автоматизации', 'Проведение соответствующих корректировок', 'Требуется проверка', '2035-10-15', 'ИТ-аудит', 150),
(253, 352, 33, '2024-04-12', 'Проблемы с теплоизоляцией труб', 'Очистка и усиление изоляции', 'Завершено', '2035-11-09', 'Тепловой аудит', 160),
(254, 273, 300, '2024-04-15', 'Нарушение регулировки систем вентиляции', 'Провести настройку и тестирование', 'В процессе', '2035-12-07', 'Вентиляционный аудит', 145),
(255, 167, 165, '2024-04-18', 'Ненадежные подключения в системе электроснабжения', 'Провести пересоединение и тестирование', 'Требуется проверка', '2036-01-05', 'Электрический аудит', 254),
(256, 126, 215, '2024-04-21', 'Недостаточная безопасность лестничных клеток', 'Установка обновленных защитных конструкций', 'Завершено', '2036-02-12', 'Безопасность труда', 142),
(257, 131, 144, '2024-04-24', 'Дефекты в подвесных потолках', 'Провести диагностику и ремонт', 'В процессе', '2036-03-08', 'Инфраструктурный аудит', 244),
(258, 353, 93, '2024-04-27', 'Нарушения в автоматике систем управления', 'Провести обследование и перепрограммирование', 'Требуется проверка', '2036-04-12', 'ИТ-аудит', 283),
(259, 250, 140, '2024-04-30', 'Утечка воды из труб системы отопления', 'Замена поврежденных участков и проверка', 'Завершено', '2036-05-05', 'Тепловой аудит', 400),
(260, 142, 71, '2024-05-03', 'Высокая вероятность перегрева оборудования', 'Провести установку охлаждающих систем', 'В процессе', '2036-06-10', 'Климатический аудит', 231),
(261, 220, 96, '2024-05-06', 'Неудовлетворительное состояние защитных покрытий', 'Обновление и улучшение качества защитных слоев', 'Требуется проверка', '2036-07-04', 'Фасадный аудит', 305),
(262, 180, 121, '2024-05-09', 'Проблемы с подпорными стенками', 'Провести укрепление и тестирование', 'Завершено', '2036-08-01', 'Структурный аудит', 333),
(263, 300, 281, '2024-05-12', 'Неэффективное энергоснабжение', 'Провести ревизию и модернизацию', 'В процессе', '2036-09-14', 'Энергетический аудит', 179),
(264, 302, 129, '2024-05-15', 'Высокая вибрация системной мебели', 'Провести настройку и закрепление', 'Требуется проверка', '2036-10-09', 'Акустический аудит', 208),
(265, 337, 206, '2024-05-18', 'Превышение уровня загрязнения воздуха', 'Провести установку дополнительных систем очистки', 'Завершено', '2036-11-05', 'Экологический аудит', 404),
(266, 118, 281, '2024-05-21', 'Снижение эффективности работы насосов', 'Провести диагностику и обслуживание', 'В процессе', '2036-12-07', 'Технический аудит', 158),
(267, 221, 124, '2024-05-24', 'Нарушение целостности изоляционных материалов', 'Провести замену и тестирование', 'Требуется проверка', '2037-01-11', 'Тепловой аудит', 372),
(268, 318, 82, '2024-05-27', 'Проблемы с системой дренирования грунта', 'Провести оценку и модернизацию системы', 'Завершено', '2037-02-09', 'Инфраструктурный аудит', 366),
(269, 190, 249, '2024-05-30', 'Засоры в каналах кондиционирования воздуха', 'Очистка и оптимизация систем', 'В процессе', '2037-03-12', 'Климатический аудит', 375),
(270, 236, 67, '2024-06-02', 'Просадка грунта под фундаментом', 'Провести тестирование и укрепление', 'Требуется проверка', '2037-04-14', 'Структурный аудит', 287),
(271, 266, 308, '2024-06-05', 'Утечки газа в зданиях', 'Провести обслуживание и ремонт', 'Завершено', '2037-05-08', 'Газовый аудит', 250),
(272, 173, 195, '2024-06-08', 'Проблемы с подачей горячей воды', 'Диагностика и ремонт', 'В процессе', '2037-06-15', 'Сантехнический аудит', 387),
(273, 302, 277, '2024-06-11', 'Неэффективность системы вентиляции', 'Установка новых вентиляторов и фильтров', 'Требуется проверка', '2037-07-11', 'Вентиляционный аудит', 178),
(274, 132, 84, '2024-06-14', 'Опасность обрушения в аварийных зонах', 'Провести оценку и укрепление конструкций', 'Завершено', '2037-08-13', 'Пожарная безопасность', 181),
(275, 280, 162, '2024-06-17', 'Проблемы с оборудованием систем безопасности', 'Проведение диагностики и обновление', 'В процессе', '2037-09-09', 'ИТ-аудит', 181),
(276, 342, 163, '2024-06-20', 'Плохая видимость из-за уличного освещения', 'Установить дополнительные системы освещения', 'Требуется проверка', '2037-10-07', 'Инфраструктурный аудит', 408),
(277, 348, 89, '2024-06-23', 'Нарушение работы системы центрального отопления', 'Провести ремонт и наладку систем', 'Завершено', '2037-11-02', 'Тепловой аудит', 364),
(278, 147, 47, '2024-06-26', 'Неравномерное распределение тепла в помещении', 'Провести тесты и корректировку системы', 'В процессе', '2037-12-11', 'Климатический аудит', 271),
(279, 241, 203, '2024-06-29', 'Угроза выхода из строя системы пожаротушения', 'Проверка и ремонт оборудования', 'Требуется проверка', '2038-01-14', 'Пожарная безопасность', 123),
(280, 167, 171, '2024-07-02', 'Износ изоляции кабелей', 'Провести замену и обновление', 'Завершено', '2038-02-04', 'Электрический аудит', 120),
(281, 121, 221, '2024-07-05', 'Проблемы с автоматическими воротами', 'Провести диагностику и ремонт', 'В процессе', '2038-03-05', 'Технический аудит', 138),
(282, 246, 34, '2024-07-08', 'Высокая влажность в складских зонах', 'Устранение причин и установка осушителей', 'Требуется проверка', '2038-04-10', 'Климатический аудит', 286),
(283, 126, 182, '2024-07-11', 'Опасный уровень вибраций от промышленного оборудования', 'Провести усиление и настройку', 'Завершено', '2038-05-06', 'Акустический аудит', 201),
(284, 165, 317, '2024-07-14', 'Проблемы с работой насосной станции', 'Провести обслуживание и тестирование', 'В процессе', '2038-06-03', 'Сантехнический аудит', 229),
(285, 355, 22, '2024-07-17', 'Большое количество ошибочных срабатываний в системах безопасности', 'Техническое обслуживание и оптимизация', 'Требуется проверка', '2038-07-05', 'ИТ-аудит', 347),
(286, 268, 104, '2024-07-20', 'Проблемы с обрушением кладочных конструкций', 'Усиление и стабилизация', 'Завершено', '2038-08-09', 'Структурный аудит', 184),
(287, 249, 52, '2024-07-23', 'Неэффективная работа охладительных систем', 'Провести диагностику и настройку', 'В процессе', '2038-09-12', 'Климатический аудит', 180),
(288, 240, 247, '2024-07-26', 'Нарушение работы лифтов', 'Провести проверку и обслуживание', 'Требуется проверка', '2038-10-06', 'Инфраструктурный аудит', 323),
(289, 167, 120, '2024-07-29', 'Износ вала вентиляционных систем', 'Провести замену и наладку', 'Завершено', '2038-11-04', 'Вентиляционный аудит', 351),
(290, 262, 126, '2024-08-01', 'Ошибки в обработке водных стоков', 'Провести перепланировку и тестирование', 'В процессе', '2038-12-03', 'Сантехнический аудит', 123),
(291, 342, 247, '2024-08-04', 'Нарушение герметичности панелей фасада', 'Провести герметизацию и тесты', 'Требуется проверка', '2039-01-11', 'Фасадный аудит', 249),
(292, 209, 39, '2024-08-07', 'Проблемы с запорными кранами', 'Провести замену и тестирование', 'Завершено', '2039-02-08', 'Сантехнический аудит', 220),
(293, 139, 265, '2024-08-10', 'Опасные участки дороги возле здания', 'Установка знаков предупреждения и ограждений', 'В процессе', '2039-03-09', 'Инфраструктурный аудит', 240),
(294, 106, 90, '2024-08-13', 'Нарушения работы автоматических ограждений', 'Провести ремонт и наладку', 'Требуется проверка', '2039-04-07', 'Безопасность труда', 303),
(295, 190, 153, '2024-08-16', 'Устаревшие трубы в системе водоснабжения', 'Замена и модернизация', 'Завершено', '2039-05-06', 'Сантехнический аудит', 392),
(296, 172, 56, '2024-08-19', 'Нарушение герметичности уплотнителей', 'Замена и корректировка', 'В процессе', '2039-06-14', 'Инфраструктурный аудит', 341),
(297, 214, 90, '2024-08-22', 'Низкое качество строительных материалов', 'Провести проверку и замену', 'Требуется проверка', '2039-07-10', 'Структурный аудит', 351),
(298, 186, 283, '2024-08-25', 'Проблемы с дренажной системой зданий', 'Провести улучшение и модификацию', 'Завершено', '2039-08-12', 'Сантехнический аудит', 255),
(299, 169, 180, '2024-08-28', 'Нарушения в работе электрооборудования', 'Проверка и ремонт', 'В процессе', '2039-09-09', 'Электрический аудит', 120),
(300, 106, 27, '2024-08-31', 'Несоответствие нормам звукопоглощения', 'Установка дополнительных панелей', 'Требуется проверка', '2039-10-12', 'Акустический аудит', 409),
(301, 176, 210, '2024-09-03', 'Засорение системы кондиционирования воздуха', 'Очистка и ремонт', 'Требуется проверка', '2039-11-10', 'Климатический аудит', 406),
(302, 149, 19, '2024-09-06', 'Утечки жидкости в гидравлической системе', 'Диагностика и устранение', 'Завершено', '2039-12-08', 'Технический аудит', 215),
(303, 145, 230, '2024-09-09', 'Отклонения в параметрах вентиляции', 'Провести обследование и корректировку', 'В процессе', '2040-01-15', 'Вентиляционный аудит', 366),
(304, 273, 185, '2024-09-12', 'Нарушение антикоррозийной защиты на колоннах', 'Очистка и нанесение нового покрытия', 'Требуется проверка', '2040-02-06', 'Структурный аудит', 375),
(305, 316, 15, '2024-09-15', 'Снижение плотности слоя теплоизоляции', 'Добавление материала и тестирование', 'Завершено', '2040-03-04', 'Тепловой аудит', 370),
(306, 219, 62, '2024-09-18', 'Ненадежные крепежи на ограждениях', 'Замена и усиление креплений', 'В процессе', '2040-04-10', 'Инфраструктурный аудит', 403),
(307, 306, 125, '2024-09-21', 'Проблемы с гидроизоляцией промежуточных слоев', 'Обновление и модернизация защиты', 'Требуется проверка', '2040-05-07', 'Гидроизоляционный аудит', 257),
(308, 284, 187, '2024-09-24', 'Адгезия защитных покрытий недостаточна', 'Очистка и нанесение новых покрытий', 'Завершено', '2040-06-05', 'Фасадный аудит', 340),
(309, 169, 207, '2024-09-27', 'Проблемы с балансировкой вентиляционных систем', 'Диагностика и регулировка', 'В процессе', '2040-07-12', 'Вентиляционный аудит', 176),
(310, 206, 240, '2024-09-30', 'Нарушение герметичности в системах водоотведения', 'Ремонт и тесты на герметизацию', 'Требуется проверка', '2040-08-10', 'Сантехнический аудит', 116),
(311, 205, 254, '2024-10-03', 'Пробоины в асфальте стоянки', 'Провести ремонт и укрепление', 'Завершено', '2040-09-14', 'Инфраструктурный аудит', 385),
(312, 355, 176, '2024-10-06', 'Ошибки в системе управления освещением', 'Диагностика и обновление программного обеспечения', 'В процессе', '2040-10-06', 'ИТ-аудит', 273),
(313, 232, 284, '2024-10-09', 'Снижение эффективности солнечных батарей', 'Очистка и переналадка', 'Требуется проверка', '2040-11-11', 'Энергетический аудит', 267),
(314, 274, 304, '2024-10-12', 'Накапливание влаги в подвалах', 'Установка дополнительных средств осушения', 'Завершено', '2040-12-04', 'Климатический аудит', 195),
(315, 204, 233, '2024-10-15', 'Деформация несущих колонн', 'Проводить увеличение прочности конструкции', 'В процессе', '2041-01-02', 'Структурный аудит', 331),
(316, 135, 16, '2024-10-18', 'Проблемы с распределением тепла в системе отопления', 'Самостоятельную диагностику системы и коррекцию', 'Требуется проверка', '2041-02-09', 'Тепловой аудит', 312),
(317, 203, 318, '2024-10-21', 'Проблемы с подключением электросистем', 'Провести анализ и переназначение кабелей', 'Завершено', '2041-03-07', 'Электрический аудит', 311),
(318, 305, 38, '2024-10-24', 'Низкое качество огнезащиты кровли', 'Нанесение нового слоя огнестойкости', 'В процессе', '2041-04-03', 'Пожарная безопасность', 117),
(319, 138, 87, '2024-10-27', 'Проблемы с выхлопной системой', 'Провести проверку и ремонт', 'Требуется проверка', '2041-05-15', 'Технический аудит', 198),
(320, 202, 40, '2024-10-30', 'Неравномерная работа поднятия лифтов', 'Диагностика и устранение неисправностей', 'Завершено', '2041-06-10', 'Инфраструктурный аудит', 303),
(321, 164, 312, '2024-11-02', 'Нарушения в структуре обшивки стен', 'Проведение усиления и обновление', 'В процессе', '2041-07-05', 'Структурный аудит', 345),
(322, 277, 264, '2024-11-05', 'Недостаточная герметизация дверных проемов', 'Проверка и замена уплотнителей', 'Требуется проверка', '2041-08-08', 'Инфраструктурный аудит', 145),
(323, 191, 55, '2024-11-08', 'Выход из строя противопожарной сигнализации', 'Проведение модернизации и настройки', 'Завершено', '2041-09-04', 'Пожарная безопасность', 312),
(324, 111, 68, '2024-11-11', 'Проблемы в работе газовых котлов', 'Провести диагностику и оптимизацию', 'В процессе', '2041-10-02', 'Газовый аудит', 275),
(325, 133, 11, '2024-11-14', 'Утечки в системе ирригации', 'Провести ремонт и проверку', 'Требуется проверка', '2041-11-06', 'Технический аудит', 103),
(326, 153, 84, '2024-11-17', 'Нехватка охлаждения в серверных помещениях', 'Улучшение климат-контроля и диагностика', 'Завершено', '2041-12-01', 'Климатический аудит', 216),
(327, 229, 294, '2024-11-20', 'Нарушения системы дренажа', 'Проведение ремонта и оптимизация', 'В процессе', '2042-01-03', 'Сантехнический аудит', 323),
(328, 180, 157, '2024-11-23', 'Проблемы с освещением в залах', 'Установка дополнительных источников света', 'Требуется проверка', '2042-02-08', 'Инфраструктурный аудит', 233),
(329, 346, 241, '2024-11-26', 'Снижение фильтрации воздуха в системах вентиляции', 'Улучшение фильтрационных систем', 'Завершено', '2042-03-05', 'Вентиляционный аудит', 254),
(330, 222, 168, '2024-11-29', 'Проблемы с целостностью бетонного основания', 'Провести усиление и тестирование', 'В процессе', '2042-04-12', 'Структурный аудит', 212),
(331, 236, 56, '2024-12-02', 'Проблемы в работе системы защиты', 'Провести обслуживание и обновление программного обеспечения', 'Требуется проверка', '2042-05-10', 'ИТ-аудит', 166),
(332, 343, 312, '2024-12-05', 'Искривление каркаса окон', 'Провести выравнивание и замену составляющих', 'Завершено', '2042-06-08', 'Фасадный аудит', 295),
(333, 128, 138, '2024-12-08', 'Снижение мощности насосов', 'Провести диагностику и обслуживание', 'В процессе', '2042-07-04', 'Технический аудит', 222),
(334, 242, 110, '2024-12-11', 'Нарушение равномерности распределения массы в электрических системах', 'Диагностика и оптимизация', 'Требуется проверка', '2042-08-09', 'Электрический аудит', 298),
(335, 113, 72, '2024-12-14', 'Усталость материала на несущих конструкциях', 'Провести анализ и укрепление', 'Завершено', '2042-09-13', 'Структурный аудит', 330),
(336, 315, 4, '2024-12-17', 'Износ крепежных элементов в системах вентиляции', 'Замена и улучшение прочности', 'В процессе', '2042-10-12', 'Вентиляционный аудит', 369),
(337, 321, 126, '2024-12-20', 'Снижение эффективности системы управления климатом', 'Проведение диагностики и настройки', 'Требуется проверка', '2042-11-08', 'Климатический аудит', 132),
(338, 178, 290, '2024-12-23', 'Замедление процессов в системах водоотведения', 'Провести улучшение и реконструкцию', 'Завершено', '2042-12-05', 'Сантехнический аудит', 398),
(339, 130, 65, '2024-12-26', 'Ошибки в системе управления отоплением', 'Диагностирование для улучшения', 'В процессе', '2043-01-11', 'ИТ-аудит', 281),
(340, 205, 149, '2024-12-29', 'Обратите внимание на трещины в кровле', 'Провести обзор и ремонт', 'Требуется проверка', '2043-02-09', 'Фасадный аудит', 166),
(341, 298, 83, '2025-01-02', 'При угрозе коррозии откосов', 'Проведение защиты и восстановление', 'Завершено', '2043-03-06', 'Инфраструктурный аудит', 376),
(342, 158, 229, '2025-01-05', 'Снижение плотности воздуха в вентилируемых системах', 'Проведение улучшения систем', 'В процессе', '2043-04-05', 'Вентиляционный аудит', 125),
(343, 326, 284, '2025-01-08', 'Проблемы с шумоизоляцией в помещениях', 'Провести модернизацию и обновление', 'Требуется проверка', '2043-05-09', 'Акустический аудит', 111),
(344, 195, 316, '2025-01-11', 'Повреждение канализационных трубопроводов', 'Ремонт и замену', 'Завершено', '2043-06-06', 'Сантехнический аудит', 254),
(345, 288, 171, '2025-01-14', 'Подсветка ключевых зон сбоев', 'Оптимизация освещения и тестирование', 'В процессе', '2043-07-07', 'Технический аудит', 208),
(346, 150, 302, '2025-01-17', 'Коррозия облицовки металлоконструкций', 'Очистка и антикоррозийная обработка', 'Требуется проверка', '2043-08-07', 'Структурный аудит', 246),
(347, 313, 138, '2025-01-20', 'Некачественные изолирующие материалы', 'Провести анализ и замену', 'Завершено', '2043-09-12', 'Тепловой аудит', 275),
(348, 237, 134, '2025-01-23', 'Нарушения герметичности в вентиляционных каналах', 'Заменить и протестировать системы', 'В процессе', '2043-10-03', 'Вентиляционный аудит', 267),
(349, 227, 24, '2025-01-26', 'Проблемы с герметичностью труб', 'Провести исследование и укрепление', 'Требуется проверка', '2043-11-09', 'Сантехнический аудит', 306),
(350, 358, 29, '2025-01-29', 'Неравномерное давление при работе насосов', 'Провести проверку и наладку', 'Завершено', '2043-12-05', 'Технический аудит', 406),
(351, 308, 48, '2025-02-01', 'Проблемы с уровнем осаждаемых веществ в котельных', 'Провести коррекцию и улучшение', 'В процессе', '2044-01-09', 'Тепловой аудит', 410),
(352, 348, 308, '2025-02-04', 'Проблемы с автоматизированными системами управления', 'Проведение анализа и оптимизация', 'Требуется проверка', '2044-02-06', 'ИТ-аудит', 249),
(353, 295, 215, '2025-02-07', 'Проблемы с управлением вентиляцией', 'Настройка и тестирование систем', 'Завершено', '2044-03-12', 'Вентиляционный аудит', 145),
(354, 269, 215, '2025-02-10', 'Нарушение контроля над вентиляционными системами', 'Диагностика и оптимизация управления', 'В процессе', '2044-04-08', 'Климатический аудит', 164),
(355, 198, 112, '2025-02-13', 'Ошибки в мониторинге безопасности', 'Проведение обновления и тестирования', 'Требуется проверка', '2044-05-07', 'Безопасность труда', 311),
(356, 179, 194, '2025-02-16', 'Нарушение функциональности насосных установок', 'Ремонт и проверка систем', 'Завершено', '2044-06-05', 'Техничный аудит', 258),
(357, 328, 147, '2025-02-19', 'Утечка жидкости на промышленной площадке', 'Контроль и устранение неполадок', 'В процессе', '2044-07-10', 'Технический аудит', 180),
(358, 274, 266, '2025-02-22', 'Проблемы с защитой от статического электричества', 'Повысить уровень защиты и модернизировать', 'Требуется проверка', '2044-08-07', 'Электрический аудит', 238),
(359, 276, 96, '2025-02-25', 'Слишком высокое напряжение в системах электроснабжения', 'Провести проверку и оптимизацию', 'Завершено', '2044-09-06', 'Электрический аудит', 139),
(360, 219, 72, '2025-02-28', 'Повреждение защитных ограждений в зонах повышенной опасности', 'Проведение ремонта и улучшение защиты', 'В процессе', '2044-10-02', 'Безопасность труда', 117),
(361, 357, 79, '2025-03-03', 'Нарушение герметичности кровли', 'Обновление и тестирование', 'Требуется проверка', '2044-11-10', 'Фасадный аудит', 180),
(362, 274, 284, '2025-03-06', 'Ошибки в системах аварийной сигнализации', 'Проведение модернизации и обновления', 'Завершено', '2044-12-08', 'Пожарная безопасность', 181),
(363, 173, 205, '2025-03-09', 'Неравномерное распределение тепла', 'Провести диагностику и корректировку систем', 'В процессе', '2045-01-14', 'Тепловой аудит', 171),
(364, 256, 218, '2025-03-12', 'Нарушения в отопительных системах', 'Проведение аудита и улучшение процессов', 'Требуется проверка', '2045-02-14', 'Техничный аудит', 228),
(365, 136, 142, '2025-03-15', 'Накапливание конденсата в системе кондиционирования', 'Очистка и модернизация', 'Завершено', '2045-03-05', 'Климатический аудит', 238),
(366, 286, 45, '2025-03-18', 'Проблемы с контролем доступа в зону складских помещений', 'Обновление и улучшение безопасности', 'В процессе', '2045-04-12', 'Инфраструктурный аудит', 117),
(367, 197, 191, '2025-03-21', 'Ошибки в запуске и остановке систем отопления', 'Провести обновление и тесты', 'Требуется проверка', '2045-05-06', 'Тепловой аудит', 318),
(368, 347, 34, '2025-03-24', 'Проблемы с герметичностью водопроводных соединений', 'Проведение диагностики и ремонта', 'Завершено', '2045-06-07', 'Сантехнический аудит', 277),
(369, 169, 205, '2025-03-27', 'Низкая эффективность работы кондиционных систем', 'Диагностика и оптимизация', 'В процессе', '2045-07-04', 'Климатический аудит', 400),
(370, 144, 65, '2025-03-30', 'Некачественная герметизация окон', 'Замена и тестирование', 'Требуется проверка', '2045-08-08', 'Фасадный аудит', 129),
(371, 231, 295, '2025-04-02', 'Проблемы со звукоизоляцией в помещениях', 'Установка дополнительных материалов', 'Завершено', '2045-09-05', 'Акустический аудит', 270),
(372, 270, 14, '2025-04-05', 'Проблемы с обновлением кабелей в электросетях', 'Обновление и проверка целостности', 'В процессе', '2045-10-10', 'Электрический аудит', 280),
(373, 226, 57, '2025-04-08', 'Поломка инженерных систем на промышленной площадке', 'Диагностика и ремонт', 'Требуется проверка', '2045-11-13', 'Технический аудит', 326),
(374, 358, 82, '2025-04-11', 'Снижение эффективности теплоизоляции', 'Обновление и тестирование', 'Завершено', '2045-12-12', 'Тепловой аудит', 211),
(375, 295, 125, '2025-04-14', 'Перегрев оборудования в механическом отсеке', 'Обновление элементов охлаждения', 'В процессе', '2046-01-09', 'Технический аудит', 184),
(376, 333, 189, '2025-04-17', 'Некорректная работа со звуковыми системами на эвакуационных путях', 'Настройка и проверка', 'Требуется проверка', '2046-02-08', 'Пожарная безопасность', 270),
(377, 327, 223, '2025-04-20', 'Чрезмерное потребление электроэнергии', 'Проведение диагностики и оптимизации', 'Завершено', '2046-03-07', 'Энергетический аудит', 180),
(378, 343, 251, '2025-04-23', 'Сбои в системах вентиляции в подвальном уровне', 'Обследование и исправление неисправностей', 'В процессе', '2046-04-04', 'Вентиляционный аудит', 239),
(379, 259, 14, '2025-04-26', 'Отсутствие систем контроля доступа в критических зонах', 'Установка соответствующих систем', 'Требуется проверка', '2046-05-10', 'ИТ-аудит', 241),
(380, 305, 90, '2025-04-29', 'Проблемы в системе подачи горячего воздуха', 'Настройка и модернизация', 'Завершено', '2046-06-02', 'Климатический аудит', 148),
(381, 222, 268, '2025-05-02', 'Некачественное покрытие на крышных поверхностях', 'Ремонт и защита покрытиями', 'В процессе', '2046-07-09', 'Фасадный аудит', 117),
(382, 124, 21, '2025-05-05', 'Проблемы с распределением воздушных потоков в вентиляционных системах', 'Обследование и исправление', 'Требуется проверка', '2046-08-07', 'Вентиляционный аудит', 147),
(383, 139, 146, '2025-05-08', 'Нарушение структуры бетонных конструкций', 'Проведите анализ и устойчивость', 'Завершено', '2046-09-04', 'Структурный аудит', 308),
(384, 357, 49, '2025-05-11', 'Утечка жидкостей в химическом отделе', 'Проведение диагностики и устранения', 'В процессе', '2046-10-06', 'Лабораторный аудит', 377),
(385, 189, 55, '2025-05-14', 'Низкое качество покрытия на стенах', 'Перекрашивание и тестирование', 'Требуется проверка', '2046-11-05', 'Фасадный аудит', 337),
(386, 107, 317, '2025-05-17', 'Отклонения в работе автоматических расставаний системы аварийной сигнализации', 'реставрации и модернизации', 'Завершено', '2046-12-03', 'Пожарная безопасность', 366),
(387, 361, 181, '2025-05-20', 'Проблемы с жидкостью на водоразделительных участках', 'Оценка и оптимизация', 'В процессе', '2047-01-09', 'Сантехнический аудит', 198),
(388, 338, 7, '2025-05-23', 'Некачественный шумоизоляционный материал', 'Проверка и обновление', 'Требуется проверка', '2047-02-07', 'Акустический аудит', 188),
(389, 281, 190, '2025-05-26', 'Разгул вибраций на механических компонентах', 'Проведение оценки и реставрации', 'Завершено', '2047-03-05', 'Технический аудит', 251),
(390, 150, 107, '2025-05-29', 'Проблемы со структурной устойчивостью зданий', 'Проведение диагностики и ремонта', 'В процессе', '2047-04-03', 'Структурный аудит', 344),
(391, 167, 22, '2025-06-02', 'Нарушения герметичности системы трубопроводов', 'Постановка и модернизация', 'Требуется проверка', '2047-05-08', 'Сантехнический аудит', 184),
(392, 103, 141, '2025-06-05', 'Неэффективная работа холодильных систем', 'Проведение обслуживания и настройки', 'Завершено', '2047-06-04', 'Климатический аудит', 341),
(393, 273, 85, '2025-06-08', 'Проблемы с качеством электроэнергии в системах', 'Анализ и корректировка', 'В процессе', '2047-07-02', 'Электрический аудит', 356),
(394, 143, 63, '2025-06-11', 'Угрозы скольжения на рабочих участках', 'Проведение ревизии и ремонт', 'Требуется проверка', '2047-08-06', 'Безопасность труда', 379),
(395, 176, 3, '2025-06-14', 'Снижение эффективности охлаждения в промзонах', 'Оценка и обновление', 'Завершено', '2047-09-05', 'Климатический аудит', 373),
(396, 115, 79, '2025-06-17', 'Ошибки в работе электронной системы управления', 'Диагностика и модернизация', 'В процессе', '2047-10-04', 'ИТ-аудит', 387),
(397, 357, 284, '2025-06-20', 'Проблемы с герметичностью поверхности потолка', 'Ремонт и усиление', 'Требуется проверка', '2047-11-01', 'Фасадный аудит', 403),
(398, 298, 316, '2025-06-23', 'Нарушение антикоррозийной устойчивости на оборудовании', 'Проведение диагностики и обновления защиты', 'Завершено', '2047-12-08', 'Технический аудит', 263),
(399, 236, 289, '2025-06-26', 'Ненадежность системы контроля параметров окружающей среды', 'Повышение уровня защиты и настройка', 'В процессе', '2048-01-12', 'Климатический аудит', 195),
(400, 161, 65, '2025-06-29', 'Ошибки в системах энергообеспечения зданий', 'Проведение контроля и модернизации', 'Требуется проверка', '2048-02-08', 'Энергетический аудит', 356),
(401, 359, 121, '2025-07-02', 'Трещины в стенах на уровне подвала', 'Заполнить трещины и провести укрепление', 'Завершено', '2048-03-05', 'Структурный аудит', 324),
(402, 286, 170, '2025-07-05', 'Проблемы с фитингами в трубопроводах', 'Провести замену и испытания', 'Требуется проверка', '2048-04-10', 'Сантехнический аудит', 404),
(403, 172, 118, '2025-07-08', 'Недостаточное естественное освещение', 'Установка дополнительных окон', 'В процессе', '2048-05-12', 'Инфраструктурный аудит', 371),
(404, 241, 270, '2025-07-11', 'Проблемы с теплоизоляцией фасадов', 'Добавление изоляционного материала и тестирование', 'Завершено', '2048-06-14', 'Фасадный аудит', 320),
(405, 267, 293, '2025-07-14', 'Увеличение расхода энергии в ночное время', 'Проведение энергетического аудита и оптимизация', 'Требуется проверка', '2048-07-04', 'Энергетический аудит', 141),
(406, 296, 142, '2025-07-17', 'Повреждения защитного покрытия оконных рам', 'Ремонт и укладка нового слоя', 'В процессе', '2048-08-09', 'Фасадный аудит', 208),
(407, 287, 39, '2025-07-20', 'Утечки в системе отопления', 'Проведение ремонта и испытаний', 'Завершено', '2048-09-03', 'Тепловой аудит', 321),
(408, 261, 59, '2025-07-23', 'Проблемы с функционированием пожарной сигнализации', 'Диагностика и обновление систем', 'Требуется проверка', '2048-10-11', 'Пожарная безопасность', 244),
(409, 342, 63, '2025-07-26', 'Нарушение целостности оборудования', 'Проведение анализа и ремонта', 'В процессе', '2048-11-08', 'Технический аудит', 330),
(410, 334, 227, '2025-07-29', 'Устаревшее программное обеспечение электросетей', 'Обновление и оптимизация', 'Завершено', '2048-12-06', 'ИТ-аудит', 168),
(411, 213, 274, '2025-08-01', 'Проблемы с герметизацией стыков панелей', 'Происходит протечка и необходимо устранить', 'Требуется проверка', '2049-01-09', 'Структурный аудит', 193),
(412, 266, 69, '2025-08-04', 'Снижение звукоизоляции в подъездах', 'Дополнительная установка акустических панелей', 'В процессе', '2049-02-07', 'Акустический аудит', 385),
(413, 151, 81, '2025-08-07', 'Отсутствие вентиляции в подземных гаражах', 'Установка вентиляционных систем и тестирование', 'Завершено', '2049-03-10', 'Вентиляционный аудит', 158),
(414, 275, 314, '2025-08-10', 'Проблемы с наладкой систем безопасности офисов', 'Проведение диагностики и оптимизация', 'Требуется проверка', '2049-04-05', 'Безопасность труда', 308),
(415, 243, 156, '2025-08-13', 'Неравномерное распределение воздуха в системах кондиционирования', 'Диагностика и оптимизация', 'В процессе', '2049-05-11', 'Климатический аудит', 238),
(416, 125, 5, '2025-08-16', 'Нехватка автоматических систем пожаротушения', 'Установка новых систем и тестирование', 'Завершено', '2049-06-09', 'Пожарная безопасность', 243),
(417, 168, 133, '2025-08-19', 'Неправильная работа лифтов в промежуточных этажах', 'Проведение диагностики и ремонта', 'Требуется проверка', '2049-07-16', 'Инфраструктурный аудит', 213),
(418, 141, 217, '2025-08-22', 'Повышенное вибрационное воздействие на здания от близлежащего транспорта', 'Установка виброизоляции', 'В процессе', '2049-08-12', 'Структурный аудит', 372),
(419, 351, 41, '2025-08-25', 'Повреждение внутреннего освещения', 'Проведение ремонта и оптимизация', 'Завершено', '2049-09-05', 'Электрический аудит', 390),
(420, 115, 207, '2025-08-28', 'Нехватка огнезащиты в общежитиях', 'Нанесение огнестойкого покрытия на конструкции', 'Требуется проверка', '2049-10-11', 'Пожарная безопасность', 257),
(421, 354, 277, '2025-08-31', 'Проблемы с отводом дождевой воды', 'Улучшение и модернизация дренажных систем', 'В процессе', '2049-11-08', 'Инфраструктурный аудит', 352),
(422, 362, 181, '2025-09-03', 'Проблемы герметичности в оконных рамах', 'Провести профилактику герметичности', 'Завершено', '2049-12-07', 'Фасадный аудит', 337),
(423, 329, 276, '2025-09-06', 'Проблемы с вентиляцией на рабочем месте', 'Установка дополнительных вентиляционных систем', 'Требуется проверка', '2050-01-09', 'Вентиляционный аудит', 343),
(424, 334, 212, '2025-09-09', 'Нарушение работы теплообменников', 'Улучшение и модернизация', 'В процессе', '2050-02-05', 'Тепловой аудит', 184),
(425, 141, 75, '2025-09-12', 'Увеличение нагрузки на электрические сети в пиковые часы', 'Провести модернизацию', 'Завершено', '2050-03-10', 'Электрический аудит', 216),
(426, 300, 29, '2025-09-15', 'Проблемы с хранением опасных материалов', 'Провести оценку и усилить меры безопасности', 'Требуется проверка', '2050-04-09', 'Безопасность труда', 232),
(427, 285, 256, '2025-09-18', 'Угроза снижения круглогодичной работоспособности конструкций', 'Проведение анализа и модернизация', 'В процессе', '2050-05-10', 'Структурный аудит', 370),
(428, 351, 261, '2025-09-21', 'Протечки в системе дождевой канализации', 'Проведение герметизации', 'Завершено', '2050-06-08', 'Сантехнический аудит', 278),
(429, 198, 318, '2025-09-24', 'Проблемы с ориентацией и размещением солнечных панелей', 'Анализ и корректировка', 'Требуется проверка', '2050-07-11', 'Энергетический аудит', 153),
(430, 257, 96, '2025-09-27', 'Нарушение работы системы кондиционирования воздуха', 'Диагностика и ремонт', 'В процессе', '2050-08-07', 'Климатический аудит', 251),
(431, 237, 56, '2025-09-30', 'Проблемы с герметичностью междуэтажных перекрытий', 'Проведение обследования и ремонта', 'Завершено', '2050-09-05', 'Инфраструктурный аудит', 175),
(432, 308, 98, '2025-10-03', 'Проблемы с герметичностью на стыках стен', 'Заменить уплотнители', 'Требуется проверка', '2050-10-13', 'Фасадный аудит', 318),
(433, 261, 19, '2025-10-06', 'Нарушение комфортного уровня температуры в летний период', 'Диагностика и оптимизация систем охлаждения', 'В процессе', '2050-11-09', 'Климатический аудит', 199),
(434, 303, 202, '2025-10-09', 'Нарушение работы системы пожаротушения', 'Оценка неисправностей и ремонт', 'Завершено', '2050-12-08', 'Пожарная безопасность', 292),
(435, 332, 118, '2025-10-12', 'Проблемы с дренажной системой в гаражах', 'Провести очистку и модернизацию', 'Требуется проверка', '2051-01-10', 'Сантехнический аудит', 362),
(436, 336, 117, '2025-10-15', 'Проблемы с вентиляцией на пищевых складах', 'Установка дополнительной вентиляции', 'В процессе', '2051-02-06', 'Вентиляционный аудит', 307),
(437, 191, 138, '2025-10-18', 'Недостаточно эффективная изоляция в новых зданиях', 'Провести диагностику и улучшение', 'Завершено', '2051-03-12', 'Тепловой аудит', 255),
(438, 275, 135, '2025-10-21', 'Увеличение частоты сбоев в системах управления', 'Проведение анализа и оптимизация', 'Требуется проверка', '2051-04-05', 'ИТ-аудит', 174),
(439, 315, 283, '2025-10-24', 'Нарушение безопасности при работе на высоте', 'Провести оценку рисков и установить меры безопасности', 'В процессе', '2051-05-09', 'Безопасность труда', 317),
(440, 152, 30, '2025-10-27', 'Проблемы с герметичностью шахтных лифтов', 'Проведение ремонта и улучшение изоляции', 'Завершено', '2051-06-08', 'Инфраструктурный аудит', 211),
(441, 133, 90, '2025-10-30', 'Обрушение стеллажей в складских зонах', 'Проведение анализа и укрепление конструкций', 'Требуется проверка', '2051-07-10', 'Структурный аудит', 395),
(442, 108, 302, '2025-11-02', 'Нарушение процесса вентиляции в цеху', 'Диагностика и установка дополнительных систем', 'В процессе', '2051-08-04', 'Вентиляционный аудит', 363),
(443, 348, 220, '2025-11-05', 'Неравномерное распределение давления в водопроводе', 'Проведение диагностики и оптимизация', 'Завершено', '2051-09-06', 'Сантехнический аудит', 339),
(444, 102, 169, '2025-11-08', 'Повышенная пожароопасность на производстве', 'Установка ограждающих систем и модернизация сигнализации', 'Требуется проверка', '2051-10-10', 'Пожарная безопасность', 383),
(445, 179, 293, '2025-11-11', 'Износ кабелей в узлах электросетей', 'Проведение замены и тестирование', 'В процессе', '2051-11-09', 'Электрический аудит', 143),
(446, 263, 205, '2025-11-14', 'Проблемы с балансировкой температур в разных зонах', 'Диагностика и настройка', 'Завершено', '2051-12-08', 'Климатический аудит', 212),
(447, 292, 136, '2025-11-17', 'Нехватка освещения на территории предприятия', 'Установка дополнительных осветительных приборов', 'Требуется проверка', '2052-01-13', 'Инфраструктурный аудит', 358),
(448, 132, 101, '2025-11-20', 'Проблемы с подачей газа на предприятии', 'Проведение диагностики и улучшение инфраструктуры', 'В процессе', '2052-02-11', 'Газовый аудит', 207),
(449, 109, 1, '2025-11-23', 'Повышенное энергопотребление в ночное время', 'Анализ и оптимизация энергоэффективности', 'Завершено', '2052-03-10', 'Энергетический аудит', 409),
(450, 154, 54, '2025-11-26', 'Проблемы с фильтрацией воздуха в цехах', 'Установка дополнительных систем очистки', 'Требуется проверка', '2052-04-07', 'Акустический аудит', 135),
(451, 178, 155, '2025-11-29', 'Проблемы с герметичностью фасадов на промышленных зданиях', 'Проведение герметизации и тестирование', 'В процессе', '2052-05-09', 'Фасадный аудит', 169),
(452, 247, 150, '2025-12-02', 'Снижение производительности электрооборудования', 'Диагностика и оптимизация систем', 'Завершено', '2052-06-12', 'Электрический аудит', 269),
(453, 203, 38, '2025-12-05', 'Ошибки в работе климат-контроля', 'Проведение анализа и настройка', 'Требуется проверка', '2052-07-04', 'Климатический аудит', 349),
(454, 111, 120, '2025-12-08', 'Нехватка вытяжной вентиляции в лабораторных зонах', 'Установка дополнительных вентиляционных систем', 'В процессе', '2052-08-06', 'Вентиляционный аудит', 102),
(455, 174, 194, '2025-12-11', 'Проблемы с герметичностью крыш в производственных помещениях', 'Проведение ремонта', 'Завершено', '2052-09-08', 'Структурный аудит', 221),
(456, 269, 24, '2025-12-14', 'Угроза обрушения строительных конструкций на стройплощадке', 'Улучшение и укрепление конструкций', 'Требуется проверка', '2052-10-10', 'Структурный аудит', 128),
(457, 245, 219, '2025-12-17', 'Проблемы с качеством строительных материалов', 'Проведение аудита и замены материалов', 'В процессе', '2052-11-07', 'Структурный аудит', 337),
(458, 145, 162, '2025-12-20', 'Недостаточная безопасность в общественных зонах', 'Установка дополнительных средств безопасности', 'Завершено', '2052-12-05', 'Безопасность труда', 184),
(459, 307, 127, '2025-12-23', 'Проблемы с системой отопления в зимний период', 'Проведение диагностики и улучшение температуры', 'Требуется проверка', '2053-01-08', 'Тепловой аудит', 376),
(460, 122, 288, '2025-12-26', 'Проблемы с электропроводкой в офисных зданиях', 'Проверка и проведение ремонта', 'В процессе', '2053-02-04', 'Электрический аудит', 224),
(461, 218, 110, '2025-12-29', 'Нарушение акустического комфорта в офисах', 'Установка акустических панелей и тестирование', 'Завершено', '2053-03-05', 'Акустический аудит', 346),
(462, 269, 235, '2026-01-01', 'Повреждения фасада от атмосферных воздействий', 'Проведение ремонта и тестирование', 'Требуется проверка', '2053-04-07', 'Фасадный аудит', 348),
(463, 315, 198, '2026-01-04', 'Проблемы с системами резерва электроэнергии', 'Диагностика и модернизация', 'В процессе', '2053-05-09', 'Энергетический аудит', 196),
(464, 243, 216, '2026-01-07', 'Ошибки в работе систем управления доступом', 'Проведение модернизации и тестирования', 'Завершено', '2053-06-11', 'ИТ-аудит', 266),
(465, 176, 137, '2026-01-10', 'Выход из строя насосных агрегатов в жаркий период', 'Проведение диагностики и оптимизации', 'Требуется проверка', '2053-07-12', 'Технический аудит', 180),
(466, 296, 303, '2026-01-13', 'Проблемы с герметичностью стеновых конструкций', 'Проведение усиления и тестирования', 'В процессе', '2053-08-03', 'Инфраструктурный аудит', 337),
(467, 275, 184, '2026-01-16', 'Нарушение целостности гидроизоляции в подвальных помещениях', 'Проведение ремонта и тестирования', 'Завершено', '2053-09-06', 'Гидроизоляционный аудит', 163),
(468, 179, 177, '2026-01-19', 'Ошибка в работе лифтовых систем', 'Проведение диагностики и ремонта', 'Требуется проверка', '2053-10-08', 'Инфраструктурный аудит', 164),
(469, 321, 213, '2026-01-22', 'Нарушение воздушных потоков на крыше здания', 'Проведение диагностики и улучшение систем', 'В процессе', '2053-11-07', 'Климатический аудит', 184),
(470, 308, 26, '2026-01-25', 'Проблемы с электропроводкой в подвалах', 'Замена и проверка', 'Завершено', '2053-12-04', 'Электрический аудит', 102),
(471, 301, 264, '2026-01-28', 'Угрозы безопасности на производственных объектах', 'Проведение анализа и укрепление безопасности', 'Требуется проверка', '2054-01-09', 'Безопасность труда', 398),
(472, 195, 194, '2026-01-31', 'Проблемы с вентиляцией в гостевых зонах', 'Диагностика и установка дополнительных систем', 'В процессе', '2054-02-11', 'Вентиляционный аудит', 286),
(473, 132, 290, '2026-02-03', 'Проблемы с канализацией в офисных зданиях', 'Проверка и проведение ремонта', 'Завершено', '2054-03-10', 'Сантехнический аудит', 207),
(474, 332, 289, '2026-02-06', 'Нарушение гидроизоляции зданий', 'Проведение восстановления и тестирования', 'Требуется проверка', '2054-04-05', 'Гидроизоляционный аудит', 232),
(475, 202, 227, '2026-02-09', 'Увеличение тепловых потерь через окна', 'Установка дополнительных уплотнителей', 'В процессе', '2054-05-09', 'Тепловой аудит', 288),
(476, 252, 230, '2026-02-12', 'Проблемы с герметичностью дверных проемов', 'Проведение анализа и улучшение', 'Завершено', '2054-06-13', 'Фасадный аудит', 233),
(477, 293, 122, '2026-02-15', 'Проблемы с автоматикой в системах безопасности', 'Проведение диагностики и модернизации', 'Требуется проверка', '2054-07-10', 'ИТ-аудит', 212),
(478, 345, 267, '2026-02-18', 'Проблемы с наладкой механических систем', 'Проведение аудита и оптимизации', 'В процессе', '2054-08-11', 'Технический аудит', 129),
(479, 130, 298, '2026-02-21', 'Проблемы с работой вентиляции в производственных помещениях', 'Проведение диагностики и корректировка систем', 'Завершено', '2054-09-03', 'Вентиляционный аудит', 181),
(480, 173, 141, '2026-02-24', 'Неисправности в системах пожаротушения', 'Проведение модернизации и тестирования', 'Требуется проверка', '2054-10-07', 'Пожарная безопасность', 184),
(481, 238, 242, '2026-02-27', 'Повышенное энергопотребление во время пиковых часов', 'Проведение анализа и энергетический аудит', 'В процессе', '2054-11-02', 'Энергетический аудит', 161),
(482, 137, 64, '2026-03-02', 'Ошибки в работе систем контроля климатом', 'Диагностика и оптимизация', 'Завершено', '2054-12-05', 'Климатический аудит', 187),
(483, 258, 262, '2026-03-05', 'Проблемы с устойчивостью анкерных систем', 'Проведение оценки и укрепление', 'Требуется проверка', '2055-01-09', 'Структурный аудит', 226),
(484, 130, 31, '2026-03-08', 'Снижение эффективности кухонных вентиляторов', 'Проведение диагностики и улучшение', 'В процессе', '2055-02-06', 'Вентиляционный аудит', 402),
(485, 277, 98, '2026-03-11', 'Устаревшие системы безопасности на складах', 'Проведение анализа и модернизация', 'Завершено', '2055-03-10', 'Безопасность труда', 345),
(486, 316, 25, '2026-03-14', 'Повышенная вибрация в производственных зонах', 'Проведение диагностики и снижение', 'Требуется проверка', '2055-04-11', 'Акустический аудит', 125),
(487, 315, 173, '2026-03-17', 'Проблемы с герметичностью межпотолочных конструкций', 'Проведение анализа и улучшение', 'В процессе', '2055-05-03', 'Фасадный аудит', 176),
(488, 173, 223, '2026-03-20', 'Нарушение температурного режима в помещениях', 'Проведение проверки и корректировки', 'Завершено', '2055-06-07', 'Климатический аудит', 282),
(489, 302, 12, '2026-03-23', 'Повышенная потери тепла в зонах хранения', 'Проведение диагностики и улучшение систем', 'Требуется проверка', '2055-07-10', 'Тепловой аудит', 256),
(490, 115, 159, '2026-03-26', 'Проблемы с герметичностью коммуникационных шахт', 'Проведение диагностики и ремонта', 'В процессе', '2055-08-11', 'Инфраструктурный аудит', 319),
(491, 258, 43, '2026-03-29', 'Проблемы с вентиляцией серверных зданий', 'Проведение диагностики и улучшение', 'Завершено', '2055-09-06', 'ИТ-аудит', 185),
(492, 281, 239, '2026-04-01', 'Нарушение целостности фасадных элементов', 'Проведение восстановления и усиление', 'Требуется проверка', '2055-10-03', 'Фасадный аудит', 393),
(493, 169, 184, '2026-04-04', 'Проблемы с освещением стоянок', 'Установка дополнительных световых приборов', 'В процессе', '2055-11-09', 'Инфраструктурный аудит', 341),
(494, 342, 73, '2026-04-07', 'Проблемы с акустикой в залах конференций', 'Проведение аудита и улучшение', 'Завершено', '2055-12-11', 'Акустический аудит', 256),
(495, 350, 32, '2026-04-10', 'Сбой в работе систем контроля доступа', 'Проведение аудита и исправление', 'Требуется проверка', '2056-01-06', 'ИТ-аудит', 255),
(496, 303, 115, '2026-04-13', 'Низкая эффективность насоса охлаждения', 'Проведение аудита и улучшение', 'В процессе', '2056-02-02', 'Технический аудит', 245),
(497, 138, 54, '2026-04-16', 'Перепады напряжения в электросетях', 'Проведение диагностики и оптимизация', 'Завершено', '2056-03-08', 'Электрический аудит', 143),
(498, 218, 219, '2026-04-19', 'Проблемы с герметичностью оконных блоков в новых зданиях', 'Провести профилактику и улучшение', 'Требуется проверка', '2056-04-05', 'Фасадный аудит', 354),
(499, 179, 142, '2026-04-22', 'Нарушение работы систем водоснабжения в теплый период', 'Проведение диагностики и ремонт', 'В процессе', '2056-05-07', 'Сантехнический аудит', 188),
(500, 230, 87, '2026-04-25', 'Проблемы с гидроизоляцией коммуникационных туннелей', 'Проведение обследования и тесирование', 'Завершено', '2056-06-09', 'Гидроизоляционный аудит', 204);


INSERT INTO Budgets (BudgetID, ProjectID, DepartmentID, FiscalYear, TotalBudget, SpentAmount, RemainingAmount, Status, LastUpdated, ApprovedBy) VALUES
(101, 261, 140, 2023, 150000.00, 75000.00, 75000.00, 'Подтвержден', '2023-10-01', 101),
(102, 146, 265, 2023, 200000.00, 100000.00, 100000.00, 'В ожидании', '2023-10-02', 102),
(103, 118, 238, 2023, 300000.00, 150000.00, 150000.00, 'Отклонен', '2023-10-02', 103),
(104, 231, 259, 2023, 500000.00, 250000.00, 250000.00, 'Подтвержден', '2023-10-03', 104),
(105, 196, 223, 2023, 600000.00, 300000.00, 300000.00, 'В ожидании', '2023-10-03', 105),
(106, 278, 154, 2023, 100000.00, 40000.00, 60000.00, 'Подтвержден', '2023-10-04', 106),
(107, 161, 168, 2023, 800000.00, 500000.00, 300000.00, 'Отклонен', '2023-10-04', 107),
(108, 302, 164, 2023, 900000.00, 600000.00, 300000.00, 'В ожидании', '2023-10-05', 108),
(109, 321, 168, 2023, 1200000.00, 900000.00, 300000.00, 'Подтвержден', '2023-10-05', 109),
(110, 215, 169, 2023, 1100000.00, 800000.00, 300000.00, 'Отклонен', '2023-10-06', 110),
(111, 205, 228, 2023, 700000.00, 200000.00, 500000.00, 'Подтвержден', '2023-10-06', 111),
(112, 120, 102, 2023, 300000.00, 100000.00, 200000.00, 'В ожидании', '2023-10-07', 112),
(113, 354, 179, 2023, 500000.00, 250000.00, 250000.00, 'Отклонен', '2023-10-07', 113),
(114, 271, 252, 2023, 400000.00, 200000.00, 200000.00, 'Подтвержден', '2023-10-08', 114),
(115, 300, 120, 2023, 900000.00, 450000.00, 450000.00, 'В ожидании', '2023-10-08', 115),
(116, 248, 242, 2023, 1000000.00, 600000.00, 400000.00, 'Отклонен', '2023-10-09', 116),
(117, 343, 111, 2023, 1300000.00, 800000.00, 500000.00, 'Подтвержден', '2023-10-09', 117),
(118, 193, 132, 2023, 700000.00, 500000.00, 200000.00, 'В ожидании', '2023-10-10', 118),
(119, 189, 279, 2023, 800000.00, 300000.00, 500000.00, 'Отклонен', '2023-10-10', 119),
(120, 220, 204, 2023, 950000.00, 550000.00, 400000.00, 'Подтвержден', '2023-10-11', 120),
(121, 235, 132, 2023, 870000.00, 430000.00, 440000.00, 'В ожидании', '2023-10-11', 121),
(122, 119, 143, 2023, 990000.00, 590000.00, 400000.00, 'Отклонен', '2023-10-12', 122),
(123, 175, 177, 2023, 600000.00, 200000.00, 400000.00, 'Подтвержден', '2023-10-12', 123),
(124, 269, 196, 2023, 450000.00, 150000.00, 300000.00, 'В ожидании', '2023-10-13', 124),
(125, 173, 145, 2023, 700000.00, 400000.00, 300000.00, 'Отклонен', '2023-10-13', 125),
(126, 173, 177, 2023, 500000.00, 250000.00, 250000.00, 'Подтвержден', '2023-10-14', 126),
(127, 196, 130, 2023, 800000.00, 400000.00, 400000.00, 'В ожидании', '2023-10-14', 127),
(128, 233, 167, 2023, 950000.00, 700000.00, 250000.00, 'Отклонен', '2023-10-15', 128),
(129, 258, 164, 2023, 990000.00, 690000.00, 300000.00, 'Подтвержден', '2023-10-15', 129),
(130, 302, 212, 2023, 1200000.00, 900000.00, 300000.00, 'В ожидании', '2023-10-16', 130),
(131, 306, 144, 2023, 1100000.00, 800000.00, 300000.00, 'Отклонен', '2023-10-16', 131),
(132, 237, 253, 2023, 1000000.00, 500000.00, 500000.00, 'Подтвержден', '2023-10-17', 132),
(133, 350, 129, 2023, 700000.00, 200000.00, 500000.00, 'В ожидании', '2023-10-17', 133),
(134, 246, 163, 2023, 500000.00, 100000.00, 400000.00, 'Отклонен', '2023-10-18', 134),
(135, 317, 142, 2023, 300000.00, 100000.00, 200000.00, 'Подтвержден', '2023-10-18', 135),
(136, 328, 203, 2023, 800000.00, 500000.00, 300000.00, 'В ожидании', '2023-10-19', 136),
(137, 336, 222, 2023, 600000.00, 400000.00, 200000.00, 'Отклонен', '2023-10-19', 137),
(138, 157, 151, 2023, 500000.00, 200000.00, 300000.00, 'Подтвержден', '2023-10-20', 138),
(139, 156, 120, 2023, 700000.00, 300000.00, 400000.00, 'В ожидании', '2023-10-20', 139),
(140, 285, 167, 2023, 990000.00, 490000.00, 500000.00, 'Отклонен', '2023-10-21', 140),
(141, 361, 275, 2023, 300000.00, 100000.00, 200000.00, 'Подтвержден', '2023-10-21', 141),
(142, 298, 213, 2023, 950000.00, 650000.00, 300000.00, 'В ожидании', '2023-10-22', 142),
(143, 138, 118, 2023, 800000.00, 600000.00, 200000.00, 'Отклонен', '2023-10-22', 143),
(144, 136, 159, 2023, 1000000.00, 500000.00, 500000.00, 'Подтвержден', '2023-10-23', 144),
(145, 281, 240, 2023, 1100000.00, 700000.00, 400000.00, 'В ожидании', '2023-10-23', 145),
(146, 240, 166, 2023, 870000.00, 430000.00, 440000.00, 'Отклонен', '2023-10-24', 146),
(147, 267, 192, 2023, 600000.00, 200000.00, 400000.00, 'Подтвержден', '2023-10-24', 147),
(148, 107, 207, 2023, 450000.00, 150000.00, 300000.00, 'В ожидании', '2023-10-25', 148),
(149, 279, 260, 2023, 700000.00, 400000.00, 300000.00, 'Отклонен', '2023-10-25', 149),
(150, 218, 191, 2023, 500000.00, 250000.00, 250000.00, 'Подтвержден', '2023-10-26', 150),
(151, 252, 166, 2023, 800000.00, 400000.00, 400000.00, 'В ожидании', '2023-10-26', 151),
(152, 167, 205, 2023, 950000.00, 700000.00, 250000.00, 'Отклонен', '2023-10-27', 152),
(153, 333, 174, 2023, 990000.00, 690000.00, 300000.00, 'Подтвержден', '2023-10-27', 153),
(154, 141, 185, 2023, 1200000.00, 900000.00, 300000.00, 'В ожидании', '2023-10-28', 154),
(155, 210, 259, 2023, 1100000.00, 800000.00, 300000.00, 'Отклонен', '2023-10-28', 155),
(156, 204, 256, 2023, 1000000.00, 500000.00, 500000.00, 'Подтвержден', '2023-10-29', 156),
(157, 325, 194, 2023, 700000.00, 200000.00, 500000.00, 'В ожидании', '2023-10-29', 157),
(158, 160, 256, 2023, 500000.00, 100000.00, 400000.00, 'Отклонен', '2023-10-30', 158),
(159, 286, 136, 2023, 300000.00, 100000.00, 200000.00, 'Подтвержден', '2023-10-30', 159),
(160, 348, 160, 2023, 800000.00, 500000.00, 300000.00, 'В ожидании', '2023-10-31', 160),
(161, 233, 187, 2023, 150000.00, 75000.00, 75000.00, 'Подтвержден', '2023-10-01', 161),
(162, 280, 128, 2023, 200000.00, 100000.00, 100000.00, 'В ожидании', '2023-10-02', 162),
(163, 125, 171, 2023, 300000.00, 150000.00, 150000.00, 'Отклонен', '2023-10-02', 163),
(164, 293, 169, 2023, 500000.00, 250000.00, 250000.00, 'Подтвержден', '2023-10-03', 164),
(165, 110, 215, 2023, 600000.00, 300000.00, 300000.00, 'В ожидании', '2023-10-03', 165),
(166, 167, 171, 2023, 100000.00, 40000.00, 60000.00, 'Подтвержден', '2023-10-04', 166),
(167, 276, 179, 2023, 800000.00, 500000.00, 300000.00, 'Отклонен', '2023-10-04', 167),
(168, 226, 144, 2023, 900000.00, 600000.00, 300000.00, 'В ожидании', '2023-10-05', 168),
(169, 110, 213, 2023, 1200000.00, 900000.00, 300000.00, 'Подтвержден', '2023-10-05', 169),
(170, 205, 145, 2023, 1100000.00, 800000.00, 300000.00, 'Отклонен', '2023-10-06', 170),
(171, 272, 275, 2023, 700000.00, 200000.00, 500000.00, 'Подтвержден', '2023-10-06', 171),
(172, 225, 259, 2023, 300000.00, 100000.00, 200000.00, 'В ожидании', '2023-10-07', 172),
(173, 189, 118, 2023, 500000.00, 250000.00, 250000.00, 'Отклонен', '2023-10-07', 173),
(174, 288, 101, 2023, 400000.00, 200000.00, 200000.00, 'Подтвержден', '2023-10-08', 174),
(175, 278, 139, 2023, 900000.00, 450000.00, 450000.00, 'В ожидании', '2023-10-08', 175),
(176, 282, 169, 2023, 1000000.00, 600000.00, 400000.00, 'Отклонен', '2023-10-09', 176),
(177, 302, 239, 2023, 1300000.00, 800000.00, 500000.00, 'Подтвержден', '2023-10-09', 177),
(178, 250, 212, 2023, 700000.00, 500000.00, 200000.00, 'В ожидании', '2023-10-10', 178),
(179, 347, 201, 2023, 800000.00, 300000.00, 500000.00, 'Отклонен', '2023-10-10', 179),
(180, 322, 258, 2023, 950000.00, 550000.00, 400000.00, 'Подтвержден', '2023-10-11', 180),
(181, 169, 156, 2023, 870000.00, 430000.00, 440000.00, 'В ожидании', '2023-10-11', 181),
(182, 351, 137, 2023, 990000.00, 590000.00, 400000.00, 'Отклонен', '2023-10-12', 182),
(183, 223, 247, 2023, 600000.00, 200000.00, 400000.00, 'Подтвержден', '2023-10-12', 183),
(184, 157, 271, 2023, 450000.00, 150000.00, 300000.00, 'В ожидании', '2023-10-13', 184),
(185, 301, 206, 2023, 700000.00, 400000.00, 300000.00, 'Отклонен', '2023-10-13', 185),
(186, 148, 206, 2023, 500000.00, 250000.00, 250000.00, 'Подтвержден', '2023-10-14', 186),
(187, 167, 181, 2023, 800000.00, 400000.00, 400000.00, 'В ожидании', '2023-10-14', 187),
(188, 135, 215, 2023, 950000.00, 700000.00, 250000.00, 'Отклонен', '2023-10-15', 188),
(189, 208, 144, 2023, 990000.00, 690000.00, 300000.00, 'Подтвержден', '2023-10-15', 189),
(190, 265, 165, 2023, 1200000.00, 900000.00, 300000.00, 'В ожидании', '2023-10-16', 190),
(191, 362, 143, 2023, 150000.00, 75000.00, 75000.00, 'Подтвержден', '2023-10-01', 191),
(192, 117, 268, 2023, 200000.00, 100000.00, 100000.00, 'В ожидании', '2023-10-02', 192),
(193, 189, 103, 2023, 300000.00, 150000.00, 150000.00, 'Отклонен', '2023-10-02', 193),
(194, 157, 187, 2023, 500000.00, 250000.00, 250000.00, 'Подтвержден', '2023-10-03', 194),
(195, 233, 246, 2023, 600000.00, 300000.00, 300000.00, 'В ожидании', '2023-10-03', 195),
(196, 136, 262, 2023, 100000.00, 40000.00, 60000.00, 'Подтвержден', '2023-10-04', 196),
(197, 184, 208, 2023, 800000.00, 500000.00, 300000.00, 'Отклонен', '2023-10-04', 197),
(198, 326, 259, 2023, 900000.00, 600000.00, 300000.00, 'В ожидании', '2023-10-05', 198),
(199, 316, 177, 2023, 1200000.00, 900000.00, 300000.00, 'Подтвержден', '2023-10-05', 199),
(200, 238, 144, 2023, 1100000.00, 800000.00, 300000.00, 'Отклонен', '2023-10-06', 200),
(201, 158, 135, 2023, 160000.00, 80000.00, 80000.00, 'Подтвержден', '2023-11-01', 201),
(202, 135, 276, 2023, 210000.00, 105000.00, 105000.00, 'В ожидании', '2023-11-02', 202),
(203, 284, 107, 2023, 310000.00, 155000.00, 155000.00, 'Отклонен', '2023-11-03', 203),
(204, 217, 153, 2023, 510000.00, 255000.00, 255000.00, 'Подтвержден', '2023-11-04', 204),
(205, 178, 120, 2023, 610000.00, 305000.00, 305000.00, 'В ожидании', '2023-11-05', 205),
(206, 188, 279, 2023, 110000.00, 45000.00, 65000.00, 'Подтвержден', '2023-11-06', 206),
(207, 316, 197, 2023, 810000.00, 510000.00, 300000.00, 'Отклонен', '2023-11-07', 207),
(208, 285, 120, 2023, 910000.00, 610000.00, 300000.00, 'В ожидании', '2023-11-08', 208),
(209, 264, 158, 2023, 1210000.00, 910000.00, 300000.00, 'Подтвержден', '2023-11-09', 209),
(210, 221, 122, 2023, 1110000.00, 810000.00, 300000.00, 'Отклонен', '2023-11-10', 210),
(211, 196, 252, 2023, 710000.00, 210000.00, 500000.00, 'Подтвержден', '2023-11-11', 211),
(212, 330, 135, 2023, 310000.00, 110000.00, 200000.00, 'В ожидании', '2023-11-12', 212),
(213, 134, 119, 2023, 510000.00, 260000.00, 250000.00, 'Отклонен', '2023-11-13', 213),
(214, 196, 234, 2023, 410000.00, 210000.00, 200000.00, 'Подтвержден', '2023-11-14', 214),
(215, 164, 107, 2023, 910000.00, 460000.00, 450000.00, 'В ожидании', '2023-11-15', 215),
(216, 327, 175, 2023, 1010000.00, 610000.00, 400000.00, 'Отклонен', '2023-11-16', 216),
(217, 164, 203, 2023, 1310000.00, 810000.00, 500000.00, 'Подтвержден', '2023-11-17', 217),
(218, 254, 189, 2023, 710000.00, 510000.00, 200000.00, 'В ожидании', '2023-11-18', 218),
(219, 204, 125, 2023, 810000.00, 310000.00, 500000.00, 'Отклонен', '2023-11-19', 219),
(220, 288, 257, 2023, 960000.00, 560000.00, 400000.00, 'Подтвержден', '2023-11-20', 220),
(221, 339, 202, 2023, 880000.00, 440000.00, 440000.00, 'В ожидании', '2023-11-21', 221),
(222, 234, 104, 2023, 1000000.00, 600000.00, 400000.00, 'Отклонен', '2023-11-22', 222),
(223, 261, 258, 2023, 610000.00, 210000.00, 400000.00, 'Подтвержден', '2023-11-23', 223),
(224, 350, 160, 2023, 460000.00, 160000.00, 300000.00, 'В ожидании', '2023-11-24', 224),
(225, 194, 140, 2023, 710000.00, 410000.00, 300000.00, 'Отклонен', '2023-11-25', 225),
(226, 251, 140, 2023, 510000.00, 260000.00, 250000.00, 'Подтвержден', '2023-11-26', 226),
(227, 220, 143, 2023, 810000.00, 410000.00, 400000.00, 'В ожидании', '2023-11-27', 227),
(228, 194, 146, 2023, 960000.00, 710000.00, 250000.00, 'Отклонен', '2023-11-28', 228),
(229, 200, 140, 2023, 1000000.00, 700000.00, 300000.00, 'Подтвержден', '2023-11-29', 229),
(230, 271, 173, 2023, 1210000.00, 910000.00, 300000.00, 'В ожидании', '2023-11-30', 230),
(231, 199, 241, 2023, 160000.00, 80000.00, 80000.00, 'Подтвержден', '2023-12-01', 231),
(232, 175, 120, 2023, 210000.00, 105000.00, 105000.00, 'В ожидании', '2023-12-02', 232),
(233, 302, 242, 2023, 310000.00, 155000.00, 155000.00, 'Отклонен', '2023-12-03', 233),
(234, 338, 193, 2023, 510000.00, 255000.00, 255000.00, 'Подтвержден', '2023-12-04', 234),
(235, 216, 110, 2023, 610000.00, 305000.00, 305000.00, 'В ожидании', '2023-12-05', 235),
(236, 110, 128, 2023, 110000.00, 45000.00, 65000.00, 'Подтвержден', '2023-12-06', 236),
(237, 274, 237, 2023, 810000.00, 510000.00, 300000.00, 'Отклонен', '2023-12-07', 237),
(238, 157, 122, 2023, 910000.00, 610000.00, 300000.00, 'В ожидании', '2023-12-08', 238),
(239, 204, 220, 2023, 1210000.00, 910000.00, 300000.00, 'Подтвержден', '2023-12-09', 239),
(240, 199, 141, 2023, 1110000.00, 810000.00, 300000.00, 'Отклонен', '2023-12-10', 240),
(241, 110, 152, 2023, 710000.00, 210000.00, 500000.00, 'Подтвержден', '2023-12-11', 241),
(242, 290, 108, 2023, 310000.00, 110000.00, 200000.00, 'В ожидании', '2023-12-12', 242),
(243, 328, 170, 2023, 510000.00, 260000.00, 250000.00, 'Отклонен', '2023-12-13', 243),
(244, 353, 230, 2023, 410000.00, 210000.00, 200000.00, 'Подтвержден', '2023-12-14', 244),
(245, 198, 120, 2023, 910000.00, 460000.00, 450000.00, 'В ожидании', '2023-12-15', 245),
(246, 176, 141, 2023, 1010000.00, 610000.00, 400000.00, 'Отклонен', '2023-12-16', 246),
(247, 216, 232, 2023, 1310000.00, 810000.00, 500000.00, 'Подтвержден', '2023-12-17', 247),
(248, 283, 119, 2023, 710000.00, 510000.00, 200000.00, 'В ожидании', '2023-12-18', 248),
(249, 191, 203, 2023, 810000.00, 310000.00, 500000.00, 'Отклонен', '2023-12-19', 249),
(250, 221, 179, 2023, 960000.00, 560000.00, 400000.00, 'Подтвержден', '2023-12-20', 250),
(251, 240, 167, 2023, 880000.00, 440000.00, 440000.00, 'В ожидании', '2023-12-21', 251),
(252, 314, 105, 2023, 1000000.00, 600000.00, 400000.00, 'Отклонен', '2023-12-22', 252),
(253, 138, 185, 2023, 610000.00, 210000.00, 400000.00, 'Подтвержден', '2023-12-23', 253),
(254, 168, 145, 2023, 460000.00, 160000.00, 300000.00, 'В ожидании', '2023-12-24', 254),
(255, 102, 149, 2023, 710000.00, 410000.00, 300000.00, 'Отклонен', '2023-12-25', 255),
(256, 180, 246, 2023, 510000.00, 260000.00, 250000.00, 'Подтвержден', '2023-12-26', 256),
(257, 193, 123, 2023, 810000.00, 410000.00, 400000.00, 'В ожидании', '2023-12-27', 257),
(258, 127, 153, 2023, 960000.00, 710000.00, 250000.00, 'Отклонен', '2023-12-28', 258),
(259, 130, 224, 2023, 1000000.00, 700000.00, 300000.00, 'Подтвержден', '2023-12-29', 259),
(260, 275, 202, 2023, 1210000.00, 910000.00, 300000.00, 'В ожидании', '2023-12-30', 260),
(261, 267, 196, 2023, 170000.00, 85000.00, 85000.00, 'Подтвержден', '2023-12-31', 261),
(262, 239, 122, 2023, 220000.00, 110000.00, 110000.00, 'В ожидании', '2023-12-31', 262),
(263, 210, 242, 2023, 320000.00, 160000.00, 160000.00, 'Отклонен', '2023-12-31', 263),
(264, 332, 190, 2023, 520000.00, 260000.00, 260000.00, 'Подтвержден', '2023-12-31', 264),
(265, 216, 104, 2023, 620000.00, 310000.00, 310000.00, 'В ожидании', '2023-12-31', 265),
(266, 335, 217, 2023, 120000.00, 50000.00, 70000.00, 'Подтвержден', '2023-12-31', 266),
(267, 337, 275, 2023, 820000.00, 520000.00, 300000.00, 'Отклонен', '2023-12-31', 267),
(268, 128, 201, 2023, 920000.00, 620000.00, 300000.00, 'В ожидании', '2023-12-31', 268),
(269, 137, 114, 2023, 1220000.00, 920000.00, 300000.00, 'Подтвержден', '2023-12-31', 269),
(270, 334, 234, 2023, 1120000.00, 820000.00, 300000.00, 'Отклонен', '2023-12-31', 270),
(271, 349, 104, 2023, 720000.00, 220000.00, 500000.00, 'Подтвержден', '2023-12-31', 271),
(272, 260, 152, 2023, 320000.00, 120000.00, 200000.00, 'В ожидании', '2023-12-31', 272),
(273, 175, 215, 2023, 520000.00, 270000.00, 250000.00, 'Отклонен', '2023-12-31', 273),
(274, 190, 280, 2023, 420000.00, 220000.00, 200000.00, 'Подтвержден', '2023-12-31', 274),
(275, 184, 232, 2023, 920000.00, 470000.00, 450000.00, 'В ожидании', '2023-12-31', 275),
(276, 305, 157, 2023, 1020000.00, 620000.00, 400000.00, 'Отклонен', '2023-12-31', 276),
(277, 361, 175, 2023, 1320000.00, 820000.00, 500000.00, 'Подтвержден', '2023-12-31', 277),
(278, 117, 185, 2023, 720000.00, 520000.00, 200000.00, 'В ожидании', '2023-12-31', 278),
(279, 347, 221, 2023, 820000.00, 320000.00, 500000.00, 'Отклонен', '2023-12-31', 279),
(280, 220, 190, 2023, 970000.00, 570000.00, 400000.00, 'Подтвержден', '2023-12-31', 280),
(281, 254, 184, 2023, 890000.00, 450000.00, 440000.00, 'В ожидании', '2023-12-31', 281),
(282, 149, 131, 2023, 1010000.00, 610000.00, 400000.00, 'Отклонен', '2023-12-31', 282),
(283, 235, 236, 2023, 620000.00, 220000.00, 400000.00, 'Подтвержден', '2023-12-31', 283),
(284, 361, 127, 2023, 470000.00, 170000.00, 300000.00, 'В ожидании', '2023-12-31', 284),
(285, 300, 169, 2023, 720000.00, 420000.00, 300000.00, 'Отклонен', '2023-12-31', 285),
(286, 146, 137, 2023, 520000.00, 270000.00, 250000.00, 'Подтвержден', '2023-12-31', 286),
(287, 361, 130, 2023, 820000.00, 420000.00, 400000.00, 'В ожидании', '2023-12-31', 287),
(288, 306, 115, 2023, 970000.00, 720000.00, 250000.00, 'Отклонен', '2023-12-31', 288),
(289, 337, 253, 2023, 1010000.00, 710000.00, 300000.00, 'Подтвержден', '2023-12-31', 289),
(290, 307, 215, 2023, 1220000.00, 920000.00, 300000.00, 'В ожидании', '2023-12-31', 290),
(291, 276, 246, 2023, 170000.00, 85000.00, 85000.00, 'Подтвержден', '2024-01-01', 291),
(292, 357, 164, 2023, 220000.00, 110000.00, 110000.00, 'В ожидании', '2024-01-01', 292),
(293, 122, 274, 2023, 320000.00, 160000.00, 160000.00, 'Отклонен', '2024-01-01', 293),
(294, 143, 166, 2023, 520000.00, 260000.00, 260000.00, 'Подтвержден', '2024-01-01', 294),
(295, 227, 252, 2023, 620000.00, 310000.00, 310000.00, 'В ожидании', '2024-01-01', 295),
(296, 256, 169, 2023, 120000.00, 50000.00, 70000.00, 'Подтвержден', '2024-01-01', 296),
(297, 279, 112, 2023, 820000.00, 520000.00, 300000.00, 'Отклонен', '2024-01-01', 297),
(298, 291, 130, 2023, 920000.00, 620000.00, 300000.00, 'В ожидании', '2024-01-01', 298),
(299, 190, 151, 2023, 1220000.00, 920000.00, 300000.00, 'Подтвержден', '2024-01-01', 299),
(300, 120, 238, 2023, 1120000.00, 820000.00, 300000.00, 'Отклонен', '2024-01-01', 300),
(301, 111, 272, 2024, 740000.00, 230000.00, 510000.00, 'Подтвержден', '2024-01-01', 301),
(302, 163, 178, 2024, 340000.00, 130000.00, 210000.00, 'В ожидании', '2024-01-01', 302),
(303, 154, 151, 2024, 540000.00, 280000.00, 260000.00, 'Отклонен', '2024-01-01', 303),
(304, 116, 205, 2024, 440000.00, 230000.00, 210000.00, 'Подтвержден', '2024-01-01', 304),
(305, 340, 215, 2024, 940000.00, 480000.00, 460000.00, 'В ожидании', '2024-01-01', 305),
(306, 342, 261, 2024, 1040000.00, 630000.00, 410000.00, 'Отклонен', '2024-01-01', 306),
(307, 129, 109, 2024, 1340000.00, 830000.00, 510000.00, 'Подтвержден', '2024-01-01', 307),
(308, 191, 213, 2024, 740000.00, 530000.00, 210000.00, 'В ожидании', '2024-01-01', 308),
(309, 292, 144, 2024, 840000.00, 330000.00, 510000.00, 'Отклонен', '2024-01-01', 309),
(310, 259, 177, 2024, 990000.00, 580000.00, 410000.00, 'Подтвержден', '2024-01-01', 310),
(311, 283, 132, 2024, 900000.00, 460000.00, 440000.00, 'В ожидании', '2024-01-01', 311),
(312, 148, 121, 2024, 1020000.00, 620000.00, 400000.00, 'Отклонен', '2024-01-01', 312),
(313, 254, 172, 2024, 630000.00, 230000.00, 400000.00, 'Подтвержден', '2024-01-01', 313),
(314, 117, 189, 2024, 480000.00, 180000.00, 300000.00, 'В ожидании', '2024-01-01', 314),
(315, 197, 134, 2024, 730000.00, 430000.00, 300000.00, 'Отклонен', '2024-01-01', 315),
(316, 226, 276, 2024, 530000.00, 280000.00, 250000.00, 'Подтвержден', '2024-01-01', 316),
(317, 241, 132, 2024, 830000.00, 430000.00, 400000.00, 'В ожидании', '2024-01-01', 317),
(318, 149, 216, 2024, 980000.00, 730000.00, 250000.00, 'Отклонен', '2024-01-01', 318),
(319, 168, 146, 2024, 1020000.00, 720000.00, 300000.00, 'Подтвержден', '2024-01-01', 319),
(320, 166, 121, 2024, 1230000.00, 930000.00, 300000.00, 'В ожидании', '2024-01-01', 320),
(321, 312, 146, 2024, 180000.00, 90000.00, 90000.00, 'Подтвержден', '2024-01-02', 321),
(322, 104, 140, 2024, 230000.00, 115000.00, 115000.00, 'В ожидании', '2024-01-02', 322),
(323, 296, 125, 2024, 330000.00, 165000.00, 165000.00, 'Отклонен', '2024-01-02', 323),
(324, 225, 221, 2024, 530000.00, 265000.00, 265000.00, 'Подтвержден', '2024-01-02', 324),
(325, 261, 180, 2024, 630000.00, 315000.00, 315000.00, 'В ожидании', '2024-01-02', 325),
(326, 267, 124, 2024, 130000.00, 55000.00, 75000.00, 'Подтвержден', '2024-01-02', 326),
(327, 213, 133, 2024, 830000.00, 530000.00, 300000.00, 'Отклонен', '2024-01-02', 327),
(328, 229, 255, 2024, 930000.00, 630000.00, 300000.00, 'В ожидании', '2024-01-02', 328),
(329, 145, 112, 2024, 1230000.00, 930000.00, 300000.00, 'Подтвержден', '2024-01-02', 329),
(330, 168, 244, 2024, 1130000.00, 830000.00, 300000.00, 'Отклонен', '2024-01-02', 330),
(331, 272, 253, 2024, 750000.00, 240000.00, 510000.00, 'Подтвержден', '2024-01-02', 331),
(332, 284, 106, 2024, 350000.00, 140000.00, 210000.00, 'В ожидании', '2024-01-02', 332),
(333, 128, 186, 2024, 550000.00, 290000.00, 260000.00, 'Отклонен', '2024-01-02', 333),
(334, 259, 246, 2024, 450000.00, 240000.00, 210000.00, 'Подтвержден', '2024-01-02', 334),
(335, 304, 253, 2024, 950000.00, 490000.00, 460000.00, 'В ожидании', '2024-01-02', 335),
(336, 136, 267, 2024, 1050000.00, 640000.00, 410000.00, 'Отклонен', '2024-01-02', 336),
(337, 316, 200, 2024, 1350000.00, 840000.00, 510000.00, 'Подтвержден', '2024-01-02', 337),
(338, 105, 252, 2024, 750000.00, 540000.00, 210000.00, 'В ожидании', '2024-01-02', 338),
(339, 127, 161, 2024, 850000.00, 340000.00, 510000.00, 'Отклонен', '2024-01-02', 339),
(340, 252, 265, 2024, 1000000.00, 590000.00, 410000.00, 'Подтвержден', '2024-01-02', 340),
(341, 327, 114, 2024, 910000.00, 470000.00, 440000.00, 'В ожидании', '2024-01-02', 341),
(342, 197, 104, 2024, 1030000.00, 630000.00, 400000.00, 'Отклонен', '2024-01-02', 342),
(343, 251, 208, 2024, 640000.00, 240000.00, 400000.00, 'Подтвержден', '2024-01-02', 343),
(344, 337, 249, 2024, 490000.00, 190000.00, 300000.00, 'В ожидании', '2024-01-02', 344),
(345, 185, 225, 2024, 740000.00, 440000.00, 300000.00, 'Отклонен', '2024-01-02', 345),
(346, 140, 245, 2024, 540000.00, 290000.00, 250000.00, 'Подтвержден', '2024-01-02', 346),
(347, 273, 160, 2024, 840000.00, 440000.00, 400000.00, 'В ожидании', '2024-01-02', 347),
(348, 253, 247, 2024, 990000.00, 740000.00, 250000.00, 'Отклонен', '2024-01-02', 348),
(349, 342, 141, 2024, 1030000.00, 730000.00, 300000.00, 'Подтвержден', '2024-01-02', 349),
(350, 141, 264, 2024, 1240000.00, 940000.00, 300000.00, 'В ожидании', '2024-01-02', 350),
(351, 342, 118, 2024, 185000.00, 92500.00, 92500.00, 'Подтвержден', '2024-01-03', 351),
(352, 160, 130, 2024, 240000.00, 120000.00, 120000.00, 'В ожидании', '2024-01-03', 352),
(353, 323, 228, 2024, 340000.00, 170000.00, 170000.00, 'Отклонен', '2024-01-03', 353),
(354, 362, 258, 2024, 540000.00, 270000.00, 270000.00, 'Подтвержден', '2024-01-03', 354),
(355, 214, 207, 2024, 640000.00, 320000.00, 320000.00, 'В ожидании', '2024-01-03', 355),
(356, 351, 193, 2024, 140000.00, 60000.00, 80000.00, 'Подтвержден', '2024-01-03', 356),
(357, 336, 126, 2024, 840000.00, 540000.00, 300000.00, 'Отклонен', '2024-01-03', 357),
(358, 151, 220, 2024, 940000.00, 640000.00, 300000.00, 'В ожидании', '2024-01-03', 358),
(359, 329, 135, 2024, 1240000.00, 940000.00, 300000.00, 'Подтвержден', '2024-01-03', 359),
(360, 347, 220, 2024, 1140000.00, 840000.00, 300000.00, 'Отклонен', '2024-01-03', 360),
(361, 264, 238, 2024, 760000.00, 250000.00, 510000.00, 'Подтвержден', '2024-01-03', 361),
(362, 332, 275, 2024, 360000.00, 150000.00, 210000.00, 'В ожидании', '2024-01-03', 362),
(363, 359, 163, 2024, 560000.00, 300000.00, 260000.00, 'Отклонен', '2024-01-03', 363),
(364, 150, 278, 2024, 460000.00, 250000.00, 210000.00, 'Подтвержден', '2024-01-03', 364),
(365, 131, 187, 2024, 960000.00, 500000.00, 460000.00, 'В ожидании', '2024-01-03', 365),
(366, 277, 141, 2024, 1060000.00, 650000.00, 410000.00, 'Отклонен', '2024-01-03', 366),
(367, 337, 170, 2024, 1360000.00, 850000.00, 510000.00, 'Подтвержден', '2024-01-03', 367),
(368, 109, 215, 2024, 760000.00, 550000.00, 210000.00, 'В ожидании', '2024-01-03', 368),
(369, 342, 166, 2024, 860000.00, 350000.00, 510000.00, 'Отклонен', '2024-01-03', 369),
(370, 244, 117, 2024, 1010000.00, 600000.00, 410000.00, 'Подтвержден', '2024-01-03', 370),
(371, 215, 109, 2024, 920000.00, 480000.00, 440000.00, 'В ожидании', '2024-01-03', 371),
(372, 359, 107, 2024, 1040000.00, 640000.00, 400000.00, 'Отклонен', '2024-01-03', 372),
(373, 226, 279, 2024, 650000.00, 250000.00, 400000.00, 'Подтвержден', '2024-01-03', 373),
(374, 359, 192, 2024, 500000.00, 200000.00, 300000.00, 'В ожидании', '2024-01-03', 374),
(375, 123, 187, 2024, 750000.00, 450000.00, 300000.00, 'Отклонен', '2024-01-03', 375),
(376, 202, 199, 2024, 560000.00, 300000.00, 260000.00, 'Подтвержден', '2024-01-03', 376),
(377, 205, 130, 2024, 860000.00, 450000.00, 410000.00, 'В ожидании', '2024-01-03', 377),
(378, 115, 140, 2024, 1010000.00, 750000.00, 260000.00, 'Отклонен', '2024-01-03', 378),
(379, 133, 228, 2024, 1040000.00, 740000.00, 300000.00, 'Подтвержден', '2024-01-03', 379),
(380, 252, 188, 2024, 1250000.00, 950000.00, 300000.00, 'В ожидании', '2024-01-03', 380),
(381, 276, 234, 2024, 190000.00, 95000.00, 95000.00, 'Подтвержден', '2024-01-04', 381),
(382, 124, 260, 2024, 250000.00, 125000.00, 125000.00, 'В ожидании', '2024-01-04', 382),
(383, 119, 151, 2024, 350000.00, 175000.00, 175000.00, 'Отклонен', '2024-01-04', 383),
(384, 143, 171, 2024, 550000.00, 275000.00, 275000.00, 'Подтвержден', '2024-01-04', 384),
(385, 357, 177, 2024, 650000.00, 325000.00, 325000.00, 'В ожидании', '2024-01-04', 385),
(386, 315, 127, 2024, 150000.00, 65000.00, 85000.00, 'Подтвержден', '2024-01-04', 386),
(387, 232, 164, 2024, 850000.00, 550000.00, 300000.00, 'Отклонен', '2024-01-04', 387),
(388, 214, 246, 2024, 950000.00, 650000.00, 300000.00, 'В ожидании', '2024-01-04', 388),
(389, 145, 243, 2024, 1250000.00, 950000.00, 300000.00, 'Подтвержден', '2024-01-04', 389),
(390, 196, 196, 2024, 1150000.00, 850000.00, 300000.00, 'Отклонен', '2024-01-04', 390),
(391, 195, 262, 2024, 760000.00, 250000.00, 510000.00, 'Подтвержден', '2024-01-04', 391),
(392, 174, 145, 2024, 360000.00, 150000.00, 210000.00, 'В ожидании', '2024-01-04', 392),
(393, 355, 197, 2024, 560000.00, 300000.00, 260000.00, 'Отклонен', '2024-01-04', 393),
(394, 203, 204, 2024, 460000.00, 250000.00, 210000.00, 'Подтвержден', '2024-01-04', 394),
(395, 110, 186, 2024, 960000.00, 500000.00, 460000.00, 'В ожидании', '2024-01-04', 395),
(396, 170, 189, 2024, 1060000.00, 650000.00, 410000.00, 'Отклонен', '2024-01-04', 396),
(397, 157, 121, 2024, 1360000.00, 850000.00, 510000.00, 'Подтвержден', '2024-01-04', 397),
(398, 159, 188, 2024, 760000.00, 550000.00, 210000.00, 'В ожидании', '2024-01-04', 398),
(399, 344, 130, 2024, 860000.00, 350000.00, 510000.00, 'Отклонен', '2024-01-04', 399),
(400, 169, 254, 2024, 1010000.00, 600000.00, 410000.00, 'Подтвержден', '2024-01-04', 400),
(401, 116, 251, 2024, 920000.00, 480000.00, 440000.00, 'В ожидании', '2024-01-05', 401),
(402, 121, 189, 2024, 1040000.00, 640000.00, 400000.00, 'Отклонен', '2024-01-05', 402),
(403, 300, 251, 2024, 650000.00, 250000.00, 400000.00, 'Подтвержден', '2024-01-05', 403),
(404, 253, 133, 2024, 500000.00, 200000.00, 300000.00, 'В ожидании', '2024-01-05', 404),
(405, 329, 236, 2024, 750000.00, 450000.00, 300000.00, 'Отклонен', '2024-01-05', 405),
(406, 284, 139, 2024, 560000.00, 300000.00, 260000.00, 'Подтвержден', '2024-01-05', 406),
(407, 219, 115, 2024, 860000.00, 450000.00, 410000.00, 'В ожидании', '2024-01-05', 407),
(408, 327, 228, 2024, 1010000.00, 750000.00, 260000.00, 'Отклонен', '2024-01-05', 408),
(409, 278, 262, 2024, 1040000.00, 740000.00, 300000.00, 'Подтвержден', '2024-01-05', 409),
(410, 305, 266, 2024, 1250000.00, 950000.00, 300000.00, 'В ожидании', '2024-01-05', 410),
(411, 107, 197, 2024, 195000.00, 97500.00, 97500.00, 'Подтвержден', '2024-01-05', 411),
(412, 135, 127, 2024, 260000.00, 130000.00, 130000.00, 'В ожидании', '2024-01-05', 412),
(413, 210, 219, 2024, 360000.00, 180000.00, 180000.00, 'Отклонен', '2024-01-05', 413),
(414, 256, 243, 2024, 560000.00, 280000.00, 280000.00, 'Подтвержден', '2024-01-05', 414),
(415, 281, 256, 2024, 660000.00, 330000.00, 330000.00, 'В ожидании', '2024-01-05', 415),
(416, 341, 188, 2024, 160000.00, 70000.00, 90000.00, 'Подтвержден', '2024-01-05', 416),
(417, 236, 173, 2024, 860000.00, 570000.00, 290000.00, 'Отклонен', '2024-01-05', 417),
(418, 212, 194, 2024, 960000.00, 670000.00, 290000.00, 'В ожидании', '2024-01-05', 418),
(419, 194, 102, 2024, 1260000.00, 970000.00, 290000.00, 'Подтвержден', '2024-01-05', 419),
(420, 316, 233, 2024, 1160000.00, 870000.00, 290000.00, 'Отклонен', '2024-01-05', 420),
(421, 257, 177, 2024, 780000.00, 270000.00, 510000.00, 'Подтвержден', '2024-01-05', 421),
(422, 357, 178, 2024, 380000.00, 160000.00, 220000.00, 'В ожидании', '2024-01-05', 422),
(423, 333, 244, 2024, 580000.00, 320000.00, 260000.00, 'Отклонен', '2024-01-05', 423),
(424, 223, 237, 2024, 480000.00, 270000.00, 210000.00, 'Подтвержден', '2024-01-05', 424),
(425, 203, 242, 2024, 980000.00, 520000.00, 460000.00, 'В ожидании', '2024-01-06', 425),
(426, 269, 192, 2024, 1080000.00, 680000.00, 400000.00, 'Отклонен', '2024-01-06', 426),
(427, 306, 181, 2024, 1380000.00, 870000.00, 510000.00, 'Подтвержден', '2024-01-06', 427),
(428, 172, 249, 2024, 780000.00, 570000.00, 210000.00, 'В ожидании', '2024-01-06', 428),
(429, 160, 124, 2024, 880000.00, 370000.00, 510000.00, 'Отклонен', '2024-01-06', 429),
(430, 299, 152, 2024, 1030000.00, 620000.00, 410000.00, 'Подтвержден', '2024-01-06', 430),
(431, 270, 216, 2024, 940000.00, 500000.00, 440000.00, 'В ожидании', '2024-01-06', 431),
(432, 133, 242, 2024, 1060000.00, 660000.00, 400000.00, 'Отклонен', '2024-01-06', 432),
(433, 358, 148, 2024, 670000.00, 270000.00, 400000.00, 'Подтвержден', '2024-01-06', 433),
(434, 280, 235, 2024, 520000.00, 220000.00, 300000.00, 'В ожидании', '2024-01-06', 434),
(435, 234, 239, 2024, 770000.00, 470000.00, 300000.00, 'Отклонен', '2024-01-06', 435),
(436, 157, 197, 2024, 580000.00, 320000.00, 260000.00, 'Подтвержден', '2024-01-06', 436),
(437, 328, 169, 2024, 880000.00, 480000.00, 400000.00, 'В ожидании', '2024-01-06', 437),
(438, 277, 132, 2024, 1030000.00, 770000.00, 260000.00, 'Отклонен', '2024-01-06', 438),
(439, 183, 271, 2024, 1060000.00, 760000.00, 300000.00, 'Подтвержден', '2024-01-06', 439),
(440, 109, 108, 2024, 1270000.00, 970000.00, 300000.00, 'В ожидании', '2024-01-06', 440),
(441, 117, 246, 2024, 200000.00, 100000.00, 100000.00, 'Подтвержден', '2024-01-07', 441),
(442, 142, 103, 2024, 270000.00, 135000.00, 135000.00, 'В ожидании', '2024-01-07', 442),
(443, 313, 110, 2024, 370000.00, 185000.00, 185000.00, 'Отклонен', '2024-01-07', 443),
(444, 362, 268, 2024, 570000.00, 285000.00, 285000.00, 'Подтвержден', '2024-01-07', 444),
(445, 111, 199, 2024, 670000.00, 335000.00, 335000.00, 'В ожидании', '2024-01-07', 445),
(446, 321, 259, 2024, 170000.00, 75000.00, 95000.00, 'Подтвержден', '2024-01-07', 446),
(447, 353, 241, 2024, 870000.00, 590000.00, 280000.00, 'Отклонен', '2024-01-07', 447),
(448, 224, 138, 2024, 970000.00, 690000.00, 280000.00, 'В ожидании', '2024-01-07', 448),
(449, 244, 203, 2024, 1270000.00, 990000.00, 280000.00, 'Подтвержден', '2024-01-07', 449),
(450, 333, 166, 2024, 1170000.00, 890000.00, 280000.00, 'Отклонен', '2024-01-07', 450),
(451, 153, 263, 2024, 800000.00, 290000.00, 510000.00, 'Подтвержден', '2024-01-07', 451),
(452, 333, 132, 2024, 400000.00, 180000.00, 220000.00, 'В ожидании', '2024-01-07', 452),
(453, 265, 219, 2024, 600000.00, 340000.00, 260000.00, 'Отклонен', '2024-01-07', 453),
(454, 222, 190, 2024, 500000.00, 280000.00, 220000.00, 'Подтвержден', '2024-01-07', 454),
(455, 105, 164, 2024, 1000000.00, 540000.00, 460000.00, 'В ожидании', '2024-01-07', 455),
(456, 106, 190, 2024, 1100000.00, 700000.00, 400000.00, 'Отклонен', '2024-01-07', 456),
(457, 313, 164, 2024, 1400000.00, 900000.00, 500000.00, 'Подтвержден', '2024-01-07', 457),
(458, 190, 211, 2024, 800000.00, 590000.00, 210000.00, 'В ожидании', '2024-01-07', 458),
(459, 358, 242, 2024, 900000.00, 390000.00, 510000.00, 'Отклонен', '2024-01-07', 459),
(460, 207, 101, 2024, 1050000.00, 640000.00, 410000.00, 'Подтвержден', '2024-01-07', 460);
