CREATE TABLE Clients (
    ClientID INT PRIMARY KEY,
    Name VARCHAR(255),
    ContactName VARCHAR(255),
    Phone VARCHAR(20),
    Email VARCHAR(255),
    Address VARCHAR(255),
    City VARCHAR(100),
    PostalCode VARCHAR(20),
    Country VARCHAR(100),
    RegistrationDate DATE
);

CREATE TABLE Suppliers (
    SupplierID INT PRIMARY KEY,
    Name VARCHAR(255),
    ContactName VARCHAR(255),
    Phone VARCHAR(20),
    Email VARCHAR(255),
    Address VARCHAR(255),
    City VARCHAR(100),
    PostalCode VARCHAR(20),
    Country VARCHAR(100),
    Rating INT
);

CREATE TABLE Products (
    ProductID INT PRIMARY KEY,
    Name VARCHAR(255),
    SupplierID INT,
    Category VARCHAR(100),
    UnitPrice DECIMAL(10, 2),
    StockQuantity INT,
    ReorderLevel INT,
    Discontinued BOOLEAN,
    FOREIGN KEY (SupplierID) REFERENCES Suppliers(SupplierID)
);

CREATE TABLE Orders (
    OrderID INT PRIMARY KEY,
    ClientID INT,
    OrderDate DATE,
    RequiredDate DATE,
    ShippedDate DATE,
    Status VARCHAR(50),
    TotalAmount DECIMAL(10, 2),
    FOREIGN KEY (ClientID) REFERENCES Clients(ClientID)
);

CREATE TABLE OrderDetails (
    OrderDetailID INT PRIMARY KEY,
    OrderID INT,
    ProductID INT,
    Quantity INT,
    UnitPrice DECIMAL(10, 2),
    Discount DECIMAL(5, 2),
    FOREIGN KEY (OrderID) REFERENCES Orders(OrderID),
    FOREIGN KEY (ProductID) REFERENCES Products(ProductID)
);

CREATE TABLE Employees (
    EmployeeID INT PRIMARY KEY,
    FirstName VARCHAR(255),
    LastName VARCHAR(255),
    Title VARCHAR(100),
    BirthDate DATE,
    HireDate DATE,
    Address VARCHAR(255),
    City VARCHAR(100),
    PostalCode VARCHAR(20),
    Country VARCHAR(100)
);

CREATE TABLE Shippers (
    ShipperID INT PRIMARY KEY,
    Name VARCHAR(255),
    Phone VARCHAR(20),
    Email VARCHAR(255),
    Address VARCHAR(255),
    City VARCHAR(100),
    PostalCode VARCHAR(20),
    Country VARCHAR(100),
    Rating INT
);

CREATE TABLE Shipments (
    ShipmentID INT PRIMARY KEY,
    OrderID INT,
    ShipperID INT,
    ShipmentDate DATE,
    DeliveryDate DATE,
    Status VARCHAR(50),
    TrackingNumber VARCHAR(100),
    FOREIGN KEY (OrderID) REFERENCES Orders(OrderID),
    FOREIGN KEY (ShipperID) REFERENCES Shippers(ShipperID)
);

CREATE TABLE Warehouses (
    WarehouseID INT PRIMARY KEY,
    Name VARCHAR(255),
    Address VARCHAR(255),
    City VARCHAR(100),
    PostalCode VARCHAR(20),
    Country VARCHAR(100),
    Capacity INT,
    ManagerID INT,
    FOREIGN KEY (ManagerID) REFERENCES Employees(EmployeeID)
);

CREATE TABLE Inventory (
    InventoryID INT PRIMARY KEY,
    WarehouseID INT,
    ProductID INT,
    Quantity INT,
    LastUpdated DATE,
    FOREIGN KEY (WarehouseID) REFERENCES Warehouses(WarehouseID),
    FOREIGN KEY (ProductID) REFERENCES Products(ProductID)
);

CREATE TABLE Routes (
    RouteID INT PRIMARY KEY,
    StartLocation VARCHAR(255),
    EndLocation VARCHAR(255),
    Distance DECIMAL(10, 2),
    EstimatedTime TIME,
    Status VARCHAR(50),
    ShipperID INT,
    FOREIGN KEY (ShipperID) REFERENCES Shippers(ShipperID)
);

CREATE TABLE Vehicles (
    VehicleID INT PRIMARY KEY,
    LicensePlate VARCHAR(20),
    Model VARCHAR(100),
    Capacity INT,
    Status VARCHAR(50),
    ShipperID INT,
    FOREIGN KEY (ShipperID) REFERENCES Shippers(ShipperID)
);

CREATE TABLE Deliveries (
    DeliveryID INT PRIMARY KEY,
    ShipmentID INT,
    VehicleID INT,
    DeliveryDate DATE,
    Status VARCHAR(50),
    FOREIGN KEY (ShipmentID) REFERENCES Shipments(ShipmentID),
    FOREIGN KEY (VehicleID) REFERENCES Vehicles(VehicleID)
);

CREATE TABLE Payments (
    PaymentID INT PRIMARY KEY,
    OrderID INT,
    PaymentDate DATE,
    Amount DECIMAL(10, 2),
    PaymentMethod VARCHAR(50),
    Status VARCHAR(50),
    FOREIGN KEY (OrderID) REFERENCES Orders(OrderID)
);

CREATE TABLE `Returns` (
    ReturnID INT PRIMARY KEY,
    OrderID INT,
    ProductID INT,
    ReturnDate DATE,
    Quantity INT,
    Reason VARCHAR(255),
    Status VARCHAR(50),
    FOREIGN KEY (OrderID) REFERENCES Orders(OrderID),
    FOREIGN KEY (ProductID) REFERENCES Products(ProductID)
);


INSERT INTO Clients (ClientID, Name, ContactName, Phone, Email, Address, City, PostalCode, Country, RegistrationDate) VALUES 
(1, 'ООО Рога и Копыта', 'Иван Иванов', '+7-495-123-45-67', 'ivanov@example.com', 'ул. Ленина, д. 1', 'Москва', '101000', 'Россия', '2022-01-10'),
(2, 'ЗАО Пупкин и Ко', 'Петр Петров', '+7-812-234-56-78', 'petrov@example.com', 'ул. Садовая, д. 2', 'Санкт-Петербург', '190000', 'Россия', '2022-01-15'),
(3, 'ИП Сидоров', 'Алексей Сидоров', '+7-495-345-67-89', 'sidorov@example.com', 'пр-т Мира, д. 3', 'Москва', '101010', 'Россия', '2022-02-01'),
(4, 'ООО Белый кролик', 'Мария Смирнова', '+7-4862-789-01-23', 'smirnova@example.com', 'ул. Кирова, д. 4', 'Тула', '300000', 'Россия', '2022-02-15'),
(5, 'ЧП Цветы и дети', 'Наталья Федорова', '+7-495-567-89-01', 'fedorova@example.com', 'ул. Молодежная, д. 5', 'Москва', '123456', 'Россия', '2022-03-01'),
(6, 'АО Газпром', 'Дмитрий Медведев', '+7-495-678-90-12', 'medvedev@example.com', 'ул. Пресненская, д. 6', 'Москва', '123457', 'Россия', '2022-03-10'),
(7, 'ЗАО Солнышко', 'Ольга Кузнецова', '+7-495-789-01-34', 'kuznetsova@example.com', 'ул. Большая, д. 7', 'Екатеринбург', '620000', 'Россия', '2022-03-15'),
(8, 'ИП Коротков', 'Виктор Коротков', '+7-831-123-45-67', 'korotkov@example.com', 'ул. Пушкина, д. 8', 'Нижний Новгород', '603000', 'Россия', '2022-04-01'),
(9, 'ООО Поларис', 'Светлана Иванова', '+7-383-234-56-78', 'ivanova@example.com', 'ул. Светлая, д. 9', 'Новосибирск', '630000', 'Россия', '2022-04-15'),
(10, 'ЧП Летний бриз', 'Анна Васильева', '+7-3952-345-67-89', 'vasilieva@example.com', 'ул. Горького, д. 10', 'Иркутск', '664000', 'Россия', '2022-05-01'),
(11, 'АО Нива', 'Михаил Зайцев', '+7-4212-456-78-90', 'zaitsev@example.com', 'ул. Байкальская, д. 11', 'Хабаровск', '680000', 'Россия', '2022-05-10'),
(12, 'ООО Парус', 'Екатерина Морозова', '+7-812-567-89-01', 'morozova@example.com', 'ул. Морская, д. 12', 'Санкт-Петербург', '197000', 'Россия', '2022-05-15'),
(13, 'ИП Стрелец', 'Ярослав Козлов', '+7-495-678-90-12', 'kozlov@example.com', 'ул. Кантемировская, д. 13', 'Москва', '125000', 'Россия', '2022-06-01'),
(14, 'ООО Шоколад', 'Полина Соколова', '+7-3512-789-01-23', 'sokolova@example.com', 'Сосновая улица, д. 14', 'Челябинск', '454000', 'Россия', '2022-06-15'),
(15, 'ЗАО Кедр', 'Артур Голубев', '+7-846-123-45-67', 'golubev@example.com', 'ул. Школьная, д. 15', 'Самара', '443000', 'Россия', '2022-07-01'),
(16, 'ЧП Облака', 'Юлия Орлова', '+7-343-234-56-78', 'orlova@example.com', 'ул. Лермонтова, д. 16', 'Екатеринбург', '620040', 'Россия', '2022-07-15'),
(17, 'АО Нева', 'Василий Ершов', '+7-342-345-67-89', 'ershov@example.com', 'ул. Куйбышева, д. 17', 'Пермь', '614000', 'Россия', '2022-08-01'),
(18, 'ООО Алмаз', 'Галина Николаева', '+7-861-456-78-90', 'nikolaeva@example.com', 'улица Рубинштейна, д. 18', 'Краснодар', '350000', 'Россия', '2022-08-10'),
(19, 'ЗАО Юкон', 'Ирина Фомина', '+7-499-567-89-01', 'fomina@example.com', 'ул. Петровская, д. 19', 'Москва', '101020', 'Россия', '2022-08-20'),
(20, 'ИП Ветерок', 'Олег Надеждин', '+7-3952-678-90-12', 'nadezhdin@example.com', 'пр. Космонавтов, д. 20', 'Иркутск', '664020', 'Россия', '2022-09-01'),
(21, 'ЗАО Луч', 'Вера Каменева', '+7-3512-123-45-67', 'kameneva@example.com', 'ул. Труда, д. 21', 'Челябинск', '454800', 'Россия', '2022-09-10'),
(22, 'ООО Монолит', 'Константин Миронов', '+7-861-234-56-78', 'mironov@example.com', 'ул. Ленина, д. 22', 'Краснодар', '350900', 'Россия', '2022-09-15'),
(23, 'ИП Наталия', 'Наталия Боброва', '+7-495-345-67-89', 'bobrova@example.com', 'ул. Горького, д. 23', 'Москва', '123876', 'Россия', '2022-10-01'),
(24, 'ЧП Аврора', 'Максим Саньков', '+7-499-456-78-90', 'sankov@example.com', 'ул. Профсоюзная, д. 24', 'Москва', '117000', 'Россия', '2022-10-15'),
(25, 'АО Металлургия', 'Андрей Игнатов', '+7-831-567-89-01', 'ignatov@example.com', 'ул. Смирнова, д. 25', 'Нижний Новгород', '603005', 'Россия', '2022-11-01'),
(26, 'ООО Жемчуг', 'Карина Белова', '+7-383-678-90-12', 'belova@example.com', 'ул. Кирова, д. 26', 'Новосибирск', '630050', 'Россия', '2022-11-10'),
(27, 'ЗАО Форум', 'Тимофей Кириллов', '+7-495-123-01-23', 'kirillov@example.com', 'ул. Советская, д. 27', 'Москва', '123123', 'Россия', '2022-11-20'),
(28, 'ИП Бизнес-М', 'Роман Чернов', '+7-812-234-56-78', 'chernov@example.com', 'ул. Победы, д. 28', 'Санкт-Петербург', '190001', 'Россия', '2022-12-01'),
(29, 'ООО Вояж', 'Ксения Никифорова', '+7-846-345-67-89', 'nikiforova@example.com', 'ул. Центральная, д. 29', 'Самара', '443110', 'Россия', '2022-12-10'),
(30, 'ЗАО Олень', 'Николай Дмитриев', '+7-343-456-78-90', 'dmitriev@example.com', 'ул. Варавсина, д. 30', 'Екатеринбург', '620077', 'Россия', '2023-01-01'),
(31, 'ИП Виктория', 'Юрий Жданов', '+7-342-567-89-01', 'zhdanov@example.com', 'ул. Пушкина, д. 31', 'Пермь', '614070', 'Россия', '2023-01-15'),
(32, 'ООО Радость', 'Татьяна Ланцова', '+7-861-678-90-12', 'lantsova@example.com', 'ул. Победы, д. 32', 'Краснодар', '350080', 'Россия', '2023-02-01'),
(33, 'ЗАО Архангел', 'Александра Матвеева', '+7-4872-123-45-67', 'matveeva@example.com', 'ул. Славы, д. 33', 'Тула', '300021', 'Россия', '2023-02-15'),
(34, 'ИП Галант', 'Лидия Киселева', '+7-812-234-56-78', 'kiseleva@example.com', 'ул. Якиманка, д. 34', 'Санкт-Петербург', '197101', 'Россия', '2023-03-01'),
(35, 'ООО Платформа', 'Тамара Новикова', '+7-495-345-67-89', 'novikova@example.com', 'ул. Цветочная, д. 35', 'Москва', '125009', 'Россия', '2023-03-15'),
(36, 'ЗАО Букет', 'Яна Руднева', '+7-3512-456-78-90', 'rudneva@example.com', 'ул. Октябрьская, д. 36', 'Челябинск', '454113', 'Россия', '2023-04-01'),
(37, 'ЧП Эдем', 'Марта Зорина', '+7-846-567-89-01', 'zorina@example.com', 'ул. Краснознаменная, д. 37', 'Самара', '443120', 'Россия', '2023-04-10'),
(38, 'АО Зенит', 'Андреев Вадим', '+7-831-678-90-12', 'andreev@example.com', 'ул. Академическая, д. 38', 'Нижний Новгород', '603020', 'Россия', '2023-04-15'),
(39, 'ООО Зодиак', 'Кристина Дьячкова', '+7-383-123-45-67', 'dyachkova@example.com', 'ул. Ушакова, д. 39', 'Новосибирск', '630064', 'Россия', '2023-05-01'),
(40, 'ЗАО Веста', 'Геннадий Жуков', '+7-495-234-56-78', 'zhukov@example.com', 'ул. Кировская, д. 40', 'Москва', '101021', 'Россия', '2023-05-10'),
(41, 'ИП Ветер', 'Светлана Кирсанова', '+7-499-345-67-89', 'kirsanova@example.com', 'ул. Лугова, д. 41', 'Москва', '117547', 'Россия', '2023-05-15'),
(42, 'ЧП Персик', 'Леонид Беспалов', '+7-831-456-78-90', 'bespalov@example.com', 'ул. Красная, д. 42', 'Нижний Новгород', '603038', 'Россия', '2023-06-01'),
(43, 'ООО Бриз', 'Оксана Маркова', '+7-383-567-89-01', 'markova@example.com', 'ул. Каменская, д. 43', 'Новосибирск', '630069', 'Россия', '2023-06-10'),
(44, 'ЗАО Север', 'Евгений Мухин', '+7-495-678-90-12', 'mukhin@example.com', 'ул. Вавилова, д. 44', 'Москва', '102000', 'Россия', '2023-06-15'),
(45, 'ИП Чайка', 'Маргарита Сазонова', '+7-499-123-01-23', 'sazonova@example.com', 'ул. Вокзальная, д. 45', 'Москва', '101022', 'Россия', '2023-07-01'),
(46, 'ООО Эльбрус', 'Виктор Павлов', '+7-846-234-56-78', 'pavlov@example.com', 'ул. Колесникова, д. 46', 'Самара', '443130', 'Россия', '2023-07-10'),
(47, 'ЗАО Рассвет', 'Мила Пономаренко', '+7-342-345-67-89', 'ponomarenko@example.com', 'ул. Челюскинцев, д. 47', 'Пермь', '614090', 'Россия', '2023-07-15'),
(48, 'ЧП Эдельвейс', 'Ольга Савельева', '+7-861-456-78-90', 'savelyeva@example.com', 'ул. Наследникова, д. 48', 'Краснодар', '350100', 'Россия', '2023-08-01'),
(49, 'АО Позитив', 'Егор Фролов', '+7-495-567-89-01', 'frolov@example.com', 'ул. Севастопольская, д. 49', 'Москва', '101023', 'Россия', '2023-08-10'),
(50, 'ООО Конкордия', 'Лариса Фомина', '+7-812-678-90-12', 'fominal@example.com', 'ул. Репина, д. 50', 'Санкт-Петербург', '190901', 'Россия', '2023-08-15'),
(51, 'ЗАО Модус', 'Федор Гущин', '+7-831-123-45-67', 'guschin@example.com', 'ул. Новая, д. 51', 'Нижний Новгород', '603025', 'Россия', '2023-09-01'),
(52, 'ИП Иридий', 'Марина Елисеева', '+7-383-234-56-78', 'eliseeva@example.com', 'ул. Подснежников, д. 52', 'Новосибирск', '630050', 'Россия', '2023-09-10'),
(53, 'ООО Осенняя запись', 'Степан Акимов', '+7-3512-345-67-89', 'akimov@example.com', 'ул. Молодогвардейцев, д. 53', 'Челябинск', '454132', 'Россия', '2023-09-15'),
(54, 'ЗАО Восток', 'Валентина Пахомова', '+7-495-456-78-90', 'pakhomova@example.com', 'ул. Победы, д. 54', 'Москва', '104000', 'Россия', '2023-10-01'),
(55, 'ИП Парусник', 'Алиса Демидова', '+7-499-567-89-01', 'demidova@example.com', 'ул. Ленина, д. 55', 'Москва', '105000', 'Россия', '2023-10-10'),
(56, 'ЧП Эпсилон', 'Илья Титов', '+7-831-678-90-12', 'titov@example.com', 'ул. Макарова, д. 56', 'Нижний Новгород', '603040', 'Россия', '2023-10-15'),
(57, 'ООО Лукоморье', 'Виолетта Зыкова', '+7-383-123-01-23', 'zykova@example.com', 'ул. Лесная, д. 57', 'Новосибирск', '630040', 'Россия', '2023-11-01'),
(58, 'ЗАО Яшма', 'Наталия Юдина', '+7-495-234-56-78', 'yudina@example.com', 'ул. Новгородская, д. 58', 'Москва', '106000', 'Россия', '2023-11-10'),
(59, 'ИП Блик', 'Николай Орлов', '+7-499-345-67-89', 'orlov@example.com', 'ул. Кирпичная, д. 59', 'Москва', '107000', 'Россия', '2023-11-15'),
(60, 'ЧП Свет', 'Сергей Лыков', '+7-846-456-78-90', 'lykov@example.com', 'ул. Пушкинская, д. 60', 'Самара', '443112', 'Россия', '2023-12-01'),
(61, 'ЗАО Зарница', 'Евгения Гончарова', '+7-342-567-89-01', 'goncharova@example.com', 'ул. Сонная, д. 61', 'Пермь', '614023', 'Россия', '2023-12-10'),
(62, 'АО Орион', 'Лукьян Семенов', '+7-861-678-90-12', 'semenov@example.com', 'ул. Кузнечная, д. 62', 'Краснодар', '350120', 'Россия', '2023-12-15'),
(63, 'ООО Броня', 'Алиса Цветкова', '+7-495-123-45-67', 'cvetkova@example.com', 'ул. Григоровская, д. 63', 'Москва', '108000', 'Россия', '2024-01-01'),
(64, 'ЧП Прикольный', 'Аркадий Грачев', '+7-812-234-56-78', 'grachev@example.com', 'ул. Закардонная, д. 64', 'Санкт-Петербург', '193000', 'Россия', '2024-01-10'),
(65, 'ЗАО Саблина', 'Цветана Иларионова', '+7-831-345-67-89', 'ilarionova@example.com', 'ул. Чапаева, д. 65', 'Нижний Новгород', '603060', 'Россия', '2024-01-15'),
(66, 'ИП Экспресс', 'Ярослав Федоров', '+7-383-456-78-90', 'fedorov@example.com', 'ул. Завидная, д. 66', 'Новосибирск', '630111', 'Россия', '2024-02-01'),
(67, 'ООО Игуана', 'Алина Корнеева', '+7-495-567-89-01', 'korneeva@example.com', 'ул. Октябрьская, д. 67', 'Москва', '109000', 'Россия', '2024-02-10'),
(68, 'ЧП Эридан', 'Иван Попов', '+7-499-678-90-12', 'popov@example.com', 'ул. Чистопольская, д. 68', 'Москва', '110000', 'Россия', '2024-02-15'),
(69, 'ЗАО Вершина', 'Ангелина Мишёева', '+7-846-123-01-23', 'misheeva@example.com', 'ул. Высокая, д. 69', 'Самара', '443150', 'Россия', '2024-03-01'),
(70, 'ИП Гармония', 'Полина Игнатьева', '+7-342-234-56-78', 'ignateva@example.com', 'ул. Ровная, д. 70', 'Пермь', '614040', 'Россия', '2024-03-10'),
(71, 'ООО Патриёт', 'Владимир Платонов', '+7-861-345-67-89', 'platonov@example.com', 'ул. Огоньков, д. 71', 'Краснодар', '350130', 'Россия', '2024-03-15'),
(72, 'ЧП Атлант', 'Надежда Будина', '+7-495-456-78-90', 'budina@example.com', 'ул. Лунева, д. 72', 'Москва', '111000', 'Россия', '2024-04-01'),
(73, 'ЗАО Посейдон', 'Галина Рожкова', '+7-499-567-89-01', 'rozhkova@example.com', 'ул. Гурьевская, д. 73', 'Москва', '112000', 'Россия', '2024-04-10'),
(74, 'АО Оазис', 'Глеб Степанов', '+7-831-678-90-12', 'stepanov@example.com', 'ул. Малая, д. 74', 'Нижний Новгород', '603080', 'Россия', '2024-04-15'),
(75, 'ООО Армада', 'Мария Андреева', '+7-383-123-01-23', 'andreeva@example.com', 'ул. Конечная, д. 75', 'Новосибирск', '630099', 'Россия', '2024-05-01'),
(76, 'ЧП Танго', 'Александр Лебедев', '+7-495-234-56-78', 'lebedev@example.com', 'ул. Руставели, д. 76', 'Москва', '113000', 'Россия', '2024-05-10'),
(77, 'ЗАО Обелиск', 'Дарья Афанасьева', '+7-499-345-67-89', 'afanasyeva@example.com', 'ул. Северная, д. 77', 'Москва', '114000', 'Россия', '2024-05-15'),
(78, 'ИП Мираж', 'Георгий Овсянников', '+7-846-456-78-90', 'ovsyannikov@example.com', 'ул. Измайлова, д. 78', 'Самара', '443160', 'Россия', '2024-06-01'),
(79, 'ОАО Пиаф', 'Тимур Карпов', '+7-342-567-89-01', 'karpov@example.com', 'ул. Пограничная, д. 79', 'Пермь', '614050', 'Россия', '2024-06-10'),
(80, 'ООО Маяк', 'Михаил Шумов', '+7-861-678-90-12', 'shumov@example.com', 'ул. Береговая, д. 80', 'Краснодар', '350140', 'Россия', '2024-06-15'),
(81, 'ЧП Рекорд', 'Анна Ушакова', '+7-495-123-45-67', 'ushakova@example.com', 'ул. Пирогова, д. 81', 'Москва', '115000', 'Россия', '2024-07-01'),
(82, 'ЗАО Орленок', 'Ольга Киселева', '+7-499-234-56-78', 'okiseleva@example.com', 'ул. Парижской Коммуны, д. 82', 'Москва', '116000', 'Россия', '2024-07-10'),
(83, 'АО Планета', 'Всеволод Березин', '+7-831-345-67-89', 'berezin@example.com', 'ул. Есенина, д. 83', 'Нижний Новгород', '603100', 'Россия', '2024-07-15'),
(84, 'ООО Лидер', 'Николай Павлов', '+7-383-456-78-90', 'npavlov@example.com', 'ул. Жукова, д. 84', 'Новосибирск', '630055', 'Россия', '2024-08-01'),
(85, 'ИП Барс', 'Изабелла Куликова', '+7-495-567-89-01', 'kulikova@example.com', 'ул. Андреева, д. 85', 'Москва', '117000', 'Россия', '2024-08-10'),
(86, 'ЧП Прометей', 'Олег Ерофеев', '+7-499-678-90-12', 'erofeyev@example.com', 'ул. Харитонова, д. 86', 'Москва', '118000', 'Россия', '2024-08-15'),
(87, 'ЗАО Стрела', 'Давид Федотов', '+7-846-123-01-23', 'fedotov@example.com', 'ул. Речная, д. 87', 'Самара', '443170', 'Россия', '2024-09-01'),
(88, 'ИП Утро', 'Людмила Кузьмина', '+7-342-234-56-78', 'kuzmina@example.com', 'ул. Радужная, д. 88', 'Пермь', '614091', 'Россия', '2024-09-10'),
(89, 'ООО Континент', 'Ирина Савченко', '+7-861-345-67-89', 'savchenko@example.com', 'ул. Соборная, д. 89', 'Краснодар', '350150', 'Россия', '2024-09-15'),
(90, 'ЧП Вега', 'Вадим Вихров', '+7-495-456-78-90', 'vikhrov@example.com', 'ул. Каретный ряд, д. 90', 'Москва', '119000', 'Россия', '2024-10-01'),
(91, 'ЗАО Вселенная', 'Алиса Короткова', '+7-499-567-89-01', 'korotkova@example.com', 'ул. Некрасова, д. 91', 'Москва', '120000', 'Россия', '2024-10-10'),
(92, 'АО Голубка', 'Владимир Новоселов', '+7-831-678-90-12', 'novoselov@example.com', 'ул. Смородиновая, д. 92', 'Нижний Новгород', '603120', 'Россия', '2024-10-15'),
(93, 'ООО Альфа', 'Макарка Захаров', '+7-383-123-01-23', 'zaharov@example.com', 'ул. Бульвар Строителей, д. 93', 'Новосибирск', '630041', 'Россия', '2024-11-01'),
(94, 'ИП Азимут', 'Тамара Суркова', '+7-495-234-56-78', 'surkova@example.com', 'ул. Львовская, д. 94', 'Москва', '121000', 'Россия', '2024-11-10'),
(95, 'ЧП Тайга', 'Юлия Андреева', '+7-499-345-67-89', 'yandreeva@example.com', 'ул. Соловьиная, д. 95', 'Москва', '122000', 'Россия', '2024-11-15'),
(96, 'ЗАО Пегас', 'Марк Мельников', '+7-846-456-78-90', 'melnikov@example.com', 'ул. Защитников, д. 96', 'Самара', '443180', 'Россия', '2024-12-01'),
(97, 'ИП Троицкий', 'Георгий Варламов', '+7-342-567-89-01', 'varlamov@example.com', 'ул. Дачная, д. 97', 'Пермь', '614100', 'Россия', '2024-12-10'),
(98, 'АО Рус', 'Анастасия Щербакова', '+7-861-678-90-12', 'sherbakova@example.com', 'ул. Лушинская, д. 98', 'Краснодар', '350160', 'Россия', '2024-12-15'),
(99, 'ООО Смена', 'Степан Калугин', '+7-495-123-45-67', 'kalugin@example.com', 'ул. Крайняя, д. 99', 'Москва', '123000', 'Россия', '2025-01-01'),
(100, 'ЧП Вихрь', 'Лев Андрианов', '+7-812-234-56-78', 'andrianov@example.com', 'ул. Грушевая, д. 100', 'Санкт-Петербург', '194000', 'Россия', '2025-01-10'),
(101, 'ИП Калина', 'Алевтина Белова', '+7-342-678-12-34', 'belova@example.com', 'ул. Зеленая, д. 101', 'Пермь', '614078', 'Россия', '2025-01-15'),
(102, 'ЗАО Артель', 'Артем Сидоров', '+7-499-987-65-43', 'sidorov@example.com', 'ул. Снайперская, д. 102', 'Москва', '125009', 'Россия', '2025-02-01'),
(103, 'ООО Лагуна', 'Виктория Озерова', '+7-495-876-54-32', 'ozerova@example.com', 'ул. Вишневая, д. 103', 'Москва', '125200', 'Россия', '2025-02-10'),
(104, 'ЧП Авеню', 'Георгий Искрин', '+7-812-234-67-89', 'iskrin@example.com', 'ул. Севастопольская, д. 104', 'Санкт-Петербург', '194020', 'Россия', '2025-02-15'),
(105, 'ЗАО Авангард', 'Мария Соловьева', '+7-495-543-21-98', 'soloveva@example.com', 'ул. Радонежская, д. 105', 'Москва', '124000', 'Россия', '2025-03-01'),
(106, 'ООО Империя', 'Антон Дроздов', '+7-342-321-45-67', 'drozdov@example.com', 'ул. Кленовая, д. 106', 'Пермь', '614045', 'Россия', '2025-03-10'),
(107, 'АО Норд', 'Светлана Крылова', '+7-495-876-54-21', 'krylova@example.com', 'ул. Брянская, д. 107', 'Москва', '126000', 'Россия', '2025-03-15'),
(108, 'ИП Нордин', 'Екатерина Кузнецова', '+7-499-765-43-12', 'kuznetsova@example.com', 'ул. Рождественская, д. 108', 'Москва', '127500', 'Россия', '2025-04-01'),
(109, 'ООО Лира', 'Илья Яковлев', '+7-342-654-32-10', 'yakovlev@example.com', 'ул. Арбатская, д. 109', 'Пермь', '614022', 'Россия', '2025-04-10'),
(110, 'ЗАО Аврора', 'Григорий Васильев', '+7-495-543-67-89', 'vasiliev@example.com', 'ул. Белинского, д. 110', 'Москва', '128000', 'Россия', '2025-04-15'),
(111, 'ЧП Балет', 'Юлия Верина', '+7-812-432-10-98', 'verina@example.com', 'ул. Загородная, д. 111', 'Санкт-Петербург', '194050', 'Россия', '2025-05-01'),
(112, 'ЗАО Рассвет', 'Михаил Поляков', '+7-495-876-32-19', 'polyakov@example.com', 'ул. Восточная, д. 112', 'Москва', '129000', 'Россия', '2025-05-10'),
(113, 'АО Вершина', 'Дарья Поршнева', '+7-342-765-43-09', 'porshneva@example.com', 'ул. Центральная, д. 113', 'Пермь', '614100', 'Россия', '2025-05-15'),
(114, 'ИП Поток', 'Олег Рудин', '+7-499-654-32-19', 'rudin@example.com', 'ул. Двинская, д. 114', 'Москва', '130000', 'Россия', '2025-06-01'),
(115, 'ООО Корал', 'Людмила Баринова', '+7-495-876-90-78', 'barinova@example.com', 'ул. Летняя, д. 115', 'Москва', '131000', 'Россия', '2025-06-10'),
(116, 'ЗАО Витязь', 'Константин Олещук', '+7-499-765-32-89', 'olechuk@example.com', 'ул. Бульварная, д. 116', 'Москва', '132000', 'Россия', '2025-06-15'),
(117, 'ИП Морозко', 'Александр Морозов', '+7-342-987-67-54', 'morozov@example.com', 'ул. Морозова, д. 117', 'Пермь', '614123', 'Россия', '2025-07-01'),
(118, 'ООО Стиль', 'Вадим Захаров', '+7-495-123-32-65', 'zaharov@example.com', 'ул. Кузнецкая, д. 118', 'Москва', '133000', 'Россия', '2025-07-10'),
(119, 'ЗАО Паритет', 'Ирина Дроздова', '+7-499-456-78-32', 'drozdova@example.com', 'ул. Соборная, д. 119', 'Москва', '134000', 'Россия', '2025-07-15'),
(120, 'АО Алмаз', 'Юрий Климов', '+7-342-678-34-56', 'klimov@example.com', 'ул. Бурштынская, д. 120', 'Пермь', '614234', 'Россия', '2025-08-01'),
(121, 'ИП Альфа', 'Марина Щукина', '+7-495-234-65-87', 'shukina@example.com', 'ул. Лунная, д. 121', 'Москва', '135000', 'Россия', '2025-08-10'),
(122, 'ООО Химера', 'Вера Антонова', '+7-499-876-56-34', 'antonova@example.com', 'ул. Химзаводская, д. 122', 'Москва', '136000', 'Россия', '2025-08-15'),
(123, 'ЗАО Нептун', 'Алексей Куликов', '+7-342-543-21-98', 'kulikov@example.com', 'ул. Столичная, д. 123', 'Пермь', '614005', 'Россия', '2025-09-01'),
(124, 'ИП Аванта', 'Наталия Петухова', '+7-495-320-43-21', 'petukhova@example.com', 'ул. Вяземская, д. 124', 'Москва', '137000', 'Россия', '2025-09-10'),
(125, 'ООО Полюс', 'Денис Баранов', '+7-499-987-65-44', 'baranov@example.com', 'ул. Мраморная, д. 125', 'Москва', '138000', 'Россия', '2025-09-15'),
(126, 'ЗАО Круг', 'Елена Тихонова', '+7-342-234-89-56', 'tikhonova@example.com', 'ул. Цветочная, д. 126', 'Пермь', '614209', 'Россия', '2025-10-01'),
(127, 'ИП Игла', 'Константин Жуков', '+7-495-678-99-88', 'zhukov@example.com', 'ул. Фёдоровская, д. 127', 'Москва', '139000', 'Россия', '2025-10-10'),
(128, 'ООО Восток', 'Алёна Лебедева', '+7-499-543-32-10', 'lebedeva@example.com', 'ул. Заречная, д. 128', 'Москва', '140000', 'Россия', '2025-10-15'),
(129, 'ЗАО Грам', 'Павел Волков', '+7-342-654-32-10', 'volkov@example.com', 'ул. Чернышевская, д. 129', 'Пермь', '614356', 'Россия', '2025-11-01'),
(130, 'ИП Дельта', 'Юлия Рыбакова', '+7-495-789-45-78', 'rybakova@example.com', 'ул. Новая, д. 130', 'Москва', '141000', 'Россия', '2025-11-10'),
(131, 'ООО Снежок', 'Максим Чехов', '+7-499-876-54-33', 'chehov@example.com', 'ул. Пушкинская, д. 131', 'Москва', '142000', 'Россия', '2025-11-15'),
(132, 'ЗАО Вымпел', 'Татьяна Мирзоева', '+7-342-876-54-11', 'mirzoeva@example.com', 'ул. Рябиновая, д. 132', 'Пермь', '614009', 'Россия', '2025-12-01'),
(133, 'ИП Этюд', 'Егор Данилов', '+7-495-123-87-65', 'danilov@example.com', 'ул. Шляхтиная, д. 133', 'Москва', '143000', 'Россия', '2025-12-10'),
(134, 'ООО Кристалл', 'Вероника Юдина', '+7-499-345-87-56', 'yudina@example.com', 'ул. Шестая, д. 134', 'Москва', '144000', 'Россия', '2025-12-15'),
(135, 'АО Босфор', 'Антон Митрофанов', '+7-342-234-66-89', 'mitrofanov@example.com', 'ул. Конюшенная, д. 135', 'Пермь', '614103', 'Россия', '2026-01-01'),
(136, 'ИП Импульс', 'Нина Несторова', '+7-495-678-99-01', 'nestorova@example.com', 'ул. Озерная, д. 136', 'Москва', '145000', 'Россия', '2026-01-10'),
(137, 'ООО Зенит', 'Олег Богданов', '+7-499-876-00-11', 'bogdanov@example.com', 'ул. Шелковичная, д. 137', 'Москва', '146000', 'Россия', '2026-01-15'),
(138, 'ЗАО Лагуна', 'Сергей Кондратьев', '+7-342-543-89-65', 'kondratyev@example.com', 'ул. Гастелло, д. 138', 'Пермь', '614147', 'Россия', '2026-02-01'),
(139, 'ИП Магистраль', 'Марина Штиглиц', '+7-495-567-32-11', 'shtiglic@example.com', 'ул. Ягодная, д. 139', 'Москва', '147000', 'Россия', '2026-02-10'),
(140, 'ООО Альянс', 'Григорий Калинин', '+7-499-432-54-77', 'kalinin@example.com', 'ул. Университетская, д. 140', 'Москва', '148000', 'Россия', '2026-02-15'),
(141, 'ЗАО Колибри', 'Ольга Тарасова', '+7-342-321-44-55', 'tarasova@example.com', 'ул. Логова, д. 141', 'Пермь', '614222', 'Россия', '2026-03-01'),
(142, 'ИП Газель', 'Иван Прокофьев', '+7-495-987-00-99', 'prokofyev@example.com', 'ул. Пестеля, д. 142', 'Москва', '149000', 'Россия', '2026-03-10'),
(143, 'ООО Зебра', 'Ирина Долина', '+7-499-543-32-19', 'dolina@example.com', 'ул. Белохвостикова, д. 143', 'Москва', '150000', 'Россия', '2026-03-15'),
(144, 'АО Титан', 'Евгений Анисимов', '+7-342-876-10-99', 'anisimov@example.com', 'ул. Чкалова, д. 144', 'Пермь', '614345', 'Россия', '2026-04-01'),
(145, 'ИП Рубин', 'Светлана Волкова', '+7-495-234-00-21', 'volkova@example.com', 'ул. Советская, д. 145', 'Москва', '151000', 'Россия', '2026-04-10'),
(146, 'ООО Сфера', 'Максим Смирнов', '+7-499-876-77-22', 'smirnov@example.com', 'ул. Готвальда, д. 146', 'Москва', '152000', 'Россия', '2026-04-15'),
(147, 'ЗАО Олимп', 'Анна Левченко', '+7-342-345-11-22', 'levchenko@example.com', 'ул. Курчатова, д. 147', 'Пермь', '614408', 'Россия', '2026-05-01'),
(148, 'ИП Ривьера', 'Виктор Соколов', '+7-495-567-87-65', 'sokolov@example.com', 'ул. Малая Бронная, д. 148', 'Москва', '153000', 'Россия', '2026-05-10'),
(149, 'ООО Браво', 'Полина Баженова', '+7-499-345-22-88', 'bazhenova@example.com', 'ул. Тверская, д. 149', 'Москва', '154000', 'Россия', '2026-05-15'),
(150, 'ЗАО Этажи', 'Данил Кузин', '+7-342-654-78-99', 'kuzin@example.com', 'ул. Чайковского, д. 150', 'Пермь', '614316', 'Россия', '2026-06-01'),
(151, 'ИП Корунд', 'Галина Царёва', '+7-495-432-10-43', 'tsaryova@example.com', 'ул. Ямская, д. 151', 'Москва', '155000', 'Россия', '2026-06-10'),
(152, 'ООО Резонанс', 'Федор Громов', '+7-499-687-54-09', 'gromov@example.com', 'ул. Моховая, д. 152', 'Москва', '156000', 'Россия', '2026-06-15'),
(153, 'ЗАО Лента', 'Валя Соловьева', '+7-342-123-45-87', 'valSoloveva@example.com', 'ул. Малиновская, д. 153', 'Пермь', '614401', 'Россия', '2026-07-01'),
(154, 'ИП Престиж', 'Светлана Якутина', '+7-495-321-87-65', 'yakutina@example.com', 'ул. Покровская, д. 154', 'Москва', '157000', 'Россия', '2026-07-10'),
(155, 'ООО Чистый', 'Екатерина Максимова', '+7-499-543-22-77', 'maximova@example.com', 'ул. Малиновая, д. 155', 'Москва', '158000', 'Россия', '2026-07-15'),
(156, 'ЗАО Гамма', 'Игорь Давыдов', '+7-342-654-78-90', 'davydov@example.com', 'ул. Степная, д. 156', 'Пермь', '614100', 'Россия', '2026-08-01'),
(157, 'ИП Фонтан', 'Лариса Фролова', '+7-495-987-76-54', 'frolova@example.com', 'ул. Олонская, д. 157', 'Москва', '159000', 'Россия', '2026-08-10'),
(158, 'ООО Салют', 'Владимир Бутаков', '+7-499-432-23-12', 'butakov@example.com', 'ул. Воронцовская, д. 158', 'Москва', '160000', 'Россия', '2026-08-15'),
(159, 'ЗАО Космос', 'Владислав Акимов', '+7-342-876-33-22', 'akimov@example.com', 'ул. Почтовая, д. 159', 'Пермь', '614500', 'Россия', '2026-09-01'),
(160, 'ИП Авто', 'Наталья Иванова', '+7-495-654-76-54', 'ivanova@example.com', 'ул. Песочная, д. 160', 'Москва', '161000', 'Россия', '2026-09-10'),
(161, 'ООО Тимон', 'Илья Гуров', '+7-499-345-77-55', 'gurov@example.com', 'ул. Берёзовая, д. 161', 'Москва', '162000', 'Россия', '2026-09-15'),
(162, 'ЗАО Комфорт', 'Валентина Веселова', '+7-342-987-01-23', 'veselova@example.com', 'ул. Павловская, д. 162', 'Пермь', '614520', 'Россия', '2026-10-01'),
(163, 'ИП Магнит', 'Светлана Лученко', '+7-495-123-09-87', 'luchenko@example.com', 'ул. Уваровская, д. 163', 'Москва', '163000', 'Россия', '2026-10-10'),
(164, 'ООО Сфера', 'Трофим Мартынов', '+7-499-876-88-33', 'martynov@example.com', 'ул. Чугунная, д. 164', 'Москва', '164000', 'Россия', '2026-10-15'),
(165, 'ЗАО Яркая звезда', 'Юлия Григорьева', '+7-342-456-34-12', 'grigorieva@example.com', 'ул. Дачная, д. 165', 'Пермь', '614630', 'Россия', '2026-11-01'),
(166, 'ИП Резерв', 'Екатерина Калинина', '+7-495-321-34-56', 'kalinina@example.com', 'ул. Жданова, д. 166', 'Москва', '165000', 'Россия', '2026-11-10'),
(167, 'ООО Прогресс', 'Александр Лавренов', '+7-499-432-22-11', 'lavrenov@example.com', 'ул. Весенняя, д. 167', 'Москва', '166000', 'Россия', '2026-11-15'),
(168, 'ЗАО Эпоха', 'Анна Золотарёва', '+7-342-678-33-11', 'zolotareva@example.com', 'ул. Вокзальная, д. 168', 'Пермь', '614130', 'Россия', '2026-12-01'),
(169, 'ИП Нива', 'Марина Вавилова', '+7-495-987-12-34', 'vavilova@example.com', 'ул. Триумфальная, д. 169', 'Москва', '167000', 'Россия', '2026-12-10'),
(170, 'ООО Напор', 'Ольга Зимина', '+7-499-876-77-66', 'zimina@example.com', 'ул. Военная, д. 170', 'Москва', '168000', 'Россия', '2026-12-15'),
(171, 'ЗАО Сезон', 'Олег Миронов', '+7-342-123-89-76', 'mironov@example.com', 'ул. Юбилейная, д. 171', 'Пермь', '614750', 'Россия', '2027-01-01'),
(172, 'ИП Барьер', 'Егор Алексин', '+7-495-543-21-78', 'aleksin@example.com', 'ул. Ветряная, д. 172', 'Москва', '169000', 'Россия', '2027-01-10'),
(173, 'ООО Парус', 'Татьяна Ванильская', '+7-499-765-34-21', 'vanilskaya@example.com', 'ул. Сказочная, д. 173', 'Москва', '170000', 'Россия', '2027-01-15'),
(174, 'ЗАО Море', 'Вячеслав Демисов', '+7-342-765-55-22', 'demisov@example.com', 'ул. Долгая, д. 174', 'Пермь', '614800', 'Россия', '2027-02-01'),
(175, 'ИП Шторм', 'Олег Казаков', '+7-495-876-32-19', 'kazakov@example.com', 'ул. Сторожка, д. 175', 'Москва', '171000', 'Россия', '2027-02-10'),
(176, 'ООО Омега', 'Марина Диезова', '+7-499-543-33-22', 'dyezova@example.com', 'ул. Ледовая, д. 176', 'Москва', '172000', 'Россия', '2027-02-15'),
(177, 'ЗАО Маяк', 'Геннадий Эсинов', '+7-342-654-21-98', 'esinov@example.com', 'ул. Памятника, д. 177', 'Пермь', '614900', 'Россия', '2027-03-01'),
(178, 'ИП Серп', 'Антонина Пескова', '+7-495-432-45-32', 'peskova@example.com', 'ул. Вертолетная, д. 178', 'Москва', '173000', 'Россия', '2027-03-10'),
(179, 'ООО Новика', 'Константина Седова', '+7-499-987-67-89', 'sedova@example.com', 'ул. Арктическая, д. 179', 'Москва', '174000', 'Россия', '2027-03-15'),
(180, 'ЗАО Рафаэль', 'Юлия Манжос', '+7-342-987-23-45', 'manzhos@example.com', 'ул. Летная, д. 180', 'Пермь', '615000', 'Россия', '2027-04-01'),
(181, 'ИП Жемчуг', 'Олег Парахин', '+7-495-321-56-78', 'parakhin@example.com', 'ул. Подводная, д. 181', 'Москва', '175000', 'Россия', '2027-04-10'),
(182, 'ООО Радон', 'Ираида Вежливенко', '+7-499-765-56-78', 'vezhlivenko@example.com', 'ул. Морская, д. 182', 'Москва', '176000', 'Россия', '2027-04-15'),
(183, 'ЗАО Пых', 'Петр Назаров', '+7-342-321-54-32', 'nazarov@example.com', 'ул. Зеленый вход, д. 183', 'Пермь', '615200', 'Россия', '2027-05-01'),
(184, 'ИП Лира', 'Наталья Лапина', '+7-495-654-4354', 'lapina@example.com', 'ул. Балконная, д. 184', 'Москва', '177000', 'Россия', '2027-05-10'),
(185, 'ООО Чар', 'Дарья Малова', '+7-499-345-65-32', 'malova@example.com', 'ул. Медвежья, д. 185', 'Москва', '178000', 'Россия', '2027-05-15'),
(186, 'ЗАО Редут', 'Михаил Лагунов', '+7-342-789-1212', 'lagunov@example.com', 'ул. Мирная, д. 186', 'Пермь', '615300', 'Россия', '2027-06-01'),
(187, 'ИП Успех', 'Алексей Арбатов', '+7-495-345-1212', 'arbatov@example.com', 'ул. Дипломатическая, д. 187', 'Москва', '179000', 'Россия', '2027-06-10'),
(188, 'ООО Заря', 'Марина Вострокова', '+7-499-564-9090', 'vostrokova@example.com', 'ул. Первая, д. 188', 'Москва', '180000', 'Россия', '2027-06-15'),
(189, 'ЗАО Традиция', 'Грант Грациев', '+7-342-432-4324', 'gratziev@example.com', 'ул. Новгородская, д. 189', 'Пермь', '615400', 'Россия', '2027-07-01'),
(190, 'ИП Ветер', 'Семен Ветряков', '+7-495-789-9090', 'vetriakov@example.com', 'ул. Лавровая, д. 190', 'Москва', '181000', 'Россия', '2027-07-10'),
(191, 'ООО Геоком', 'Надежда Гребешкова', '+7-499-234-5656', 'grebyoshkova@example.com', 'ул. Колейдарая, д. 191', 'Москва', '182000', 'Россия', '2027-07-15'),
(192, 'ЗАО Локомотив', 'Оксана Ожогина', '+7-342-654-6546', 'ozhogina@example.com', 'ул. Локальная, д. 192', 'Пермь', '615500', 'Россия', '2027-08-01'),
(193, 'ИП Верона', 'Юрий Кислицын', '+7-495-987-8787', 'kislicyn@example.com', 'ул. Радостная, д. 193', 'Москва', '183000', 'Россия', '2027-08-10'),
(194, 'ООО Лонг', 'Злата Загинайлова', '+7-499-543-0909', 'zaginailova@example.com', 'ул. Зорная, д. 194', 'Москва', '184000', 'Россия', '2027-08-15'),
(195, 'ЗАО Полиграф', 'Даниил Поликарпов', '+7-342-789-2323', 'polycarpov@example.com', 'ул. Высокая горка, д. 195', 'Пермь', '615600', 'Россия', '2027-09-01'),
(196, 'ИП Лаки', 'Венера Челнокова', '+7-495-321-4444', 'chelnokova@example.com', 'ул. Средняя, д. 196', 'Москва', '185000', 'Россия', '2027-09-10'),
(197, 'ООО Коллектив', 'Людмила Клонова', '+7-499-987-8989', 'klonova@example.com', 'ул. Пустовая, д. 197', 'Москва', '186000', 'Россия', '2027-09-15'),
(198, 'ЗАО Локомо', 'Савва Савин', '+7-342-345-7676', 'savin@example.com', 'ул. Привокзальная, д. 198', 'Пермь', '615700', 'Россия', '2027-10-01'),
(199, 'ИП Мост', 'Олеся Рекина', '+7-495-543-6767', 'rekina@example.com', 'ул. Горячая, д. 199', 'Москва', '187000', 'Россия', '2027-10-10'),
(200, 'ООО Полюс Плюс', 'Филипп Челнин', '+7-499-432-6565', 'chelnin@example.com', 'ул. Альпинистская, д. 200', 'Москва', '188000', 'Россия', '2027-10-15'),
(201, 'ООО Орбита', 'Станислав Петров', '+7-495-123-45-01', 'petrov@example.com', 'ул. Солнечная, д. 201', 'Москва', '189000', 'Россия', '2027-11-01'),
(202, 'ИП Астра', 'Елена Соколова', '+7-812-234-56-01', 'sokolova@example.com', 'ул. Радужная, д. 202', 'Санкт-Петербург', '195000', 'Россия', '2027-11-10'),
(203, 'ЗАО Вектор', 'Александр Ильин', '+7-342-345-67-00', 'ilyin@example.com', 'ул. Прямая, д. 203', 'Пермь', '615800', 'Россия', '2027-11-15'),
(204, 'ООО Гранит', 'Марина Селезнева', '+7-499-456-78-01', 'selezneva@example.com', 'ул. Греческая, д. 204', 'Москва', '190000', 'Россия', '2027-12-01'),
(205, 'ИП Метис', 'Дмитрий Субботин', '+7-495-567-89-00', 'subbotin@example.com', 'ул. Академическая, д. 205', 'Москва', '191000', 'Россия', '2027-12-10'),
(206, 'ЗАО Луч', 'Павел Шмидт', '+7-342-678-90-11', 'schmidt@example.com', 'ул. Энергетиков, д. 206', 'Пермь', '615900', 'Россия', '2027-12-15'),
(207, 'ООО Будапешт', 'Яна Киселёва', '+7-495-345-67-01', 'kiseleva@example.com', 'ул. Старобитская, д. 207', 'Москва', '192000', 'Россия', '2028-01-01'),
(208, 'ИП Салон', 'Оксана Баринова', '+7-812-234-56-02', 'barinova@example.com', 'ул. Цветочная, д. 208', 'Санкт-Петербург', '195500', 'Россия', '2028-01-10'),
(209, 'ЗАО Альтаир', 'Михаил Быстров', '+7-342-345-67-02', 'bystrov@example.com', 'ул. Крупской, д. 209', 'Пермь', '616000', 'Россия', '2028-01-15'),
(210, 'ООО Эталон', 'Евгений Руднев', '+7-499-456-78-02', 'rudnev@example.com', 'ул. Партизанская, д. 210', 'Москва', '193000', 'Россия', '2028-02-01'),
(211, 'ИП Форсаж', 'Анна Иванова', '+7-495-567-89-01', 'ivanova@example.com', 'ул. Южная, д. 211', 'Москва', '194000', 'Россия', '2028-02-10'),
(212, 'ЗАО Оникс', 'Сергей Денисов', '+7-342-678-90-12', 'denisov@example.com', 'ул. Комсомольская, д. 212', 'Пермь', '616100', 'Россия', '2028-02-15'),
(213, 'ООО Сувенир', 'Виктор Васильев', '+7-495-345-67-02', 'vasiliev@example.com', 'ул. Проточная, д. 213', 'Москва', '195000', 'Россия', '2028-03-01'),
(214, 'ИП Арника', 'Юлия Новикова', '+7-812-234-56-03', 'novikova@example.com', 'ул. Васильевская, д. 214', 'Санкт-Петербург', '196000', 'Россия', '2028-03-10'),
(215, 'ЗАО Бумеранг', 'Константин Алексеев', '+7-342-345-67-03', 'alekseev@example.com', 'ул. Юбилейная, д. 215', 'Пермь', '616200', 'Россия', '2028-03-15'),
(216, 'ООО Призма', 'Владимир Жуков', '+7-499-456-78-03', 'zhukov@example.com', 'ул. Привольная, д. 216', 'Москва', '196000', 'Россия', '2028-04-01'),
(217, 'ИП Верба', 'Галина Миронова', '+7-495-567-89-02', 'mironova@example.com', 'ул. Зелёная, д. 217', 'Москва', '197000', 'Россия', '2028-04-10'),
(218, 'ЗАО Гольфстрим', 'Ирина Афанасьева', '+7-342-678-90-13', 'afanasyeva@example.com', 'ул. Озёрная, д. 218', 'Пермь', '616300', 'Россия', '2028-04-15'),
(219, 'ООО Тандем', 'Алексей Белов', '+7-495-345-67-03', 'belov@example.com', 'ул. Вербная, д. 219', 'Москва', '198000', 'Россия', '2028-05-01'),
(220, 'ИП Пальма', 'Екатерина Богданова', '+7-812-234-56-04', 'bogdanova@example.com', 'ул. Бобровая, д. 220', 'Санкт-Петербург', '197500', 'Россия', '2028-05-10'),
(221, 'ЗАО Сфера', 'Василиса Климова', '+7-342-345-67-04', 'klimova@example.com', 'ул. Полевая, д. 221', 'Пермь', '616400', 'Россия', '2028-05-15'),
(222, 'ООО Колос', 'Олег Романов', '+7-499-456-78-04', 'romanov@example.com', 'ул. Крепостная, д. 222', 'Москва', '199000', 'Россия', '2028-06-01'),
(223, 'ИП Вершина', 'Алёна Белова', '+7-495-567-89-03', 'abelova@example.com', 'ул. Лунная, д. 223', 'Москва', '200000', 'Россия', '2028-06-10'),
(224, 'ЗАО Ритм', 'Филипп Воронов', '+7-342-678-90-14', 'voronov@example.com', 'ул. Гвардейская, д. 224', 'Пермь', '616500', 'Россия', '2028-06-15'),
(225, 'ООО Эра', 'Виктория Кудрявцева', '+7-495-345-67-04', 'kudryavtseva@example.com', 'ул. Садовая, д. 225', 'Москва', '201000', 'Россия', '2028-07-01'),
(226, 'ИП Лада', 'Георгий Купцов', '+7-812-234-56-05', 'kuptsov@example.com', 'ул. Западная, д. 226', 'Санкт-Петербург', '198000', 'Россия', '2028-07-10'),
(227, 'ЗАО Престиж', 'Мария Назарова', '+7-342-345-67-05', 'nazarova@example.com', 'ул. Волшебная, д. 227', 'Пермь', '616600', 'Россия', '2028-07-15'),
(228, 'ООО Линия', 'Андрей Зуев', '+7-499-456-78-05', 'zuev@example.com', 'ул. Подольская, д. 228', 'Москва', '202000', 'Россия', '2028-08-01'),
(229, 'ИП Самсон', 'Денис Петров', '+7-495-567-89-04', 'dpetrov@example.com', 'ул. Атласова, д. 229', 'Москва', '203000', 'Россия', '2028-08-10'),
(230, 'ЗАО Восток', 'Анна Максимова', '+7-342-678-90-15', 'maximova@example.com', 'ул. Ильинская, д. 230', 'Пермь', '616700', 'Россия', '2028-08-15'),
(231, 'ООО Комната', 'Юрий Прохоров', '+7-495-345-67-05', 'prokhorov@example.com', 'ул. Венская, д. 231', 'Москва', '204000', 'Россия', '2028-09-01'),
(232, 'ИП Энигма', 'Маргарита Панкова', '+7-812-234-56-06', 'pankova@example.com', 'ул. Фирменная, д. 232', 'Санкт-Петербург', '199500', 'Россия', '2028-09-10'),
(233, 'ЗАО Арлетт', 'Роман Шуршин', '+7-342-345-67-06', 'shurshin@example.com', 'ул. Ореховая, д. 233', 'Пермь', '616800', 'Россия', '2028-09-15'),
(234, 'ООО Легенда', 'Елизавета Хохлова', '+7-499-456-78-06', 'khokhlova@example.com', 'ул. Загородная, д. 234', 'Москва', '205000', 'Россия', '2028-10-01'),
(235, 'ИП Парус', 'Никита Гончаров', '+7-495-567-89-05', 'goncharov@example.com', 'ул. Тирская, д. 235', 'Москва', '206000', 'Россия', '2028-10-10'),
(236, 'ЗАО Рубикон', 'Диана Смольянинова', '+7-342-678-90-16', 'smolyaninova@example.com', 'ул. Качалова, д. 236', 'Пермь', '616900', 'Россия', '2028-10-15'),
(237, 'ООО Призма', 'Антон Чуриков', '+7-495-345-67-06', 'churikov@example.com', 'ул. Белова, д. 237', 'Москва', '207000', 'Россия', '2028-11-01'),
(238, 'ИП Танго', 'Елена Леонова', '+7-812-234-56-07', 'leonova@example.com', 'ул. Озёрная, д. 238', 'Санкт-Петербург', '200000', 'Россия', '2028-11-10'),
(239, 'ЗАО Вереск', 'Игорь Андреянов', '+7-342-345-67-07', 'andreyanov@example.com', 'ул. Сочинская, д. 239', 'Пермь', '617000', 'Россия', '2028-11-15'),
(240, 'ООО Атмосфера', 'Юлия Третьякова', '+7-499-456-78-07', 'tretyakova@example.com', 'ул. Отрадная, д. 240', 'Москва', '208000', 'Россия', '2028-12-01'),
(241, 'ИП Вексель', 'Максim Мельников', '+7-495-567-89-06', 'melnikov@example.com', 'ул. Григоровская, д. 241', 'Москва', '209000', 'Россия', '2028-12-10'),
(242, 'ЗАО Пик', 'Сергей Савельев', '+7-342-678-90-17', 'savelyev@example.com', 'ул. Спортивная, д. 242', 'Пермь', '617100', 'Россия', '2028-12-15'),
(243, 'ООО Кристалл', 'Василиса Морозова', '+7-495-345-67-07', 'morozova@example.com', 'ул. Уральская, д. 243', 'Москва', '210000', 'Россия', '2029-01-01'),
(244, 'ИП Факел', 'Маргарита Щербакова', '+7-812-234-56-08', 'scherbakova@example.com', 'ул. Турецкая, д. 244', 'Санкт-Петербург', '201000', 'Россия', '2029-01-10'),
(245, 'ЗАО Колосок', 'Андрей Клюев', '+7-342-345-67-08', 'klyuev@example.com', 'ул. Ялтинская, д. 245', 'Пермь', '617200', 'Россия', '2029-01-15'),
(246, 'ООО Мозаика', 'Ольга Толстая', '+7-499-456-78-08', 'tolstaya@example.com', 'ул. Рубинштейна, д. 246', 'Москва', '211000', 'Россия', '2029-02-01'),
(247, 'ИП Светофор', 'Семён Чернышев', '+7-495-567-89-07', 'chernyshev@example.com', 'ул. Ломоносова, д. 247', 'Москва', '212000', 'Россия', '2029-02-10'),
(248, 'ЗАО Параллель', 'Эльвира Исакова', '+7-342-678-90-18', 'isakova@example.com', 'ул. Аксаковская, д. 248', 'Пермь', '617300', 'Россия', '2029-02-15'),
(249, 'ООО Прямо', 'Владислав Морозов', '+7-495-345-67-08', 'morozov2@example.com', 'ул. Юрьевская, д. 249', 'Москва', '213000', 'Россия', '2029-03-01'),
(250, 'ИП Кабан', 'Дарья Хатыгерова', '+7-812-234-56-09', 'khatygerova@example.com', 'ул. Каменная, д. 250', 'Санкт-Петербург', '202000', 'Россия', '2029-03-10'),
(251, 'ООО Времена года', 'Ольга Лесникова', '+7-495-456-78-09', 'lesnikova@example.com', 'ул. Уютная, д. 251', 'Москва', '214000', 'Россия', '2029-03-15'),
(252, 'ИП Гармония', 'Екатерина Сливкина', '+7-812-567-89-08', 'slivkina@example.com', 'ул. Спокойная, д. 252', 'Санкт-Петербург', '203000', 'Россия', '2029-04-01'),
(253, 'ЗАО Спектр', 'Павел Брусничкин', '+7-342-345-67-09', 'brusnichkin@example.com', 'ул. Школьная, д. 253', 'Пермь', '617400', 'Россия', '2029-04-10'),
(254, 'ООО Лайфхак', 'Василий Кисель', '+7-495-456-78-10', 'kisel@example.com', 'ул. Звёздная, д. 254', 'Москва', '215000', 'Россия', '2029-04-15'),
(255, 'ИП Вектор', 'Марина Боброва', '+7-812-234-56-10', 'bobrova@example.com', 'ул. Летняя, д. 255', 'Санкт-Петербург', '204000', 'Россия', '2029-05-01'),
(256, 'ЗАО Легенда', 'Тимур Орлов', '+7-342-345-67-10', 'orlov@example.com', 'ул. Виноградная, д. 256', 'Пермь', '617500', 'Россия', '2029-05-10'),
(257, 'ООО Аромат', 'Анна Платонова', '+7-495-567-89-09', 'platonova@example.com', 'ул. Солнечная, д. 257', 'Москва', '216000', 'Россия', '2029-05-15'),
(258, 'ИП Вертикаль', 'Кирилл Горин', '+7-812-678-90-10', 'gorin@example.com', 'ул. Облачная, д. 258', 'Санкт-Петербург', '205000', 'Россия', '2029-06-01'),
(259, 'ЗАО Прогноз', 'Людмила Зорина', '+7-342-234-56-11', 'zorina@example.com', 'ул. Космическая, д. 259', 'Пермь', '617600', 'Россия', '2029-06-10'),
(260, 'ООО Монумент', 'Виктория Ковалёва', '+7-495-345-67-09', 'kovaleva@example.com', 'ул. Воздушная, д. 260', 'Москва', '217000', 'Россия', '2029-06-15'),
(261, 'ИП Мир', 'Петр Иванович', '+7-812-789-45-12', 'ivanovich@example.com', 'ул. Еловая, д. 261', 'Санкт-Петербург', '206000', 'Россия', '2029-07-01'),
(262, 'ЗАО Орбита', 'Оксана Терентьева', '+7-342-543-67-12', 'terenteva@example.com', 'ул. Болдинская, д. 262', 'Пермь', '617700', 'Россия', '2029-07-10'),
(263, 'ООО Форвард', 'Дмитрий Колесников', '+7-495-678-90-11', 'kolesnikov@example.com', 'ул. Красная, д. 263', 'Москва', '218000', 'Россия', '2029-07-15'),
(264, 'ИП Радуга', 'Галина Михайлова', '+7-812-345-67-11', 'mihaylova@example.com', 'ул. Белая, д. 264', 'Санкт-Петербург', '207000', 'Россия', '2029-08-01'),
(265, 'ЗАО Камелия', 'Алексей Егоров', '+7-342-876-54-13', 'egorov@example.com', 'ул. Песчаная, д. 265', 'Пермь', '617800', 'Россия', '2029-08-10'),
(266, 'ООО Империя', 'Мария Миронова', '+7-495-234-56-09', 'mironova@example.com', 'ул. Голубиная, д. 266', 'Москва', '219000', 'Россия', '2029-08-15'),
(267, 'ИП Факел', 'Игорь Чистяков', '+7-812-654-32-12', 'chistyakov@example.com', 'ул. Лесная, д. 267', 'Санкт-Петербург', '208000', 'Россия', '2029-09-01'),
(268, 'ЗАО Клен', 'Дарья Красильникова', '+7-342-345-67-12', 'krasilnikova@example.com', 'ул. Куприна, д. 268', 'Пермь', '617900', 'Россия', '2029-09-10'),
(269, 'ООО Вершина', 'Юлия Мельникова', '+7-495-567-89-10', 'melnikova@example.com', 'ул. Успешная, д. 269', 'Москва', '220000', 'Россия', '2029-09-15'),
(270, 'ИП Полис', 'Станислав Викторов', '+7-812-432-10-11', 'viktorov@example.com', 'ул. Сахарная, д. 270', 'Санкт-Петербург', '209000', 'Россия', '2029-10-01'),
(271, 'ЗАО Радич', 'Владимир Хорошев', '+7-342-765-43-14', 'khoroshev@example.com', 'ул. Колхозная, д. 271', 'Пермь', '618000', 'Россия', '2029-10-10'),
(272, 'ООО Эльбрус', 'Евгений Игошин', '+7-495-678-90-12', 'igoshin@example.com', 'ул. Чистая, д. 272', 'Москва', '221000', 'Россия', '2029-10-15'),
(273, 'ИП Маяк', 'Антонина Кораблёва', '+7-812-567-89-12', 'korableva@example.com', 'ул. Мелодийная, д. 273', 'Санкт-Петербург', '210000', 'Россия', '2029-11-01'),
(274, 'ЗАО Омега', 'Ирина Белоусова', '+7-342-234-56-13', 'belousova@example.com', 'ул. Конная, д. 274', 'Пермь', '618100', 'Россия', '2029-11-10'),
(275, 'ООО Глобус', 'Олег Прокопьев', '+7-495-345-67-10', 'prokopyev@example.com', 'ул. Родниковая, д. 275', 'Москва', '222000', 'Россия', '2029-11-15'),
(276, 'ИП Уют', 'Елена Крупнова', '+7-812-678-90-13', 'krupnova@example.com', 'ул. Ягодная, д. 276', 'Санкт-Петербург', '211000', 'Россия', '2029-12-01'),
(277, 'ЗАО Пакт', 'Александр Баранов', '+7-342-345-67-13', 'baranov@example.com', 'ул. Нагорная, д. 277', 'Пермь', '618200', 'Россия', '2029-12-10'),
(278, 'ООО Водник', 'Татьяна Андреева', '+7-495-456-78-11', 'andreeva@example.com', 'ул. Фарфоровая, д. 278', 'Москва', '223000', 'Россия', '2029-12-15'),
(279, 'ИП Айсберг', 'Григорий Чернокнижников', '+7-812-234-56-14', 'chernoknizhnikov@example.com', 'ул. Курортная, д. 279', 'Санкт-Петербург', '212000', 'Россия', '2030-01-01'),
(280, 'ЗАО Лира', 'Ольга Павлина', '+7-342-876-54-14', 'pavlina@example.com', 'ул. Турнирная, д. 280', 'Пермь', '618300', 'Россия', '2030-01-10'),
(281, 'ООО Лунник', 'Михаил Маркин', '+7-495-789-45-13', 'markin@example.com', 'ул. Городская, д. 281', 'Москва', '224000', 'Россия', '2030-01-15'),
(282, 'ИП Багряница', 'Василий Бартов', '+7-812-345-67-14', 'bartov@example.com', 'ул. Лесных братьев, д. 282', 'Санкт-Петербург', '213000', 'Россия', '2030-02-01'),
(283, 'ЗАО Шарм', 'Мария Ульянова', '+7-342-543-67-15', 'ulianova@example.com', 'ул. Эльдорадо, д. 283', 'Пермь', '618400', 'Россия', '2030-02-10'),
(284, 'ООО Хорда', 'Анна Бузин', '+7-495-234-56-11', 'buzin@example.com', 'ул. Липовая, д. 284', 'Москва', '225000', 'Россия', '2030-02-15'),
(285, 'ИП Арфа', 'Виктор Проваторов', '+7-812-789-45-15', 'provatorov@example.com', 'ул. Пшеничная, д. 285', 'Санкт-Петербург', '214000', 'Россия', '2030-03-01'),
(286, 'ЗАО Триумф', 'Ирина Детищева', '+7-342-876-54-16', 'detisheva@example.com', 'ул. Ручная, д. 286', 'Пермь', '618500', 'Россия', '2030-03-10'),
(287, 'ООО Матрица', 'Оксана Седых', '+7-495-678-90-14', 'sedih@example.com', 'ул. Орбиты, д. 287', 'Москва', '226000', 'Россия', '2030-03-15'),
(288, 'ИП Восход', 'Андрей Шильников', '+7-812-345-67-15', 'shilnikov@example.com', 'ул. Лунное озеро, д. 288', 'Санкт-Петербург', '215000', 'Россия', '2030-04-01'),
(289, 'ЗАО Органика', 'Максим Зиновьев', '+7-342-345-67-14', 'zinoviev@example.com', 'ул. Цветок, д. 289', 'Пермь', '618600', 'Россия', '2030-04-10'),
(290, 'ООО Баланс', 'Виктория Тихомирова', '+7-495-789-45-14', 'tihomirova@example.com', 'ул. Вдохновение, д. 290', 'Москва', '227000', 'Россия', '2030-04-15'),
(291, 'ИП Тандем', 'Светлана Калягина', '+7-812-567-89-13', 'kalyagina@example.com', 'ул. Зорянская, д. 291', 'Санкт-Петербург', '216000', 'Россия', '2030-05-01'),
(292, 'ЗАО Доминанта', 'Алексей Некрасов', '+7-342-234-56-15', 'nekrasov@example.com', 'ул. Мятная, д. 292', 'Пермь', '618700', 'Россия', '2030-05-10'),
(293, 'ООО Лотос', 'Елена Лисова', '+7-495-567-89-11', 'lisova@example.com', 'ул. Тополевая, д. 293', 'Москва', '228000', 'Россия', '2030-05-15'),
(294, 'ИП Империал', 'Валентин Исаев', '+7-812-678-90-15', 'isaev@example.com', 'ул. Акварельная, д. 294', 'Санкт-Петербург', '217000', 'Россия', '2030-06-01'),
(295, 'ЗАО Металл', 'Дарья Соломина', '+7-342-543-67-16', 'solomina@example.com', 'ул. Кирилловская, д. 295', 'Пермь', '618800', 'Россия', '2030-06-10'),
(296, 'ООО Миллениум', 'Павел Коваль', '+7-495-456-78-12', 'koval@example.com', 'ул. Мира, д. 296', 'Москва', '229000', 'Россия', '2030-06-15'),
(297, 'ИП Армада', 'Нина Васильева', '+7-812-345-67-16', 'vasilieva@example.com', 'ул. Величественная, д. 297', 'Санкт-Петербург', '218000', 'Россия', '2030-07-01'),
(298, 'ЗАО Предель', 'Олег Журавлёв', '+7-342-876-54-17', 'juravlev@example.com', 'ул. Рублевская, д. 298', 'Пермь', '618900', 'Россия', '2030-07-10'),
(299, 'ООО Браво', 'Антонина Васильева', '+7-495-678-90-15', 'antonina@example.com', 'ул. Хмурова, д. 299', 'Москва', '230000', 'Россия', '2030-07-15'),
(300, 'ИП Рубин', 'Маргарита Третьякова', '+7-812-789-45-17', 'tretyakova@example.com', 'ул. Журавлиная, д. 300', 'Санкт-Петербург', '219000', 'Россия', '2030-08-01'),
(301, 'ЗАО Морской', 'Алексей Захаров', '+7-342-765-43-18', 'zaharov@example.com', 'ул. Юнармейская, д. 301', 'Пермь', '619000', 'Россия', '2030-08-10'),
(302, 'ООО Лира', 'Ольга Вересова', '+7-495-345-67-12', 'veresova@example.com', 'ул. Брусничная, д. 302', 'Москва', '231000', 'Россия', '2030-08-15'),
(303, 'ИП Контакт', 'Юрий Зуев', '+7-812-678-90-16', 'zuev@example.com', 'ул. Чудотворцев, д. 303', 'Санкт-Петербург', '220000', 'Россия', '2030-09-01'),
(304, 'ЗАО Калейдоскоп', 'Светлана Леонидова', '+7-342-345-67-15', 'leonidova@example.com', 'ул. Забвенная, д. 304', 'Пермь', '619100', 'Россия', '2030-09-10'),
(305, 'ООО Вавилон', 'Дарья Малашина', '+7-495-234-56-12', 'malashina@example.com', 'ул. Васильевская, д. 305', 'Москва', '232000', 'Россия', '2030-09-15'),
(306, 'ИП Гранит', 'Иван Михайловский', '+7-812-456-78-18', 'mikhailovskiy@example.com', 'ул. Руманцевская, д. 306', 'Санкт-Петербург', '221000', 'Россия', '2030-10-01'),
(307, 'ЗАО Кондор', 'Елизавета Ушкина', '+7-342-543-67-17', 'ushkina@example.com', 'ул. Городничая, д. 307', 'Пермь', '619200', 'Россия', '2030-10-10'),
(308, 'ООО Контур', 'Владислав Полухин', '+7-495-567-89-13', 'poluhin@example.com', 'ул. Адмиральская, д. 308', 'Москва', '233000', 'Россия', '2030-10-15'),
(309, 'ИП Эсперанто', 'Екатерина Руднева', '+7-812-678-90-17', 'rudneva@example.com', 'ул. Волна, д. 309', 'Санкт-Петербург', '222000', 'Россия', '2030-11-01'),
(310, 'ЗАО Отрада', 'Андрей Долгих', '+7-342-345-67-16', 'dolgih@example.com', 'ул. Бобровая, д. 310', 'Пермь', '619300', 'Россия', '2030-11-10'),
(311, 'ООО Ирландия', 'Людмила Резникова', '+7-495-789-45-16', 'reznikova@example.com', 'ул. Остановка, д. 311', 'Москва', '234000', 'Россия', '2030-11-15'),
(312, 'ИП Кумира', 'Петр Тарасов', '+7-812-345-67-17', 'tarasov@example.com', 'ул. Мещера, д. 312', 'Санкт-Петербург', '223000', 'Россия', '2030-12-01'),
(313, 'ЗАО Сириус', 'Игорь Нечаев', '+7-342-765-43-19', 'nechaev@example.com', 'ул. Ипподромская, д. 313', 'Пермь', '619400', 'Россия', '2030-12-10'),
(314, 'ООО Эксперт', 'Елена Рябова', '+7-496-234-56-13', 'ryabova@example.com', 'ул. Серебряная, д. 314', 'Москва', '235000', 'Россия', '2030-12-15'),
(315, 'ИП Салют', 'Вероника Полякова', '+7-812-789-45-18', 'polyakova@example.com', 'ул. Шитьё, д. 315', 'Санкт-Петербург', '224000', 'Россия', '2031-01-01'),
(316, 'ЗАО Спартиум', 'Геннадий Каден', '+7-342-543-67-18', 'kaden@example.com', 'ул. Громовая, д. 316', 'Пермь', '619500', 'Россия', '2031-01-10'),
(317, 'ООО Люкс', 'Татьяна Румянцева', '+7-495-345-67-13', 'rumyantseva@example.com', 'ул. Ладная, д. 317', 'Москва', '236000', 'Россия', '2031-01-15'),
(318, 'ИП Багет', 'Аркадий Прутников', '+7-812-456-78-19', 'prutnikov@example.com', 'ул. Раджа, д. 318', 'Санкт-Петербург', '225000', 'Россия', '2031-02-01'),
(319, 'ЗАО Ориент', 'Полина Качалова', '+7-342-876-54-19', 'kachalova@example.com', 'ул. Тропическая, д. 319', 'Пермь', '619600', 'Россия', '2031-02-10'),
(320, 'ООО Энергия', 'Игорь Ростов', '+7-495-234-56-14', 'rostov@example.com', 'ул. Поверхность, д. 320', 'Москва', '237000', 'Россия', '2031-02-15'),
(321, 'ИП Путь', 'Кирилл Гладков', '+7-812-678-90-18', 'gladkov@example.com', 'ул. Молния, д. 321', 'Санкт-Петербург', '226000', 'Россия', '2031-03-01'),
(322, 'ЗАО Альпинист', 'Екатерина Холодова', '+7-342-345-67-17', 'holodova@example.com', 'ул. Прямова, д. 322', 'Пермь', '619700', 'Россия', '2031-03-10'),
(323, 'ООО План', 'Виктор Боярский', '+7-495-567-89-14', 'boyarsky@example.com', 'ул. Ветряная, д. 323', 'Москва', '238000', 'Россия', '2031-03-15'),
(324, 'ИП Вершина', 'Ярослав Жарков', '+7-812-789-45-19', 'zharkov@example.com', 'ул. Ягодная, д. 324', 'Санкт-Петербург', '227000', 'Россия', '2031-04-01'),
(325, 'ЗАО Весна', 'Лариса Светлова', '+7-342-654-32-19', 'svetlova@example.com', 'ул. Харитонова, д. 325', 'Пермь', '619800', 'Россия', '2031-04-10'),
(326, 'ООО Оптимус', 'Марина Захарова', '+7-495-345-67-14', 'zakharova@example.com', 'ул. Псилерная, д. 326', 'Москва', '239000', 'Россия', '2031-04-15'),
(327, 'ИП Семья', 'Елена Парамонова', '+7-812-567-89-14', 'paramonova@example.com', 'ул. Светлая, д. 327', 'Санкт-Петербург', '228000', 'Россия', '2031-05-01'),
(328, 'ЗАО Берегиня', 'Федор Дроздов', '+7-342-543-67-19', 'drozdov@example.com', 'ул. Крайняя, д. 328', 'Пермь', '619900', 'Россия', '2031-05-10'),
(329, 'ООО Восток', 'Анна Косцова', '+7-495-234-56-15', 'koscova@example.com', 'ул. Прохлада, д. 329', 'Москва', '240000', 'Россия', '2031-05-15'),
(330, 'ИП Алмаз', 'Илья Громов', '+7-812-678-90-19', 'gromov@example.com', 'ул. Мирная, д. 330', 'Санкт-Петербург', '229000', 'Россия', '2031-06-01'),
(331, 'ЗАО Астерион', 'Андрей Золотарев', '+7-342-876-54-20', 'zolotarev@example.com', 'ул. Каменка, д. 331', 'Пермь', '620000', 'Россия', '2031-06-10'),
(332, 'ООО Мираж', 'Евгений Баринов', '+7-495-456-78-13', 'barinov@example.com', 'ул. Осенняя, д. 332', 'Москва', '241000', 'Россия', '2031-06-15'),
(333, 'ИП Исток', 'Вика Григорьева', '+7-812-345-67-18', 'grigorieva@example.com', 'ул. Северная, д. 333', 'Санкт-Петербург', '230000', 'Россия', '2031-07-01'),
(334, 'ЗАО Орфей', 'Олеся Ермакова', '+7-342-765-43-20', 'ermakova@example.com', 'ул. Володарская, д. 334', 'Пермь', '620100', 'Россия', '2031-07-10'),
(335, 'ООО Космос', 'Леонид Фролов', '+7-496-567-89-15', 'frolov@example.com', 'ул. Долинная, д. 335', 'Москва', '242000', 'Россия', '2031-07-15'),
(336, 'ИП Эра', 'Дмитрий Орлов', '+7-812-789-45-20', 'orlov@example.com', 'ул. Циркулярная, д. 336', 'Санкт-Петербург', '231000', 'Россия', '2031-08-01'),
(337, 'ЗАО Багет', 'Марина Пескова', '+7-342-345-67-18', 'peskova@example.com', 'ул. Горькая, д. 337', 'Пермь', '620200', 'Россия', '2031-08-10'),
(338, 'ООО Ветер', 'Олег Соболев', '+7-495-678-90-16', 'sobolev@example.com', 'ул. Базальная, д. 338', 'Москва', '243000', 'Россия', '2031-08-15'),
(339, 'ИП Панорама', 'Алексей Грачёв', '+7-812-345-67-19', 'grachev@example.com', 'ул. Кедровая, д. 339', 'Санкт-Петербург', '232000', 'Россия', '2031-09-01'),
(340, 'ЗАО Лотос', 'Вероника Гурова', '+7-342-654-32-20', 'gurova@example.com', 'ул. Крупеницы, д. 340', 'Пермь', '620300', 'Россия', '2031-09-10'),
(341, 'ООО Турнер', 'Юлия Никитина', '+7-495-234-56-16', 'nikitina@example.com', 'ул. Жемчужная, д. 341', 'Москва', '244000', 'Россия', '2031-09-15'),
(342, 'ИП Уют', 'Кирилл Кисель', '+7-812-567-89-15', 'kisel@example.com', 'ул. Улица, д. 342', 'Санкт-Петербург', '233000', 'Россия', '2031-10-01'),
(343, 'ЗАО Версия', 'Екатерина Шульгина', '+7-342-876-54-21', 'shulgina@example.com', 'ул. Восточная, д. 343', 'Пермь', '620400', 'Россия', '2031-10-10'),
(344, 'ООО Озон', 'Егор Игнатьев', '+7-495-789-45-17', 'ignatyev@example.com', 'ул. Смирновская, д. 344', 'Москва', '245000', 'Россия', '2031-10-15'),
(345, 'ИП Импульс', 'Арина Королёва', '+7-812-345-67-20', 'koroleva@example.com', 'ул. Пушистая, д. 345', 'Санкт-Петербург', '234000', 'Россия', '2031-11-01'),
(346, 'ЗАО Планета', 'Владимир Бочкарёв', '+7-342-543-67-20', 'bochkarev@example.com', 'ул. Скалистая, д. 346', 'Пермь', '620500', 'Россия', '2031-11-10'),
(347, 'ООО Орион', 'Антон Ростовцев', '+7-495-345-67-15', 'rostovtsev@example.com', 'ул. Научная, д. 347', 'Москва', '246000', 'Россия', '2031-11-15'),
(348, 'ИП Камень', 'Жанна Лапина', '+7-812-678-90-20', 'lapina@example.com', 'ул. Летучая, д. 348', 'Санкт-Петербург', '235000', 'Россия', '2031-12-01'),
(349, 'ЗАО Вангард', 'Анатолий Фёдоров', '+7-342-345-67-19', 'fedorov@example.com', 'ул. Ультрамарина, д. 349', 'Пермь', '620600', 'Россия', '2031-12-10'),
(350, 'ООО Витязь', 'Леонид Струков', '+7-495-567-89-15', 'strukov@example.com', 'ул. Брусника, д. 350', 'Москва', '247000', 'Россия', '2031-12-15');


INSERT INTO Suppliers VALUES 
(101, 'Поставщик Ооо', 'Иван Иванов', '+7-495-1234567', 'ivanov@example.ru', 'ул. Ленина, д. 1', 'Москва', '101000', 'Россия', 5),
(102, 'Товары и Ко', 'Анна Смирнова', '+7-812-7654321', 'smirnova@example.ru', 'пр. Невский, д. 50', 'Санкт-Петербург', '191000', 'Россия', 4),
(103, 'Электроникс', 'Олег Кузнецов', '+7-383-9876543', 'kuznetsov@example.ru', 'ул. Советская, д. 10', 'Новосибирск', '630000', 'Россия', 4),
(104, 'Техника Мира', 'Мария Петрова', '+7-831-1231231', 'petrova@example.ru', 'ул. Гоголя, д. 25', 'Нижний Новгород', '603000', 'Россия', 5),
(105, 'Мега Продукты', 'Дмитрий Соколов', '+7-863-1265789', 'sokolov@example.ru', 'ул. Садовая, д. 15', 'Ростов-на-Дону', '344000', 'Россия', 3),
(106, 'Стройматериалы ХХI', 'Екатерина Семенова', '+7-383-4567890', 'semenova@example.ru', 'ул. К.Маркса, д. 68', 'Новосибирск', '630005', 'Россия', 4),
(107, 'Завод Групп', 'Александр Федоров', '+7-843-3334445', 'fedorov@example.ru', 'пр-т Победы, д. 112', 'Казань', '420000', 'Россия', 5),
(108, 'Универсальные Решения', 'Ольга Морозова', '+7-812-7834455', 'morozova@example.ru', 'ул. Восстания, д. 20', 'Санкт-Петербург', '192000', 'Россия', 4),
(109, 'Комфорт Дом', 'Татьяна Волкова', '+7-495-9988776', 'volkova@example.ru', 'пер. Больничный, д. 5', 'Москва', '105000', 'Россия', 5),
(110, 'Мир Строя', 'Сергей Васильев', '+7-345-1112233', 'vasiliev@example.ru', 'ул. Р.Люксембург, д. 9', 'Екатеринбург', '620000', 'Россия', 4),
(111, 'Все для дома', 'Кирилл Михайлов', '+7-473-4455667', 'mikhailov@example.ru', 'ул. Дерябина, д. 35', 'Воронеж', '394000', 'Россия', 5),
(112, 'Лайт Плюс', 'Павел Павлов', '+7-814-5456789', 'pavlov@example.ru', 'ул. Маяковского, д. 1', 'Петрозаводск', '185000', 'Россия', 3),
(113, 'Продуктовый мир', 'Наталья Егорова', '+7-815-5459988', 'egorova@example.ru', 'ул. Карла Маркса, д. 45', 'Мурманск', '183000', 'Россия', 4),
(114, 'Модуль Трейд', 'Григорий Крылов', '+7-727-5556677', 'krylov@example.kz', 'пр. Аль-Фараби, д. 24', 'Алматы', '050000', 'Казахстан', 5),
(115, 'Большой выбор', 'Марина Никифорова', '+7-717-6007008', 'nikiforova@example.kz', 'ул. Кабанбай Батыра, д. 18', 'Нур-Султан', '010000', 'Казахстан', 3),
(116, 'Европак', 'Андрей Белов', '+7-495-3210987', 'belov@example.ru', 'ул. Пушкина, д. 12', 'Москва', '115000', 'Россия', 4),
(117, 'Энергия XXI', 'Валерия Яковлева', '+7-812-1122334', 'yakovleva@example.ru', 'ул. Литейный, д. 22', 'Санкт-Петербург', '191025', 'Россия', 5),
(118, 'Сибирский Торговый Дом', 'Руслан Гаврилов', '+7-383-9987765', 'gavrilov@example.ru', 'ул. Кирова, д. 155', 'Новосибирск', '630102', 'Россия', 4),
(119, 'Тюмень Лидер', 'Артур Маслов', '+7-345-9080707', 'maslov@example.ru', 'ул. Республики, д. 10', 'Тюмень', '625000', 'Россия', 5),
(120, 'Свет и Быт', 'Елена Суворова', '+7-816-2003004', 'suvorova@example.ru', 'ул. Ольминского, д. 7', 'Великий Новгород', '173000', 'Россия', 3),
(121, 'Торговый Дом Ромашка', 'Виктория Иванова', '+7-495-1122330', 'ivanova@example.ru', 'ул. Преображенская, д. 18', 'Москва', '107000', 'Россия', 4),
(122, 'Успех Лтд', 'Константин Орлов', '+7-812-1324354', 'orlov@example.ru', 'ул. Стефановича, д. 3', 'Санкт-Петербург', '190000', 'Россия', 5),
(123, 'Золотая Орда', 'Юлия Рябова', '+7-831-2132141', 'ryabova@example.ru', 'ул. Ленина, д. 22', 'Нижний Новгород', '603005', 'Россия', 4),
(124, 'СтройИнвест', 'Алексей Медведев', '+7-863-9876540', 'medvedev@example.ru', 'ул. Комсомольская, д. 100', 'Ростов-на-Дону', '344010', 'Россия', 3),
(125, 'Бытовик Гео', 'Ольга Романова', '+7-383-3214567', 'romanova@example.ru', 'ул. Блюхера, д. 42', 'Новосибирск', '630009', 'Россия', 4),
(126, 'Регион-Трейд', 'Дмитрий Лебедев', '+7-843-5882323', 'lebedev@example.ru', 'ул. Дзержинского, д. 56', 'Казань', '420005', 'Россия', 5),
(127, 'АгроПрайм', 'Екатерина Воронова', '+7-812-8943322', 'voronova@example.ru', 'ул. Куйбышева, д. 15', 'Санкт-Петербург', '191047', 'Россия', 4),
(128, 'Оптима Плюс', 'Валентин Носов', '+7-383-9980706', 'nosov@example.ru', 'пр. Академический, д. 19', 'Новосибирск', '630015', 'Россия', 4),
(129, 'Глобал Сайд', 'Татьяна Малышева', '+7-495-2223334', 'malysheva@example.ru', 'ул. Петропавловская, д. 5', 'Москва', '101990', 'Россия', 3),
(130, 'Тейлор Инвест', 'Иван Чернов', '+7-812-6789000', 'chernov@example.ru', 'ул. Покровская, д. 12', 'Санкт-Петербург', '192012', 'Россия', 5),
(131, 'Прованс Лтд', 'Наташа Петрова', '+7-731-2334455', 'petrova@example.ru', 'ул. Курчатова, д. 10', 'Самара', '443000', 'Россия', 4),
(132, 'СоюзИнвест', 'Александр Князев', '+7-345-9087060', 'kniazev@example.ru', 'ул. Галактическая, д. 8', 'Екатеринбург', '620050', 'Россия', 5),
(133, 'Рекорд Инк', 'Елизавета Кузьмина', '+7-473-9873330', 'kuzmina@example.ru', 'ул. Спасская, д. 17', 'Воронеж', '394030', 'Россия', 3),
(134, 'Волга-Торг', 'Борис Шестаков', '+7-814-9098000', 'shestakov@example.ru', 'пр. Ломоносова, д. 45', 'Петрозаводск', '185015', 'Россия', 4),
(135, 'Каспий Компани', 'Герман Куприянов', '+7-815-4556644', 'kupriyanov@example.ru', 'ул. Гвардейская, д. 11', 'Мурманск', '183005', 'Россия', 5),
(136, 'Торговец ХХI', 'Лилия Бородина', '+7-727-5443322', 'borodina@example.kz', 'ул. Гагарина, д. 50', 'Алматы', '050100', 'Казахстан', 4),
(137, 'Тазык Трейд', 'Марат Муратов', '+7-717-6112233', 'muratov@example.kz', 'ул. Орынбор, д. 43', 'Нур-Султан', '010010', 'Казахстан', 3),
(138, 'ИмпэксПлюс', 'Оксана Сергеева', '+7-495-3224455', 'sergeeva@example.ru', 'ул. Арбатская, д. 29', 'Москва', '115010', 'Россия', 4),
(139, 'АльфаГрупп', 'Леонид Александров', '+7-812-1122444', 'alexandrov@example.ru', 'ул. Балтийская, д. 5', 'Санкт-Петербург', '191027', 'Россия', 5),
(140, 'НордЛогистика', 'Николай Зайцев', '+7-383-9906678', 'zaytsev@example.ru', 'ул. Заставская, д. 2', 'Новосибирск', '630106', 'Россия', 3),
(141, 'Вестри Плюс', 'Марина Воронцова', '+7-812-7834456', 'vorontsova@example.ru', 'ул. Распутина, д. 21', 'Санкт-Петербург', '192100', 'Россия', 4),
(142, 'Кредо Логистик', 'Георгий Киселев', '+7-495-2288776', 'kiselev@example.ru', 'ул. Московская, д. 63', 'Москва', '105040', 'Россия', 5),
(143, 'Про-Торг', 'Карина Новикова', '+7-863-9990009', 'novikova@example.ru', 'ул. Сталеваров, д. 60', 'Ростов-на-Дону', '344030', 'Россия', 4),
(144, 'ЭкспрессЛайн', 'Максим Буров', '+7-845-2233444', 'burov@example.ru', 'ул. Миронова, д. 25', 'Саратов', '410000', 'Россия', 5),
(145, 'Лидер XXI', 'Эмилия Карпова', '+7-383-1123587', 'karpova@example.ru', 'ул. Восхода, д. 90', 'Новосибирск', '630110', 'Россия', 3),
(146, 'Урал Снаб', 'Семён Белкин', '+7-345-7776665', 'belkin@example.ru', 'ул. Спортивная, д. 8', 'Екатеринбург', '620020', 'Россия', 4),
(147, 'Северный Ветер', 'Жанна Азарова', '+7-819-2001010', 'azarova@example.ru', 'ул. Махаловская, д. 22', 'Архангельск', '163000', 'Россия', 5),
(148, 'Созвездие', 'Данил Павлов', '+7-817-5544332', 'pavlov_d@example.ru', 'ул. Летняя, д. 9', 'Вологда', '160000', 'Россия', 3),
(149, 'Каприкон', 'Владимир Злобин', '+7-855-8998877', 'zlobin@example.ru', 'ул. Титова, д. 11', 'Челябинск', '454010', 'Россия', 4),
(150, 'Континум', 'Ирина Логинова', '+7-861-9876543', 'loginova@example.ru', 'ул. Ялтинская, д. 100', 'Краснодар', '350000', 'Россия', 5),
(151, 'Сатурн', 'Антон Наумов', '+7-835-3331234', 'naumov@example.ru', 'ул. Комсомольская, д. 50', 'Чебоксары', '428000', 'Россия', 4),
(152, 'Космос+', 'Людмила Октябрьская', '+7-836-2165498', 'oktyabrskaya@example.ru', 'ул. Звёздная, д. 2', 'Йошкар-Ола', '424000', 'Россия', 5),
(153, 'Метрополь', 'Михаил Лавров', '+7-812-9988776', 'lavrov@example.ru', 'наб. Канала Грибоедова, д. 54', 'Санкт-Петербург', '191186', 'Россия', 3),
(154, 'Проминвест', 'Андрей Смолыго', '+7-848-5678901', 'smolygo@example.ru', 'ул. Ханжонкова, д. 18', 'Сызрань', '446001', 'Россия', 4),
(155, 'ТехноГрупп', 'Наталья Чижова', '+7-499-4442222', 'chizhova@example.ru', 'ул. Кольцевая, д. 76', 'Москва', '101004', 'Россия', 5),
(156, 'Вектор Плюс', 'Павел Бурцев', '+7-495-4432211', 'burtcev@example.ru', 'ул. Академика Янгеля, д. 3', 'Москва', '117000', 'Россия', 4),
(157, 'Мега-Опт', 'Максим Карлин', '+7-812-5566778', 'karlin@example.ru', 'ул. Сергакова, д. 20', 'Санкт-Петербург', '192029', 'Россия', 3),
(158, 'ПромСтоун', 'Евгений Яковлев', '+7-383-7766553', 'yakovlev@example.ru', 'ул. Карла Либкнехта, д. 31', 'Новосибирск', '630040', 'Россия', 4),
(159, 'Земляника', 'Татьяна Лазарева', '+7-495-9988222', 'lazoreva@example.ru', 'пл. Победы, д. 5', 'Москва', '109012', 'Россия', 5),
(160, 'Здоровье Плюс', 'Роман Михайлов', '+7-347-6445566', 'mikhailov_r@example.ru', 'ул. Р.Люксембург, д. 72', 'Уфа', '450057', 'Россия', 4),
(161, 'Техника комфорта', 'Александр Васнецов', '+7-846-5463131', 'vasnetsov@example.ru', 'пр. Гагарина, д. 5', 'Самара', '443029', 'Россия', 3),
(162, 'ЭкоРесурс', 'Вероника Павлова', '+7-812-9191987', 'pavlova_v@example.ru', 'ул. Беринга, д. 6', 'Санкт-Петербург', '199397', 'Россия', 4),
(163, 'УралТорг', 'Леонид Антонов', '+7-343-6565443', 'antonov_l@example.ru', 'ул. Челюскинцев, д. 45', 'Екатеринбург', '620093', 'Россия', 5),
(164, 'Смарт Лтд', 'Кира Лисицкая', '+7-384-5458999', 'lisitskaya@example.ru', 'ул. Зелёная роща, д. 73', 'Кемерово', '650024', 'Россия', 3),
(165, 'ХимПром', 'Демьян Сидоров', '+7-495-6655443', 'sidorov_d@example.ru', 'ул. Пожарского, д. 8', 'Москва', '123000', 'Россия', 4),
(166, 'Тара и Упаковка', 'Рудакова Оксана', '+7-812-3344578', 'rudakova@example.ru', 'ул. Маркина, д. 22', 'Санкт-Петербург', '190020', 'Россия', 5),
(167, 'Мир Электро', 'Василий Авдеев', '+7-381-7500543', 'avdeev_v@example.ru', 'ул. Красных зорь, д. 77', 'Омск', '644122', 'Россия', 4),
(168, 'Урбан Лайн', 'Анна Бойко', '+7-345-9980067', 'boiko_a@example.ru', 'ул. Автомагистраль, д. 32', 'Тюмень', '625039', 'Россия', 3),
(169, 'АрмаГрупп', 'Горохов Олег', '+7-812-4455667', 'gorokhov_o@example.ru', 'ул. Красноармейская, д. 110', 'Санкт-Петербург', '190100', 'Россия', 4),
(170, 'Техник XXI', 'Овчинников Владислав', '+7-343-5552233', 'ovchinnikov@example.ru', 'ул. Промышленная, д. 56', 'Екатеринбург', '620078', 'Россия', 5),
(171, 'ЭнергоТренд', 'Степан Герасимов', '+7-912-8881234', 'gerasimov_s@example.ru', 'ул. Белинского, д. 6', 'Нижний Тагил', '200000', 'Россия', 4),
(172, 'Ритейл Маркет', 'Лидия Крылова', '+7-812-6767878', 'krylova@example.ru', 'пр. Обуховской обороны, д. 13', 'Санкт-Петербург', '192029', 'Россия', 3),
(173, 'Бирюза', 'Иван Ульянов', '+7-471-9999999', 'ulyanov@example.ru', 'ул. Зелёная, д. 100', 'Курск', '305004', 'Россия', 4),
(174, 'Арена Континент', 'Настя Лобанова', '+7-3852-300400', 'lobanova_n@example.ru', 'ул. Фрунзе, д. 25', 'Барнаул', '656000', 'Россия', 5),
(175, 'Первый Ряд', 'Наталья Цветкова', '+7-347-3535353', 'cvetkova_n@example.ru', 'ул. Карла Маркса, д. 2', 'Уфа', '450000', 'Россия', 4),
(176, 'Торговый путь', 'Булат Бийбулатов', '+7-846-1234567', 'biyybulatov-b@example.ru', 'ул. Московская, д. 43', 'Самара', '443001', 'Россия', 3),
(177, 'Турбо сервиc', 'Рашид Курбанов', '+7-912-3554444', 'kurbanov_r@example.ru', 'ул. Ленина, д. 15', 'Ижевск', '426000', 'Россия', 4),
(178, 'Мега-Холдинг', 'Татьяна Калугина', '+7-4712-314159', 'kalugina@example.ru', 'ул.Вокзальная, д.32', 'Орел', '302040', 'Россия', 5),
(179, 'Северо-Восток', 'Антон Булгаков', '+7-815-7112233', 'bulgakov@example.ru', 'ул. Гоголя, д. 3', 'Вологда', '160019', 'Россия', 4),
(180, 'Дом Северный', 'Сергей Панин', '+7-485-2456611', 'panin_s@example.ru', 'ул. Ярославская, д. 8', 'Ярославль', '150031', 'Россия', 3),
(181, 'Южный остров', 'Марта Попова', '+7-988-1234566', 'popova_m@example.ru', 'ул. Октябрьская, д. 10', 'Туапсе', '352800', 'Россия', 4),
(182, 'ВЕТЕР АНСЕР', 'Марина Завьялова', '+7-3532-220177', 'zavyalova@example.ru', 'ул. Пушкина, д. 5', 'Оренбург', '460000', 'Россия', 5),
(183, 'Авантюра', 'Максим Пойловский', '+7-937-9256720', 'poilovskiy@example.ru', 'ул. Тургенева, д. 45', 'Сызрань', '446002', 'Россия', 4),
(184, 'Рубин', 'Юрий Каменев', '+7-812-2345234', 'kamenov@example.ru', 'ул. Восхода, д. 22', 'Санкт-Петербург', '191191', 'Россия', 3),
(185, 'Технологии успеха', 'Михаил Носков', '+7-383-5557788', 'noskov_m@example.ru', 'ул. Щетинкина, д. 11', 'Новосибирск', '630055', 'Россия', 4),
(186, 'Некосит', 'Татьяна Галкина', '+7-495-9982245', 'galkina@example.ru', 'ул. Рубинштейна, д. 88', 'Москва', '101023', 'Россия', 5),
(187, 'Бетон Трэйд', 'Владислав Козин', '+7-812-7778889', 'kozin_v@example.ru', 'ул. Новопромышленная, д. 9', 'Санкт-Петербург', '194128', 'Россия', 4),
(188, 'ПромЭнерго', 'Ирина Золотова', '+7-846-5505050', 'zolotova_irina@example.ru', 'ул. Академическая, д. 12', 'Самара', '443069', 'Россия', 3),
(189, 'Ориентир', 'Алиса Афанасьева', '+7-812-9876543', 'afanaseva@example.ru', 'ул. Лесная, д. 66', 'Санкт-Петербург', '190036', 'Россия', 4),
(190, 'Зодиак', 'Руслан Самойлов', '+7-911-5484177', 'samoylov@example.ru', 'ул. Большая Морская, д. 9', 'Санкт-Петербург', '191186', 'Россия', 5),
(191, 'Форум ХХI', 'Валентин Коротков', '+7-383-5656788', 'korotkov@example.ru', 'ул. Урицкого, д. 117', 'Новосибирск', '630107', 'Россия', 4),
(192, 'Трансконт', 'Анфиса Карпова', '+7-495-5476581', 'karpova_a@example.ru', 'ул. Татарская, д. 75', 'Москва', '101010', 'Россия', 3),
(193, 'Бистротек', 'Константин Солодовников', '+7-812-6653322', 'solodovnikov_k@example.ru', 'ул. Терещенко, д. 19', 'Санкт-Петербург', '192019', 'Россия', 4),
(194, 'Техногрупп', 'Анжелика Романова', '+7-831-5432109', 'romanova_a@example.ru', 'ул. Горнозаводская, д. 14', 'Нижний Новгород', '603009', 'Россия', 5),
(195, 'Электрон Групп', 'Александр Греков', '+7-863-1238999', 'grekov@example.ru', 'ул. Горького, д. 8', 'Ростов-на-Дону', '344035', 'Россия', 3),
(196, 'ПромРесурс', 'Марина Лазарева', '+7-383-7894561', 'lazareva_mr@example.ru', 'ул. Горный, д. 4', 'Новосибирск', '630108', 'Россия', 4),
(197, 'Радуга', 'Василий Краснов', '+7-812-6547890', 'krasnov_v@example.ru', 'ул. Диагональная, д. 10', 'Санкт-Петербург', '192118', 'Россия', 5),
(198, 'Облед РУ', 'Тамара Рыжова', '+7-863-2234456', 'ryzhova@example.ru', 'ул. Некрасова, д. 31', 'Ростов-на-Дону', '344037', 'Россия', 4),
(199, 'ЭскимоТэк', 'Егор Грачёв', '+7-345-9876542', 'grachev@example.ru', 'ул. Белинского, д. 22', 'Екатеринбург', '620029', 'Россия', 3),
(200, 'ПланетаТекстиль', 'Наталья Курбатова', '+7-495-7645321', 'kurbatova@example.ru', 'ул. Мурановская, д. 10', 'Москва', '101052', 'Россия', 4),
(201, 'Спектр Плюс', 'Тимур Власов', '+7-812-4235454', 'vlasov@example.ru', 'ул. Маршала Говорова, д. 40', 'Санкт-Петербург', '190000', 'Россия', 5),
(202, 'Альянс', 'Юлия Воронцова', '+7-812-5558887', 'vorontsova_yu@example.ru', 'наб. Макарова, д. 3', 'Санкт-Петербург', '199004', 'Россия', 4),
(203, 'НордТрейд', 'Василиса Казакова', '+7-812-3216549', 'kazakova@example.ru', 'ул. Дальневосточная, д. 15', 'Санкт-Петербург', '191100', 'Россия', 3),
(204, 'ЕвроТекстиль', 'Марат Лебедев', '+7-495-8765432', 'lebedev@example.ru', 'ул. Полярная, д. 4', 'Москва', '101112', 'Россия', 4),
(205, 'РекаМаркет', 'Анна Тихонова', '+7-811-2345678', 'tikhonova@example.ru', 'пр. Свободный, д. 22', 'Калининград', '236000', 'Россия', 5),
(206, 'Феникс', 'Петр Сидоров', '+7-812-9873214', 'sidorov@example.ru', 'ул. Куйбышева, д. 72', 'Санкт-Петербург', '190005', 'Россия', 4),
(207, 'ТехноОпт', 'Галина Игнатьева', '+7-495-2345678', 'ignatieva@example.ru', 'ул. Большая Ордынка, д. 42', 'Москва', '119017', 'Россия', 3),
(208, 'Вертикаль', 'Сергей Савельев', '+7-527-8765434', 'saveliev@example.kz', 'пр. Абая, д. 10', 'Астана', '010005', 'Казахстан', 5),
(209, 'Сана', 'Юлия Фролова', '+7-817-1234567', 'frolova@example.ru', 'ул. Ленина, д. 19', 'Вологда', '160020', 'Россия', 4),
(210, 'СибирьСтрой', 'Вера Осипова', '+7-383-8765432', 'osipova@example.ru', 'ул. Солидарности, д. 8', 'Новосибирск', '630095', 'Россия', 5),
(211, 'Берег', 'Егор Николаев', '+7-812-2314567', 'nikolaev@example.ru', 'ул. Профессора Попова, д. 5', 'Санкт-Петербург', '197376', 'Россия', 3),
(212, 'УниСтрой', 'Илья Якубов', '+7-495-9987643', 'yakubov@example.ru', 'ул. Тверская, д. 1', 'Москва', '125009', 'Россия', 4),
(213, 'Рынок-Партнер', 'Ольга Захарова', '+7-843-6789123', 'zakharova@example.ru', 'ул. Беларуськая, д. 78', 'Казань', '420071', 'Россия', 4),
(214, 'Бригадир', 'Вадим Ширяев', '+7-812-5647382', 'shiryayev@example.ru', 'ул. Авангардная, д. 12', 'Санкт-Петербург', '198205', 'Россия', 5),
(215, 'НовТрейд', 'Светлана Антонова', '+7-3852-9988123', 'antonova@novtrade.ru', 'ул. Проспект Победы, д. 5', 'Барнаул', '656038', 'Россия', 3),
(216, 'СантехПрофи', 'Дмитрий Петров', '+7-812-5436789', 'petrov@example.ru', 'ул. Глинки, д. 7', 'Санкт-Петербург', '196605', 'Россия', 4),
(217, 'Керамика-М', 'Татьяна Бочарова', '+7-495-2227772', 'bocharova@example.ru', 'ул. Цветная, д. 9', 'Москва', '127051', 'Россия', 5),
(218, 'ГеоНекс', 'Юрий Зайцев', '+7-812-6123456', 'zaicev@example.ru', 'ул. Энгельса, д. 45', 'Санкт-Петербург', '194223', 'Россия', 3),
(219, 'АльфаПлюс', 'Елена Степанова', '+7-495-1237892', 'stepanova@example.ru', 'ул. Сергиевская, д. 25', 'Москва', '123056', 'Россия', 4),
(220, 'Территория', 'Иван Титов', '+7-727-8887779', 'titov@example.kz', 'ул. Нурсултана Назарбаева, д. 3', 'Алматы', '050050', 'Казахстан', 5),
(221, 'Эль-Торг', 'Карина Фомина', '+7-812-3452691', 'fomina@example.ru', 'ул. Академическая, д. 20', 'Санкт-Петербург', '197341', 'Россия', 4),
(222, 'Энергетик', 'Владислав Климов', '+7-495-7765432', 'klimov@example.ru', 'ул. Каширское шоссе, д. 4', 'Москва', '115612', 'Россия', 5),
(223, 'ПроСтрой', 'Оксана Воронова', '+7-812-7831123', 'voronova_o@example.ru', 'ул. Московская, д. 90', 'Санкт-Петербург', '194044', 'Россия', 3),
(224, 'Профи-Торг', 'Степан Григорьев', '+7-495-8790651', 'grigoryev@example.ru', 'ул. Арбат, д. 23', 'Москва', '119019', 'Россия', 4),
(225, 'Белый Восток', 'Ирина Рябцева', '+7-914-1122334', 'ryabtseva@example.ru', 'ул. Дальний Восток, д. 18', 'Хабаровск', '680000', 'Россия', 5),
(226, 'Авторитет', 'Алексей Новиков', '+7-812-7890123', 'novikov@example.ru', 'ул. Черняховского, д. 13', 'Санкт-Петербург', '192012', 'Россия', 4),
(227, 'Энерготрейд', 'Мария Орлова', '+7-495-5678912', 'orlova@example.ru', 'ул. Бол. Полянка, д. 33', 'Москва', '115184', 'Россия', 3),
(228, 'ДизайнФабрика', 'Павел Широков', '+7-812-4567891', 'shirokov@example.ru', 'ул. Фрунзе, д. 107', 'Санкт-Петербург', '196084', 'Россия', 5),
(229, 'Авангард-М', 'Виктор Белоноженко', '+7-495-9874561', 'belonozhenko@example.ru', 'ул. П.Лумумбы, д. 5', 'Москва', '119261', 'Россия', 4),
(230, 'МеталлПром', 'Антонина Ковалёва', '+7-812-9983221', 'kovaleva@example.ru', 'ул. Восстания, д. 62', 'Санкт-Петербург', '191036', 'Россия', 3),
(231, 'Эльдорадо', 'Дмитрий Барышев', '+7-495-5534432', 'baryshev@example.ru', 'ул. Пестеля, д. 15', 'Москва', '123056', 'Россия', 4),
(232, 'ТехПроект', 'София Лебедева', '+7-812-7654391', 'lebedeva_s@example.ru', 'ул. Крупской, д. 22', 'Санкт-Петербург', '196084', 'Россия', 5),
(233, 'АктивСтрой', 'Валентина Попова', '+7-3852-5456677', 'popova_v@example.ru', 'ул. Партизанская, д. 14', 'Барнаул', '656056', 'Россия', 4),
(234, 'Глобус', 'Олег Кудрявцев', '+7-495-2213344', 'kudryavtsev@example.ru', 'ул. Черкизовская, д. 20', 'Москва', '105122', 'Россия', 3),
(235, 'Идея', 'Артем Петров', '+7-812-4567894', 'petrov_a@example.ru', 'ул. Бухарестская, д. 94', 'Санкт-Петербург', '192242', 'Россия', 5),
(236, 'ЛидерСтрой', 'Ксения Кузьмина', '+7-495-8876543', 'kuzmina_k@example.ru', 'ул. Малая Дмитровка, д. 23', 'Москва', '127006', 'Россия', 4),
(237, 'ТрастМеталл', 'Илья Бычков', '+7-812-1122334', 'bychkov@example.ru', 'ул. Софийская, д. 15', 'Санкт-Петербург', '192236', 'Россия', 3),
(238, 'Фаворит', 'Анна Денисова', '+7-495-3456789', 'denisova@example.ru', 'ул. Чистопрудный бульвар, д. 4', 'Москва', '101000', 'Россия', 4),
(239, 'АренаТрейд', 'Максим Власов', '+7-812-6578899', 'vlasov_m@example.ru', 'ул. Рашетова, д. 7', 'Санкт-Петербург', '191187', 'Россия', 5),
(240, 'БК Строй', 'Оксана Яковлева', '+7-495-4435678', 'yakovleva_o@example.ru', 'ул. Гоголевский бульвар, д. 5', 'Москва', '119019', 'Россия', 3),
(241, 'Эталон', 'Иван Чернов', '+7-812-4455667', 'chernov_i@example.ru', 'ул. Коллонтай, д. 99', 'Санкт-Петербург', '193312', 'Россия', 4),
(242, 'Технология', 'Мария Лукина', '+7-495-5556677', 'lukina@example.ru', 'ул. Полесский, д. 47', 'Москва', '107589', 'Россия', 5),
(243, 'Домой Строй', 'Екатерина Алексеева', '+7-812-5987654', 'alekseeva_e@example.ru', 'ул. Каменноостровский, д. 21', 'Санкт-Петербург', '197022', 'Россия', 4),
(244, 'Промстрой-проект', 'Олег Зыков', '+7-495-2345679', 'zykov_o@example.ru', 'ул. Земляной Вал, д. 52', 'Москва', '105064', 'Россия', 3),
(245, 'СоюзЭкспо', 'Сергеев Алексей', '+7-812-5534435', 'sergeev_a@example.ru', 'ул. Промышленная, д. 81', 'Санкт-Петербург', '198095', 'Россия', 5),
(246, 'Верность', 'Елена Никитина', '+7-495-9987765', 'nikitina@example.ru', 'ул. Сретенка, д. 27', 'Москва', '107045', 'Россия', 3),
(247, 'Гармония', 'Александр Родионов', '+7-812-6765432', 'rodionov_a@example.ru', 'ул. Казанская, д. 39', 'Санкт-Петербург', '191186', 'Россия', 4),
(248, 'Технополис', 'Ксения Зотова', '+7-495-7890123', 'zotova_k@example.ru', 'ул. Льва Толстого, д. 1', 'Москва', '119021', 'Россия', 5),
(249, 'Эволюция', 'Ирина Савина', '+7-812-5634789', 'savina_i@example.ru', 'ул. Садовая, д. 58', 'Санкт-Петербург', '191023', 'Россия', 3),
(250, 'Волгострой', 'Иван Ломов', '+7-495-7625431', 'lomov_i@example.ru', 'ул. Пушкинская, д. 6', 'Москва', '127006', 'Россия', 4),
(251, 'Подсолнух', 'Анастасия Борисова', '+7-812-1239966', 'borisova_a@example.ru', 'ул. Авиационная, д. 11', 'Санкт-Петербург', '197348', 'Россия', 5),
(252, 'КомплексТрейд', 'Геннадий Федоров', '+7-495-0982456', 'fedorov_g@example.ru', 'ул. Солянка, д. 5', 'Москва', '109028', 'Россия', 3),
(253, 'Олдскул', 'Антон Евсеев', '+7-812-5648793', 'evseev@example.ru', 'ул. Правды, д. 15', 'Санкт-Петербург', '191119', 'Россия', 4),
(254, 'СтройКомплекс', 'Виктория Медведева', '+7-495-9876122', 'medvedeva_v@example.ru', 'ул. Щепкина, д. 14', 'Москва', '129090', 'Россия', 5),
(255, 'Фьюжн', 'Валентин Крапивин', '+7-812-1112234', 'krapivin@example.ru', 'ул. Морская набережная, д. 9', 'Санкт-Петербург', '199053', 'Россия', 3),
(256, 'ЭлитТорг', 'Дарья Мальцева', '+7-495-5432178', 'maltseva_d@example.ru', 'ул. Велозаводская, д. 9', 'Москва', '115280', 'Россия', 4),
(257, 'РынокСвязей', 'Вячеслав Щербаков', '+7-812-9098778', 'scherbakov_v@example.ru', 'ул. Сталеваров, д. 5', 'Санкт-Петербург', '194021', 'Россия', 5),
(258, 'ТрестАльфа', 'Анна Шорохова', '+7-495-7896543', 'shorokhova_a@example.ru', 'ул. Хорошёвское шоссе, д. 58', 'Москва', '125252', 'Россия', 3),
(259, 'Инновация', 'Денис Хохлов', '+7-812-1112235', 'khohlov_d@example.ru', 'ул. Тамбовская, д. 23', 'Санкт-Петербург', '192007', 'Россия', 4),
(260, 'Бизнеспартнёр', 'Маргарита Рогова', '+7-495-6654321', 'rogova_m@example.ru', 'ул. Воздвиженка, д. 5', 'Москва', '119019', 'Россия', 5),
(261, 'Торговая Биржа', 'Андрей Ковалёв', '+7-812-9123141', 'kovalev_a@example.ru', 'ул. Щербакова, д. 85', 'Санкт-Петербург', '196191', 'Россия', 3),
(262, 'Хранитель', 'Тимур Перевалов', '+7-495-1432553', 'pervalov_t@example.ru', 'ул. Б. Каменный, д. 56', 'Москва', '119415', 'Россия', 4);


INSERT INTO Products (ProductID, Name, SupplierID, Category, UnitPrice, StockQuantity, ReorderLevel, Discontinued) VALUES
(101, 'Чайник электрический', 114, 'Бытовая техника', 2400.50, 50, 10, FALSE),
(102, 'Холодильник', 181, 'Бытовая техника', 35000.00, 20, 5, FALSE),
(103, 'Стиральная машина', 189, 'Бытовая техника', 42000.00, 15, 3, FALSE),
(104, 'Миксер', 208, 'Кухонная техника', 3200.75, 30, 7, FALSE),
(105, 'Блендер', 204, 'Кухонная техника', 2800.90, 40, 8, FALSE),
(106, 'Кофеварка', 143, 'Кухонная техника', 5400.45, 25, 6, FALSE),
(107, 'Пылесос', 191, 'Бытовая техника', 7500.00, 22, 5, FALSE),
(108, 'Мультиварка', 196, 'Кухонная техника', 6600.00, 20, 5, FALSE),
(109, 'Тостер', 188, 'Кухонная техника', 1100.95, 35, 10, FALSE),
(110, 'Мясорубка', 205, 'Кухонная техника', 2500.00, 28, 6, FALSE),
(111, 'Утюг', 212, 'Бытовая техника', 1800.00, 45, 10, FALSE),
(112, 'Фен', 230, 'Бытовая техника', 2000.85, 37, 9, FALSE),
(113, 'Лампочка LED', 245, 'Осветительные приборы', 145.00, 500, 50, FALSE),
(114, 'Люстра', 183, 'Осветительные приборы', 4700.00, 12, 2, FALSE),
(115, 'Тарелки', 131, 'Кухонная посуда', 350.75, 150, 20, FALSE),
(116, 'Чашки', 252, 'Кухонная посуда', 250.40, 200, 25, FALSE),
(117, 'Кастрюля', 137, 'Кухонная посуда', 1100.00, 30, 5, FALSE),
(118, 'Сковорода', 146, 'Кухонная посуда', 1300.99, 30, 5, FALSE),
(119, 'Нож кухонный', 167, 'Кухонная посуда', 750.00, 80, 15, FALSE),
(120, 'Ложка', 211, 'Кухонная посуда', 50.00, 300, 60, FALSE),
(121, 'Вилка', 234, 'Кухонная посуда', 55.00, 300, 60, FALSE),
(122, 'Диван', 171, 'Мебель', 25000.00, 10, 3, FALSE),
(123, 'Стол обеденный', 225, 'Мебель', 15000.00, 15, 4, FALSE),
(124, 'Стул кухонный', 220, 'Мебель', 3500.50, 40, 10, FALSE),
(125, 'Кровать двуспальная', 162, 'Мебель', 40000.00, 8, 2, FALSE),
(126, 'Шкаф', 175, 'Мебель', 28000.00, 9, 2, FALSE),
(127, 'Комод', 152, 'Мебель', 17000.00, 14, 3, FALSE),
(128, 'Полка книжная', 114, 'Мебель', 9500.00, 18, 5, FALSE),
(129, 'Компьютер', 262, 'Электроника', 54000.00, 12, 4, FALSE),
(130, 'Ноутбук', 148, 'Электроника', 60000.00, 20, 5, FALSE),
(131, 'Монитор', 202, 'Электроника', 15000.00, 25, 7, FALSE),
(132, 'Клавиатура', 227, 'Электроника', 2000.85, 70, 15, FALSE),
(133, 'Мышь', 134, 'Электроника', 1150.89, 90, 20, FALSE),
(134, 'Принтер', 143, 'Электроника', 7400.40, 18, 5, FALSE),
(135, 'Сканер', 218, 'Электроника', 8100.00, 14, 4, FALSE),
(136, 'Факс', 213, 'Офисная техника', 12200.00, 10, 3, FALSE),
(137, 'Калькулятор', 110, 'Офисная техника', 750.50, 120, 25, FALSE),
(138, 'Шредер', 197, 'Офисная техника', 5800.00, 8, 2, FALSE),
(139, 'Степлер', 154, 'Офисная техника', 450.75, 300, 50, FALSE),
(140, 'Папка архивная', 239, 'Канцтовары', 100.00, 400, 100, FALSE),
(141, 'Ручка шариковая', 174, 'Канцтовары', 30.50, 500, 100, FALSE),
(142, 'Ластик', 215, 'Канцтовары', 15.00, 300, 50, FALSE),
(143, 'Часы настенные', 238, 'Аксессуары', 3500.00, 22, 5, FALSE),
(144, 'Фоторамка', 171, 'Аксессуары', 800.95, 50, 10, FALSE),
(145, 'Батарейки AA', 136, 'Элементы питания', 145.00, 600, 150, FALSE),
(146, 'Удлинитель', 204, 'Электроника', 650.00, 75, 20, FALSE),
(147, 'Зарядное устройство', 143, 'Электроника', 550.75, 70, 20, FALSE),
(148, 'Флешка 16ГБ', 169, 'Электроника', 900.00, 85, 30, FALSE),
(149, 'Флешка 32ГБ', 181, 'Электроника', 1300.00, 90, 35, FALSE),
(150, 'Флешка 64ГБ', 169, 'Электроника', 2200.00, 60, 25, FALSE),
(151, 'Смартфон', 140, 'Электроника', 35000.00, 25, 8, FALSE),
(152, 'Планшет', 108, 'Электроника', 28400.00, 20, 7, FALSE),
(153, 'Электронная книга', 247, 'Электроника', 7500.00, 15, 4, FALSE),
(154, 'Колонка bluetooth', 102, 'Аксессуары', 2700.00, 28, 10, FALSE),
(155, 'Наушники', 252, 'Электроника', 3200.50, 35, 11, FALSE),
(156, 'Музейный экспонат', 182, 'Антиквариат', 950000.00, 1, 0, TRUE),
(157, 'Картина', 163, 'Антиквариат', 480000.00, 2, 0, TRUE),
(158, 'Ручное зеркало', 256, 'Антиквариат', 150000.00, 1, 0, TRUE),
(159, 'Винный шкаф', 158, 'Мебель', 35000.00, 5, 1, FALSE),
(160, 'Ювелирное украшение', 194, 'Аксессуары', 620000.00, 3, 1, TRUE),
(161, 'Ковер шерстяной', 220, 'Интерьер', 45000.00, 10, 3, FALSE),
(162, 'Вашингтонский стул', 154, 'Мебель', 30000.00, 8, 2, FALSE),
(163, 'Рояль', 245, 'Музыкальные инструменты', 300000.00, 2, 0, FALSE),
(164, 'Гитара', 211, 'Музыкальные инструменты', 15000.00, 20, 5, FALSE),
(165, 'Скрипка', 130, 'Музыкальные инструменты', 25000.00, 12, 3, FALSE),
(166, 'Барабан', 107, 'Музыкальные инструменты', 12000.00, 15, 4, FALSE),
(167, 'Тромбон', 159, 'Музыкальные инструменты', 20000.00, 11, 2, FALSE),
(168, 'Флейта', 163, 'Музыкальные инструменты', 7500.00, 18, 5, FALSE),
(169, 'Саксофон', 216, 'Музыкальные инструменты', 40000.00, 6, 1, FALSE),
(170, 'Микрофон', 259, 'Электроника', 5000.00, 20, 5, FALSE),
(171, 'Калькулятор инженерный', 134, 'Офисная техника', 1250.95, 95, 20, FALSE),
(172, 'Маркер', 217, 'Канцтовары', 45.00, 300, 50, FALSE),
(173, 'Тетрадь 96 листов', 193, 'Канцтовары', 80.00, 400, 100, FALSE),
(174, 'Клей', 122, 'Канцтовары', 35.00, 250, 45, FALSE),
(175, 'Скотч', 146, 'Канцтовары', 55.50, 200, 40, FALSE),
(176, 'Диск DVD', 134, 'Медиа', 25.00, 150, 30, FALSE),
(177, 'CD-плеер', 202, 'Медиа', 1850.00, 22, 5, FALSE),
(178, 'MP3-плеер', 179, 'Медиа', 2150.00, 14, 3, FALSE),
(179, 'Видеокамера', 251, 'Медиа', 35000.00, 10, 2, FALSE),
(180, 'Фотоаппарат', 241, 'Электроника', 28000.00, 8, 2, FALSE),
(181, 'USB-хаб', 255, 'Электроника', 650.00, 50, 10, FALSE),
(182, 'Веб-камера', 248, 'Электроника', 1850.75, 30, 5, FALSE),
(183, 'Сетевой фильтр', 212, 'Электроника', 450.00, 70, 15, FALSE),
(184, 'Антенна', 211, 'Электроника', 350.00, 40, 8, FALSE),
(185, 'Роутер', 252, 'Электроника', 2200.00, 35, 6, FALSE),
(186, 'Микроволновая печь', 115, 'Бытовая техника', 7900.00, 20, 5, FALSE),
(187, 'Водонагреватель', 250, 'Бытовая техника', 10400.00, 12, 3, FALSE),
(188, 'Электроплита', 124, 'Бытовая техника', 20500.00, 10, 2, FALSE),
(189, 'Посудомоечная машина', 176, 'Бытовая техника', 23700.00, 5, 1, FALSE),
(190, 'Фритюрница', 246, 'Кухонная техника', 2600.00, 17, 4, FALSE),
(191, 'Кондиционер', 138, 'Бытовая техника', 36000.00, 6, 2, FALSE),
(192, 'Вентилятор', 112, 'Бытовая техника', 3500.00, 25, 7, FALSE),
(193, 'Обогреватель', 216, 'Бытовая техника', 8100.00, 9, 3, FALSE),
(194, 'Электрический камин', 170, 'Бытовая техника', 24000.00, 3, 1, FALSE),
(195, 'Сауна', 122, 'Бытовая техника', 94000.00, 1, 0, FALSE),
(196, 'Дрон', 115, 'Электроника', 14500.00, 12, 3, FALSE),
(197, 'Пайка', 176, 'Электроника', 650.25, 80, 15, FALSE),
(198, 'Термопаста', 234, 'Электроника', 350.00, 120, 30, FALSE),
(199, 'Термис', 164, 'Туризм', 1500.00, 25, 5, FALSE),
(200, 'Рюкзак', 181, 'Туризм', 2200.00, 35, 7, FALSE),
(201, 'Умные часы', 192, 'Электроника', 7500.00, 40, 10, FALSE),
(202, 'Активная акустическая система', 101, 'Электроника', 15000.00, 15, 3, FALSE),
(203, 'Кабель HDMI', 201, 'Электроника', 450.00, 100, 20, FALSE),
(204, 'Аудиоколонка', 203, 'Электроника', 6000.00, 25, 5, FALSE),
(205, 'Электрогриль', 215, 'Кухонная техника', 5200.00, 18, 4, FALSE),
(206, 'Электронные весы', 201, 'Бытовая техника', 2500.50, 35, 8, FALSE),
(207, 'Вафельница', 245, 'Кухонная техника', 3200.00, 20, 5, FALSE),
(208, 'Термос', 156, 'Туризм', 700.00, 70, 15, FALSE),
(209, 'Сиденье детское', 117, 'Аксессуары', 5000.00, 12, 3, FALSE),
(210, 'Картридж принтера', 176, 'Офисная техника', 1800.00, 50, 10, FALSE),
(211, 'Фен для волос', 232, 'Бытовая техника', 2700.00, 40, 10, FALSE),
(212, 'Триммер для бороды', 118, 'Бытовая техника', 2800.00, 25, 6, FALSE),
(213, 'Электрическая удочка', 242, 'Рыбная ловля', 5400.00, 8, 2, FALSE),
(214, 'Крюк подъёмный', 128, 'Техника', 1000.00, 15, 3, FALSE),
(215, 'Автогенератор', 115, 'Машиностроение', 35000.00, 4, 1, FALSE),
(216, 'Светильник настольный', 203, 'Осветительные приборы', 1500.00, 30, 10, FALSE),
(217, 'Учебник', 244, 'Книги', 500.00, 150, 30, FALSE),
(218, 'Маска сварщика', 149, 'Защитные средства', 2000.00, 20, 5, FALSE),
(219, 'Одеяло шерстяное', 103, 'Текстиль', 3200.00, 15, 4, FALSE),
(220, 'Подушка ортопедическая', 107, 'Текстиль', 2700.00, 25, 5, FALSE),
(221, 'Настольный компьютер', 227, 'Компьютеры', 45000.00, 10, 3, FALSE),
(222, 'Микрофон петличный', 222, 'Электроника', 1200.00, 40, 5, FALSE),
(223, 'Бинокль', 200, 'Оптика', 4500.00, 20, 4, FALSE),
(224, 'Радио', 145, 'Электроника', 2600.00, 30, 8, FALSE),
(225, 'Газовая плита', 225, 'Бытовая техника', 13000.00, 15, 3, FALSE),
(226, 'Фонарь налобный', 243, 'Осветительные приборы', 700.00, 60, 10, FALSE),
(227, 'Офисное кресло', 140, 'Мебель', 8000.00, 20, 5, FALSE),
(228, 'Шредер бумажный', 215, 'Офисная техника', 6500.00, 5, 2, FALSE),
(229, 'Тандыр', 241, 'Кухонная техника', 15000.00, 10, 3, FALSE),
(230, 'Электрический нагреватель', 168, 'Бытовая техника', 12000.00, 8, 2, FALSE),
(231, 'Док станция', 191, 'Электроника', 7500.00, 10, 3, FALSE),
(232, 'Гарнитура', 235, 'Электроника', 3500.00, 18, 4, FALSE),
(233, 'Турник', 262, 'Спорт', 2300.00, 15, 5, FALSE),
(234, 'Скалка', 127, 'Кухонные аксессуары', 300.00, 40, 10, FALSE),
(235, 'Электропростыня', 117, 'Бытовая техника', 3200.00, 12, 3, FALSE),
(236, 'Термометр', 244, 'Медтовары', 250.00, 100, 20, FALSE),
(237, 'Корм для кошек', 163, 'Зоотовары', 450.00, 200, 50, FALSE),
(238, 'Поилка автоматическая', 127, 'Зоотовары', 2800.00, 20, 5, FALSE),
(239, 'Тренажёр', 210, 'Спорт', 32000.00, 6, 2, FALSE),
(240, 'Шляпа', 136, 'Одежда', 1500.00, 35, 7, FALSE),
(241, 'Куртка зимняя', 247, 'Одежда', 12000.00, 10, 3, FALSE),
(242, 'Скатерть', 238, 'Текстиль', 500.00, 60, 12, FALSE),
(243, 'Настольная игра', 232, 'Игры', 1500.00, 25, 5, FALSE),
(244, 'Ледоруб', 160, 'Туризм', 3500.00, 10, 3, FALSE),
(245, 'Гладильная доска', 208, 'Бытовая техника', 2500.00, 15, 4, FALSE),
(246, 'Кресло', 173, 'Мебель', 15000.00, 5, 1, FALSE),
(247, 'Пылесос робот', 197, 'Бытовая техника', 18000.00, 10, 3, FALSE),
(248, 'Планшет графический', 213, 'Компьютеры', 8500.00, 20, 5, FALSE),
(249, 'Видеокарта', 237, 'Компьютеры', 35000.00, 8, 2, FALSE),
(250, 'Колонки переносные', 137, 'Электроника', 5000.00, 15, 4, FALSE),
(251, 'Коврик для мыши', 252, 'Компьютерные аксессуары', 350.00, 100, 20, FALSE),
(252, 'Объектив', 150, 'Оптика', 15000.00, 5, 1, FALSE),
(253, 'Рюкзак туристический', 258, 'Туризм', 3200.00, 25, 5, FALSE),
(254, 'Паста для полировки', 123, 'Автомобильные товары', 900.00, 30, 6, FALSE),
(255, 'Снегоуборщик', 175, 'Бытовая техника', 45000.00, 3, 1, FALSE),
(256, 'Сушилка для овощефруктов', 233, 'Бытовая техника', 6500.00, 8, 2, FALSE),
(257, 'Штатив', 209, 'Фото и видео', 2200.00, 30, 7, FALSE),
(258, 'Обезжириватель', 204, 'Химия', 300.00, 70, 15, FALSE),
(259, 'Производственный миксер', 146, 'Бытовая техника', 150000.00, 2, 1, FALSE),
(260, 'Обогреватель-конвектор', 128, 'Бытовая техника', 9800.00, 5, 2, FALSE),
(261, 'Утюг паровой', 238, 'Бытовая техника', 4500.00, 15, 4, FALSE),
(262, 'Насадка для шуруповёрта', 223, 'Строительные товары', 150.00, 100, 25, FALSE),
(263, 'Чернильный картридж', 134, 'Офисная техника', 750.00, 40, 10, FALSE),
(264, 'Печь', 181, 'Бытовая техника', 105000.00, 1, 0, FALSE),
(265, 'Фритюрница', 101, 'Кухонная техника', 4900.00, 20, 5, FALSE),
(266, 'Ремень для часов', 177, 'Аксессуары', 300.00, 50, 10, FALSE),
(267, 'Подушка', 203, 'Текстиль', 950.00, 100, 25, FALSE),
(268, 'Фумигатор', 131, 'Бытовая техника', 800.00, 60, 10, FALSE),
(269, 'Чайник', 244, 'Кухонная техника', 3200.00, 25, 5, FALSE),
(270, 'Электродуховка', 139, 'Бытовая техника', 25000.00, 5, 2, FALSE),
(271, 'Электронная книга', 185, 'Электроника', 9000.00, 12, 3, FALSE),
(272, 'Соковыжималка', 231, 'Кухонная техника', 7500.00, 8, 2, FALSE),
(273, 'Портативная колонка', 224, 'Электроника', 3000.00, 25, 5, FALSE),
(274, 'Видеорегистратор', 140, 'Автоаксессуары', 4500.00, 20, 5, FALSE),
(275, 'Фитнес-трекер', 254, 'Электроника', 2900.00, 15, 4, FALSE),
(276, 'Машинка для стрижки', 143, 'Бытовая техника', 2000.00, 20, 5, FALSE),
(277, 'Медиацентр', 116, 'Электроника', 35000.00, 5, 2, FALSE),
(278, 'Навигатор', 182, 'Электроника', 8500.00, 10, 3, FALSE),
(279, 'Подставка для ноутбука', 163, 'Компьютерные аксессуары', 1200.00, 40, 10, FALSE),
(280, 'Самокат', 150, 'Спорт', 7500.00, 10, 3, FALSE),
(281, 'Щетка для обуви', 251, 'Аксессуары', 500.00, 100, 25, FALSE),
(282, 'Гигрометр', 209, 'Инструменты', 1500.00, 10, 3, FALSE),
(283, 'Опрыскиватель', 102, 'Садовые инструменты', 2500.00, 15, 4, FALSE),
(284, 'Радиоуправляемая модель', 239, 'Игрушки', 9500.00, 7, 2, FALSE),
(285, 'Тепловентилятор', 147, 'Бытовая техника', 3000.00, 5, 2, FALSE),
(286, 'Стедикам', 149, 'Аксессуары', 11500.00, 3, 1, FALSE),
(287, 'Антенна телевизионная', 143, 'ТВ и видео', 1800.00, 12, 3, FALSE),
(288, 'Часы настольные', 239, 'Аксессуары', 3500.00, 8, 2, FALSE),
(289, 'Кофемолка', 122, 'Кухонная техника', 2500.00, 12, 3, FALSE),
(290, 'Штатив для камеры', 234, 'Фото и видео', 4500.00, 10, 3, FALSE),
(291, 'Цифровое пианино', 251, 'Музыкальные инструменты', 65000.00, 3, 1, FALSE),
(292, 'Фермерская одежда', 140, 'Одежда', 3000.00, 15, 4, FALSE),
(293, 'Зарядная станция', 206, 'Электроника', 9000.00, 5, 2, FALSE),
(294, 'Браслет', 104, 'Аксессуары', 700.00, 50, 15, FALSE),
(295, 'Семена', 148, 'Сад и огород', 200.00, 500, 150, FALSE),
(296, 'Лебедка', 228, 'Техника', 12000.00, 4, 1, FALSE),
(297, 'Кухонный комбайн', 150, 'Кухонная техника', 8200.00, 10, 3, FALSE),
(298, 'Капкейки', 210, 'Кондитерские изделия', 500.00, 60, 20, FALSE),
(299, 'Посуда керамическая', 150, 'Кухонная посуда', 1200.00, 30, 10, FALSE),
(300, 'Очки виртуальной реальности', 220, 'Электроника', 18000.00, 10, 3, FALSE),
(301, 'Сковорода чугунная', 159, 'Кухонная посуда', 2400.00, 20, 5, FALSE),
(302, 'Авторучка премиум', 257, 'Канцтовары', 1500.00, 30, 10, FALSE),
(303, 'Карандаш механический', 105, 'Канцтовары', 220.00, 200, 50, FALSE),
(304, 'Чехол для смартфона', 135, 'Аксессуары', 450.00, 100, 20, FALSE),
(305, 'Туристическая палатка', 204, 'Туризм', 8500.00, 12, 3, FALSE),
(306, 'Наушники беспроводные', 107, 'Электроника', 6500.00, 50, 10, FALSE),
(307, 'Коврик для ванной', 232, 'Текстиль', 1200.00, 40, 8, FALSE),
(308, 'Плед акриловый', 196, 'Текстиль', 3200.00, 15, 4, FALSE),
(309, 'Средство для удаления ржавчины', 224, 'Химия', 800.00, 25, 5, FALSE),
(310, 'Портмоне кожаное', 107, 'Аксессуары', 3500.00, 18, 4, FALSE),
(311, 'Румяна', 115, 'Косметика', 1150.00, 142, 20, FALSE),
(312, 'Рюкзак школьный', 119, 'Сумки', 2500.00, 60, 18, FALSE),
(313, 'Купальник', 144, 'Одежда', 1700.00, 90, 15, FALSE),
(314, 'Массажер электрический', 125, 'Бытовая техника', 2400.00, 22, 5, FALSE),
(315, 'Стейк', 161, 'Продукты питания', 3400.00, 14, 7, FALSE),
(316, 'Соковыжималка ручная', 203, 'Кухонная техника', 600.00, 50, 10, FALSE),
(317, 'Сифон для воды', 111, 'Бытовая техника', 3200.00, 25, 5, FALSE),
(318, 'Барометр', 107, 'Интерьер', 5400.00, 8, 2, FALSE),
(319, 'Термокружка', 101, 'Кухонная посуда', 850.00, 148, 30, FALSE),
(320, 'Фрукты сушеные', 118, 'Продукты питания', 1600.00, 120, 50, FALSE),
(321, 'Шапка шерстяная', 246, 'Одежда', 2400.00, 30, 10, FALSE),
(322, 'Кепка', 242, 'Одежда', 900.00, 200, 50, FALSE),
(323, 'Кубик Рубика', 212, 'Игрушки', 450.00, 70, 20, FALSE),
(324, 'Ксерокс', 152, 'Офисная техника', 30000.00, 6, 2, FALSE),
(325, 'Флешка 128ГБ', 141, 'Электроника', 3300.00, 90, 35, FALSE),
(326, 'Смартфон флагманский', 232, 'Электроника', 75000.00, 20, 5, FALSE),
(327, 'Индукционная плита', 104, 'Бытовая техника', 28000.00, 10, 3, FALSE),
(328, 'Тренажер эллиптический', 158, 'Спорт', 68000.00, 5, 2, FALSE),
(329, 'Микрофон студийный', 176, 'Электроника', 11500.00, 25, 5, FALSE),
(330, 'Тусклый светильник', 124, 'Осветительные приборы', 1800.00, 35, 7, FALSE),
(331, 'Зонт', 135, 'Аксессуары', 1500.00, 140, 30, FALSE),
(332, 'Худи', 133, 'Одежда', 3400.00, 80, 30, FALSE),
(333, 'Электросамокат', 177, 'Транспорт', 48000.00, 7, 2, FALSE),
(334, 'Ланчбокс', 104, 'Кухонная посуда', 700.00, 100, 20, FALSE),
(335, 'Эко-мешок', 140, 'Сумки', 450.00, 220, 45, FALSE),
(336, 'Смарт телевизор', 167, 'Электроника', 65000.00, 15, 3, FALSE),
(337, 'Лосьон для тела', 209, 'Косметика', 1200.00, 140, 30, FALSE),
(338, 'Тонометр', 134, 'Медтовары', 2400.00, 30, 10, FALSE),
(339, 'Ветометр', 126, 'Интерьер', 5200.00, 10, 2, FALSE),
(340, 'Фейерверк', 218, 'Праздничные товары', 3200.00, 60, 10, FALSE),
(341, 'Радиоуправляемый вертолет', 220, 'Игрушки', 7500.00, 15, 5, FALSE),
(342, 'Автомобильный держатель', 123, 'Автоаксессуары', 550.00, 80, 20, FALSE),
(343, 'Электрощетка', 121, 'Бытовая техника', 2500.00, 25, 5, FALSE),
(344, 'Чайник стеклянный', 159, 'Кухонная техника', 2000.00, 15, 4, FALSE),
(345, 'Чайная пара', 131, 'Кухонная посуда', 700.00, 50, 10, FALSE),
(346, 'Комбайн кухонный', 129, 'Кухонная техника', 8500.00, 12, 3, FALSE),
(347, 'Прищепки', 192, 'Хозтовары', 150.00, 400, 50, FALSE),
(348, 'Платформа для ноутбука', 198, 'Компьютерные аксессуары', 3200.00, 20, 5, FALSE),
(349, 'Тонометр ручной', 129, 'Медтовары', 3200.00, 10, 3, FALSE),
(350, 'Шлем велосипедный', 103, 'Спорт', 4800.00, 18, 4, FALSE),
(351, 'Резинка для волос', 152, 'Аксессуары', 70.00, 1000, 50, FALSE),
(352, 'Коврик для йоги', 243, 'Спорт', 1100.00, 60, 15, FALSE),
(353, 'Домкрат', 102, 'Автоинструменты', 3400.00, 20, 5, FALSE),
(354, 'Клей ПВА', 240, 'Канцтовары', 100.00, 200, 50, FALSE),
(355, 'Телефон для бабушек', 251, 'Электроника', 5000.00, 30, 10, FALSE),
(356, 'Термометр описательной температуры', 115, 'Офисная техника', 8000.00, 12, 3, FALSE),
(357, 'Мультиметр', 159, 'Электроника', 3400.00, 18, 4, FALSE),
(358, 'Настольная лампа', 142, 'Осветительные приборы', 2200.00, 20, 5, FALSE),
(359, 'Маска плавательная', 138, 'Спорт', 900.00, 40, 10, FALSE),
(360, 'Краски масляные', 149, 'Художественные товары', 1800.00, 35, 7, FALSE),
(361, 'Гитара акустическая', 186, 'Музыкальные инструменты', 5600.00, 15, 3, FALSE),
(362, 'Карта памяти 64ГБ', 176, 'Электроника', 1500.00, 100, 20, FALSE),
(363, 'Велосипед складной', 213, 'Транспорт', 32000.00, 7, 2, FALSE),
(364, 'Ящик для инструментов', 222, 'Инструменты', 1600.00, 30, 10, FALSE),
(365, 'Гамак садовый', 235, 'Сад и огород', 3500.00, 20, 5, FALSE),
(366, 'Пенопласт', 159, 'Строительные материалы', 750.00, 200, 50, FALSE),
(367, 'Секатор', 253, 'Садовые инструменты', 850.00, 70, 15, FALSE),
(368, 'Газонокосилка электрическая', 190, 'Садовое оборудование', 45000.00, 5, 2, FALSE),
(369, 'Кальян', 126, 'Аксессуары', 7500.00, 25, 5, FALSE),
(370, 'Шампунь', 164, 'Косметика', 550.00, 500, 150, FALSE),
(371, 'Зубная паста', 201, 'Гигиенические товары', 320.00, 80, 20, FALSE),
(372, 'Соль для ванн', 130, 'Гигиенические товары', 200.00, 60, 15, FALSE),
(373, 'Губка для посуды', 242, 'Хозтовары', 150.00, 300, 50, FALSE),
(374, 'Набор столовых приборов', 246, 'Кухонная посуда', 2800.00, 35, 7, FALSE),
(375, 'Чехол для планшета', 260, 'Аксессуары', 700.00, 200, 50, FALSE),
(376, 'Запасной аккумулятор', 144, 'Электроника', 2600.00, 40, 10, FALSE),
(377, 'Проектор', 254, 'Электроника', 15000.00, 8, 2, FALSE),
(378, 'Электрокамин', 227, 'Бытовая техника', 38000.00, 3, 1, FALSE),
(379, 'Тумбочка прикроватная', 195, 'Мебель', 8000.00, 10, 3, FALSE),
(380, 'Набор для специй', 243, 'Кухонные аксессуары', 1200.00, 30, 6, FALSE),
(381, 'Металлоискатель', 175, 'Электроника', 17000.00, 5, 2, FALSE),
(382, 'Браслет фитнес', 217, 'Электроника', 3500.00, 25, 5, FALSE),
(383, 'Термобелье', 157, 'Одежда', 1800.00, 50, 15, FALSE),
(384, 'Розетка умная', 153, 'Электроника', 1200.00, 30, 8, FALSE),
(385, 'Видеодомофон', 247, 'Электроника', 27000.00, 7, 2, FALSE),
(386, 'Швейная машинка', 214, 'Бытовая техника', 16000.00, 8, 2, FALSE),
(387, 'Гриль электрический', 232, 'Кухонная техника', 5300.00, 15, 5, FALSE),
(388, 'Кофемашина', 106, 'Кухонная техника', 29000.00, 10, 3, FALSE),
(389, 'Фотоаппарат влагозащитный', 254, 'Фото и видео', 62000.00, 6, 2, FALSE),
(390, 'Перфоратор', 163, 'Строительные инструменты', 8200.00, 25, 5, FALSE),
(391, 'Комплект спальных принадлежностей', 216, 'Текстиль', 4500.00, 18, 4, FALSE),
(392, 'Краскопульт', 130, 'Строительные инструменты', 850.00, 60, 15, FALSE),
(393, 'Ночник', 151, 'Осветительные приборы', 950.00, 150, 50, FALSE),
(394, 'Накладка на унитаз', 175, 'Товары для ванной', 550.00, 80, 20, FALSE),
(395, 'Холодильник мини', 184, 'Бытовая техника', 5500.00, 10, 3, FALSE),
(396, 'Шарлотка', 153, 'Продукты питания', 450.00, 150, 80, FALSE),
(397, 'Светодиодная лента', 188, 'Осветительные приборы', 450.00, 250, 100, FALSE),
(398, 'Проводная мышь', 136, 'Компьютерные аксессуары', 350.00, 90, 20, FALSE),
(399, 'Фитолампа', 132, 'Осветительные приборы', 2000.00, 40, 10, FALSE),
(400, 'Техника заднего плана', 215, 'Экспооборудование', 20000.00, 3, 1, FALSE),
(401, 'Массажный трек', 178, 'Товары для здоровья', 4700.00, 20, 5, FALSE),
(402, 'Электрический самовар', 193, 'Кухонная техника', 6500.00, 8, 2, FALSE),
(403, 'Робот-пылесос', 254, 'Бытовая техника', 22000.00, 10, 3, FALSE),
(404, 'Детская кроватка', 135, 'Мебель', 12000.00, 5, 1, FALSE),
(405, 'Кронштейн для ТВ', 124, 'Электроника', 1100.00, 30, 7, FALSE),
(406, 'Ручной швейный набор', 176, 'Одежда и текстиль', 800.00, 120, 30, FALSE),
(407, 'Чугунный мангал', 259, 'Сад и огород', 15000.00, 7, 2, FALSE),
(408, 'Летающий дрон', 147, 'Технологии', 45000.00, 5, 2, FALSE),
(409, 'Ювелирная лупа', 163, 'Оптика', 950.00, 50, 10, FALSE),
(410, 'Надувная лодка', 162, 'Туристическое снаряжение', 17000.00, 4, 1, FALSE),
(411, 'Настенная карта мира', 217, 'Декор', 3000.00, 25, 5, FALSE),
(412, 'Беговел', 254, 'Детские товары', 6000.00, 8, 2, FALSE),
(413, 'Шелковый халат', 126, 'Одежда', 9000.00, 15, 4, FALSE),
(414, 'GPS-трекер', 117, 'Электроника', 3200.00, 30, 8, FALSE),
(415, 'Игровая приставка', 110, 'Игрушки', 45000.00, 10, 3, FALSE),
(416, 'Сумка для инструмента', 190, 'Инструменты', 1800.00, 40, 10, FALSE),
(417, 'Камера контроля нагрузки', 112, 'Безопасность', 2200.00, 25, 5, FALSE),
(418, 'Садовая тележка', 215, 'Сад и огород', 5000.00, 20, 5, FALSE),
(419, 'Кухонный нож из дамасской стали', 197, 'Кухонная посуда', 3400.00, 30, 6, FALSE),
(420, 'Чайные свечи', 134, 'Осветительные приборы', 150.00, 200, 50, FALSE),
(421, 'Ящик для хранения', 123, 'Организация пространства', 800.00, 50, 10, FALSE),
(422, 'Конструктор для детей', 147, 'Игры', 4500.00, 12, 3, FALSE),
(423, 'Мокасины', 249, 'Обувь', 3400.00, 25, 5, FALSE),
(424, 'Кафельная плитка', 200, 'Стройматериалы', 1200.00, 500, 100, FALSE),
(425, 'Искусственная ёлка', 157, 'Праздничные товары', 2000.00, 40, 10, FALSE),
(426, 'Дизайнерский светильник', 221, 'Осветительные приборы', 8500.00, 8, 2, FALSE),
(427, 'Роликовые коньки', 152, 'Спорт', 4200.00, 20, 5, FALSE),
(428, 'Плойка для волос', 144, 'Бытовая техника', 2500.00, 35, 7, FALSE),
(429, 'Палка для селфи', 236, 'Аксессуары', 450.00, 80, 20, FALSE),
(430, 'Ретро радиоприемник', 246, 'Электроника', 7500.00, 15, 5, FALSE),
(431, 'Комплект постельного белья', 108, 'Текстиль', 3200.00, 40, 10, FALSE),
(432, 'Обувь для танцев', 142, 'Обувь', 2900.00, 10, 3, FALSE),
(433, 'Зонт от солнца', 106, 'Аксессуары', 1500.00, 20, 5, FALSE),
(434, 'Снегоход', 260, 'Транспорт', 120000.00, 2, 1, FALSE),
(435, 'Видеонаблюдение', 209, 'Безопасность', 18000.00, 5, 2, FALSE),
(436, 'Перчатки', 121, 'Одежда', 550.00, 100, 20, FALSE),
(437, 'Комплект полотенец', 119, 'Текстиль', 750.00, 80, 20, FALSE),
(438, 'Штора для ванной', 216, 'Товары для ванной', 2100.00, 25, 5, FALSE),
(439, 'Жилет для водных видов спорта', 138, 'Спорт', 4900.00, 12, 3, FALSE),
(440, 'Кухонный гарнитур', 181, 'Мебель', 65000.00, 3, 1, FALSE),
(441, 'Кроссовки', 191, 'Обувь', 5400.00, 30, 10, FALSE),
(442, 'Смартфон бюджетный', 175, 'Электроника', 15000.00, 15, 5, FALSE),
(443, 'Садовая мебель', 185, 'Сад и огород', 12000.00, 6, 2, FALSE),
(444, 'Румбокс', 242, 'Декор', 3000.00, 15, 4, FALSE),
(445, 'Палатка для пикника', 103, 'Туризм', 5500.00, 10, 3, FALSE),
(446, 'Телевизор 4K', 220, 'Электроника', 90000.00, 4, 1, FALSE),
(447, 'Тостер', 201, 'Кухонная техника', 3200.00, 20, 5, FALSE),
(448, 'Велотренажер', 209, 'Спорт', 18000.00, 8, 2, FALSE),
(449, 'Электронные книги', 149, 'Технологии', 6700.00, 25, 5, FALSE),
(450, 'Тройник', 211, 'Электроника', 550.00, 100, 20, FALSE),
(451, 'Декоративный ковш', 189, 'Декор', 2000.00, 30, 10, FALSE),
(452, 'Зеркало заднего вида', 200, 'Автоаксессуары', 900.00, 50, 10, FALSE),
(453, 'Игрушка интерактивная', 175, 'Игрушки', 4500.00, 15, 4, FALSE),
(454, 'Паяльная станция', 138, 'Инструменты', 14000.00, 12, 3, FALSE),
(455, 'Контроллер RGB', 108, 'Осветительные приборы', 750.00, 70, 15, FALSE),
(456, 'Резиновые сапоги', 161, 'Обувь', 1500.00, 40, 10, FALSE),
(457, 'Детектор дыма', 221, 'Безопасность', 1800.00, 25, 5, FALSE),
(458, 'Лавочка парковая', 252, 'Мебель', 9800.00, 3, 1, FALSE),
(459, 'Стакан бумажный', 131, 'Кухонная посуда', 250.00, 500, 100, FALSE),
(460, 'Тюль', 228, 'Декор', 3500.00, 20, 5, FALSE),
(461, 'Сушилка для белья', 168, 'Хозтовары', 2000.00, 30, 10, FALSE),
(462, 'Комплект одежды зимней', 124, 'Одежда', 9000.00, 10, 3, FALSE),
(463, 'Сифтер', 169, 'Кухонная техника', 1800.00, 25, 5, FALSE),
(464, 'Палатка кемпинговая', 184, 'Туризм', 15000.00, 8, 2, FALSE),
(465, 'Напольные весы', 211, 'Бытовая техника', 2200.00, 15, 4, FALSE),
(466, 'Рюкзак для ноутбука', 231, 'Аксессуары', 2500.00, 40, 10, FALSE),
(467, 'Куртка для дождя', 212, 'Одежда', 3600.00, 20, 5, FALSE),
(468, 'Пароочиститель', 180, 'Бытовая техника', 4800.00, 12, 3, FALSE),
(469, 'Шарф шерстяной', 102, 'Одежда', 1200.00, 50, 10, FALSE),
(470, 'Декоративный валик', 226, 'Интерьер', 2300.00, 25, 5, FALSE),
(471, 'Металлическая лестница', 205, 'Инструменты', 8500.00, 7, 2, FALSE),
(472, 'Коробка для хранения', 144, 'Домашние потребности', 600.00, 80, 20, FALSE),
(473, 'Настольный органайзер', 201, 'Офисная мебель', 2000.00, 15, 4, FALSE),
(474, 'Эмалированная кастрюля', 156, 'Кухонная техника', 1800.00, 40, 10, FALSE),
(475, 'Плотницкий молоток', 166, 'Инструменты', 900.00, 35, 7, FALSE),
(476, 'Трехместный диван', 172, 'Мебель', 75000.00, 3, 1, FALSE),
(477, 'Мини холодильник', 113, 'Бытовая техника', 13000.00, 5, 2, FALSE),
(478, 'Солнечная батарея', 171, 'Энергия', 25000.00, 10, 3, FALSE),
(479, 'Йогуртница', 112, 'Кухонная техника', 3200.00, 20, 5, FALSE),
(480, 'Коврик придверный', 135, 'Декор', 1100.00, 70, 15, FALSE),
(481, 'Игровая мышь', 180, 'Компьютерные аксессуары', 3200.00, 25, 5, FALSE),
(482, 'Сотовый утюжок для льда', 127, 'Кухонная посуда', 550.00, 100, 20, FALSE),
(483, 'Кофеварка капельная', 153, 'Бытовая техника', 1600.00, 30, 8, FALSE),
(484, 'Сверхлегкий спальный мешок', 221, 'Туризм', 7500.00, 12, 3, FALSE),
(485, 'Подлокотники для кресла', 126, 'Мебель', 1300.00, 50, 10, FALSE),
(486, 'Автомобильный усилитель', 164, 'Автотовары', 11500.00, 5, 2, FALSE),
(487, 'Батарея литиевая', 129, 'Электроника', 1000.00, 80, 20, FALSE),
(488, 'Крышка для чаши', 160, 'Кухонная посуда', 300.00, 250, 100, FALSE),
(489, 'Бамбуковая доска', 212, 'Кухонные аксессуары', 650.00, 60, 10, FALSE),
(490, 'Стол для пикника', 152, 'Мебель', 3400.00, 10, 3, FALSE),
(491, 'Садовые перчатки', 192, 'Сад и огород', 150.00, 400, 50, FALSE),
(492, 'Ковш для снега', 149, 'Садовое оборудование', 2000.00, 30, 6, FALSE),
(493, 'Держатель для карточек', 164, 'Офисные аксессуары', 250.00, 150, 70, FALSE),
(494, 'Точилка для карандашей', 112, 'Канцтовары', 300.00, 400, 100, FALSE),
(495, 'Термос', 259, 'Пикник', 1800.00, 40, 10, FALSE),
(496, 'Дорожная сумка', 171, 'Сумки', 4500.00, 15, 5, FALSE),
(497, 'Фонарь охотничий', 164, 'Туристические товары', 850.00, 50, 10, FALSE),
(498, 'Робот-конструктор', 216, 'Игрушки', 7500.00, 20, 5, FALSE),
(499, 'Платье вечернее', 184, 'Одежда', 6000.00, 10, 3, FALSE),
(500, 'Рюкзак раскладной', 121, 'Туризм', 2800.00, 35, 7, FALSE);


INSERT INTO Orders (OrderID, ClientID, OrderDate, RequiredDate, ShippedDate, Status, TotalAmount) VALUES 
(101, 12, '2023-01-05', '2023-01-12', '2023-01-10', 'Доставлено', 1200.50),
(102, 193, '2023-01-06', '2023-01-13', '2023-01-11', 'Доставлено', 950.00),
(103, 29, '2023-01-07', '2023-01-14', '2023-01-12', 'Отменено', 0.00),
(104, 46, '2023-01-08', '2023-01-15', '2023-01-13', 'Доставлено', 780.90),
(105, 339, '2023-01-09', '2023-01-16', NULL, 'В обработке', 1360.40),
(106, 31, '2023-01-10', '2023-01-17', '2023-01-14', 'Доставлено', 1100.75),
(107, 15, '2023-01-11', '2023-01-18', NULL, 'В обработке', 520.30),
(108, 300, '2023-01-12', '2023-01-19', '2023-01-17', 'Доставлено', 430.20),
(109, 82, '2023-01-13', '2023-01-20', NULL, 'В обработке', 670.00),
(110, 66, '2023-01-14', '2023-01-21', '2023-01-18', 'Доставлено', 1550.65),
(111, 230, '2023-01-15', '2023-01-22', '2023-01-19', 'Доставлено', 920.00),
(112, 12, '2023-01-16', '2023-01-23', NULL, 'В обработке', 840.50),
(113, 290, '2023-01-17', '2023-01-24', '2023-01-20', 'Доставлено', 610.40),
(114, 33, '2023-01-18', '2023-01-25', '2023-01-21', 'Доставлено', 1390.80),
(115, 80, '2023-01-19', '2023-01-26', NULL, 'Отменено', 0.00),
(116, 189, '2023-01-20', '2023-01-27', '2023-01-22', 'Доставлено', 720.25),
(117, 333, '2023-01-21', '2023-01-28', NULL, 'В обработке', 950.90),
(118, 220, '2023-01-22', '2023-01-29', '2023-01-23', 'Доставлено', 1040.70),
(119, 79, '2023-01-23', '2023-01-30', '2023-01-24', 'Доставлено', 880.00),
(120, 54, '2023-01-24', '2023-01-31', NULL, 'Отменено', 0.00),
(121, 321, '2023-01-25', '2023-02-01', '2023-01-26', 'Доставлено', 930.30),
(122, 273, '2023-01-26', '2023-02-02', NULL, 'В обработке', 1120.75),
(123, 113, '2023-01-27', '2023-02-03', NULL, 'В обработке', 720.50),
(124, 313, '2023-01-28', '2023-02-04', '2023-01-29', 'Доставлено', 660.40),
(125, 41, '2023-01-29', '2023-02-05', '2023-01-30', 'Доставлено', 1440.80),
(126, 82, '2023-01-30', '2023-02-06', '2023-01-31', 'Доставлено', 500.60),
(127, 177, '2023-01-31', '2023-02-07', NULL, 'Отменено', 0.00),
(128, 328, '2023-02-01', '2023-02-08', NULL, 'В обработке', 1150.25),
(129, 12, '2023-02-02', '2023-02-09', '2023-02-03', 'Доставлено', 680.85),
(130, 41, '2023-02-03', '2023-02-10', '2023-02-04', 'Доставлено', 920.60),
(131, 270, '2023-02-04', '2023-02-11', '2023-02-05', 'Доставлено', 840.30),
(132, 218, '2023-02-05', '2023-02-12', NULL, 'Отменено', 0.00),
(133, 159, '2023-02-06', '2023-02-13', '2023-02-07', 'Доставлено', 730.75),
(134, 6, '2023-02-07', '2023-02-14', '2023-02-08', 'Доставлено', 1050.90),
(135, 193, '2023-02-08', '2023-02-15', NULL, 'В обработке', 870.55),
(136, 88, '2023-02-09', '2023-02-16', '2023-02-10', 'Доставлено', 1350.40),
(137, 127, '2023-02-10', '2023-02-17', '2023-02-11', 'Доставлено', 940.25),
(138, 92, '2023-02-11', '2023-02-18', NULL, 'В обработке', 660.00),
(139, 278, '2023-02-12', '2023-02-19', '2023-02-13', 'Доставлено', 920.80),
(140, 8, '2023-02-13', '2023-02-20', '2023-02-14', 'Доставлено', 750.90),
(141, 59, '2023-02-14', '2023-02-21', NULL, 'Отменено', 0.00),
(142, 179, '2023-02-15', '2023-02-22', '2023-02-16', 'Доставлено', 1020.60),
(143, 255, '2023-02-16', '2023-02-23', '2023-02-17', 'Доставлено', 1340.30),
(144, 340, '2023-02-17', '2023-02-24', NULL, 'В обработке', 720.10),
(145, 217, '2023-02-18', '2023-02-25', '2023-02-19', 'Доставлено', 880.55),
(146, 269, '2023-02-19', '2023-02-26', NULL, 'В обработке', 1100.75),
(147, 121, '2023-02-20', '2023-02-27', '2023-02-21', 'Доставлено', 970.20),
(148, 196, '2023-02-21', '2023-02-28', '2023-02-22', 'Доставлено', 1460.85),
(149, 304, '2023-02-22', '2023-03-01', NULL, 'В обработке', 780.90),
(150, 33, '2023-02-23', '2023-03-02', '2023-02-24', 'Доставлено', 880.60),
(151, 238, '2023-02-24', '2023-03-03', '2023-02-25', 'Доставлено', 920.70),
(152, 224, '2023-02-25', '2023-03-04', NULL, 'Отменено', 0.00),
(153, 123, '2023-02-26', '2023-03-05', '2023-02-27', 'Доставлено', 1000.25),
(154, 178, '2023-02-27', '2023-03-06', '2023-02-28', 'Доставлено', 740.30),
(155, 281, '2023-02-28', '2023-03-07', NULL, 'В обработке', 1140.50),
(156, 345, '2023-02-28', '2023-03-08', '2023-03-01', 'Доставлено', 680.30),
(157, 33, '2023-03-01', '2023-03-09', '2023-03-02', 'Доставлено', 970.70),
(158, 307, '2023-03-02', '2023-03-10', NULL, 'В обработке', 1200.45),
(159, 150, '2023-03-03', '2023-03-11', '2023-03-04', 'Доставлено', 910.55),
(160, 14, '2023-03-04', '2023-03-12', '2023-03-05', 'Доставлено', 1340.80),
(161, 160, '2023-03-05', '2023-03-13', NULL, 'Отменено', 0.00),
(162, 279, '2023-03-06', '2023-03-14', '2023-03-07', 'Доставлено', 700.50),
(163, 223, '2023-03-07', '2023-03-15', NULL, 'В обработке', 890.40),
(164, 234, '2023-03-08', '2023-03-16', '2023-03-09', 'Доставлено', 1040.75),
(165, 22, '2023-03-09', '2023-03-17', NULL, 'В обработке', 940.30),
(166, 227, '2023-03-10', '2023-03-18', '2023-03-11', 'Доставлено', 1220.85),
(167, 10, '2023-03-11', '2023-03-19', '2023-03-12', 'Доставлено', 830.90),
(168, 69, '2023-03-12', '2023-03-20', '2023-03-13', 'Доставлено', 1160.50),
(169, 275, '2023-03-13', '2023-03-21', NULL, 'Отменено', 0.00),
(170, 246, '2023-03-14', '2023-03-22', '2023-03-15', 'Доставлено', 950.25),
(171, 22, '2023-03-15', '2023-03-23', '2023-03-16', 'Доставлено', 1090.20),
(172, 62, '2023-03-16', '2023-03-24', NULL, 'В обработке', 780.75),
(173, 109, '2023-03-17', '2023-03-25', '2023-03-18', 'Доставлено', 850.90),
(174, 82, '2023-03-18', '2023-03-26', '2023-03-19', 'Доставлено', 940.80),
(175, 186, '2023-03-19', '2023-03-27', NULL, 'В обработке', 1260.80),
(176, 21, '2023-03-20', '2023-03-28', '2023-03-21', 'Доставлено', 990.90),
(177, 52, '2023-03-21', '2023-03-29', '2023-03-22', 'Доставлено', 1080.25),
(178, 56, '2023-03-22', '2023-03-30', NULL, 'Отменено', 0.00),
(179, 78, '2023-03-23', '2023-03-31', '2023-03-24', 'Доставлено', 1040.60),
(180, 317, '2023-03-24', '2023-04-01', '2023-03-25', 'Доставлено', 1100.70),
(181, 1, '2023-03-25', '2023-04-02', NULL, 'В обработке', 720.30),
(182, 8, '2023-03-26', '2023-04-03', '2023-03-27', 'Доставлено', 680.50),
(183, 289, '2023-03-27', '2023-04-04', '2023-03-28', 'Доставлено', 870.40),
(184, 245, '2023-03-28', '2023-04-05', NULL, 'В обработке', 1300.40),
(185, 21, '2023-03-29', '2023-04-06', '2023-03-30', 'Доставлено', 940.85),
(186, 347, '2023-03-30', '2023-04-07', '2023-03-31', 'Доставлено', 1130.60),
(187, 44, '2023-03-31', '2023-04-08', NULL, 'Отменено', 0.00),
(188, 90, '2023-04-01', '2023-04-09', '2023-04-02', 'Доставлено', 780.80),
(189, 177, '2023-04-02', '2023-04-10', '2023-04-03', 'Доставлено', 1010.50),
(190, 338, '2023-04-03', '2023-04-11', NULL, 'В обработке', 940.20),
(191, 294, '2023-04-04', '2023-04-12', '2023-04-05', 'Доставлено', 930.70),
(192, 18, '2023-04-05', '2023-04-13', NULL, 'Отменено', 0.00),
(193, 46, '2023-04-06', '2023-04-14', '2023-04-07', 'Доставлено', 960.10),
(194, 43, '2023-04-07', '2023-04-15', '2023-04-08', 'Доставлено', 1290.90),
(195, 152, '2023-04-08', '2023-04-16', '2023-04-09', 'Доставлено', 940.55),
(196, 102, '2023-04-09', '2023-04-17', NULL, 'В обработке', 860.25),
(197, 78, '2023-04-10', '2023-04-18', '2023-04-11', 'Доставлено', 1180.90),
(198, 154, '2023-04-11', '2023-04-19', '2023-04-12', 'Доставлено', 1050.40),
(199, 126, '2023-04-12', '2023-04-20', NULL, 'Отменено', 0.00),
(200, 299, '2023-04-13', '2023-04-21', '2023-04-14', 'Доставлено', 770.30),
(201, 236, '2023-04-14', '2023-04-22', '2023-04-15', 'Доставлено', 950.45),
(202, 213, '2023-04-15', '2023-04-23', '2023-04-16', 'Доставлено', 1120.30),
(203, 24, '2023-04-16', '2023-04-24', NULL, 'В обработке', 980.75),
(204, 84, '2023-04-17', '2023-04-25', '2023-04-18', 'Доставлено', 890.50),
(205, 46, '2023-04-18', '2023-04-26', NULL, 'Отменено', 0.00),
(206, 170, '2023-04-19', '2023-04-27', '2023-04-20', 'Доставлено', 1070.40),
(207, 26, '2023-04-20', '2023-04-28', '2023-04-21', 'Доставлено', 1290.65),
(208, 189, '2023-04-21', '2023-04-29', NULL, 'В обработке', 950.20),
(209, 298, '2023-04-22', '2023-04-30', '2023-04-23', 'Доставлено', 760.80),
(210, 265, '2023-04-23', '2023-05-01', '2023-04-24', 'Доставлено', 1180.90),
(211, 231, '2023-04-24', '2023-05-02', NULL, 'Отменено', 0.00),
(212, 110, '2023-04-25', '2023-05-03', '2023-04-26', 'Доставлено', 830.60),
(213, 310, '2023-04-26', '2023-05-04', '2023-04-27', 'Доставлено', 1290.40),
(214, 240, '2023-04-27', '2023-05-05', NULL, 'В обработке', 770.50),
(215, 165, '2023-04-28', '2023-05-06', '2023-04-29', 'Доставлено', 990.15),
(216, 315, '2023-04-29', '2023-05-07', '2023-04-30', 'Доставлено', 1140.55),
(217, 283, '2023-04-30', '2023-05-08', NULL, 'В обработке', 890.25),
(218, 147, '2023-05-01', '2023-05-09', '2023-05-02', 'Доставлено', 1020.40),
(219, 277, '2023-05-02', '2023-05-10', '2023-05-03', 'Доставлено', 1350.75),
(220, 86, '2023-05-03', '2023-05-11', NULL, 'Отменено', 0.00),
(221, 189, '2023-05-04', '2023-05-12', '2023-05-05', 'Доставлено', 1130.55),
(222, 150, '2023-05-05', '2023-05-13', '2023-05-06', 'Доставлено', 1270.45),
(223, 337, '2023-05-06', '2023-05-14', NULL, 'В обработке', 930.20),
(224, 22, '2023-05-07', '2023-05-15', '2023-05-08', 'Доставлено', 870.90),
(225, 144, '2023-05-08', '2023-05-16', '2023-05-09', 'Доставлено', 1190.30),
(226, 258, '2023-05-09', '2023-05-17', NULL, 'Отменено', 0.00),
(227, 134, '2023-05-10', '2023-05-18', '2023-05-11', 'Доставлено', 1310.70),
(228, 40, '2023-05-11', '2023-05-19', '2023-05-12', 'Доставлено', 830.80),
(229, 177, '2023-05-12', '2023-05-20', NULL, 'В обработке', 980.60),
(230, 178, '2023-05-13', '2023-05-21', '2023-05-14', 'Доставлено', 1100.25),
(231, 96, '2023-05-14', '2023-05-22', '2023-05-15', 'Доставлено', 1380.80),
(232, 122, '2023-05-15', '2023-05-23', NULL, 'Отменено', 0.00),
(233, 9, '2023-05-16', '2023-05-24', '2023-05-17', 'Доставлено', 920.50),
(234, 285, '2023-05-17', '2023-05-25', '2023-05-18', 'Доставлено', 1440.90),
(235, 131, '2023-05-18', '2023-05-26', NULL, 'В обработке', 1050.75),
(236, 98, '2023-05-19', '2023-05-27', '2023-05-20', 'Доставлено', 790.60),
(237, 42, '2023-05-20', '2023-05-28', '2023-05-21', 'Доставлено', 1210.25),
(238, 200, '2023-05-21', '2023-05-29', NULL, 'Отменено', 0.00),
(239, 68, '2023-05-22', '2023-05-30', '2023-05-23', 'Доставлено', 860.70),
(240, 146, '2023-05-23', '2023-05-31', '2023-05-24', 'Доставлено', 950.45),
(241, 229, '2023-05-24', '2023-06-01', NULL, 'В обработке', 1340.80),
(242, 75, '2023-05-25', '2023-06-02', '2023-05-26', 'Доставлено', 730.50),
(243, 99, '2023-05-26', '2023-06-03', '2023-05-27', 'Доставлено', 1290.60),
(244, 221, '2023-05-27', '2023-06-04', NULL, 'Отменено', 0.00),
(245, 33, '2023-05-28', '2023-06-05', '2023-05-29', 'Доставлено', 1020.10),
(246, 279, '2023-05-29', '2023-06-06', '2023-05-30', 'Доставлено', 1190.45),
(247, 311, '2023-05-30', '2023-06-07', NULL, 'В обработке', 1270.80),
(248, 61, '2023-05-31', '2023-06-08', '2023-06-01', 'Доставлено', 940.70),
(249, 52, '2023-06-01', '2023-06-09', '2023-06-02', 'Доставлено', 1430.30),
(250, 18, '2023-06-02', '2023-06-10', NULL, 'Отменено', 0.00),
(251, 280, '2023-06-03', '2023-06-11', '2023-06-04', 'Доставлено', 870.65),
(252, 131, '2023-06-04', '2023-06-12', '2023-06-05', 'Доставлено', 930.80),
(253, 39, '2023-06-05', '2023-06-13', NULL, 'В обработке', 1150.25),
(254, 245, '2023-06-06', '2023-06-14', '2023-06-07', 'Доставлено', 1220.90),
(255, 9, '2023-06-07', '2023-06-15', '2023-06-08', 'Доставлено', 1080.40),
(256, 271, '2023-06-08', '2023-06-16', NULL, 'Отменено', 0.00),
(257, 248, '2023-06-09', '2023-06-17', '2023-06-10', 'Доставлено', 960.60),
(258, 170, '2023-06-10', '2023-06-18', '2023-06-11', 'Доставлено', 820.25),
(259, 91, '2023-06-11', '2023-06-19', NULL, 'В обработке', 1370.45),
(260, 336, '2023-06-12', '2023-06-20', '2023-06-13', 'Доставлено', 1300.75),
(261, 110, '2023-06-13', '2023-06-21', '2023-06-14', 'Доставлено', 1010.15),
(262, 40, '2023-06-14', '2023-06-22', NULL, 'Отменено', 0.00),
(263, 177, '2023-06-15', '2023-06-23', '2023-06-16', 'Доставлено', 1160.55),
(264, 212, '2023-06-16', '2023-06-24', '2023-06-17', 'Доставлено', 900.60),
(265, 121, '2023-06-17', '2023-06-25', NULL, 'В обработке', 1280.90),
(266, 49, '2023-06-18', '2023-06-26', '2023-06-19', 'Доставлено', 940.25),
(267, 145, '2023-06-19', '2023-06-27', '2023-06-20', 'Доставлено', 1470.50),
(268, 146, '2023-06-20', '2023-06-28', NULL, 'Отменено', 0.00),
(269, 43, '2023-06-21', '2023-06-29', '2023-06-22', 'Доставлено', 1050.80),
(270, 280, '2023-06-22', '2023-06-30', '2023-06-23', 'Доставлено', 1110.20),
(271, 109, '2023-06-23', '2023-07-01', NULL, 'В обработке', 1040.50),
(272, 53, '2023-06-24', '2023-07-02', '2023-06-25', 'Доставлено', 930.45),
(273, 122, '2023-06-25', '2023-07-03', '2023-06-26', 'Доставлено', 1400.30),
(274, 37, '2023-06-26', '2023-07-04', NULL, 'Отменено', 0.00),
(275, 71, '2023-06-27', '2023-07-05', '2023-06-28', 'Доставлено', 1140.80),
(276, 277, '2023-06-28', '2023-07-06', '2023-06-29', 'Доставлено', 890.35),
(277, 22, '2023-06-29', '2023-07-07', NULL, 'В обработке', 1320.75),
(278, 232, '2023-06-30', '2023-07-08', '2023-07-01', 'Доставлено', 750.95),
(279, 139, '2023-07-01', '2023-07-09', '2023-07-02', 'Доставлено', 980.60),
(280, 9, '2023-07-02', '2023-07-10', NULL, 'Отменено', 0.00),
(281, 101, '2023-07-03', '2023-07-11', '2023-07-04', 'Доставлено', 1030.20),
(282, 276, '2023-07-04', '2023-07-12', '2023-07-05', 'Доставлено', 1250.10),
(283, 64, '2023-07-05', '2023-07-13', NULL, 'В обработке', 1160.45),
(284, 57, '2023-07-06', '2023-07-14', '2023-07-07', 'Доставлено', 1090.25),
(285, 30, '2023-07-07', '2023-07-15', '2023-07-08', 'Доставлено', 1330.90),
(286, 109, '2023-07-08', '2023-07-16', NULL, 'Отменено', 0.00),
(287, 236, '2023-07-09', '2023-07-17', '2023-07-10', 'Доставлено', 1270.65),
(288, 82, '2023-07-10', '2023-07-18', '2023-07-11', 'Доставлено', 920.75),
(289, 50, '2023-07-11', '2023-07-19', NULL, 'В обработке', 850.45),
(290, 224, '2023-07-12', '2023-07-20', '2023-07-13', 'Доставлено', 1350.30),
(291, 180, '2023-07-13', '2023-07-21', '2023-07-14', 'Доставлено', 940.80),
(292, 183, '2023-07-14', '2023-07-22', NULL, 'Отменено', 0.00),
(293, 300, '2023-07-15', '2023-07-23', '2023-07-16', 'Доставлено', 1040.60),
(294, 301, '2023-07-16', '2023-07-24', '2023-07-17', 'Доставлено', 1200.90),
(295, 350, '2023-07-17', '2023-07-25', NULL, 'В обработке', 970.40),
(296, 185, '2023-07-18', '2023-07-26', '2023-07-19', 'Доставлено', 1140.75),
(297, 233, '2023-07-19', '2023-07-27', '2023-07-20', 'Доставлено', 1080.85),
(298, 255, '2023-07-20', '2023-07-28', NULL, 'Отменено', 0.00),
(299, 9, '2023-07-21', '2023-07-29', '2023-07-22', 'Доставлено', 860.55),
(300, 207, '2023-07-22', '2023-07-30', '2023-07-23', 'Доставлено', 1390.30),
(301, 154, '2023-07-23', '2023-07-31', '2023-07-24', 'Доставлено', 1420.75),
(302, 119, '2023-07-24', '2023-08-01', NULL, 'В обработке', 1140.35),
(303, 171, '2023-07-25', '2023-08-02', '2023-07-26', 'Доставлено', 1290.80),
(304, 211, '2023-07-26', '2023-08-03', '2023-07-27', 'Доставлено', 950.60),
(305, 154, '2023-07-27', '2023-08-04', NULL, 'Отменено', 0.00),
(306, 133, '2023-07-28', '2023-08-05', '2023-07-29', 'Доставлено', 1040.55),
(307, 128, '2023-07-29', '2023-08-06', '2023-07-30', 'Доставлено', 1360.95),
(308, 284, '2023-07-30', '2023-08-07', NULL, 'В обработке', 920.25),
(309, 220, '2023-07-31', '2023-08-08', '2023-08-01', 'Доставлено', 780.45),
(310, 304, '2023-08-01', '2023-08-09', '2023-08-02', 'Доставлено', 1200.80),
(311, 83, '2023-08-02', '2023-08-10', NULL, 'Отменено', 0.00),
(312, 53, '2023-08-03', '2023-08-11', '2023-08-04', 'Доставлено', 1130.25),
(313, 338, '2023-08-04', '2023-08-12', '2023-08-05', 'Доставлено', 950.90),
(314, 117, '2023-08-05', '2023-08-13', NULL, 'В обработке', 1070.35),
(315, 8, '2023-08-06', '2023-08-14', '2023-08-07', 'Доставлено', 1260.50),
(316, 34, '2023-08-07', '2023-08-15', '2023-08-08', 'Доставлено', 1420.40),
(317, 251, '2023-08-08', '2023-08-16', NULL, 'В обработке', 990.15),
(318, 291, '2023-08-09', '2023-08-17', '2023-08-10', 'Доставлено', 870.20),
(319, 253, '2023-08-10', '2023-08-18', '2023-08-11', 'Доставлено', 1490.25),
(320, 334, '2023-08-11', '2023-08-19', NULL, 'Отменено', 0.00),
(321, 248, '2023-08-12', '2023-08-20', '2023-08-13', 'Доставлено', 1170.70),
(322, 51, '2023-08-13', '2023-08-21', '2023-08-14', 'Доставлено', 1000.55),
(323, 289, '2023-08-14', '2023-08-22', NULL, 'В обработке', 1300.90),
(324, 18, '2023-08-15', '2023-08-23', '2023-08-16', 'Доставлено', 1380.40),
(325, 142, '2023-08-16', '2023-08-24', '2023-08-17', 'Доставлено', 930.65),
(326, 177, '2023-08-17', '2023-08-25', NULL, 'Отменено', 0.00),
(327, 323, '2023-08-18', '2023-08-26', '2023-08-19', 'Доставлено', 1140.95),
(328, 44, '2023-08-19', '2023-08-27', '2023-08-20', 'Доставлено', 1250.80),
(329, 116, '2023-08-20', '2023-08-28', NULL, 'В обработке', 1340.45),
(330, 286, '2023-08-21', '2023-08-29', '2023-08-22', 'Доставлено', 980.90),
(331, 286, '2023-08-22', '2023-08-30', '2023-08-23', 'Доставлено', 1520.50),
(332, 118, '2023-08-23', '2023-08-31', NULL, 'Отменено', 0.00),
(333, 218, '2023-08-24', '2023-09-01', '2023-08-25', 'Доставлено', 990.55),
(334, 186, '2023-08-25', '2023-09-02', '2023-08-26', 'Доставлено', 1120.30),
(335, 269, '2023-08-26', '2023-09-03', NULL, 'В обработке', 940.95),
(336, 286, '2023-08-27', '2023-09-04', '2023-08-28', 'Доставлено', 1390.40),
(337, 96, '2023-08-28', '2023-09-05', '2023-08-29', 'Доставлено', 1040.75),
(338, 186, '2023-08-29', '2023-09-06', NULL, 'Отменено', 0.00),
(339, 32, '2023-08-30', '2023-09-07', '2023-08-31', 'Доставлено', 1080.50),
(340, 219, '2023-08-31', '2023-09-08', NULL, 'В обработке', 1090.15),
(341, 316, '2023-09-01', '2023-09-09', '2023-09-02', 'Доставлено', 1210.60),
(342, 16, '2023-09-02', '2023-09-10', '2023-09-03', 'Доставлено', 1280.90),
(343, 92, '2023-09-03', '2023-09-11', NULL, 'Отменено', 0.00),
(344, 88, '2023-09-04', '2023-09-12', '2023-09-05', 'Доставлено', 970.35),
(345, 350, '2023-09-05', '2023-09-13', '2023-09-06', 'Доставлено', 1370.90),
(346, 216, '2023-09-06', '2023-09-14', NULL, 'В обработке', 1170.40),
(347, 182, '2023-09-07', '2023-09-15', '2023-09-08', 'Доставлено', 1310.25),
(348, 58, '2023-09-08', '2023-09-16', '2023-09-09', 'Доставлено', 1200.85),
(349, 100, '2023-09-09', '2023-09-17', NULL, 'Отменено', 0.00),
(350, 347, '2023-09-10', '2023-09-18', '2023-09-11', 'Доставлено', 990.45),
(351, 64, '2023-09-11', '2023-09-19', '2023-09-12', 'Доставлено', 1490.85),
(352, 272, '2023-09-12', '2023-09-20', NULL, 'В обработке', 1020.95),
(353, 322, '2023-09-13', '2023-09-21', '2023-09-14', 'Доставлено', 970.20),
(354, 81, '2023-09-14', '2023-09-22', '2023-09-15', 'Доставлено', 1380.60),
(355, 304, '2023-09-15', '2023-09-23', NULL, 'Отменено', 0.00),
(356, 172, '2023-09-16', '2023-09-24', '2023-09-17', 'Доставлено', 1450.70),
(357, 78, '2023-09-17', '2023-09-25', '2023-09-18', 'Доставлено', 1230.50),
(358, 147, '2023-09-18', '2023-09-26', NULL, 'В обработке', 1090.85),
(359, 63, '2023-09-19', '2023-09-27', '2023-09-20', 'Доставлено', 1340.60),
(360, 331, '2023-09-20', '2023-09-28', '2023-09-21', 'Доставлено', 940.35),
(361, 243, '2023-09-21', '2023-09-29', NULL, 'Отменено', 0.00),
(362, 66, '2023-09-22', '2023-09-30', '2023-09-23', 'Доставлено', 1210.70),
(363, 94, '2023-09-23', '2023-10-01', '2023-09-24', 'Доставлено', 1400.85),
(364, 103, '2023-09-24', '2023-10-02', NULL, 'В обработке', 1500.95),
(365, 27, '2023-09-25', '2023-10-03', '2023-09-26', 'Доставлено', 930.60),
(366, 87, '2023-09-26', '2023-10-04', '2023-09-27', 'Доставлено', 1320.90),
(367, 101, '2023-09-27', '2023-10-05', NULL, 'Отменено', 0.00),
(368, 120, '2023-09-28', '2023-10-06', '2023-09-29', 'Доставлено', 1250.25),
(369, 328, '2023-09-29', '2023-10-07', '2023-09-30', 'Доставлено', 1100.55),
(370, 105, '2023-09-30', '2023-10-08', NULL, 'В обработке', 980.80),
(371, 244, '2023-10-01', '2023-10-09', '2023-10-02', 'Доставлено', 1490.50),
(372, 77, '2023-10-02', '2023-10-10', '2023-10-03', 'Доставлено', 1040.45),
(373, 162, '2023-10-03', '2023-10-11', NULL, 'Отменено', 0.00),
(374, 247, '2023-10-04', '2023-10-12', '2023-10-05', 'Доставлено', 1180.75),
(375, 134, '2023-10-05', '2023-10-13', '2023-10-06', 'Доставлено', 1240.55),
(376, 203, '2023-10-06', '2023-10-14', NULL, 'В обработке', 920.65),
(377, 172, '2023-10-07', '2023-10-15', '2023-10-08', 'Доставлено', 940.30),
(378, 29, '2023-10-08', '2023-10-16', '2023-10-09', 'Доставлено', 1300.70),
(379, 221, '2023-10-09', '2023-10-17', NULL, 'Отменено', 0.00),
(380, 35, '2023-10-10', '2023-10-18', '2023-10-11', 'Доставлено', 1260.45),
(381, 177, '2023-10-11', '2023-10-19', '2023-10-12', 'Доставлено', 930.40),
(382, 133, '2023-10-12', '2023-10-20', NULL, 'В обработке', 820.50),
(383, 272, '2023-10-13', '2023-10-21', '2023-10-14', 'Доставлено', 1130.75),
(384, 302, '2023-10-14', '2023-10-22', '2023-10-15', 'Доставлено', 1290.90),
(385, 20, '2023-10-15', '2023-10-23', NULL, 'Отменено', 0.00),
(386, 212, '2023-10-16', '2023-10-24', '2023-10-17', 'Доставлено', 1400.25),
(387, 291, '2023-10-17', '2023-10-25', '2023-10-18', 'Доставлено', 1120.45),
(388, 72, '2023-10-18', '2023-10-26', NULL, 'В обработке', 1000.30),
(389, 287, '2023-10-19', '2023-10-27', '2023-10-20', 'Доставлено', 950.85),
(390, 78, '2023-10-20', '2023-10-28', '2023-10-21', 'Доставлено', 1330.55),
(391, 249, '2023-10-21', '2023-10-29', NULL, 'Отменено', 0.00),
(392, 174, '2023-10-22', '2023-10-30', '2023-10-23', 'Доставлено', 980.90),
(393, 348, '2023-10-23', '2023-10-31', '2023-10-24', 'Доставлено', 1270.75),
(394, 142, '2023-10-24', '2023-11-01', NULL, 'В обработке', 1180.35),
(395, 71, '2023-10-25', '2023-11-02', '2023-10-26', 'Доставлено', 1320.65),
(396, 213, '2023-10-26', '2023-11-03', '2023-10-27', 'Доставлено', 1400.50),
(397, 194, '2023-10-27', '2023-11-04', NULL, 'Отменено', 0.00),
(398, 23, '2023-10-28', '2023-11-05', '2023-10-29', 'Доставлено', 1260.40),
(399, 47, '2023-10-29', '2023-11-06', '2023-10-30', 'Доставлено', 1340.85),
(400, 342, '2023-10-30', '2023-11-07', NULL, 'В обработке', 1470.25),
(401, 290, '2023-10-31', '2023-11-08', '2023-11-01', 'Доставлено', 1540.75),
(402, 25, '2023-11-01', '2023-11-09', '2023-11-02', 'Доставлено', 1210.35),
(403, 171, '2023-11-02', '2023-11-10', NULL, 'Отменено', 0.00),
(404, 89, '2023-11-03', '2023-11-11', '2023-11-04', 'Доставлено', 1330.55),
(405, 49, '2023-11-04', '2023-11-12', '2023-11-05', 'Доставлено', 1410.80),
(406, 33, '2023-11-05', '2023-11-13', NULL, 'В обработке', 1190.45),
(407, 95, '2023-11-06', '2023-11-14', '2023-11-07', 'Доставлено', 880.20),
(408, 255, '2023-11-07', '2023-11-15', '2023-11-08', 'Доставлено', 1250.95),
(409, 10, '2023-11-08', '2023-11-16', NULL, 'Отменено', 0.00),
(410, 188, '2023-11-09', '2023-11-17', '2023-11-10', 'Доставлено', 1290.70),
(411, 72, '2023-11-10', '2023-11-18', '2023-11-11', 'Доставлено', 1130.60),
(412, 313, '2023-11-11', '2023-11-19', NULL, 'В обработке', 1280.80),
(413, 295, '2023-11-12', '2023-11-20', '2023-11-13', 'Доставлено', 1370.10),
(414, 208, '2023-11-13', '2023-11-21', '2023-11-14', 'Доставлено', 1200.50),
(415, 236, '2023-11-14', '2023-11-22', NULL, 'Отменено', 0.00),
(416, 27, '2023-11-15', '2023-11-23', '2023-11-16', 'Доставлено', 1090.35),
(417, 7, '2023-11-16', '2023-11-24', '2023-11-17', 'Доставлено', 1150.55),
(418, 144, '2023-11-17', '2023-11-25', NULL, 'В обработке', 1400.85),
(419, 129, '2023-11-18', '2023-11-26', '2023-11-19', 'Доставлено', 1500.75),
(420, 64, '2023-11-19', '2023-11-27', '2023-11-20', 'Доставлено', 1240.90),
(421, 279, '2023-11-20', '2023-11-28', NULL, 'Отменено', 0.00),
(422, 49, '2023-11-21', '2023-11-29', '2023-11-22', 'Доставлено', 990.60),
(423, 273, '2023-11-22', '2023-11-30', '2023-11-23', 'Доставлено', 1350.40),
(424, 141, '2023-11-23', '2023-12-01', NULL, 'В обработке', 1120.70),
(425, 70, '2023-11-24', '2023-12-02', '2023-11-25', 'Доставлено', 930.25),
(426, 261, '2023-11-25', '2023-12-03', '2023-11-26', 'Доставлено', 1210.35),
(427, 20, '2023-11-26', '2023-12-04', NULL, 'Отменено', 0.00),
(428, 162, '2023-11-27', '2023-12-05', '2023-11-28', 'Доставлено', 1470.15),
(429, 285, '2023-11-28', '2023-12-06', '2023-11-29', 'Доставлено', 1560.60),
(430, 16, '2023-11-29', '2023-12-07', NULL, 'В обработке', 1390.45),
(431, 136, '2023-11-30', '2023-12-08', '2023-12-01', 'Доставлено', 1320.75),
(432, 49, '2023-12-01', '2023-12-09', '2023-12-02', 'Доставлено', 1180.10),
(433, 182, '2023-12-02', '2023-12-10', NULL, 'Отменено', 0.00),
(434, 315, '2023-12-03', '2023-12-11', '2023-12-04', 'Доставлено', 1410.30),
(435, 51, '2023-12-04', '2023-12-12', '2023-12-05', 'Доставлено', 1550.85),
(436, 197, '2023-12-05', '2023-12-13', NULL, 'В обработке', 1090.65),
(437, 29, '2023-12-06', '2023-12-14', '2023-12-07', 'Доставлено', 1230.75),
(438, 70, '2023-12-07', '2023-12-15', '2023-12-08', 'Доставлено', 1380.45),
(439, 219, '2023-12-08', '2023-12-16', NULL, 'Отменено', 0.00),
(440, 116, '2023-12-09', '2023-12-17', '2023-12-10', 'Доставлено', 900.40),
(441, 195, '2023-12-10', '2023-12-18', '2023-12-11', 'Доставлено', 1140.30),
(442, 69, '2023-12-11', '2023-12-19', NULL, 'В обработке', 1420.50),
(443, 96, '2023-12-12', '2023-12-20', '2023-12-13', 'Доставлено', 1010.70),
(444, 183, '2023-12-13', '2023-12-21', '2023-12-14', 'Доставлено', 1250.60),
(445, 122, '2023-12-14', '2023-12-22', NULL, 'Отменено', 0.00),
(446, 349, '2023-12-15', '2023-12-23', '2023-12-16', 'Доставлено', 1090.90),
(447, 157, '2023-12-16', '2023-12-24', '2023-12-17', 'Доставлено', 1470.25),
(448, 19, '2023-12-17', '2023-12-25', NULL, 'В обработке', 1450.40),
(449, 238, '2023-12-18', '2023-12-26', '2023-12-19', 'Доставлено', 920.50),
(450, 243, '2023-12-19', '2023-12-27', '2023-12-20', 'Доставлено', 1300.85),
(451, 270, '2023-12-20', '2023-12-28', NULL, 'Отменено', 0.00),
(452, 331, '2023-12-21', '2023-12-29', '2023-12-22', 'Доставлено', 1190.45),
(453, 40, '2023-12-22', '2023-12-30', '2023-12-23', 'Доставлено', 1410.30),
(454, 188, '2023-12-23', '2023-12-31', NULL, 'В обработке', 1330.10),
(455, 55, '2023-12-24', '2024-01-01', '2023-12-25', 'Доставлено', 910.05),
(456, 235, '2023-12-25', '2024-01-02', '2023-12-26', 'Доставлено', 1400.85),
(457, 247, '2023-12-26', '2024-01-03', NULL, 'Отменено', 0.00),
(458, 174, '2023-12-27', '2024-01-04', '2023-12-28', 'Доставлено', 950.55),
(459, 62, '2023-12-28', '2024-01-05', '2023-12-29', 'Доставлено', 1200.70),
(460, 290, '2023-12-29', '2024-01-06', NULL, 'В обработке', 1120.65),
(461, 268, '2023-12-30', '2024-01-07', '2023-12-31', 'Доставлено', 1280.40),
(462, 345, '2023-12-31', '2024-01-08', '2024-01-01', 'Доставлено', 1350.95),
(463, 346, '2024-01-01', '2024-01-09', NULL, 'В обработке', 1020.85),
(464, 302, '2024-01-02', '2024-01-10', '2024-01-03', 'Доставлено', 1240.20),
(465, 30, '2024-01-03', '2024-01-11', '2024-01-04', 'Доставлено', 1470.30),
(466, 38, '2024-01-04', '2024-01-12', NULL, 'Отменено', 0.00),
(467, 336, '2024-01-05', '2024-01-13', '2024-01-06', 'Доставлено', 1360.50),
(468, 291, '2024-01-06', '2024-01-14', '2024-01-07', 'Доставлено', 1220.40),
(469, 38, '2024-01-07', '2024-01-15', NULL, 'В обработке', 1100.95),
(470, 296, '2024-01-08', '2024-01-16', '2024-01-09', 'Доставлено', 1320.85),
(471, 132, '2024-01-09', '2024-01-17', '2024-01-10', 'Доставлено', 1430.75),
(472, 263, '2024-01-10', '2024-01-18', NULL, 'Отменено', 0.00),
(473, 263, '2024-01-11', '2024-01-19', '2024-01-12', 'Доставлено', 1080.60),
(474, 58, '2024-01-12', '2024-01-20', '2024-01-13', 'Доставлено', 1190.45),
(475, 19, '2024-01-13', '2024-01-21', NULL, 'В обработке', 1250.30),
(476, 271, '2024-01-14', '2024-01-22', '2024-01-15', 'Доставлено', 1140.25),
(477, 241, '2024-01-15', '2024-01-23', '2024-01-16', 'Доставлено', 1300.65),
(478, 326, '2024-01-16', '2024-01-24', NULL, 'Отменено', 0.00),
(479, 294, '2024-01-17', '2024-01-25', '2024-01-18', 'Доставлено', 1380.95),
(480, 70, '2024-01-18', '2024-01-26', '2024-01-19', 'Доставлено', 1050.35);


INSERT INTO OrderDetails (OrderDetailID, OrderID, ProductID, Quantity, UnitPrice, Discount) VALUES
(101, 350, 250, 10, 150.00, 5.00),
(102, 436, 468, 5, 200.00, 10.00),
(103, 432, 427, 3, 250.00, 0.00),
(104, 402, 478, 7, 175.50, 2.50),
(105, 336, 372, 4, 125.20, 1.00),
(106, 189, 158, 6, 300.30, 0.00),
(107, 111, 272, 8, 110.10, 3.00),
(108, 311, 237, 2, 400.00, 20.00),
(109, 130, 465, 9, 500.50, 15.00),
(110, 267, 293, 12, 250.25, 0.00),
(111, 208, 277, 1, 350.75, 5.00),
(112, 296, 291, 15, 175.00, 0.00),
(113, 182, 105, 14, 195.50, 8.00),
(114, 195, 214, 7, 285.35, 2.00),
(115, 373, 307, 10, 120.75, 1.50),
(116, 470, 347, 3, 215.60, 4.00),
(117, 354, 270, 11, 330.40, 5.50),
(118, 148, 185, 13, 140.80, 0.50),
(119, 272, 463, 2, 260.20, 2.00),
(120, 253, 200, 6, 320.90, 10.00),
(121, 394, 433, 5, 180.70, 0.00),
(122, 349, 253, 8, 445.55, 15.00),
(123, 249, 406, 17, 590.30, 9.00),
(124, 221, 229, 18, 210.95, 5.00),
(125, 138, 207, 12, 495.00, 0.00),
(126, 153, 375, 9, 155.20, 3.00),
(127, 433, 105, 14, 335.75, 2.50),
(128, 203, 234, 20, 400.50, 0.00),
(129, 442, 386, 16, 245.90, 5.00),
(130, 113, 313, 11, 260.80, 0.50),
(131, 312, 422, 19, 305.65, 4.00),
(132, 334, 209, 7, 370.40, 5.00),
(133, 473, 357, 8, 420.75, 1.00),
(134, 120, 325, 2, 510.25, 10.00),
(135, 248, 208, 6, 305.60, 2.00),
(136, 250, 205, 13, 295.45, 0.00),
(137, 441, 178, 15, 225.30, 3.50),
(138, 296, 370, 1, 180.00, 0.00),
(139, 285, 365, 4, 350.20, 7.00),
(140, 182, 296, 3, 165.75, 0.50),
(141, 390, 261, 10, 290.50, 5.00),
(142, 210, 108, 5, 480.60, 10.00),
(143, 259, 425, 7, 155.10, 2.00),
(144, 321, 101, 9, 230.40, 1.00),
(145, 328, 469, 14, 385.25, 0.00),
(146, 251, 409, 6, 175.15, 4.00),
(147, 279, 381, 12, 310.35, 5.00),
(148, 415, 185, 16, 270.70, 3.00),
(149, 177, 225, 11, 250.55, 0.00),
(150, 462, 216, 13, 420.90, 8.00),
(151, 179, 193, 2, 155.45, 2.50),
(152, 324, 266, 17, 310.20, 5.00),
(153, 219, 336, 10, 135.10, 0.00),
(154, 190, 374, 5, 295.35, 3.50),
(155, 382, 297, 3, 365.75, 1.00),
(156, 161, 266, 8, 285.00, 0.00),
(157, 440, 164, 19, 310.20, 6.00),
(158, 462, 404, 13, 350.40, 7.00),
(159, 217, 344, 18, 200.00, 9.00),
(160, 226, 117, 7, 295.25, 5.00),
(161, 167, 234, 20, 410.55, 0.00),
(162, 326, 398, 12, 225.75, 2.00),
(163, 335, 156, 6, 340.50, 10.00),
(164, 250, 198, 15, 355.60, 1.50),
(165, 287, 244, 14, 265.30, 4.00),
(166, 379, 343, 9, 490.70, 0.00),
(167, 115, 331, 1, 225.20, 3.00),
(168, 277, 121, 8, 450.40, 5.00),
(169, 218, 171, 6, 185.50, 0.00),
(170, 373, 426, 2, 505.35, 8.00),
(171, 453, 227, 10, 175.00, 0.50),
(172, 117, 340, 17, 270.20, 2.00),
(173, 393, 308, 4, 280.10, 1.00),
(174, 116, 345, 11, 195.45, 0.00),
(175, 300, 299, 16, 320.90, 4.50),
(176, 437, 210, 15, 305.75, 5.00),
(177, 408, 400, 7, 385.35, 2.00),
(178, 161, 273, 3, 250.65, 0.00),
(179, 387, 427, 8, 170.10, 5.00),
(180, 174, 323, 9, 480.40, 10.00),
(181, 149, 117, 14, 305.50, 3.00),
(182, 480, 297, 13, 295.25, 0.00),
(183, 353, 270, 6, 375.60, 6.00),
(184, 106, 432, 5, 415.70, 2.00),
(185, 393, 191, 2, 320.20, 0.50),
(186, 195, 193, 12, 295.30, 4.00),
(187, 159, 215, 19, 305.90, 5.00),
(188, 476, 133, 8, 100.75, 0.00),
(189, 195, 328, 15, 455.65, 7.00),
(190, 208, 333, 11, 230.95, 1.50),
(191, 374, 112, 20, 580.25, 0.00),
(192, 378, 313, 17, 340.40, 5.00),
(193, 258, 471, 13, 210.50, 3.00),
(194, 336, 463, 7, 380.60, 0.00),
(195, 221, 205, 10, 155.30, 2.50),
(196, 175, 350, 14, 335.20, 8.00),
(197, 296, 129, 9, 165.70, 1.00),
(198, 244, 192, 16, 275.45, 0.00),
(199, 305, 178, 4, 280.35, 6.00),
(200, 397, 428, 18, 410.90, 5.00),
(201, 338, 217, 5, 320.50, 2.50),
(202, 164, 181, 3, 260.20, 1.00),
(203, 452, 189, 8, 480.45, 10.50),
(204, 392, 164, 9, 150.75, 0.00),
(205, 140, 424, 7, 245.60, 5.00),
(206, 249, 423, 14, 375.10, 6.00),
(207, 105, 320, 11, 330.80, 0.00),
(208, 234, 256, 12, 240.55, 2.00),
(209, 102, 304, 2, 505.70, 15.00),
(210, 439, 221, 6, 195.20, 1.50),
(211, 277, 368, 10, 125.40, 4.00),
(212, 290, 411, 4, 410.20, 8.00),
(213, 207, 286, 15, 180.10, 0.00),
(214, 141, 339, 19, 215.60, 5.50),
(215, 247, 260, 1, 495.30, 3.00),
(216, 274, 278, 16, 310.45, 0.00),
(217, 285, 404, 8, 470.75, 7.00),
(218, 118, 473, 13, 280.90, 6.00),
(219, 147, 424, 5, 205.55, 2.50),
(220, 442, 440, 18, 310.80, 9.00),
(221, 138, 250, 9, 190.20, 0.00),
(222, 311, 217, 6, 290.70, 3.50),
(223, 455, 301, 7, 145.30, 5.00),
(224, 238, 356, 11, 415.75, 10.00),
(225, 371, 222, 14, 350.55, 1.00),
(226, 208, 210, 12, 275.40, 8.50),
(227, 155, 438, 17, 165.90, 0.00),
(228, 245, 296, 3, 490.25, 13.00),
(229, 294, 299, 15, 230.45, 2.00),
(230, 399, 303, 4, 420.60, 9.00),
(231, 396, 179, 2, 215.30, 0.50),
(232, 193, 243, 6, 375.10, 6.00),
(233, 411, 277, 8, 105.55, 1.50),
(234, 326, 362, 13, 360.20, 0.00),
(235, 383, 152, 10, 390.45, 4.50),
(236, 143, 319, 5, 215.80, 7.00),
(237, 411, 423, 3, 295.60, 2.00),
(238, 405, 394, 9, 245.30, 11.00),
(239, 174, 491, 11, 165.90, 0.00),
(240, 129, 418, 7, 450.25, 5.50),
(241, 291, 113, 18, 310.30, 8.00),
(242, 202, 171, 14, 290.60, 1.50),
(243, 209, 189, 12, 490.20, 7.00),
(244, 153, 312, 1, 300.40, 0.00),
(245, 271, 318, 6, 210.55, 9.50),
(246, 379, 484, 19, 350.20, 3.00),
(247, 475, 387, 5, 330.80, 10.00),
(248, 352, 177, 17, 235.25, 0.00),
(249, 252, 142, 4, 475.70, 6.00),
(250, 364, 261, 9, 155.30, 2.00),
(251, 200, 167, 13, 320.50, 8.00),
(252, 188, 308, 7, 180.20, 0.50),
(253, 431, 455, 10, 450.40, 3.50),
(254, 437, 169, 15, 265.60, 5.00),
(255, 261, 426, 8, 390.75, 12.00),
(256, 303, 155, 16, 215.10, 0.00),
(257, 438, 299, 4, 425.25, 4.00),
(258, 201, 272, 12, 360.20, 6.50),
(259, 302, 273, 11, 190.55, 7.50),
(260, 119, 345, 2, 310.40, 2.00),
(261, 160, 193, 6, 145.75, 0.00),
(262, 176, 255, 18, 405.20, 10.00),
(263, 326, 481, 5, 325.45, 7.00),
(264, 249, 245, 7, 380.60, 8.50),
(265, 356, 173, 9, 190.30, 1.00),
(266, 127, 173, 13, 405.90, 0.00),
(267, 228, 205, 14, 240.10, 5.00),
(268, 391, 176, 3, 475.25, 12.00),
(269, 160, 296, 11, 490.70, 2.50),
(270, 357, 150, 15, 220.90, 9.00),
(271, 191, 266, 4, 335.20, 1.50),
(272, 203, 186, 10, 400.45, 0.00),
(273, 375, 131, 9, 170.60, 3.00),
(274, 164, 352, 8, 260.55, 7.50),
(275, 289, 472, 12, 300.20, 2.00),
(276, 311, 426, 2, 510.45, 10.00),
(277, 432, 130, 7, 490.80, 0.50),
(278, 198, 123, 5, 235.25, 5.00),
(279, 461, 202, 6, 280.10, 6.50),
(280, 340, 416, 3, 140.60, 0.00),
(281, 473, 428, 20, 370.75, 8.00),
(282, 309, 237, 11, 415.30, 2.50),
(283, 226, 255, 10, 320.10, 3.50),
(284, 271, 109, 13, 285.25, 5.50),
(285, 277, 496, 4, 410.90, 0.00),
(286, 200, 254, 9, 155.45, 10.00),
(287, 389, 159, 8, 270.60, 1.00),
(288, 460, 462, 12, 305.30, 12.00),
(289, 377, 390, 18, 200.25, 7.50),
(290, 221, 415, 14, 435.40, 0.00),
(291, 435, 419, 1, 190.55, 2.00),
(292, 143, 323, 6, 245.20, 6.00),
(293, 378, 372, 17, 480.75, 9.50),
(294, 156, 243, 13, 310.60, 3.50),
(295, 282, 146, 15, 225.30, 7.00),
(296, 294, 342, 5, 335.45, 1.00),
(297, 113, 373, 4, 400.10, 0.00),
(298, 261, 283, 7, 160.80, 10.00),
(299, 379, 129, 20, 145.75, 4.50),
(300, 244, 491, 19, 250.20, 6.50),
(301, 376, 467, 5, 210.75, 1.50),
(302, 177, 225, 7, 305.90, 6.00),
(303, 453, 422, 12, 410.45, 3.50),
(304, 150, 147, 3, 265.20, 7.50),
(305, 334, 380, 8, 330.30, 0.50),
(306, 320, 135, 6, 185.75, 2.00),
(307, 103, 300, 10, 250.55, 4.50),
(308, 218, 200, 14, 415.10, 8.00),
(309, 232, 302, 11, 325.25, 5.50),
(310, 282, 216, 4, 145.20, 9.50),
(311, 134, 304, 15, 370.35, 6.00),
(312, 232, 292, 9, 200.70, 1.00),
(313, 311, 123, 13, 290.60, 5.00),
(314, 466, 229, 2, 150.90, 12.00),
(315, 233, 411, 17, 465.40, 3.00),
(316, 318, 471, 19, 320.50, 1.50),
(317, 189, 258, 7, 210.65, 4.00),
(318, 388, 452, 18, 315.75, 0.00),
(319, 436, 233, 1, 495.20, 8.50),
(320, 348, 481, 20, 425.90, 7.00),
(321, 431, 382, 10, 275.30, 9.00),
(322, 217, 239, 8, 385.45, 5.50),
(323, 302, 243, 6, 195.70, 10.50),
(324, 346, 155, 14, 145.80, 0.00),
(325, 111, 208, 5, 310.60, 2.50),
(326, 431, 338, 11, 510.80, 6.00),
(327, 280, 133, 3, 110.25, 5.00),
(328, 121, 333, 9, 365.95, 11.00),
(329, 289, 179, 4, 455.50, 1.00),
(330, 160, 115, 17, 185.20, 3.50),
(331, 320, 449, 12, 515.40, 4.00),
(332, 437, 205, 15, 295.25, 7.50),
(333, 121, 143, 19, 230.70, 0.50),
(334, 283, 254, 7, 325.80, 6.50),
(335, 160, 179, 10, 380.45, 8.50),
(336, 464, 492, 5, 130.90, 5.00),
(337, 261, 218, 14, 260.45, 11.50),
(338, 328, 312, 13, 495.70, 2.00),
(339, 316, 497, 18, 175.20, 9.50),
(340, 288, 108, 2, 135.25, 4.50),
(341, 344, 375, 1, 305.90, 7.00),
(342, 453, 306, 11, 420.30, 6.50),
(343, 143, 474, 16, 450.60, 3.00),
(344, 408, 315, 6, 320.25, 10.00),
(345, 281, 401, 20, 140.80, 0.50),
(346, 468, 487, 8, 190.70, 2.00),
(347, 391, 357, 17, 205.40, 9.00),
(348, 334, 237, 15, 345.55, 5.00),
(349, 182, 327, 13, 210.30, 10.00),
(350, 327, 175, 4, 240.65, 0.00),
(351, 104, 197, 3, 425.10, 3.50),
(352, 470, 342, 9, 195.40, 7.00),
(353, 163, 458, 5, 290.70, 1.50),
(354, 378, 382, 19, 240.55, 6.00),
(355, 478, 415, 10, 460.25, 1.00),
(356, 166, 359, 2, 230.45, 3.00),
(357, 478, 390, 8, 310.40, 8.00),
(358, 158, 129, 20, 270.70, 5.00),
(359, 140, 361, 16, 410.60, 4.50),
(360, 137, 242, 17, 160.80, 0.00),
(361, 381, 192, 12, 310.20, 9.00),
(362, 109, 272, 7, 190.30, 2.50),
(363, 292, 419, 15, 355.45, 5.50),
(364, 398, 192, 1, 405.70, 7.50),
(365, 315, 345, 18, 235.90, 3.00),
(366, 228, 383, 14, 245.15, 8.00),
(367, 364, 343, 6, 255.30, 7.00),
(368, 114, 228, 11, 125.65, 1.50),
(369, 463, 426, 10, 290.25, 0.00),
(370, 113, 458, 19, 355.50, 6.50),
(371, 106, 276, 20, 440.40, 5.50),
(372, 160, 251, 9, 170.90, 12.00),
(373, 423, 186, 13, 315.35, 2.00),
(374, 237, 258, 5, 386.70, 4.50),
(375, 179, 128, 3, 265.45, 11.00),
(376, 272, 120, 6, 120.50, 9.00),
(377, 107, 231, 4, 315.65, 0.50),
(378, 330, 319, 2, 140.70, 7.00),
(379, 196, 114, 17, 495.90, 3.50),
(380, 163, 447, 13, 385.20, 4.00),
(381, 469, 235, 8, 255.40, 8.50),
(382, 220, 184, 7, 195.30, 5.00),
(383, 417, 261, 12, 480.25, 1.50),
(384, 374, 491, 15, 205.30, 6.00),
(385, 245, 126, 11, 195.15, 2.50),
(386, 432, 140, 10, 255.80, 10.00),
(387, 192, 268, 4, 210.45, 5.50),
(388, 469, 178, 1, 300.60, 9.00),
(389, 161, 197, 14, 490.55, 0.00),
(390, 164, 314, 19, 165.30, 3.00),
(391, 216, 497, 3, 405.70, 7.00),
(392, 347, 330, 6, 215.20, 4.50),
(393, 152, 132, 8, 375.45, 1.00),
(394, 418, 358, 16, 465.90, 2.50),
(395, 188, 340, 7, 225.40, 6.00),
(396, 118, 432, 5, 320.75, 12.00),
(397, 349, 487, 20, 145.60, 8.50),
(398, 249, 232, 2, 275.30, 0.50),
(399, 327, 432, 18, 185.75, 10.50),
(400, 371, 452, 17, 300.20, 9.00),
(401, 340, 391, 9, 240.35, 4.50),
(402, 186, 464, 6, 320.80, 8.00),
(403, 160, 196, 7, 140.90, 12.00),
(404, 210, 476, 5, 375.10, 1.00),
(405, 113, 299, 13, 190.50, 5.00),
(406, 121, 446, 12, 300.75, 3.00),
(407, 367, 405, 4, 425.25, 7.00),
(408, 353, 243, 14, 205.55, 2.50),
(409, 292, 128, 11, 365.90, 6.50),
(410, 466, 258, 17, 150.60, 0.00),
(411, 208, 225, 2, 485.70, 9.00),
(412, 230, 394, 16, 330.40, 3.50),
(413, 453, 353, 8, 260.20, 5.50),
(414, 440, 170, 18, 190.75, 1.00),
(415, 324, 290, 3, 410.65, 10.50),
(416, 343, 461, 6, 285.30, 4.00),
(417, 105, 325, 9, 210.65, 8.00),
(418, 162, 304, 14, 375.40, 2.00),
(419, 283, 164, 5, 485.50, 0.50),
(420, 336, 156, 19, 170.80, 3.00),
(421, 354, 380, 13, 250.70, 7.50),
(422, 323, 463, 11, 145.20, 6.00),
(423, 279, 351, 4, 310.25, 1.50),
(424, 303, 354, 15, 465.80, 5.00),
(425, 303, 165, 10, 200.55, 9.00),
(426, 260, 175, 17, 320.30, 0.50),
(427, 274, 150, 12, 130.40, 2.50),
(428, 349, 349, 8, 440.65, 11.00),
(429, 243, 243, 6, 220.75, 7.00),
(430, 124, 464, 3, 360.90, 4.50),
(431, 168, 362, 16, 180.50, 5.50),
(432, 388, 266, 7, 295.70, 3.00),
(433, 192, 392, 9, 265.20, 10.00),
(434, 333, 284, 14, 435.45, 1.00),
(435, 336, 206, 5, 150.30, 8.50),
(436, 417, 355, 2, 280.80, 0.00),
(437, 310, 136, 18, 315.10, 9.50),
(438, 228, 292, 12, 210.65, 2.00),
(439, 430, 272, 4, 385.20, 7.00),
(440, 293, 471, 11, 345.30, 6.50),
(441, 470, 498, 13, 220.75, 3.00),
(442, 303, 182, 17, 405.50, 5.50),
(443, 113, 498, 6, 230.45, 8.00),
(444, 345, 130, 8, 175.20, 1.50),
(445, 408, 339, 19, 450.40, 0.50),
(446, 447, 193, 14, 110.30, 10.00),
(447, 110, 187, 10, 310.90, 7.50),
(448, 169, 490, 5, 195.20, 2.00),
(449, 235, 342, 2, 265.70, 9.00),
(450, 391, 368, 9, 420.80, 0.00),
(451, 257, 297, 3, 245.50, 8.00),
(452, 330, 377, 11, 350.90, 4.50),
(453, 295, 429, 6, 200.75, 2.50),
(454, 152, 344, 15, 135.40, 6.00),
(455, 242, 269, 7, 470.65, 1.00),
(456, 258, 184, 16, 260.80, 3.50),
(457, 405, 352, 18, 315.90, 7.00),
(458, 191, 462, 13, 210.30, 5.00),
(459, 374, 374, 12, 375.50, 10.50),
(460, 447, 383, 5, 405.45, 9.50),
(461, 458, 279, 2, 145.20, 4.00),
(462, 238, 328, 4, 350.75, 8.00),
(463, 461, 240, 10, 210.90, 5.00),
(464, 366, 283, 9, 410.30, 6.50),
(465, 213, 333, 8, 235.40, 1.50);


INSERT INTO Employees (EmployeeID, FirstName, LastName, Title, BirthDate, HireDate, Address, City, PostalCode, Country) VALUES
(1, 'Алексей', 'Иванов', 'Менеджер по логистике', '1985-01-15', '2010-06-01', 'ул. Красная, д. 1', 'Москва', '101000', 'Россия'),
(2, 'Мария', 'Смирнова', 'Специалист по складу', '1990-04-22', '2015-09-15', 'ул. Ленина, д. 23', 'Санкт-Петербург', '190000', 'Россия'),
(3, 'Игорь', 'Кузнецов', 'Водитель', '1982-11-30', '2012-11-12', 'ул. Победы, д. 35', 'Казань', '420000', 'Россия'),
(4, 'Анна', 'Попова', 'Кладовщик', '1992-07-19', '2016-08-21', 'ул. Советская, д. 12', 'Новосибирск', '630000', 'Россия'),
(5, 'Дмитрий', 'Соколов', 'Координатор по поставкам', '1987-03-14', '2014-03-30', 'ул. Академическая, д. 45', 'Екатеринбург', '620000', 'Россия'),
(6, 'Елена', 'Лебедева', 'Инженер по безопасности', '1993-12-01', '2017-05-10', 'ул. Центральная, д. 18', 'Нижний Новгород', '603000', 'Россия'),
(7, 'Михаил', 'Крылов', 'Менеджер по качеству', '1988-09-25', '2013-07-07', 'ул. Фрунзе, д. 40', 'Челябинск', '454000', 'Россия'),
(8, 'Светлана', 'Орлова', 'Специалист по грузоперевозкам', '1991-08-20', '2018-09-01', 'ул. Щербакова, д. 60', 'Омск', '644000', 'Россия'),
(9, 'Николай', 'Волков', 'Руководитель отдела логистики', '1979-02-17', '2008-02-01', 'ул. Пушкина, д. 8', 'Ростов-на-Дону', '344000', 'Россия'),
(10, 'Ольга', 'Фролова', 'Контролёр качества', '1986-06-11', '2011-10-13', 'ул. Интернациональная, д. 22', 'Воронеж', '394000', 'Россия'),
(11, 'Павел', 'Васильев', 'Аналитик складских данных', '1984-11-10', '2009-05-15', 'ул. Карла Маркса, д. 77', 'Пермь', '614000', 'Россия'),
(12, 'Александр', 'Зайцев', 'Заведующий складом', '1987-01-09', '2012-12-01', 'ул. Комсомольская, д. 25', 'Волгоград', '400000', 'Россия'),
(13, 'Юлия', 'Егорова', 'Инспектор по безопасности', '1995-04-04', '2020-01-14', 'ул. Базарная, д. 38', 'Красноярск', '660000', 'Россия'),
(14, 'Матвей', 'Родионов', 'Логист', '1983-09-28', '2010-04-20', 'ул. Кирова, д. 90', 'Уфа', '450000', 'Россия'),
(15, 'Полина', 'Киселева', 'Специалист по документообороту', '1991-07-17', '2015-11-09', 'ул. Лейтейзена, д. 100', 'Донецк', '83000', 'Украина'),
(16, 'Вадим', 'Савельев', 'Водитель-экспедитор', '1978-05-06', '2006-07-30', 'ул. Гоголя, д. 75', 'Самара', '443000', 'Россия'),
(17, 'Елизавета', 'Григорьева', 'Агент по закупкам', '1985-10-14', '2011-02-19', 'ул. Лесная, д. 11', 'Харьков', '61000', 'Украина'),
(18, 'Борис', 'Михайлов', 'Специалист по обработке грузов', '1989-02-25', '2014-07-24', 'ул. Южная, д. 44', 'Киев', '02000', 'Украина'),
(19, 'Алина', 'Кожевникова', 'Менеджер по развитию', '1992-03-22', '2017-03-03', 'ул. Лермонтова, д. 5', 'Минск', '220000', 'Беларусь'),
(20, 'Константин', 'Афанасьев', 'Транспортный координатор', '1981-12-13', '2008-08-28', 'ул. Кольцевая, д. 90', 'Брянск', '241000', 'Россия'),
(21, 'Артем', 'Тарасов', 'Менеджер по работе с клиентами', '1984-02-05', '2010-03-13', 'ул. Калинина, д. 56', 'Магадан', '685000', 'Россия'),
(22, 'Дарья', 'Николаева', 'Руководитель отдела логистики', '1993-12-22', '2017-02-15', 'ул. Высоцкого, д. 27', 'Ярославль', '150000', 'Россия'),
(23, 'Евгений', 'Кочергин', 'Логист', '1988-08-03', '2013-04-05', 'ул. Космонавтов, д. 12', 'Симферополь', '295000', 'Россия'),
(24, 'Зоя', 'Цветкова', 'Инженер по логистике', '1977-11-01', '2005-12-30', 'ул. Молодежная, д. 64', 'Тюмень', '625000', 'Россия'),
(25, 'Геннадий', 'Фомичев', 'Специалист по транспортным услугам', '1982-06-07', '2009-06-01', 'ул. Спортивная, д. 41', 'Калуга', '248000', 'Россия'),
(26, 'Лилия', 'Добрынина', 'Кладовщик', '1991-07-05', '2015-04-21', 'ул. Дружбы, д. 22', 'Оренбург', '460000', 'Россия'),
(27, 'Артур', 'Макаров', 'Специалист по экспорту', '1990-01-30', '2013-09-25', 'ул. Лескова, д. 15', 'Новокузнецк', '654000', 'Россия'),
(28, 'Вероника', 'Щербакова', 'Аналитик транспортных данных', '1986-09-18', '2011-06-11', 'ул. Парковая, д. 83', 'Саратов', '410000', 'Россия'),
(29, 'Глеб', 'Исаков', 'Инженер по грузоперевозкам', '1983-04-23', '2008-10-07', 'ул. Шевченко, д. 44', 'Ульяновск', '432000', 'Россия'),
(30, 'Татьяна', 'Брагина', 'Менеджер по закупкам', '1994-03-15', '2018-07-15', 'ул. Лермонтова, д. 31', 'Сочи', '354000', 'Россия'),
(31, 'Илья', 'Быков', 'Контролёр качества', '1987-10-06', '2012-03-03', 'ул. Суворова, д. 67', 'Архангельск', '163000', 'Россия'),
(32, 'Наталия', 'Карпова', 'Менеджер по транспортной логистике', '1985-05-10', '2010-11-19', 'ул. Октябрьская, д. 11', 'Тула', '300000', 'Россия'),
(33, 'Степан', 'Яковлев', 'Специалист по внешнеэкономической деятельности', '1984-02-26', '2009-09-27', 'ул. Звёздная, д. 23', 'Иркутск', '664000', 'Россия'),
(34, 'Зинаида', 'Никитина', 'Специалист по доставке', '1993-11-30', '2016-10-22', 'ул. Школьная, д. 8', 'Иваново', '153000', 'Россия'),
(35, 'Екатерина', 'Соловьева', 'Менеджер по организации перевозок', '1990-12-04', '2014-08-31', 'ул. Чкалова, д. 9', 'Владивосток', '690000', 'Россия'),
(36, 'Виктор', 'Прохоров', 'Водитель спецтранспорта', '1976-03-28', '2004-11-22', 'ул. Декабристов, д. 46', 'Хабаровск', '680000', 'Россия'),
(37, 'Сергей', 'Кузьмин', 'Менеджер по договорной работе', '1989-05-04', '2013-05-15', 'ул. Маяковского, д. 17', 'Мурманск', '183000', 'Россия'),
(38, 'Нина', 'Костина', 'Специалист по таможенному оформлению', '1992-06-21', '2016-06-06', 'ул. Московская, д. 89', 'Братск', '665700', 'Россия'),
(39, 'Егор', 'Шаповалов', 'Инженер по процессам доставки', '1980-02-12', '2007-02-11', 'ул. Мира, д. 24', 'Киров', '610000', 'Россия'),
(40, 'Марина', 'Крюкова', 'Логист', '1984-08-25', '2009-08-05', 'ул. Розы Люксембург, д. 72', 'Смоленск', '214000', 'Россия'),
(41, 'Григорий', 'Евдокимов', 'Администратор склада', '1986-05-25', '2011-06-16', 'ул. Володарского, д. 30', 'Липецк', '398000', 'Россия'),
(42, 'София', 'Седова', 'Специалист по упаковке', '1994-07-18', '2018-01-01', 'ул. Дзержинского, д. 54', 'Череповец', '162600', 'Россия'),
(43, 'Анатолий', 'Борисов', 'Агент по сопровождению грузов', '1982-05-16', '2008-05-23', 'ул. Невская, д. 48', 'Улан-Удэ', '670000', 'Россия'),
(44, 'Евдокия', 'Зорина', 'Кладовщик', '1991-08-09', '2015-05-15', 'ул. Островского, д. 76', 'Ижевск', '426000', 'Россия'),
(45, 'Кирилл', 'Титов', 'Инженер по безопасности перевозок', '1985-12-27', '2010-06-01', 'ул. Восстания, д. 21', 'Чебоксары', '428000', 'Россия'),
(46, 'Вера', 'Эдуардова', 'Менеджер по закупкам', '1987-01-05', '2012-12-14', 'ул. Рабочая, д. 13', 'Кемерово', '650000', 'Россия'),
(47, 'Андрей', 'Большаков', 'Специалист по складскому учету', '1990-03-30', '2013-07-20', 'ул. Учительская, д. 59', 'Калининград', '236000', 'Россия'),
(48, 'Юлия', 'Свиридова', 'Менеджер по транспортным ресурсам', '1989-09-23', '2013-11-30', 'ул. Морская, д. 41', 'Астрахань', '414000', 'Россия'),
(49, 'Денис', 'Демидов', 'Инженер по итоговым операциям', '1983-07-29', '2010-01-21', 'ул. Рыночная, д. 88', 'Курск', '305000', 'Россия'),
(50, 'Ирина', 'Лапина', 'Координатор по перевозкам', '1988-12-17', '2013-10-11', 'ул. Обручева, д. 9', 'Пенза', '440000', 'Россия'),
(51, 'Олег', 'Семенов', 'Водитель', '1981-01-10', '2009-02-14', 'ул. Муравьева, д. 34', 'Орёл', '302000', 'Россия'),
(52, 'Екатерина', 'Романова', 'Менеджер по качеству', '1990-11-14', '2014-08-22', 'ул. Луговая, д. 62', 'Грозный', '364000', 'Россия'),
(53, 'Максим', 'Щукин', 'Специалист по складским операциям', '1979-03-19', '2006-11-05', 'ул. Тихонова, д. 21', 'Владимир', '600000', 'Россия'),
(54, 'Лариса', 'Савина', 'Руководитель отдела безопасности', '1984-10-21', '2009-11-16', 'ул. Тульская, д. 35', 'Саранск', '430000', 'Россия'),
(55, 'Александр', 'Семенов', 'Аналитик коммерческой логистики', '1991-06-28', '2017-05-29', 'ул. Баумана, д. 62', 'Рязань', '390000', 'Россия'),
(56, 'Тамара', 'Мельникова', 'Специалист по улучшению процессов', '1983-09-12', '2010-03-15', 'ул. Озерная, д. 18', 'Тверь', '170000', 'Россия'),
(57, 'Даниил', 'Эмильченко', 'Иженер', '1981-03-17', '2007-05-28', 'ул. Адмиральская, д. 40', 'Элиста', '358000', 'Россия'),
(58, 'Анна', 'Гусева', 'Специалист по планированию', '1992-05-11', '2016-08-12', 'ул. Телегина, д. 96', 'Йошкар-Ола', '424000', 'Россия'),
(59, 'Руслан', 'Устинов', 'Менеджер по технологиям', '1987-08-30', '2012-05-22', 'ул. Достоевского, д. 55', 'Сыктывкар', '167000', 'Россия'),
(60, 'Карина', 'Кузнецова', 'Кладовщик', '1994-04-19', '2018-11-06', 'ул. Хлебная, д. 6', 'Чита', '672000', 'Россия'),
(61, 'Пётр', 'Егоров', 'Разработчик IT-решений', '1985-07-26', '2010-01-14', 'ул. Королева, д. 100', 'Кострома', '156000', 'Россия'),
(62, 'Галина', 'Рогова', 'Менеджер по изменению процессов', '1993-02-15', '2016-09-19', 'ул. Гоголя, д. 64', 'Петрозаводск', '185000', 'Россия'),
(63, 'Валентина', 'Колесникова', 'Администратор', '1980-10-07', '2007-08-07', 'ул. Северная, д. 38', 'Великий Новгород', '173000', 'Россия'),
(64, 'Игорь', 'Кондратьев', 'Оператор ПК', '1988-06-25', '2013-02-03', 'ул. Краснопрудная, д. 28', 'Курган', '640000', 'Россия'),
(65, 'Елена', 'Богданова', 'Специалист по законодательству', '1992-11-22', '2017-04-25', 'ул. Ангарская, д. 75', 'Якутск', '677000', 'Россия'),
(66, 'Оксана', 'Кириллова', 'Координатор', '1984-09-15', '2010-11-10', 'ул. Енисейская, д. 24', 'Севастополь', '299000', 'Россия'),
(67, 'Марк', 'Гуляев', 'Техник по оборудованию', '1986-03-08', '2011-09-05', 'ул. Мирная, д. 89', 'Белгород', '308000', 'Россия'),
(68, 'Антонина', 'Гончарова', 'Руководитель отдела продаж', '1987-01-31', '2011-04-29', 'ул. Береговая, д. 71', 'Томск', '634000', 'Россия'),
(69, 'Дмитрий', 'Сидоров', 'Менеджер по ремонту и техобслуживанию', '1985-11-13', '2008-06-21', 'ул. Красногвардейская, д. 92', 'Камчатка', '683000', 'Россия'),
(70, 'Семён', 'Давыдов', 'Аналитик по закупкам', '1991-08-16', '2016-07-11', 'ул. Московская, д. 40', 'Ставрополь', '355000', 'Россия'),
(71, 'Нина', 'Каримова', 'Кладовщик', '1985-10-09', '2010-05-01', 'ул. Красная Пресня, д. 11', 'Муром', '602000', 'Россия'),
(72, 'Леонид', 'Царев', 'Специалист по договорной базе', '1982-11-23', '2007-03-16', 'ул. Ломоносова, д. 83', 'Бузулук', '461000', 'Россия'),
(73, 'Тимур', 'Зайцев', 'Монтажник', '1991-04-15', '2016-02-20', 'ул. Литвинова, д. 13', 'Восточное', '358000', 'Россия'),
(74, 'Павел', 'Зуев', 'Технический специалист', '1984-07-30', '2009-07-11', 'ул. Банковая, д. 15', 'Великие Луки', '182100', 'Россия'),
(75, 'Дарья', 'Родина', 'Кладовщик', '1987-08-02', '2014-09-01', 'ул. Дружбы, д. 5', 'Псков', '180000', 'Россия'),
(76, 'Александра', 'Матвеева', 'Инженер по логистике', '1990-07-17', '2015-05-19', 'ул. Железнякова, д. 3', 'Анапа', '353440', 'Россия'),
(77, 'Роман', 'Гладков', 'Кладовщик', '1982-03-02', '2007-10-18', 'ул. Успенская, д. 8', 'Ейск', '353680', 'Россия'),
(78, 'Светлана', 'Терёшкина', 'Специалист по закупкам', '1995-02-07', '2019-10-15', 'ул. Воронежская, д. 20', 'Лабинск', '352500', 'Россия'),
(79, 'Георгий', 'Клюев', 'Таможенный инспектор', '1983-05-14', '2008-02-01', 'ул. Кольцевая, д. 5', 'Новомосковск', '301650', 'Россия'),
(80, 'Алла', 'Булатова', 'Менеджер по транспортировке', '1993-01-19', '2018-12-18', 'ул. Сельская, д. 27', 'Черногорск', '655000', 'Россия'),
(81, 'Василиса', 'Сивова', 'Агент по транспортной сделки', '1986-11-30', '2012-01-11', 'ул. Полевая, д. 1', 'Железногорск', '307170', 'Россия'),
(82, 'Миша', 'Оленев', 'Руководитель отдела', '1984-06-06', '2010-01-25', 'ул. Правды, д. 2', 'Новотроицк', '462351', 'Россия'),
(83, 'Алёна', 'Харитонова', 'Контролёр', '1990-09-07', '2015-12-30', 'ул. Высокая, д. 59', 'Майкоп', '385000', 'Россия'),
(84, 'Варвара', 'Белякова', 'Кладовщик', '1989-10-14', '2013-07-20', 'ул. Сормовская, д. 17', 'Уссурийск', '692519', 'Россия'),
(85, 'Станислав', 'Щетинкин', 'Аналитик', '1987-03-22', '2010-08-05', 'ул. Ульяновых, д. 48', 'Таганрог', '347900', 'Россия'),
(86, 'Вадим', 'Калашников', 'Инженер', '1990-06-18', '2014-10-17', 'ул. Казаковская, д. 27', 'Минеральные Воды', '357200', 'Россия'),
(87, 'София', 'Зиновьева', 'Документовед', '1992-08-10', '2016-03-03', 'ул. Краевая, д. 71', 'Волгодонск', '347360', 'Россия'),
(88, 'Владимир', 'Сергеев', 'Менеджер', '1984-04-30', '2008-06-06', 'ул. Университетская, д. 24', 'Бийск', '659300', 'Россия'),
(89, 'Игорь', 'Яковлев', 'Специалист по снабжению', '1986-11-01', '2011-11-21', 'ул. Выставочная, д. 82', 'Губкин', '309188', 'Россия'),
(90, 'Галина', 'Кузьмина', 'Тайм-менеджер', '1991-01-05', '2017-04-28', 'ул. Жукова, д. 95', 'Череповец', '162602', 'Россия'),
(91, 'Кристина', 'Абрамова', 'Монтажник', '1993-03-25', '2018-02-09', 'ул. Андропова, д. 71', 'Находка', '692900', 'Россия'),
(92, 'Рустам', 'Геннадьев', 'Инженер', '1988-07-07', '2015-03-05', 'ул. Бурова, д. 5', 'Кисловодск', '357700', 'Россия'),
(93, 'Алла', 'Орлова', 'Руководитель группы', '1981-11-17', '2007-07-12', 'ул. Героев, д. 62', 'Новокуйбышевск', '446200', 'Россия'),
(94, 'Елизавета', 'Цветкова', 'Менеджер по снабжению', '1990-09-13', '2015-11-02', 'ул. Левина, д. 23', 'Первоуральск', '623104', 'Россия'),
(95, 'Павел', 'Судаков', 'Специалист по корпоративной логистике', '1988-12-21', '2013-06-10', 'ул. Урожайная, д. 32', 'Кирово-Чепецк', '613040', 'Россия'),
(96, 'Руслана', 'Зайцева', 'Кладовщик', '1992-04-13', '2017-02-27', 'ул. Гагарина, д. 38', 'Сафоново', '215500', 'Россия'),
(97, 'Ольга', 'Наумова', 'Экспедитор', '1989-10-02', '2014-04-01', 'ул. Солянка, д. 94', 'Котлас', '165300', 'Россия'),
(98, 'Борис', 'Киселёв', 'Менеджер по закупкам', '1985-03-21', '2009-11-15', 'ул. Ленинградская, д. 29', 'Нижнекамск', '423570', 'Россия'),
(99, 'Людмила', 'Образцова', 'Администратор', '1991-11-11', '2016-01-08', 'ул. Мельничная, д. 78', 'Петропавловск-Камчатский', '683000', 'Россия'),
(100, 'Никита', 'Тюрин', 'Кладовщик', '1994-09-05', '2018-05-15', 'ул. Пос. Зеленый, д. 4', 'Старый Оскол', '309870', 'Россия'),
(101, 'Аркадий', 'Золотов', 'Менеджер по транспортным процессам', '1983-01-20', '2008-05-22', 'ул. Попова, д. 12', 'Балашиха', '143900', 'Россия'),
(102, 'Инна', 'Беспалова', 'Аналитик по мониторингу', '1991-02-18', '2016-08-12', 'ул. Мамина-Сибиряка, д. 5', 'Люберцы', '140005', 'Россия'),
(103, 'Фёдор', 'Баженов', 'Специалист по оптимизации процессов', '1986-04-30', '2011-07-17', 'ул. Чкалова, д. 39', 'Таганрог', '347900', 'Россия'),
(104, 'Анжела', 'Бычкова', 'Ведущий координатор', '1990-12-11', '2015-12-12', 'ул. Садовая, д. 61', 'Реутов', '143966', 'Россия'),
(105, 'Всеволод', 'Косарев', 'Менеджер по управлению цепочками поставок', '1984-06-22', '2009-09-15', 'ул. Ленина, д. 84', 'Пушкино', '141207', 'Россия'),
(106, 'Маргарита', 'Царёва', 'Специалист по коммерческой логистике', '1988-03-17', '2013-04-02', 'ул. Парковая, д. 22', 'Жуковский', '140180', 'Россия'),
(107, 'Анатолий', 'Князев', 'Аналитик логистических процессов', '1980-11-05', '2006-02-23', 'ул. Гоголя, д. 8', 'Щёлково', '141100', 'Россия'),
(108, 'Зоя', 'Григорьева', 'Специалист по таможенному контролю', '1992-07-07', '2017-09-29', 'ул. Вишнёвая, д. 9', 'Мытищи', '141014', 'Россия'),
(109, 'Кирилл', 'Шаров', 'Менеджер по снабжению', '1989-05-14', '2014-03-27', 'ул. Южная, д. 27', 'Одинцово', '143000', 'Россия'),
(110, 'Марина', 'Калинина', 'Агент по международным поставкам', '1991-08-03', '2016-12-10', 'ул. Боровая, д. 1', 'Коломна', '140400', 'Россия'),
(111, 'Захар', 'Козлов', 'Транспортный аналитик', '1985-07-17', '2010-06-19', 'ул. Театральная, д. 84', 'Химки', '141407', 'Россия'),
(112, 'Лидия', 'Маркина', 'Специалист по экспорту', '1993-10-29', '2018-02-14', 'ул. Академика Волгина, д. 54', 'Пушкино', '141206', 'Россия'),
(113, 'Семён', 'Горшков', 'Координатор логистики', '1990-09-11', '2015-05-20', 'ул. Инженерная, д. 104', 'Подольск', '142100', 'Россия'),
(114, 'Ольга', 'Зимина', 'Контролёр', '1987-02-20', '2012-07-11', 'ул. Восточная, д. 3', 'Зеленоград', '124482', 'Россия'),
(115, 'Евгений', 'Суворов', 'Инженер по технической безопасности', '1984-07-25', '2009-10-03', 'ул. Ломоносова, д. 23', 'Балашиха', '143900', 'Россия'),
(116, 'Валентина', 'Ягудина', 'Специалист по управлению поставками', '1992-11-22', '2018-06-19', 'ул. Лескова, д. 17', 'Люберцы', '140006', 'Россия'),
(117, 'Юрий', 'Зайцев', 'Менеджер по договорной работе', '1983-03-30', '2008-12-13', 'ул. Тульская, д. 12', 'Химки', '141410', 'Россия'),
(118, 'Надежда', 'Трофимова', 'Специалист по прогнозированию', '1991-04-26', '2016-05-05', 'ул. Львовская, д. 75', 'Щёлково', '141104', 'Россия'),
(119, 'Виктор', 'Яблочков', 'Кладовщик', '1989-06-03', '2014-08-03', 'ул. Чайковского, д. 49', 'Одинцово', '143001', 'Россия'),
(120, 'Светлана', 'Рогова', 'Менеджер по развитию бизнеса', '1986-10-16', '2011-11-22', 'ул. Заводская, д. 66', 'Жуковский', '140181', 'Россия'),
(121, 'Макар', 'Фролов', 'Консультант по логистике', '1982-12-19', '2007-08-18', 'ул. Советская, д. 7', 'Подольск', '142102', 'Россия'),
(122, 'Алёна', 'Чапаева', 'Агент по процессным изменениям', '1994-05-09', '2018-01-29', 'ул. Мичурина, д. 68', 'Коломна', '140402', 'Россия'),
(123, 'Игорь', 'Ларин', 'Аналитик по оптимизации цепочек поставок', '1995-02-14', '2020-04-01', 'ул. Гвардейская, д. 14', 'Мытищи', '141016', 'Россия'),
(124, 'Галина', 'Маслова', 'Ассистент менеджера', '1990-11-11', '2015-03-30', 'ул. Пирогова, д. 16', 'Зеленоград', '124485', 'Россия'),
(125, 'Пётр', 'Рябов', 'Инженер по логистической оптимизации', '1983-09-04', '2008-02-18', 'ул. Овражная, д. 46', 'Люберцы', '140007', 'Россия'),
(126, 'Ярослав', 'Веселов', 'Менеджер по автоматизации процессов', '1988-02-17', '2013-07-01', 'ул. Северная, д. 81', 'Балашиха', '143901', 'Россия'),
(127, 'Мария', 'Пономарева', 'Координатор по проектной логистике', '1991-06-05', '2016-10-12', 'ул. Транзитная, д. 58', 'Пушкино', '141209', 'Россия'),
(128, 'Михаил', 'Журавлёв', 'Специалист по данным', '1986-05-19', '2011-03-19', 'ул. Тружеников, д. 73', 'Щёлково', '141103', 'Россия'),
(129, 'Дарья', 'Корнеева', 'Менеджер внешнеэкономической деятельности', '1995-01-10', '2020-07-23', 'ул. Курчатова, д. 7', 'Одинцово', '143003', 'Россия'),
(130, 'Роман', 'Нестеров', 'Логист', '1989-08-10', '2014-12-17', 'ул. Полярная, д. 55', 'Жуковский', '140183', 'Россия'),
(131, 'Ксения', 'Шестакова', 'Менеджер по взаимодействию с клиентами', '1992-03-11', '2017-11-06', 'ул. Малая, д. 29', 'Химки', '141412', 'Россия'),
(132, 'Арсений', 'Анисимов', 'Специалист по оптимизации поставок', '1985-11-28', '2010-04-14', 'ул. Дружбы, д. 34', 'Подольск', '142105', 'Россия'),
(133, 'Алла', 'Чернова', 'Аналитик по технико-экономическому обоснованию', '1993-06-27', '2018-09-30', 'ул. Ширпотреба, д. 90', 'Коломна', '140403', 'Россия'),
(134, 'Александр', 'Лебедев', 'Менеджер по стратегическому развитию', '1987-10-02', '2012-10-11', 'ул. Есенина, д. 24', 'Мытищи', '141018', 'Россия'),
(135, 'Виктория', 'Сазонова', 'Кладовщик', '1990-04-18', '2015-05-15', 'ул. Пушкина, д. 13', 'Зеленоград', '124488', 'Россия'),
(136, 'Ростислав', 'Федотов', 'Агент по материально-техническому снабжению', '1984-02-03', '2009-06-21', 'ул. Девичья, д. 10', 'Балашиха', '143902', 'Россия'),
(137, 'Любовь', 'Абрамова', 'Менеджер по анализу цепочек поставок', '1994-07-23', '2019-03-13', 'ул. Прямая, д. 69', 'Люберцы', '140008', 'Россия'),
(138, 'Григорий', 'Карасев', 'Аналитик маршрутных систем', '1991-09-25', '2016-01-27', 'ул. Ахматовой, д. 33', 'Балашиха', '143905', 'Россия'),
(139, 'Полина', 'Логинова', 'Консультант по организационному развитию', '1987-12-21', '2012-06-14', 'ул. Викторова, д. 18', 'Пушкино', '141204', 'Россия'),
(140, 'Даниил', 'Белозеров', 'Специалист по системам управления', '1985-01-15', '2008-07-19', 'ул. Комсомольская, д. 74', 'Щёлково', '141105', 'Россия'),
(141, 'Эльвира', 'Партнова', 'Кладовщик', '1992-10-07', '2017-04-02', 'ул. Мособлдорстроя, д. 16', 'Одинцово', '143002', 'Россия'),
(142, 'Руслан', 'Аксаков', 'Агент по таможенному оформлению', '1989-12-31', '2014-11-17', 'ул. Михайлова, д. 92', 'Жуковский', '140184', 'Россия'),
(143, 'Екатерина', 'Швецова', 'Менеджер по обеспечению эффективности', '1983-02-22', '2007-09-14', 'ул. Геологов, д. 42', 'Подольск', '142107', 'Россия'),
(144, 'Илья', 'Бухарев', 'Агент по поступлению на склад', '1993-05-30', '2019-08-21', 'ул. Заваровская, д. 48', 'Коломна', '140405', 'Россия'),
(145, 'Инна', 'Кудрявцева', 'Специалист по складским операциям', '1991-11-13', '2016-02-14', 'ул. Гоголя, д. 61', 'Мытищи', '141020', 'Россия'),
(146, 'Олег', 'Коровин', 'Инженер по логистическому анализу', '1984-05-12', '2009-05-02', 'ул. Герцена, д. 51', 'Химки', '141414', 'Россия'),
(147, 'Лариса', 'Митина', 'Специалист по организационной культуре', '1988-01-26', '2013-10-10', 'ул. Ландышевая, д. 78', 'Жуковский', '140182', 'Россия'),
(148, 'Антон', 'Игнатов', 'Агент по административным вопросам', '1994-08-02', '2018-03-28', 'ул. Карла Маркса, д. 33', 'Зеленоград', '124490', 'Россия'),
(149, 'Елена', 'Рудина', 'Кладовщик', '1986-09-07', '2011-12-19', 'ул. Казанская, д. 59', 'Люберцы', '140009', 'Россия'),
(150, 'Филипп', 'Никифоров', 'Старший аналитик', '1989-04-06', '2014-02-20', 'ул. Магистральная, д. 5', 'Балашиха', '143903', 'Россия'),
(151, 'Владимир', 'Парамонов', 'Менеджер по логистическим решениям', '1990-03-22', '2015-01-05', 'ул. Молодёжная, д. 86', 'Пушкино', '141206', 'Россия'),
(152, 'Яна', 'Сурикова', 'Консультант по развитию', '1992-10-02', '2017-07-29', 'ул. Школьная, д. 18', 'Подольск', '142108', 'Россия'),
(153, 'Кристина', 'Звонарева', 'Специалист по управлению качеством', '1993-12-19', '2018-05-09', 'ул. Механическая, д. 12', 'Коломна', '140404', 'Россия'),
(154, 'Вадим', 'Медведев', 'Аналитик по автоматизации', '1987-06-15', '2012-01-22', 'ул. Октябрская, д. 36', 'Щёлково', '141102', 'Россия'),
(155, 'Александра', 'Тихомирова', 'Менеджер инновационных проектов', '1985-08-28', '2010-03-18', 'ул. Гагарина, д. 63', 'Химки', '141416', 'Россия'),
(156, 'Август', 'Семенков', 'Агент по оптимизации потоков', '1988-07-17', '2013-11-26', 'ул. Мира, д. 79', 'Мытищи', '141022', 'Россия'),
(157, 'Наталия', 'Панфилова', 'Специалист по контрактному управлению', '1991-05-31', '2016-06-04', 'ул. Пролетарская, д. 70', 'Жуковский', '140185', 'Россия'),
(158, 'Станислав', 'Воронцов', 'Транспортный эксперт', '1983-09-16', '2008-08-06', 'ул. Победы, д. 27', 'Люберцы', '140010', 'Россия'),
(159, 'Юлия', 'Овсянникова', 'Администратор логистики', '1994-04-01', '2019-10-15', 'ул. Кирова, д. 88', 'Пушкино', '141208', 'Россия'),
(160, 'Николай', 'Соколов', 'Координатор закупок', '1987-10-20', '2012-07-24', 'ул. Железнодорожная, д. 84', 'Балашиха', '143904', 'Россия'),
(161, 'Владислав', 'Назаров', 'Онлайн-консультант', '1985-03-01', '2010-05-12', 'ул. Канашская, д. 45', 'Отрадное', '183250', 'Россия'),
(162, 'Людмила', 'Косова', 'Менеджер по кадровым вопросам', '1989-01-09', '2014-03-17', 'ул. Центральная, д. 66', 'Лыткарино', '140080', 'Россия'),
(163, 'Герман', 'Орлов', 'Специалист по мониторингу производительности', '1992-06-29', '2016-08-25', 'ул. Западная, д. 54', 'Красногорск', '143400', 'Россия'),
(164, 'Олеся', 'Дмитриева', 'Координатор программ', '1988-09-18', '2013-06-22', 'ул. Парковая, д. 72', 'Молжаниновский', '711800', 'Россия'),
(165, 'Родион', 'Филиппов', 'Специалист по автоматизации', '1990-12-27', '2015-04-27', 'ул. Альпийская, д. 91', 'Минусинск', '662600', 'Россия'),
(166, 'Арина', 'Савельева', 'Аналитик по корпоративным стратегиям', '1984-04-19', '2009-03-13', 'ул. Летняя, д. 41', 'Саяногорск', '655600', 'Россия'),
(167, 'Арсен', 'Ефимов', 'Координатор межрегиональных поставок', '1986-02-17', '2011-11-09', 'ул. Каменщиков, д. 54', 'Изобильный', '356140', 'Россия'),
(168, 'Наталья', 'Михайлова', 'Менеджер по договорным обязательствам', '1987-05-13', '2011-12-28', 'ул. Попова, д. 11', 'Железноводск', '357400', 'Россия'),
(169, 'Леонид', 'Трофимов', 'Агент по рекламным контрактам', '1991-09-02', '2015-10-23', 'пер. Парадный, д. 4', 'Лабинск', '352500', 'Россия'),
(170, 'Екатаерина', 'Соболева', 'Менеджер проекта', '1995-10-14', '2020-06-17', 'ул. Ватутина, д. 60', 'Невинномысск', '357100', 'Россия'),
(171, 'Серафима', 'Кондратьева', 'Агент', '1984-05-04', '2008-02-16', 'ул. Гоголя, д. 2', 'Гудаутская', '445305', 'Россия'),
(172, 'Юрий', 'Беляев', 'Менеджер по ремонту', '1990-01-16', '2014-11-04', 'ул. Юности, д. 68', 'Ейск', '353680', 'Россия'),
(173, 'Кирилл', 'Павлов', 'Специалист по улучшению условий труда', '1992-07-16', '2016-10-01', 'ул. Строителей, д. 89', 'Баксан', '361505', 'Россия'),
(174, 'Алиса', 'Овчинникова', 'Консультант по цифровой трансформации', '1991-05-27', '2016-05-10', 'ул. Тургенева, д. 22', 'Горно-Алтайск', '649000', 'Россия'),
(175, 'Тимофей', 'Алехин', 'Руководитель направления', '1989-12-09', '2014-08-15', 'ул. Патриотов, д. 39', 'Белая Калитва', '347040', 'Россия'),
(176, 'Аркадий', 'Исаев', 'Кладовщик', '1986-06-30', '2011-05-28', 'ул. Гагарина, д. 45', 'Чехов', '142300', 'Россия'),
(177, 'Елена', 'Миронова', 'Специалист по внешним отношениям', '1987-10-09', '2011-06-22', 'ул. Фестивальная, д. 29', 'Курчатов', '307250', 'Россия'),
(178, 'Илона', 'Чернышева', 'Менеджер по инновациям', '1988-04-10', '2013-02-19', 'ул. Промышленная, д. 15', 'Созополь', '99001', 'Россия'),
(179, 'Варвара', 'Соколова', 'Контролёр качества', '1991-04-12', '2017-07-06', 'ул. Мирная, д. 12', 'Кропоткин', '352380', 'Россия'),
(180, 'Максим', 'Казаков', 'Руководитель проекта', '1987-11-07', '2012-08-03', 'ул. Кирова, д. 44', 'Волжск', '425000', 'Россия'),
(181, 'Оксана', 'Петрова', 'Специалист по закупкам', '1993-06-12', '2017-12-03', 'ул. Багратиона, д. 80', 'Усолье', '175100', 'Россия'),
(182, 'Сергей', 'Андреев', 'Менеджер по качеству', '1989-07-25', '2014-01-04', 'ул. Юбилейная, д. 5', 'Юрга', '652050', 'Россия'),
(183, 'Дмитрий', 'Малышев', 'Инженер-технолог', '1990-09-08', '2014-07-22', 'ул. Московская, д. 40', 'Контант', '420086', 'Россия'),
(184, 'Юлия', 'Орехова', 'Специалист по анализу данных', '1988-08-31', '2013-09-13', 'ул. Пирогова, д. 20', 'Тольятти', '445053', 'Россия'),
(185, 'Алиса', 'Касаткина', 'Менеджер по контролю качества', '1992-06-19', '2017-05-18', 'ул. Огородная, д. 46', 'Каспийск', '368600', 'Россия'),
(186, 'Никита', 'Ерёмин', 'Специалист по системы', '1986-08-03', '2010-03-06', 'ул. Магистральная, д. 73', 'Шлиссельбург', '187340', 'Россия'),
(187, 'Александр', 'Котов', 'Контролёр', '1981-01-31', '2005-10-11', 'ул. Народная, д. 9', 'Ялуторовск', '627010', 'Россия'),
(188, 'Ксения', 'Топорова', 'Исследователь', '1984-02-08', '2008-05-18', 'ул. Красная площадь, д. 56', 'Негош', '680153', 'Россия'),
(189, 'Михаил', 'Рябов', 'Лаборант', '1993-07-21', '2018-11-18', 'ул. Таганская, д. 34', 'Урус-Мартан', '366501', 'Россия'),
(190, 'Анна', 'Дементьева', 'Оператор', '1988-11-30', '2013-01-08', 'ул. Горького, д. 9', 'Долгопрудный', '141700', 'Россия'),
(191, 'Вероника', 'Калашникова', 'Техник', '1990-08-20', '2014-06-01', 'ул. Орловская, д. 21', 'Истра', '143500', 'Россия'),
(192, 'Егор', 'Царёв', 'Менеджер по внедрению', '1989-10-19', '2014-08-25', 'ул. Свободы, д. 64', 'Ступино', '142800', 'Россия'),
(193, 'Георгий', 'Тарасов', 'Системный администратор', '1986-04-18', '2010-10-24', 'ул. Экспериментальная, д. 17', 'Кинешма', '155800', 'Россия'),
(194, 'Варвара', 'Степанова', 'Специалист по обучению', '1995-02-08', '2020-03-13', 'ул. Учительская, д. 16', 'Ишим', '627750', 'Россия'),
(195, 'Вячеслав', 'Гусев', 'Специалист по закупке', '1983-08-12', '2008-11-11', 'ул. Гвардейская, д. 48', 'Пенза', '440026', 'Россия'),
(196, 'Александра', 'Лукьянова', 'Менеджер активов', '1992-04-14', '2017-02-27', 'ул. Богдана Хмельницкого, д. 4', 'Старый Оскол', '309512', 'Россия'),
(197, 'Лидия', 'Тимофеева', 'Координатор по развитию', '1984-07-07', '2009-08-20', 'ул. Автозаводская, д. 77', 'Алатырь', '429420', 'Россия'),
(198, 'Тимур', 'Корнилов', 'Техник исследований', '1987-12-06', '2012-09-04', 'ул. Жукова, д. 87', 'Семья', '157250', 'Россия'),
(199, 'Жанна', 'Рогова', 'Наборщик', '1994-10-07', '2018-02-12', 'ул. Камская, д. 23', 'Знаменск', '416540', 'Россия'),
(200, 'Денис', 'Русаков', 'Инженер по безопасности', '1983-11-20', '2008-06-09', 'ул. Загородная, д. 37', 'Азов', '346780', 'Россия'),
(201, 'Виктор', 'Петров', 'Инженер по безопасности', '1982-12-22', '2009-06-15', 'ул. Горького, д. 10', 'Нижний Тагил', '622034', 'Россия'),
(202, 'Татьяна', 'Шмелева', 'Специалист по логистике', '1990-02-15', '2013-04-06', 'ул. Ломоносова, д. 30', 'Киров', '610020', 'Россия'),
(203, 'Анатолий', 'Зайцев', 'Кладовщик', '1984-01-30', '2010-08-12', 'ул. Гоголя, д. 21', 'Новосибирск', '630120', 'Россия'),
(204, 'Игорь', 'Сидоров', 'Менеджер по снабжению', '1987-04-14', '2015-01-25', 'ул. Пушкина, д. 3', 'Белгород', '308017', 'Россия'),
(205, 'Елизавета', 'Смирнова', 'Аналитик логистических процессов', '1985-07-19', '2011-03-14', 'ул. Ленина, д. 64', 'Омск', '644081', 'Россия'),
(206, 'Роман', 'Горохов', 'Инженер по качеству', '1994-06-26', '2019-07-16', 'ул. Красная, д. 9', 'Барнаул', '656015', 'Россия'),
(207, 'Анна', 'Руднева', 'Менеджер по импортно-экспортным операциям', '1992-05-30', '2018-10-20', 'ул. Есенина, д. 78', 'Оренбург', '460000', 'Россия'),
(208, 'Олег', 'Козлов', 'Руководитель отдела', '1989-04-11', '2015-05-21', 'ул. Декабристов, д. 88', 'Калуга', '248035', 'Россия'),
(209, 'Лариса', 'Капустина', 'Специалист по организации перевозок', '1993-08-17', '2017-11-19', 'ул. Сельская, д. 20', 'Саратов', '410012', 'Россия'),
(210, 'Алексей', 'Туров', 'Агент по закупке и снабжению', '1991-09-05', '2016-03-25', 'ул. Центральная, д. 35', 'Тверь', '170027', 'Россия'),
(211, 'Галина', 'Ершова', 'Инженер по безопасности', '1983-12-24', '2010-01-07', 'ул. Победы, д. 19', 'Смоленск', '214000', 'Россия'),
(212, 'Дмитрий', 'Новиков', 'Специалист по логистике', '1995-12-31', '2020-04-17', 'ул. Ядринцева, д. 27', 'Ульяновск', '432010', 'Россия'),
(213, 'Екатерина', 'Шестакова', 'Аналитик по закупкам', '1990-11-18', '2016-06-05', 'ул. Гагарина, д. 15', 'Ярославль', '150000', 'Россия'),
(214, 'Максим', 'Чесноков', 'Менеджер по снабжению', '1988-07-10', '2014-11-07', 'ул. Красная, д. 40', 'Рязань', '390005', 'Россия'),
(215, 'Ирина', 'Прохорова', 'Специалист по мониторингу', '1992-02-27', '2017-01-30', 'ул. Северная, д. 101', 'Липецк', '398000', 'Россия'),
(216, 'Георгий', 'Лаптев', 'Инженер по процессам', '1984-05-22', '2009-03-11', 'ул. Свердлова, д. 99', 'Тула', '300000', 'Россия'),
(217, 'Алена', 'Фомина', 'Менеджер по улучшению процессов', '1989-06-04', '2013-12-22', 'ул. Лермонтова, д. 65', 'Орск', '462430', 'Россия'),
(218, 'Владислав', 'Родионов', 'Координатор логистических процессов', '1986-11-09', '2011-04-29', 'ул. Щербакова, д. 81', 'Кемерово', '650000', 'Россия'),
(219, 'Юлия', 'Шниперсон', 'Менеджер по улучшению качества', '1990-03-15', '2015-08-24', 'ул. Дружбы, д. 60', 'Чита', '672022', 'Россия'),
(220, 'Виталий', 'Артамонов', 'Аналитик', '1988-10-20', '2014-05-18', 'ул. Мира, д. 32', 'Иваново', '153000', 'Россия'),
(221, 'Елизавета', 'Ковалева', 'Специалист по складским операциям', '1991-09-23', '2017-09-16', 'ул. Тихая, д. 76', 'Курган', '640002', 'Россия'),
(222, 'Павел', 'Ларионов', 'Инженер по материально-техническому обеспечению', '1987-11-15', '2013-04-24', 'ул. Тепличная, д. 19', 'Петрозаводск', '185035', 'Россия'),
(223, 'Ольга', 'Крылова', 'Менеджер по планированию', '1994-07-12', '2019-07-11', 'ул. Южная, д. 9', 'Актыюбинск', '110000', 'Казахстан'),
(224, 'Степан', 'Гаврина', 'Специалист по перевозкам', '1985-06-05', '2010-08-20', 'ул. Арбат, д. 39', 'Уфа', '450076', 'Россия'),
(225, 'Тимофей', 'Образцов', 'Менеджер по безопасности', '1979-12-25', '2005-09-15', 'ул. Казанная, д. 101', 'Алматы', '050041', 'Казахстан'),
(226, 'Дарья', 'Капитонова', 'Оператор', '1993-10-11', '2018-08-15', 'ул. Гоголевская, д. 12', 'Павлодар', '140000', 'Казахстан'),
(227, 'Григорий', 'Астахов', 'Руководитель группы', '1982-03-22', '2008-11-03', 'ул. Малая, д. 10', 'Усть-Каменогорск', '070008', 'Казахстан'),
(228, 'Алина', 'Павлова', 'Специалист по закупкам и снабжению', '1992-01-06', '2017-03-26', 'ул. Сенгельдиевская, д. 55', 'Шымкент', '160000', 'Казахстан'),
(229, 'Вадим', 'Васильев', 'Менеджер по оптимизации процессов', '1985-04-30', '2010-07-15', 'ул. Совхозная, д. 45', 'Актобе', '030000', 'Казахстан'),
(230, 'Елена', 'Дроздова', 'Агент по сопровождению грузов', '1990-12-08', '2015-12-05', 'ул. Интернациональная, д. 58', 'Караганда', '100000', 'Казахстан'),
(231, 'Глеб', 'Тимофеев', 'Специалист по анализу данных', '1984-02-16', '2009-02-13', 'ул. Мухамедханова, д. 40', 'Костанай', '110000', 'Казахстан'),
(232, 'Кристина', 'Никифорова', 'Менеджер по планированию', '1991-06-29', '2016-08-20', 'ул. Ермака, д. 82', 'Семей', '071400', 'Казахстан'),
(233, 'Матвей', 'Егоров', 'Инженер по снабжению', '1988-08-24', '2011-05-10', 'ул. Колхозная, д. 9', 'Тараз', '080000', 'Казахстан'),
(234, 'Олеся', 'Фомина', 'Координатор по перевозкам', '1993-05-03', '2018-12-22', 'ул. Ауэзова, д. 103', 'Атырау', '060000', 'Казахстан'),
(235, 'Майя', 'Ковальчук', 'Аналитик по закупкам', '1986-10-15', '2012-01-25', 'ул. Абая, д. 46', 'Темиртау', '101400', 'Казахстан'),
(236, 'Владимир', 'Тарасов', 'Специалист по ведению грузов', '1983-03-10', '2008-08-18', 'ул. Байбакова, д. 29', 'Жезказган', '100600', 'Казахстан'),
(237, 'Александра', 'Королева', 'Менеджер по анализу', '1995-04-08', '2020-02-21', 'ул. Воробьева, д. 73', 'Экибастус', '140000', 'Казахстан'),
(238, 'Николай', 'Белинский', 'Координатор по безопасности', '1981-05-18', '2007-06-14', 'ул. Кумисбекова, д. 38', 'Кызылорда', '120000', 'Казахстан'),
(239, 'Людмила', 'Краснова', 'Специалист по таможенным услугам', '1984-09-01', '2010-09-07', 'ул. Горького, д. 72', 'Балхаш', '100300', 'Казахстан'),
(240, 'Артем', 'Игнатьев', 'Аналитик по логистике', '1992-06-25', '2017-05-13', 'ул. Карла Маркса, д. 95', 'Есик', '040400', 'Казахстан'),
(241, 'Виктория', 'Князева', 'Инженер по повышению качества', '1990-03-01', '2015-06-01', 'ул. Ленина, д. 3', 'Актау', '130000', 'Казахстан'),
(242, 'Станислав', 'Безруков', 'Специалист по оптимизации процессов', '1985-06-17', '2010-11-02', 'ул. Кунаева, д. 55', 'Уральск', '090000', 'Казахстан'),
(243, 'Антон', 'Солдатов', 'Кладовщик', '1989-10-05', '2014-04-23', 'ул. Крылова, д. 84', 'Туркестан', '160000', 'Казахстан'),
(244, 'Мария', 'Никитина', 'Логист', '1991-09-29', '2017-11-18', 'ул. Ахметова, д. 54', 'Темиртау', '101400', 'Казахстан'),
(245, 'Юрий', 'Горюнов', 'Специалист по таможенному оформлению', '1983-07-14', '2008-05-06', 'ул. Интернациональная, д. 100', 'Шымкент', '160000', 'Казахстан'),
(246, 'Ксения', 'Мартынова', 'Администратор', '1995-01-22', '2020-01-15', 'ул. Колхозная, д. 60', 'Усть-Каменогорск', '070000', 'Казахстан'),
(247, 'Денис', 'Семенов', 'Инженер по снабжению', '1988-11-12', '2012-12-20', 'ул. Красина, д. 93', 'Астана', '010000', 'Казахстан'),
(248, 'Надежда', 'Волкова', 'Менеджер по проектам', '1986-02-28', '2011-04-27', 'ул. Победы, д. 45', 'Балхаш', '100300', 'Казахстан'),
(249, 'Максим', 'Петухов', 'Аналитик по логистическим системам', '1990-12-24', '2016-03-27', 'ул. Мира, д. 53', 'Жезказган', '100600', 'Казахстан'),
(250, 'Елизавета', 'Яровая', 'Специалист по автоматизации', '1989-12-10', '2014-03-08', 'ул. Абая, д. 92', 'Алматы', '050010', 'Казахстан'),
(251, 'Александр', 'Иванов', 'Менеджер по управлению проектами', '1985-08-02', '2010-06-11', 'ул. Жамбыла, д. 63', 'Астанаи', '010000', 'Казахстан'),
(252, 'Марина', 'Колесникова', 'Координатор по обучению', '1993-05-05', '2017-10-02', 'ул. Центральная, д. 70', 'Караганда', '100000', 'Казахстан'),
(253, 'Артур', 'Ефремов', 'Специалист по стратегическому планированию', '1986-04-22', '2011-11-10', 'ул. Ленина, д. 98', 'Петропавловск', '150000', 'Казахстан'),
(254, 'Олеся', 'Сафинова', 'Агент по сбыту', '1994-02-19', '2018-06-25', 'ул. Акмоловская, д. 20', 'Шымкент', '220700', 'Казахстан'),
(255, 'Иван', 'Шевченко', 'Специалист по исследованию', '1992-07-28', '2017-04-29', 'ул. Абая, д. 74', 'Алматы', '050000', 'Казахстан'),
(256, 'Кристина', 'Захарова', 'Аналитик по статистике', '1983-01-19', '2008-01-07', 'ул. Карла Маркса, д. 15', 'Семей', '071400', 'Казахстан'),
(257, 'Дмитрий', 'Гаврилов', 'Менеджер по проектам', '1991-04-07', '2016-05-29', 'ул. Лесная, д. 39', 'Уральск', '090000', 'Казахстан'),
(258, 'Светлана', 'Кислакова', 'Координатор по поставкам', '1995-03-31', '2020-09-03', 'ул. Промышленная, д. 37', 'Темиртау', '101400', 'Казахстан'),
(259, 'Николай', 'Селезнев', 'Специалист по складской работе', '1988-09-21', '2013-07-14', 'ул. Абая, д. 42', 'Кызылорда', '120000', 'Казахстан'),
(260, 'Варвара', 'Малышева', 'Таможенный аналитик', '1989-08-13', '2014-12-30', 'ул. Акмоловская, д. 65', 'Атырау', '060000', 'Казахстан'),
(261, 'Михаил', 'Бобрыкин', 'Кладовщик', '1993-11-07', '2018-09-16', 'ул. Гоголя, д. 58', 'Актобе', '030000', 'Казахстан'),
(262, 'Тимур', 'Буравлев', 'Агент по внешнеэкономической деятельности', '1987-12-11', '2012-12-21', 'ул. Центральная, д. 89', 'Усть-Каменогорск', '070008', 'Казахстан'),
(263, 'Мария', 'Руденко', 'Специалист по материально-техническому обеспечению', '1990-05-12', '2016-02-12', 'ул. Советская, д. 80', 'Жезказган', '100600', 'Казахстан'),
(264, 'Стас', 'Леонов', 'Менеджер по кадровым вопросам', '1984-06-21', '2009-06-29', 'ул. Кунаева, д. 33', 'Костанай', '110000', 'Казахстан'),
(265, 'Ирина', 'Павлова', 'Аналитик по поставкам', '1991-10-20', '2016-10-11', 'ул. Жумаева, д. 71', 'Астана', '010000', 'Казахстан'),
(266, 'Михаил', 'Горбачев', 'Менеджер по перевозкам', '1989-07-02', '2015-05-28', 'ул. Ахметова, д. 50', 'Актау', '130000', 'Казахстан'),
(267, 'Людмила', 'Заболотная', 'Координатор по ведению проектов', '1992-04-25', '2017-07-30', 'ул. Жасдарбекова, д. 15', 'Караганда', '101400', 'Казахстан'),
(268, 'Валерий', 'Морозов', 'Менеджер по снабжению и закупкам', '1984-08-05', '2010-06-07', 'ул. Вокзальная, д. 24', 'Тараз', '080000', 'Казахстан'),
(269, 'Олег', 'Казанцев', 'Специалист по автоматизации логистических процессов', '1993-09-30', '2018-02-16', 'ул. Строителей, д. 13', 'Темиртау', '100600', 'Казахстан'),
(270, 'Наталия', 'Царева', 'Агент по мониторингу и отчетности', '1990-11-09', '2015-09-23', 'ул. Карагеоргиевская, д. 27', 'Балхаш', '100300', 'Казахстан'),
(271, 'Степан', 'Семенов', 'Кладовщик', '1986-03-14', '2011-03-19', 'ул. Васильева, д. 87', 'Уральск', '090000', 'Казахстан'),
(272, 'Лариса', 'Волкова', 'Таможенный инспектор', '1988-04-11', '2012-04-05', 'ул. Энергетиков, д. 22', 'Усть-Каменогорск', '070008', 'Казахстан'),
(273, 'Артем', 'Акинин', 'Специалист по исследованию и развитию', '1995-06-01', '2020-08-27', 'ул. Байтерекова, д. 51', 'Костанай', '110000', 'Казахстан'),
(274, 'Петр', 'Кузнецов', 'Менеджер по системным решениям', '1985-09-27', '2010-10-21', 'ул. Чкалова, д. 6', 'Шымкент', '160000', 'Казахстан'),
(275, 'Татьяна', 'Орлова', 'Координатор по снабжению', '1992-07-06', '2018-04-17', 'ул. Ахметова, д. 43', 'Рассанаясын', '140700', 'Казахстан'),
(276, 'Юрий', 'Славинский', 'Инженер по логистическому обеспечению', '1989-08-13', '2014-07-03', 'ул. Макатаева, д. 94', 'Актау', '130000', 'Казахстан'),
(277, 'Марина', 'Ефимова', 'Менеджер по проектной деятельности', '1987-11-15', '2013-01-07', 'ул. Эрепеева, д. 44', 'Алматы', '050000', 'Казахстан'),
(278, 'Ярослав', 'Голубев', 'Специалист по материаловедению', '1994-03-22', '2018-06-11', 'ул. Защитников, д. 20', 'Астана', '010000', 'Казахстан'),
(279, 'Алла', 'Киселева', 'Агент по сопровождению', '1991-12-12', '2017-09-09', 'ул. Советская, д. 36', 'Петропавловск', '150000', 'Казахстан'),
(280, 'Сергей', 'Толмацкий', 'Ведущий аналитик', '1983-05-22', '2009-01-24', 'ул. Безопасная, д. 40', 'Тарадок', '080000', 'Казахстан'),
(281, 'Михаил', 'Михайлов', 'Инженер по финансы', '1990-08-21', '2014-10-20', 'ул. Рожденная, д. 18', 'Темиртау', '101400', 'Казахстан'),
(282, 'Ирина', 'Кривцова', 'Координатор по экспортным операциям', '1992-12-10', '2017-02-01', 'ул. Ленина, д. 27', 'Атырау', '100600', 'Казахстан'),
(283, 'Петр', 'Петров', 'Транспортный аналитик', '1986-01-17', '2011-01-17', 'ул. Бытовская, д. 76', 'Алма-Аты', '050000', 'Казахстан'),
(284, 'Антон', 'Филатов', 'Консультант', '1993-03-30', '2018-03-29', 'ул. Земная, д. 59', 'Астанаи', '010000', 'Казахстан'),
(285, 'Анастасия', 'Дмитриева', 'Аналитик по процессам', '1994-09-09', '2019-04-24', 'ул. Колхозная, д. 73', 'Жезказган', '101400', 'Казахстан'),
(286, 'Георгий', 'Сергеев', 'Агент по охране', '1985-02-12', '2010-06-04', 'ул. Вашингтонская, д. 12', 'Кокшетау', '020000', 'Казахстан'),
(287, 'Иван', 'Федоров', 'Менеджер по исследованиям', '1983-03-30', '2008-12-13', 'ул. Мирная, д. 30', 'Тараз', '080000', 'Казахстан'),
(288, 'Кристина', 'Юдина', 'Специалист по транспортным системам', '1989-11-26', '2015-12-01', 'ул. Калинина, д. 22', 'Атырау', '060000', 'Казахстан'),
(289, 'Валентин', 'Зимин', 'Аналитик по ведению процессов', '1992-04-10', '2017-06-26', 'ул. Восточный, д. 81', 'Риддер', '070003', 'Казахстан'),
(290, 'Наталия', 'Бойцова', 'Координатор по проектам', '1988-05-13', '2013-06-27', 'ул. Карла Маркса, д. 104', 'Темиртау', '100400', 'Казахстан'),
(291, 'Татьяна', 'Котельникова', 'Инженер по снабжению', '1994-01-09', '2018-02-05', 'ул. Кунаева, д. 12', 'Актау', '100000', 'Казахстан'),
(292, 'Вячеслав', 'Павлов', 'Техник по обслуживанию', '1984-02-15', '2009-12-12', 'ул. Луначарская, д. 43', 'Астана', '010000', 'Казахстан'),
(293, 'Светлана', 'Латышева', 'Логист по перевозкам', '1993-07-21', '2018-07-14', 'ул. Гагарина, д. 64', 'Уральск', '090000', 'Казахстан'),
(294, 'Максим', 'Баранов', 'Менеджер по оптимизации', '1989-02-18', '2014-04-17', 'ул. Ленина, д. 48', 'Караганда', '101400', 'Казахстан'),
(295, 'Елизавета', 'Словкина', 'Инженер по инструментам', '1987-08-09', '2012-06-30', 'ул. Молодежная, д. 89', 'Кокшетау', '020000', 'Казахстан'),
(296, 'Кирилл', 'Григорьев', 'Координатор по транспортной логистике', '1986-07-23', '2011-11-10', 'ул. Победы, д. 105', 'Темиртау', '100400', 'Казахстан'),
(297, 'Мария', 'Дрожжина', 'Агент по разработке продукции', '1990-01-25', '2015-06-26', 'ул. Ломоносова, д. 68', 'Алматы', '050000', 'Казахстан'),
(298, 'Андрей', 'Круглов', 'Специалист по продвижению товаров', '1993-06-15', '2017-08-15', 'ул. Энергетиков, д. 46', 'Петропавловск', '150000', 'Казахстан'),
(299, 'Диана', 'Синицына', 'Менеджер по сбыту', '1983-09-29', '2009-05-30', 'ул. Офицерская, д. 32', 'Атырау', '060000', 'Казахстан'),
(300, 'Евгений', 'Рябов', 'Эксперт по снабжению', '1986-03-07', '2011-02-04', 'ул. Западная, д. 54', 'Актау', '130000', 'Казахстан'),
(301, 'Иван', 'Алексеев', 'Инженер по обеспечению качества', '1987-05-25', '2013-05-14', 'ул. Машиностроителей, д. 25', 'Казань', '420034', 'Россия'),
(302, 'Светлана', 'Бородачёва', 'Специалист по контролю качества', '1994-02-17', '2019-05-09', 'ул. Речная, д. 17', 'Новый Уренгой', '629303', 'Россия'),
(303, 'Николай', 'Щербаков', 'Координатор по организации поставок', '1982-04-13', '2008-07-20', 'ул. Большевистская, д. 48', 'Пермь', '614045', 'Россия'),
(304, 'Марина', 'Панова', 'Менеджер по анализу данных', '1988-12-22', '2014-03-25', 'ул. Яблонская, д. 54', 'Самара', '443086', 'Россия'),
(305, 'Максим', 'Елисейкин', 'Специалист по системам качества', '1990-06-07', '2016-11-01', 'ул. Пушкина, д. 27', 'Томск', '634034', 'Россия'),
(306, 'Виктория', 'Смертьева', 'Транспортный менеджер', '1991-03-19', '2017-03-15', 'ул. Победоносная, д. 74', 'Киров', '610020', 'Россия'),
(307, 'Дмитрий', 'Лаптев', 'Менеджер по снабжению', '1985-11-05', '2010-07-12', 'ул. Демьяновская, д. 33', 'Таганрог', '347913', 'Россия'),
(308, 'Елена', 'Котова', 'Специалист по транспортной безопасности', '1993-07-02', '2018-09-11', 'ул. Сретенская, д. 59', 'Владимир', '600028', 'Россия'),
(309, 'Андрей', 'Черников', 'Менеджер по складским операциям', '1989-08-14', '2014-12-03', 'ул. Островского, д. 18', 'Новосибирск', '630099', 'Россия'),
(310, 'Ольга', 'Силантьева', 'Координатор по логистике', '1992-11-11', '2017-11-20', 'ул. Севастопольская, д. 37', 'Екатеринбург', '620041', 'Россия'),
(311, 'Юрий', 'Михайлов', 'Аналитик логистики', '1986-09-03', '2012-04-10', 'ул. Розы Люксембург, д. 20', 'Саратов', '410012', 'Россия'),
(312, 'Ирина', 'Федорова', 'Специалист по таможенному оформлению', '1994-01-29', '2018-06-27', 'ул. Центральная, д. 64', 'Калининград', '236029', 'Россия'),
(313, 'Павел', 'Мельников', 'Кладовщик', '1987-10-14', '2013-07-16', 'ул. Куйбышева, д. 3', 'Челябинск', '454091', 'Россия'),
(314, 'Карина', 'Лазарева', 'Менеджер по развитию бизнеса', '1993-10-24', '2017-02-14', 'ул. Советская, д. 89', 'Иваново', '153006', 'Россия'),
(315, 'Георгий', 'Давыдов', 'Специалист по транспортировке', '1984-05-06', '2009-05-27', 'ул. Жигулевская, д. 13', 'Ярославль', '150014', 'Россия'),
(316, 'Алина', 'Новацкая', 'Аналитик по закупкам', '1990-09-30', '2015-11-02', 'ул. Ленина, д. 43', 'Пенза', '440047', 'Россия'),
(317, 'Артем', 'Карпенко', 'Менеджер по перевозкам', '1988-08-22', '2011-09-29', 'ул. Космонавтов, д. 25', 'Кострома', '156013', 'Россия'),
(318, 'Татьяна', 'Артюхова', 'Координатор по закупкам', '1991-08-10', '2016-09-30', 'ул. Юбилейная, д. 41', 'Рязань', '390015', 'Россия'),
(319, 'Михаил', 'Самсонов', 'Инженер по логистическим процессам', '1985-12-16', '2008-12-23', 'ул. Фрунзе, д. 8', 'Тула', '300053', 'Россия'),
(320, 'Екатерина', 'Селиванова', 'Аналитик по организационным изменениям', '1992-04-05', '2016-08-19', 'ул. Победы, д. 58', 'Ульяновск', '432029', 'Россия'),
(321, 'Игорь', 'Кожин', 'Координатор логистической цепи', '1984-07-21', '2010-05-05', 'ул. Луначарского, д. 72', 'Чебоксары', '428032', 'Россия'),
(322, 'Яна', 'Чижова', 'Специалист по складским операциям', '1993-06-02', '2019-05-29', 'ул. Щербакова, д. 45', 'Тверь', '170036', 'Россия'),
(323, 'Сергей', 'Колобаев', 'Менеджер по контрактам', '1989-11-18', '2014-04-06', 'ул. Гоголя, д. 115', 'Ростов-на-Дону', '344018', 'Россия'),
(324, 'Марина', 'Петухова', 'Агент по закупкам', '1991-07-07', '2017-10-04', 'ул. Социалистическая, д. 52', 'Орск', '462402', 'Россия'),
(325, 'Олег', 'Свободин', 'Специалист по таможенной обработке', '1986-05-30', '2011-06-15', 'ул. Аграрная, д. 61', 'Бийск', '659303', 'Россия'),
(326, 'София', 'Антипова', 'Координатор инвентаризации', '1995-01-04', '2020-04-01', 'ул. Рабочая, д. 38', 'Новокузнецк', '654041', 'Россия'),
(327, 'Фёдор', 'Лаврентьев', 'Менеджер по управлению поставками', '1987-08-18', '2012-08-30', 'ул. Крылова, д. 78', 'Нижний Новгород', '603057', 'Россия'),
(328, 'Инна', 'Фетисова', 'Аналитик по логистическим программам', '1990-10-11', '2018-01-25', 'ул. Серова, д. 50', 'Смоленск', '214031', 'Россия'),
(329, 'Руслан', 'Потапов', 'Специалист по стратегическим проектам', '1988-03-16', '2015-02-22', 'ул. Трудовая, д. 86', 'Пермь', '614041', 'Россия'),
(330, 'Анна', 'Котова', 'Координатор по транспортировке', '1993-09-05', '2018-06-18', 'ул. Октябрьская, д. 12', 'Барнаул', '656063', 'Россия'),
(331, 'Илья', 'Лысенко', 'Менеджер по поставкам', '1989-02-27', '2015-12-15', 'ул. Защитников, д. 33', 'Ижевск', '426000', 'Россия'),
(332, 'Полина', 'Луговая', 'Технический специалист', '1991-11-15', '2016-07-23', 'ул. Зеленая, д. 5', 'Воркута', '169906', 'Россия'),
(333, 'Наталья', 'Малышева', 'Координатор по обеспечению', '1986-04-14', '2011-10-21', 'ул. Промышленная, д. 74', 'Курск', '305021', 'Россия'),
(334, 'Виталий', 'Гаспарян', 'Менеджер по рентабельности', '1988-01-06', '2014-05-07', 'ул. Ломоносова, д. 91', 'Чита', '672022', 'Россия'),
(335, 'Анжелика', 'Нечаева', 'Аналитик логистических систем', '1992-07-25', '2019-03-03', 'ул. Комсомольская, д. 59', 'Калуга', '248021', 'Россия'),
(336, 'Георгий', 'Сурков', 'Специалист по графикам транспортировки', '1984-10-02', '2009-06-25', 'ул. Ученическая, д. 90', 'Липецк', '398035', 'Россия'),
(337, 'Елизавета', 'Булова', 'Менеджер по кадровым процессам', '1993-05-12', '2018-12-29', 'ул. Гагарина, д. 47', 'Волгоград', '400005', 'Россия'),
(338, 'Роман', 'Седнев', 'Специалист по инвестиционным проектам', '1985-09-18', '2010-08-04', 'ул. Заводская, д. 38', 'Приозерск', '188760', 'Россия'),
(339, 'Олеся', 'Тимофеева', 'Аналитик по бюджетированию', '1991-03-29', '2017-02-11', 'ул. Дзержинского, д. 99', 'Омск', '644110', 'Россия'),
(340, 'Кирилл', 'Беликов', 'Менеджер по финансам', '1987-06-01', '2012-03-30', 'ул. Тургенева, д. 66', 'Кемерово', '650005', 'Россия'),
(341, 'Маргарита', 'Рудина', 'Координатор по взаимодействию с клиентами', '1994-02-11', '2020-02-10', 'ул. Калинина, д. 72', 'Улан-Удэ', '670047', 'Россия'),
(342, 'Денис', 'Лукьянов', 'Администратор процессов', '1990-12-22', '2016-11-06', 'ул. Кирова, д. 70', 'Находка', '692900', 'Россия'),
(343, 'Татьяна', 'Яркина', 'Менеджер по качеству', '1988-05-04', '2013-06-12', 'ул. Лесная, д. 58', 'Копейск', '456603', 'Россия'),
(344, 'Александр', 'Коркунов', 'Специалист по экспортным операциям', '1992-09-17', '2017-08-05', 'ул. 50 лет Октября, д. 19', 'Рязань', '390010', 'Россия'),
(345, 'Евгения', 'Михина', 'Аналитик по эффективности', '1987-01-17', '2011-06-05', 'ул. Крупской, д. 27', 'Белгород', '308001', 'Россия'),
(346, 'Игорь', 'Заболотников', 'Координатор по закупкам', '1993-10-30', '2019-07-01', 'ул. Заводская, д. 73', 'Архангельск', '163000', 'Россия'),
(347, 'Анна', 'Калинина', 'Специалист по управлению ресурсами', '1991-06-21', '2016-01-12', 'ул. Центральная, д. 11', 'Грозный', '364000', 'Россия'),
(348, 'Василий', 'Борисов', 'Менеджер по реализациям', '1990-11-19', '2015-10-03', 'ул. 8-я Линия, д. 54', 'Новосибирск', '630099', 'Россия'),
(349, 'Мария', 'Кузнецова', 'Агент по закупкам', '1989-03-26', '2014-11-18', 'ул. Революционная, д. 37', 'Вологда', '160021', 'Россия'),
(350, 'Ростислав', 'Самойлов', 'Транспортный инспектор', '1994-08-29', '2018-06-30', 'ул. Профсоюзная, д. 63', 'Ижевск', '426008', 'Россия'),
(351, 'Алена', 'Лосева', 'Комплектовщик', '1991-11-22', '2017-06-09', 'ул. Дружбы, д. 38', 'Смоленск', '214014', 'Россия'),
(352, 'Константин', 'Шаповал', 'Аудитор временного хранения', '1985-07-11', '2011-02-05', 'ул. Победы, д. 84', 'Рязань', '390019', 'Россия'),
(353, 'Наталья', 'Захарова', 'Инженер по линии действия', '1992-05-23', '2016-03-13', 'ул. Гоголя, д. 12', 'Нижний Новгород', '603000', 'Россия'),
(354, 'Сергей', 'Платов', 'Координатор кооперации', '1989-08-12', '2014-02-28', 'ул. 8 Марта, д. 2', 'Липецк', '398020', 'Россия'),
(355, 'Надежда', 'Рябцева', 'Менеджер по исследованию', '1991-09-21', '2016-11-01', 'ул. Советская, д. 19', 'Орёл', '302040', 'Россия'),
(356, 'Римма', 'Чистякова', 'Аналитик по сокращениям', '1994-07-30', '2020-09-21', 'ул. Победы, д. 15', 'Тюмень', '625000', 'Россия'),
(357, 'Дмитрий', 'Петровский', 'Инженер проектов', '1984-09-14', '2009-10-18', 'ул. Мичурина, д. 23', 'Краснодар', '350000', 'Россия'),
(358, 'Леона', 'Осипова', 'Аналитик взаимодействия', '1988-02-10', '2013-03-20', 'ул.Инструментальная, д.8', 'Барнаул', '656000', 'Россия'),
(359, 'Галина', 'Силантьева', 'Бухгалтер по контролю', '1995-04-07', '2019-04-07', 'ул. Береговая, д. 55', 'Астрахань', '414000', 'Россия'),
(360, 'Валерий', 'Корчагин', 'Инженер по расчётам', '1986-05-10', '2011-08-11', 'ул. Комсомольская, д. 71', 'Анапа', '353440', 'Россия'),
(361, 'Инга', 'Зорина', 'Контролёр по дополнению', '1991-02-28', '2017-02-14', 'ул. Адмирала Колчака, д. 62', 'Владикавказ', '362002', 'Россия'),
(362, 'Алла', 'Хлыбина', 'Кладовщик', '1989-10-03', '2014-01-23', 'ул. Горняцкая, д. 74', 'Ессентуки', '357600', 'Россия'),
(363, 'Александр', 'Горбунов', 'Аналитик по мониторингу затрат', '1985-12-30', '2010-07-25', 'ул. Гайдара, д. 39', 'Челябинск', '454000', 'Россия'),
(364, 'Елена', 'Белович', 'Транспортировщик', '1994-09-13', '2019-03-02', 'ул. Шахтерская, д. 53', 'Омск', '644000', 'Россия'),
(365, 'Григорий', 'Ветров', 'Специалист по продвижению', '1992-03-13', '2017-11-24', 'ул. Таежная, д. 22', 'Салехард', '629007', 'Россия'),
(366, 'Ева', 'Ясная', 'Менеджер по обслуживанию', '1994-01-19', '2019-01-29', 'ул. Каменная, д. 10', 'Петропавловск', '150000', 'Казахстан'),
(367, 'Анна', 'Шилова', 'Аналитик по управлению продажами', '1990-06-05', '2016-04-12', 'ул. Балканская, д. 47', 'Комсомольск-на-Амуре', '681000', 'Россия'),
(368, 'Булат', 'Благов', 'Менеджер по управлению деятельностью', '1993-11-30', '2018-03-07', 'ул. Опалихинская, д. 5', 'Екатеринбург', '620000', 'Россия'),
(369, 'Екатерина', 'Кирюхина', 'Агент по согласованию', '1987-10-24', '2013-09-05', 'ул. Студенческая, д. 18', 'Ярославль', '150000', 'Россия'),
(370, 'Александр', 'Фомин', 'Таможенный инспектор', '1987-11-16', '2012-10-30', 'ул. Майская, д. 43', 'Новокузнецк', '654000', 'Россия'),
(371, 'Инна', 'Усова', 'Аналитик финансовой логистики', '1985-05-24', '2009-08-20', 'ул. Полевая, д. 61', 'Чебоксары', '428000', 'Россия'),
(372, 'Юлия', 'Старцева', 'Менеджер по законам', '1989-07-27', '2015-08-02', 'ул. Коммунальная, д. 50', 'Нерюнгри', '678000', 'Россия'),
(373, 'Степан', 'Кропотов', 'Кладовщик', '1994-12-19', '2018-10-17', 'ул. Сибирская, д. 11', 'Псков', '180000', 'Россия'),
(374, 'Диана', 'Бобренко', 'Инженер по юридическим вопросам', '1988-09-19', '2014-07-14', 'ул. Лесная Поляна, д. 73', 'Калуга', '248001', 'Россия'),
(375, 'Иван', 'Лаптев', 'Координатор по управлению', '1991-03-04', '2016-12-19', 'ул. Победы, д. 28', 'Братск', '665700', 'Россия'),
(376, 'Ксения', 'Гринёва', 'Менеджер по экспорту', '1986-06-03', '2011-04-23', 'ул. Макаренко, д. 12', 'Симферополь', '295000', 'Россия'),
(377, 'Даниил', 'Борисов', 'Специалист по долговечности', '1995-02-25', '2020-05-04', 'ул. Садовая, д. 55', 'Черкесск', '369000', 'Россия'),
(378, 'Виктория', 'Покровская', 'Кладовщик', '1990-08-10', '2015-12-13', 'ул. Грушевского, д. 78', 'Прокопьевск', '653000', 'Россия'),
(379, 'Фёдор', 'Игнатов', 'Экспедитор', '1988-11-09', '2012-11-10', 'ул. Финансовая, д. 3', 'Благовещенск', '675000', 'Россия'),
(380, 'Марина', 'Котельникова', 'Менеджер по поставкам и снабжению', '1987-04-15', '2011-05-30', 'ул. Благодатная, д. 39', 'Липецк', '398000', 'Россия'),
(381, 'Ярослав', 'Зимин', 'Администратор логистических решений', '1984-05-23', '2009-11-01', 'ул. Высокая, д. 41', 'Симферополь', '295000', 'Россия'),
(382, 'Лариса', 'Решетникова', 'Специалист по виртуализации', '1991-02-05', '2017-03-09', 'ул. Ильича, д. 60', 'Ялта', '298000', 'Россия'),
(383, 'Никита', 'Гладкий', 'Координатор транспортировки', '1992-11-23', '2018-08-28', 'ул. Центральная, д. 84', 'Кировск', '613500', 'Россия'),
(384, 'Эльвира', 'Панфилова', 'Менеджер по закупкам', '1989-11-05', '2014-05-20', 'ул. Ушакова, д. 77', 'Юрга', '652050', 'Россия'),
(385, 'Юрий', 'Иванов', 'Агент по сбыту', '1987-11-26', '2011-09-11', 'ул. Расковой, д. 85', 'Санкт-Петербург', '190000', 'Россия'),
(386, 'Алёна', 'Баженова', 'Кладовщик', '1994-10-17', '2020-03-22', 'ул. Северная, д. 33', 'Элиста', '358000', 'Россия'),
(387, 'Игорь', 'Булгаков', 'Инженер по информации', '1990-01-26', '2015-02-13', 'ул. Высокая, д. 120', 'Мурманск', '183000', 'Россия'),
(388, 'Наталия', 'Соловьева', 'Специалист по управлению отношениями', '1992-10-13', '2016-06-08', 'ул. Маяковского, д. 41', 'Ростов-на-Дону', '344000', 'Россия'),
(389, 'Вера', 'Березина', 'Аналитик по оценке', '1985-04-04', '2010-01-21', 'ул. Огородная, д. 44', 'Воронеж', '394000', 'Россия'),
(390, 'Владислав', 'Нестеров', 'Эксперт по управлению', '1993-09-25', '2017-12-19', 'ул. Спортивная, д. 53', 'Якутск', '677000', 'Россия'),
(391, 'Егор', 'Тягилев', 'Менеджер по информационной защите', '1988-06-09', '2013-03-28', 'ул. Чкалова, д. 92', 'Петропавловск-Камчатский', '683000', 'Россия'),
(392, 'Тамара', 'Швецова', 'Специалист по подготовке', '1990-03-16', '2015-04-12', 'ул. Прибрежная, д. 41', 'Хабаровск', '680000', 'Россия'),
(393, 'Михаил', 'Камчатников', 'Координатор по экосистемам', '1989-01-18', '2014-04-25', 'ул. Угольная, д. 65', 'Амурск', '682640', 'Россия'),
(394, 'Евгений', 'Крутилов', 'Инженер проектной инфраструктуры', '1987-02-25', '2011-11-16', 'ул. Янтарная, д. 77', 'Дальнегорск', '692431', 'Россия'),
(395, 'Анастасия', 'Пронина', 'Аналитик по конкурентоспособности', '1991-05-30', '2017-09-14', 'ул. Васильева, д. 101', 'Кемерово', '650000', 'Россия'),
(396, 'Юлия', 'Бронова', 'Специалист по контрагентам', '1995-03-03', '2020-02-27', 'ул. Светлая, д. 107', 'Анапа', '353440', 'Россия'),
(397, 'Артем', 'Лавров', 'Кладовщик', '1988-08-02', '2014-02-03', 'ул. Ворошилова, д. 26', 'Брянск', '241000', 'Россия'),
(398, 'Алексей', 'Маликов', 'Специалист по оптимизации затрат', '1991-11-12', '2016-05-25', 'ул. Фестивальная, д. 88', 'Нижний Новгород', '603012', 'Россия'),
(399, 'Елизавета', 'Косицына', 'Менеджер по процессному аудиту', '1993-12-24', '2018-12-18', 'ул. Полевая, д. 97', 'Томск', '634060', 'Россия'),
(400, 'Кристина', 'Грачёва', 'Исследователь транспортных систем', '1994-09-25', '2019-09-14', 'ул. Заозерная, д. 72', 'Ставрополь', '355000', 'Россия');


INSERT INTO Shippers (ShipperID, Name, Phone, Email, Address, City, PostalCode, Country, Rating) VALUES
(101, 'Транспортная компания Пример', '+7 495 123 4567', 'info@primer.ru', 'ул. Ленина, 10', 'Москва', '101000', 'Россия', 5),
(102, 'Грузоперевозки Сибирь', '+7 383 212 3434', 'contact@sibir.ru', 'ул. Кирова, 5', 'Новосибирск', '630000', 'Россия', 4),
(103, 'Доставка Север', '+7 812 987 6543', 'delivery@sever.ru', 'пр. Невский, 28', 'Санкт-Петербург', '190000', 'Россия', 3),
(104, 'Логистика Урал', '+7 343 123 4568', 'order@ural.ru', 'ул. Малышева, 15', 'Екатеринбург', '620000', 'Россия', 4),
(105, 'Курьеры Кавказ', '+7 8732 123 987', 'support@kavkaz.ru', 'ул. Лермонтова, 7', 'Владикавказ', '362000', 'Россия', 5),
(106, 'Компания Восток', '+7 423 123 4567', 'info@vostok.ru', 'ул. Фрунзе, 9', 'Владивосток', '690000', 'Россия', 4),
(107, 'Транспорт Дальний Восток', '+7 4212 123 456', 'help@dalniy.ru', 'ул. Ленина, 22', 'Хабаровск', '680000', 'Россия', 3),
(108, 'Шиппинг Поволжье', '+7 846 123 4567', 'sales@ship-povol.ru', 'ул. Ново-Садовая, 48', 'Самара', '443000', 'Россия', 4),
(109, 'Курьерская служба Центр', '+7 495 987 6543', 'contact@center.ru', 'ул. Тверская, 6', 'Москва', '101000', 'Россия', 5),
(110, 'Грузовик Казахстан', '+7 7172 123 456', 'info@kaztruck.kz', 'ул. Абая, 4', 'Астана', '010000', 'Казахстан', 3),
(111, 'Логистика Киев', '+380 44 123 4567', 'contact@kievlogistic.ua', 'ул. Крещатик, 1', 'Киев', '01001', 'Украина', 4),
(112, 'Перевозки Минск', '+375 17 123 4567', 'info@minskmove.by', 'ул. Советская, 18', 'Минск', '220000', 'Беларусь', 3),
(113, 'Служба доставки Ташкент', '+998 71 123 4567', 'sales@tashdelivery.uz', 'ул. Навои, 100', 'Ташкент', '100000', 'Узбекистан', 4),
(114, 'Грузоперевозки Рига', '+371 67 123 456', 'info@rigacargo.lv', 'ул. Бривибас, 55', 'Рига', 'LV-1000', 'Латвия', 3),
(115, 'Транспорт Вильнюс', '+370 5 123 456', 'support@translt.lt', 'ул. Гедимино, 8', 'Вильнюс', 'LT-01234', 'Литва', 5),
(116, 'Шиппинг Таллинн', '+372 6 123 456', 'contact@shipest.ee', 'ул. Виру, 33', 'Таллинн', 'EE-10123', 'Эстония', 4),
(117, 'Доставка Грузия', '+995 32 123 4567', 'info@deliveryge.ge', 'ул. Руставели, 5', 'Тбилиси', '0108', 'Грузия', 3),
(118, 'Транспорт Баку', '+994 12 123 4567', 'sales@baku-logistic.az', 'ул. Нефтяников, 17', 'Баку', 'AZ-1000', 'Азербайджан', 4),
(119, 'Грузовик Ереван', '+374 10 123 456', 'info@erevantrans.am', 'ул. Аршакуняц, 10', 'Ереван', '0010', 'Армения', 5),
(120, 'Транс Транзит', '+7 499 123 4567', 'contact@transit.ru', 'ул. Арбат, 27', 'Москва', '101000', 'Россия', 4),
(121, 'Доставка Узбекистан', '+998 90 123 4567', 'info@deliveryuz.uz', 'ул. Ташкентская, 50', 'Ташкент', '100000', 'Узбекистан', 4),
(122, 'Курьерская Служба Молдова', '+373 22 123 456', 'contact@kurier.md', 'ул. Штефан чел Маре, 112', 'Кишинев', 'MD-2012', 'Молдова', 3),
(123, 'Логистика Кавказ', '+374 55 123 456', 'info@caucaslog.am', 'ул. Теряна, 6', 'Ереван', '0010', 'Армения', 5),
(124, 'Транспорт Балтия', '+371 29 123 456', 'sales@balttrans.lv', 'ул. Брандейс, 12', 'Рига', 'LV-1010', 'Латвия', 3),
(125, 'Грузоперевозки Средняя Азия', '+992 37 123 456', 'info@tajikcargo.tj', 'ул. Сино, 3', 'Душанбе', '734000', 'Таджикистан', 4),
(126, 'Доставка Бишкек', '+996 312 123 456', 'contact@delivery-kyr.kg', 'ул. Советская, 15', 'Бишкек', '720021', 'Киргизия', 4),
(127, 'Транс Карго', '+7 347 123 4567', 'info@transcargo.biz', 'ул. Шаймуратова, 8', 'Уфа', '450000', 'Россия', 4),
(128, 'Почтовая Служба Альфа', '+7 495 123 8888', 'contact@post-alpha.ru', 'ул. Садовая, 23', 'Москва', '101000', 'Россия', 5),
(129, 'Шиппинг Латвия', '+371 67 454 322', 'info@lv-ship.lv', 'ул. Бривибас, 101', 'Рига', 'LV-1002', 'Латвия', 3),
(130, 'Перевозки Таджикистан', '+992 44 123 876', 'sales@cargo-tjk.tj', 'ул. Айни, 45', 'Душанбе', '734000', 'Таджикистан', 5),
(131, 'Доставка Центр', '+7 812 555 2323', 'info@dostavkacentre.ru', 'ул. Московская, 9', 'Санкт-Петербург', '190000', 'Россия', 4),
(132, 'Грузовик Алматы', '+7 727 123 4343', 'info@almatytruck.kz', 'пр. Абая, 14', 'Алматы', '050000', 'Казахстан', 3),
(133, 'Транспортная Сеть', '+7 383 456 7890', 'contact@transport.ru', 'ул. Ленина, 11', 'Новосибирск', '630000', 'Россия', 5),
(134, 'Курьерская Премиум', '+7 495 321 6549', 'sales@premiumcourier.ru', 'ул. Петровка, 4', 'Москва', '101000', 'Россия', 4),
(135, 'Логистика Беларусь', '+375 29 654 321', 'info@bel-log.by', 'ул. Независимости, 99', 'Минск', '220000', 'Беларусь', 5),
(136, 'Грузомания Украина', '+380 44 876 5432', 'support@gzumania.ua', 'пр. Пушкина, 33', 'Киев', '01001', 'Украина', 4),
(137, 'Служба Доставок Казань', '+7 843 123 4567', 'info@deliverykazan.ru', 'ул. Баумана, 7', 'Казань', '420000', 'Россия', 3),
(138, 'Транспорт Астана', '+7 7172 567 891', 'sales@transastana.kz', 'пр. Назарбаева, 9', 'Астана', '010000', 'Казахстан', 5),
(139, 'Почта Экспресс', '+7 347 654 3298', 'info@expresspost.ru', 'ул. Степана Разина, 5', 'Уфа', '450000', 'Россия', 3),
(140, 'Грузоперевозки Юг', '+7 861 123 4567', 'contact@soutlog.ru', 'ул. Красная, 12', 'Краснодар', '350000', 'Россия', 4),
(141, 'Доставка Волга', '+7 831 123 8765', 'info@volgadeliver.ru', 'ул. Большая Покровская, 19', 'Нижний Новгород', '603000', 'Россия', 4),
(142, 'Шиппинг Урожай', '+7 4212 345 987', 'sales@urajaiship.ru', 'ул. Карла Маркса, 8', 'Хабаровск', '680000', 'Россия', 5),
(143, 'Курьерская Почта Латвии', '+371 67 123 999', 'info@cour-post.lv', 'ул. Мурниеку, 10', 'Рига', 'LV-1011', 'Латвия', 3),
(144, 'Перевозки Челябинск', '+7 351 123 5678', 'contact@chelmover.ru', 'ул. Комсомольская, 11', 'Челябинск', '454000', 'Россия', 4),
(145, 'Грузовик Брест', '+375 162 234 567', 'info@bresttruck.by', 'ул. Советская, 12', 'Брест', '224000', 'Беларусь', 5),
(146, 'Транспорт Армения', '+374 11 234 567', 'contact@transarm.am', 'ул. Саят-Новы, 3', 'Ереван', '0010', 'Армения', 3),
(147, 'Доставка Балканы', '+7 498 234 5678', 'info@balkandelivery.ru', 'ул. Парковая, 21', 'Москва', '101000', 'Россия', 4),
(148, 'Шиппинг Инфинити', '+7 495 888 1212', 'contact@shipping-infinity.ru', 'ул. Гоголя, 6', 'Москва', '101000', 'Россия', 5),
(149, 'Логистика Эксперт', '+7 343 333 2222', 'support@expertlog.ru', 'ул. Тургенева, 10', 'Екатеринбург', '620000', 'Россия', 4),
(150, 'Курьер Сервис Литва', '+370 5 123 555', 'info@kurier.lt', 'ул. Басанавичяус, 5', 'Вильнюс', 'LT-01130', 'Литва', 3),
(151, 'Транспортная Фирма Баку', '+994 50 212 3456', 'support@bakutransport.az', 'ул. Азадлыг, 54', 'Баку', 'AZ-1000', 'Азербайджан', 5),
(152, 'Грузоперевозки Южная Россия', '+7 495 555 6677', 'contact@southcargo.ru', 'ул. Таганская, 14', 'Москва', '101000', 'Россия', 3),
(153, 'Доставка Балтика', '+372 65 9090', 'sales@balticdelivery.ee', 'ул. Нарва, 31', 'Таллинн', 'EE-10012', 'Эстония', 4),
(154, 'Шиппинг Вятка', '+7 8332 123 321', 'info@viatka-shipping.ru', 'ул. Динамовская, 2', 'Киров', '610000', 'Россия', 5),
(155, 'Доставка Киров', '+7 8332 654 987', 'contact@kirovdelivery.ru', 'ул. Октябрьский, 18', 'Киров', '610000', 'Россия', 3),
(156, 'Грузовик Азербайджан', '+994 12 654 3210', 'sales@aztruck.az', 'ул. Мамедалиева, 20', 'Баку', 'AZ-1000', 'Азербайджан', 4),
(157, 'Курьерская компанией Дойч', '+7 495 111 2233', 'contact@deutchcourier.ru', 'ул. Герцена, 12', 'Москва', '101000', 'Россия', 5),
(158, 'Транспортная фирма Омск', '+7 3812 123 456', 'support@omsktrans.ru', 'ул. Гагарина, 10', 'Омск', '644000', 'Россия', 3),
(159, 'Логистика Минск', '+375 17 123 8901', 'info@log-minsk.by', 'ул. Либкнехта, 13', 'Минск', '220000', 'Беларусь', 4),
(160, 'Доставка Самарканд', '+998 66 123 4567', 'sales@samarkanddelivery.uz', 'ул. Буюк Турон, 11', 'Самарканд', '140100', 'Узбекистан', 5),
(161, 'Грузовой Коридор', '+7 861 987 6543', 'info@cargo-corridor.ru', 'пр. Чекистов, 9', 'Краснодар', '350000', 'Россия', 4),
(162, 'Перевозки Великая Россия', '+7 351 987 5432', 'contact@greatmove.ru', 'ул. Ленина, 5', 'Челябинск', '454000', 'Россия', 3),
(163, 'Транспорт Резерв', '+7 495 445 3344', 'info@reserve-transport.ru', 'ул. Нагорная, 7', 'Москва', '101000', 'Россия', 4),
(164, 'Служба Доставки Восток', '+7 423 876 5432', 'contact@eastdelivery.ru', 'ул. Алеутская, 4', 'Владивосток', '690000', 'Россия', 5),
(165, 'Логистическая компания Азия', '+992 44 654 3219', 'sales@azialogistic.tj', 'ул. Айни, 22', 'Душанбе', '734000', 'Таджикистан', 3),
(166, 'Доставка Карпатия', '+380 31 123 4567', 'info@carpatdelivery.ua', 'ул. Льва Толстого, 6', 'Ужгород', '88000', 'Украина', 4),
(167, 'Грузоперевозки Иркутск', '+7 3952 123 456', 'contact@irkutskcargo.ru', 'ул. Байкальская, 8', 'Иркутск', '664000', 'Россия', 5),
(168, 'Транзит Москва', '+7 495 222 1144', 'info@transitmoscow.ru', 'ул. Сретенка, 17', 'Москва', '101000', 'Россия', 3),
(169, 'Курьерская служба Витебск', '+375 212 123 567', 'support@vk-courier.by', 'ул. Комсомольская, 11', 'Витебск', '210000', 'Беларусь', 4),
(170, 'Шиппинг Москва', '+7 499 123 4567', 'sales@moscowshipping.ru', 'ул. Тверская, 3', 'Москва', '101000', 'Россия', 5),
(171, 'Доставка Новосибирск', '+7 383 543 3210', 'info@novosibirskdelivery.ru', 'ул. Дуси Ковальчук, 15', 'Новосибирск', '630000', 'Россия', 4),
(172, 'Логистика Сибирь', '+7 3812 654 321', 'contact@siberialog.ru', 'ул. Ленина, 26', 'Омск', '644000', 'Россия', 3),
(173, 'Грузовик Киев', '+380 44 321 9876', 'info@kyivtruck.ua', 'ул. Драгомирова, 9', 'Киев', '01001', 'Украина', 5),
(174, 'Перевозки Беларусь', '+375 17 321 654', 'contact@bymove.by', 'ул. Кирова, 32', 'Минск', '220000', 'Беларусь', 4),
(175, 'Транспорт Центральная Украина', '+380 44 654 9870', 'info@centraltrans.ua', 'ул. Артема, 5', 'Киев', '01001', 'Украина', 3),
(176, 'Курьерская Компания Прибалтика', '+370 5 567 234', 'support@balkincourier.lt', 'ул. Витовта, 11', 'Каунас', 'LT-44241', 'Литва', 4),
(177, 'Грузоперевозки Норильск', '+7 3919 123 456', 'sales@norilskcargo.ru', 'ул. Орджоникидзе, 22', 'Норильск', '663300', 'Россия', 5),
(178, 'Шиппинг Башкортостан', '+7 347 912 3020', 'info@bashshipping.ru', 'ул. Октября, 31', 'Уфа', '450000', 'Россия', 3),
(179, 'Доставка Фаст', '+7 812 999 3210', 'support@fastdostavka.ru', 'ул. Большая Морская, 6', 'Санкт-Петербург', '190000', 'Россия', 4),
(180, 'Логистика Елена', '+7 495 345 7771', 'info@logelena.ru', 'ул. Балтийская, 5', 'Москва', '101000', 'Россия', 5),
(181, 'Курьерская служба Житомир', '+380 41 222 3456', 'contact@kurierzhyt.ua', 'ул. Замковая, 10', 'Житомир', '10001', 'Украина', 3),
(182, 'Грузоперевозки Донецк', '+380 62 445 9847', 'sales@doncastsrv.ua', 'ул. Артёма, 4', 'Донецк', '83000', 'Украина', 4),
(183, 'Транспорт Юг', '+7 861 654 1230', 'info@southtrans.ru', 'ул. Северная, 6', 'Краснодар', '350000', 'Россия', 5),
(184, 'Доставка Караганда', '+7 7212 567 891', 'contact@deliverykar.kz', 'пр. Республика, 11', 'Караганда', '100000', 'Казахстан', 3),
(185, 'Логистика Восток', '+7 4212 777 654', 'info@eastlogistic.ru', 'ул. Гайдара, 18', 'Хабаровск', '680000', 'Россия', 4),
(186, 'Курьерская компания Тбилиси', '+995 32 777 888', 'support@tbilcourier.ge', 'ул. Руставели, 23', 'Тбилиси', '0108', 'Грузия', 5),
(187, 'Перевозки Центральная Азия', '+998 71 321 456', 'info@centralasiamove.uz', 'ул. Юнусабадская, 8', 'Ташкент', '100000', 'Узбекистан', 4),
(188, 'Грузовик Бухара', '+998 65 333 445', 'contact@truckbukhara.uz', 'ул. Шахристон, 5', 'Бухара', '200100', 'Узбекистан', 3),
(189, 'Шиппинг Британия', '+44 20 1234 5678', 'info@britishshipping.co.uk', 'ул. Бейкер, 221B', 'Лондон', 'NW1 6XE', 'Великобритания', 4),
(190, 'Доставка Венгрия', '+36 1 123 4567', 'contact@hungariandost.hu', 'ул. Андраши, 22', 'Будапешт', '1071', 'Венгрия', 5),
(191, 'Логистика Индия', '+91 22 1234 5678', 'info@indialogostic.in', 'ул. Махатмы Ганди, 9', 'Мумбаи', '400001', 'Индия', 3),
(192, 'Курьерская служба Чехия', '+420 2 1234 5678', 'support@czechcouriers.cz', 'ул. Карлова, 3', 'Прага', '11000', 'Чехия', 5),
(193, 'Транспортный Сервис Швеция', '+46 8 123 4567', 'info@swedishts.se', 'ул. Васагатан, 1', 'Стокгольм', '11120', 'Швеция', 4),
(194, 'Грузоперевозки Финляндия', '+358 9 123 456', 'sales@finnishcargo.fi', 'ул. Маннергейминтие, 4', 'Хельсинки', '00100', 'Финляндия', 3),
(195, 'Перевозки Болгария', '+359 2 987 654', 'info@bulgariamove.bg', 'ул. Васил Левски, 8', 'София', '1000', 'Болгария', 5),
(196, 'Доставка Румыния', '+40 21 234 567', 'contact@romaniadeliv.ro', 'ул. Магерьяну, 10', 'Бухарест', '01001', 'Румыния', 4),
(197, 'Логистика Португалия', '+351 21 234 5678', 'info@portugallog.pt', 'ул. Аугушта, 7', 'Лиссабон', '1100-212', 'Португалия', 5),
(198, 'Курьер Сервис Испания', '+34 91 987 654', 'support@spaincourier.es', 'ул. Гран Виа, 12', 'Мадрид', '28013', 'Испания', 3),
(199, 'Шиппинг Италия', '+39 06 987 654', 'sales@italyshipping.it', 'ул. Виа Венето, 20', 'Рим', '00187', 'Италия', 4),
(200, 'Транспорт Греция', '+30 21 987 6543', 'info@greektrans.gr', 'ул. Синтагма, 18', 'Афины', '10563', 'Греция', 5),
(201, 'Грузоперевозки Германия', '+49 30 123 4567', 'info@gercargo.de', 'ул. Ку-дамм, 56', 'Берлин', '10115', 'Германия', 4),
(202, 'Шиппинг Франция', '+33 1 123 456', 'sales@frshipping.fr', 'ул. Шан-зэ-Элизе, 42', 'Париж', '75008', 'Франция', 5),
(203, 'Транспорт Турция', '+90 212 123 456', 'contact@turktrans.tr', 'ул. Истикляль, 19', 'Стамбул', '34430', 'Турция', 3),
(204, 'Доставка ОАЭ', '+971 4 556 7890', 'info@uaedelivery.ae', 'ул. Шейх Зайед, 11', 'Дубай', '0000', 'ОАЭ', 4),
(205, 'Логистика Япония', '+81 3 123 4567', 'contact@jplog.jp', 'ул. Гинза, 2', 'Токио', '104-0061', 'Япония', 5),
(206, 'Курьерская служба Китай', '+86 10 876 5432', 'info@chinacourier.cn', 'ул. Ванфуцзин, 78', 'Пекин', '100006', 'Китай', 4),
(207, 'Шиппинг Южная Корея', '+82 2 123 4567', 'support@korshipping.kr', 'ул. Мёндон, 7', 'Сеул', '04536', 'Южная Корея', 3),
(208, 'Транспорт Индонезия', '+62 21 345 6789', 'info@indotrans.id', 'ул. Тамрин, 25', 'Джакарта', '10350', 'Индонезия', 4),
(209, 'Доставка Таиланд', '+66 2 234 5678', 'contact@thaicargo.th', 'ул. Силом, 12', 'Бангкок', '10500', 'Таиланд', 5),
(210, 'Логистика Вьетнам', '+84 24 123 456', 'sales@vietlog.vn', 'ул. Ба Джинь, 9', 'Ханой', '100000', 'Вьетнам', 3),
(211, 'Курьерская служба Малайзия', '+60 3 987 6543', 'info@malcourier.my', 'ул. Петалинг Джая, 33', 'Куала-Лумпур', '47301', 'Малайзия', 4),
(212, 'Шиппинг Филиппины', '+63 2 456 7890', 'contact@phshipping.ph', 'ул. Эспланада, 5', 'Манила', '1000', 'Филиппины', 5),
(213, 'Транспорт Австралия', '+61 2 345 678', 'info@austrans.au', 'ул. Джордж, 20', 'Сидней', '2000', 'Австралия', 4),
(214, 'Доставка Новая Зеландия', '+64 9 123 456', 'sales@nzdelivery.nz', 'ул. Куинн, 15', 'Окленд', '1010', 'Новая Зеландия', 3),
(215, 'Логистика Канада', '+1 416 234 5678', 'support@canlog.ca', 'ул. Йонге, 18', 'Торонто', 'M5B 1N1', 'Канада', 4),
(216, 'Курьерская служба США', '+1 212 987 6543', 'info@usacourier.us', 'ул. Бродвей, 7', 'Нью-Йорк', '10001', 'США', 5),
(217, 'Шиппинг Бразилия', '+55 11 123 4567', 'contact@brshipping.br', 'ул. Паулиста, 33', 'Сан-Паулу', '01311-000', 'Бразилия', 4),
(218, 'Транспорт Аргентина', '+54 11 234 5678', 'info@artrans.ar', 'ул. Флорида, 101', 'Буэнос-Айрес', 'C1005AAJ', 'Аргентина', 3),
(219, 'Доставка Чили', '+56 2 234 5678', 'sales@chiledeliv.cl', 'ул. Лас Кондес, 14', 'Сантьяго', '7550000', 'Чили', 5),
(220, 'Логистика Колумбия', '+57 1 345 6789', 'contact@colombialog.co', 'ул. Септима, 66', 'Богота', '111711', 'Колумбия', 4),
(221, 'Курьерская служба Перу', '+51 1 876 5432', 'support@perucourier.pe', 'ул. Ларко, 22', 'Лима', '15074', 'Перу', 3),
(222, 'Шиппинг Египет', '+20 2 123 4567', 'info@egshipping.eg', 'ул. Тахрир, 66', 'Каир', '11511', 'Египет', 4),
(223, 'Транспорт ЮАР', '+27 11 234 5678', 'sales@za-transport.co.za', 'ул. Нельсон Мандела, 13', 'Йоханнесбург', '2001', 'ЮАР', 5),
(224, 'Доставка Нигерия', '+234 1 987 6543', 'contact@ngdelivery.ng', 'ул. Вихинг, 7', 'Лагос', '100001', 'Нигерия', 3),
(225, 'Логистика Кения', '+254 20 123 456', 'info@kenialog.co.ke', 'ул. Кимути, 21', 'Найроби', '00100', 'Кения', 4),
(226, 'Курьерская служба Марокко', '+212 537 654 321', 'support@moroccocourier.ma', 'ул. Анфа, 78', 'Касабланка', '20000', 'Марокко', 5),
(227, 'Шиппинг Танзания', '+255 22 345 6789', 'sales@tshippings.tz', 'ул. Ньерере, 11', 'Дар-эс-Салам', '11101', 'Танзания', 4),
(228, 'Транспорт Гана', '+233 30 123 456', 'info@ghanatransport.gh', 'ул. Осу, 4', 'Аккра', '0000', 'Гана', 3),
(229, 'Доставка Уганда', '+256 41 234 5678', 'contact@ugadost.ug', 'ул. Кампала, 9', 'Кампала', '0000', 'Уганда', 4),
(230, 'Логистика Эфиопия', '+251 11 987 654', 'info@ethiologistics.et', 'ул. Боле, 12', 'Аддис-Абеба', '0000', 'Эфиопия', 5),
(231, 'Курьерская служба Казахстан', '+7 727 234 9876', 'support@kazcourier.kz', 'ул. Жибек жолы, 21', 'Алматы', '050000', 'Казахстан', 4),
(232, 'Шиппинг Узбекистан', '+998 71 567 890', 'info@uzshipping.uz', 'ул. Узбекистанская, 100', 'Ташкент', '100000', 'Узбекистан', 3),
(233, 'Транспорт Кыргызстан', '+996 312 123 876', 'contact@kgtrans.kg', 'ул. Бектемирова, 17', 'Бишкек', '720021', 'Кыргызстан', 5),
(234, 'Доставка Туркменистан', '+993 12 654 321', 'sales@turkdeliv.tm', 'ул. Арчабиль, 2', 'Ашхабад', '744000', 'Туркменистан', 4),
(235, 'Логистика Таджикистан', '+992 44 987 654', 'info@tjlog.tj', 'ул. Рудаки, 45', 'Душанбе', '734000', 'Таджикистан', 3),
(236, 'Курьерская служба Монголия', '+976 11 456 789', 'support@mongcourier.mn', 'ул. Энхтайван, 5', 'Улан-Батор', '14191', 'Монголия', 4),
(237, 'Шиппинг Афганистан', '+93 20 345 678', 'sales@afbuzz.af', 'ул. Шера-Навая, 8', 'Кабул', '1003', 'Афганистан', 5),
(238, 'Транспорт Пакистан', '+92 21 234 567', 'info@pktransport.pk', 'ул. М. Джинна, 99', 'Карачи', '75530', 'Пакистан', 3),
(239, 'Доставка Шри-Ланка', '+94 11 123 456', 'contact@srilandakd.lk', 'ул. Галле, 44', 'Коломбо', '00300', 'Шри-Ланка', 4),
(240, 'Логистика Непал', '+977 1 345 6789', 'info@np-logistics.np', 'ул. Трипуресвар, 31', 'Катманду', '44600', 'Непал', 5),
(241, 'Курьерская служба Бангладеш', '+880 2 345 6789', 'support@bdcourier.bd', 'ул. Гульшан, 33', 'Дакка', '1212', 'Бангладеш', 4),
(242, 'Шиппинг Мьянма', '+95 1 234 567', 'sales@mys.shipping.mm', 'ул. Пьэй, 25', 'Янгон', '11181', 'Мьянма', 3),
(243, 'Транспорт Камбоджа', '+855 23 345 6789', 'info@cambodtrans.kh', 'ул. Монівонг, 19', 'Пномпень', '12000', 'Камбоджа', 4),
(244, 'Доставка Лаос', '+856 21 234 567', 'contact@laosdost.la', 'ул. Лангсан, 5', 'Вьентьян', '01000', 'Лаос', 5),
(245, 'Логистика Брюссель', '+32 2 123 456', 'info@brusselslog.be', 'ул. Луиз, 3', 'Брюссель', '1000', 'Бельгия', 3),
(246, 'Курьерская служба Швейцария', '+41 31 987 6543', 'support@swisscourier.ch', 'ул. Банк, 22', 'Берн', '3001', 'Швейцария', 4),
(247, 'Шиппинг Нидерланды', '+31 20 345 678', 'sales@netshipping.nl', 'ул. Дамрак, 30', 'Амстердам', '1012', 'Нидерланды', 5),
(248, 'Транспорт Дания', '+45 33 123 456', 'info@dantransport.dk', 'ул. Нюхавн, 11', 'Копенгаген', '1051', 'Дания', 3),
(249, 'Доставка Норвегия', '+47 22 567 890', 'contact@norwaydeliv.no', 'ул. Карл Юхана, 14', 'Осло', '0162', 'Норвегия', 4),
(250, 'Логистика Исландия', '+354 562 1234', 'info@icelogistics.is', 'ул. Банк-страйт, 10', 'Рейкьявик', '101', 'Исландия', 5),
(251, 'Курьерская служба Люксембург', '+352 22 123 456', 'support@lucourier.lu', 'ул. Грандри, 8', 'Люксембург', '1528', 'Люксембург', 4),
(252, 'Шиппинг Лихтенштейн', '+423 399 5678', 'sales@liship.li', 'ул. Фелдрейх, 4', 'Вадуц', '9490', 'Лихтенштейн', 3),
(253, 'Транспорт Андорра', '+376 823 456', 'info@andortrans.ad', 'ул. Меричель, 9', 'Андорра-ла-Велья', 'AD500', 'Андорра', 4),
(254, 'Доставка Монако', '+377 97 123 456', 'contact@monacodeliv.mc', 'ул. Гримальди, 2', 'Монако', '98000', 'Монако', 5),
(255, 'Логистика Сан-Марино', '+378 0549 234 567', 'info@logsanmarino.sm', 'ул. Римини, 15', 'Сан-Марино', '47890', 'Сан-Марино', 3),
(256, 'Курьерская служба Ватикан', '+379 44 123 4567', 'support@vatcourier.va', 'ул. Святого Петра, 1', 'Ватикан', '00120', 'Ватикан', 4),
(257, 'Шиппинг Мальта', '+356 212 345 678', 'sales@mtshipping.mt', 'ул. Валлетта, 7', 'Валлетта', 'VLT 1041', 'Мальта', 5),
(258, 'Транспорт Сербия', '+381 11 234 567', 'info@rs-transport.rs', 'ул. Кнеза Михаила, 23', 'Белград', '11000', 'Сербия', 3),
(259, 'Доставка Черногория', '+382 20 345 678', 'contact@mndelivery.me', 'ул. Негошева, 12', 'Подгорица', '81000', 'Черногория', 4),
(260, 'Логистика Албания', '+355 4 123 456', 'info@allogistics.al', 'ул. Архитектура, 3', 'Тирана', '1001', 'Албания', 5),
(261, 'Курьерская служба Северная Македония', '+389 2 234 567', 'support@mkcourier.mk', 'ул. Македония, 7', 'Скопье', '1000', 'Северная Македония', 4),
(262, 'Шиппинг Босния и Герцеговина', '+387 33 123 456', 'sales@bashipping.ba', 'ул. Титова, 18', 'Сараево', '71000', 'Босния и Герцеговина', 3),
(263, 'Транспорт Словения', '+386 1 234 5678', 'info@sitransport.si', 'ул. Миклошича, 4', 'Любляна', '1000', 'Словения', 4),
(264, 'Доставка Хорватия', '+385 1 987 6543', 'contact@hrdelivery.hr', 'ул. Зринского, 9', 'Загреб', '10000', 'Хорватия', 5),
(265, 'Логистика Чехия', '+420 2 234 5678', 'info@czlogistics.cz', 'ул. Сметаново, 13', 'Прага', '11000', 'Чехия', 3),
(266, 'Курьерская служба Словакия', '+421 2 876 543', 'support@skcourier.sk', 'ул. Дело, 11', 'Братислава', '81101', 'Словакия', 4),
(267, 'Шиппинг Польша', '+48 22 123 456', 'sales@plshipping.pl', 'ул. Новысвят, 27', 'Варшава', '00-001', 'Польша', 5),
(268, 'Транспорт Венгрия', '+36 1 234 567', 'info@hugtrans.hu', 'ул. Ракоци, 31', 'Будапешт', '1072', 'Венгрия', 3),
(269, 'Доставка Румыния', '+40 21 234 5678', 'contact@rodelivery.ro', 'ул. Каля Викторией, 4', 'Бухарест', '01001', 'Румыния', 4),
(270, 'Логистика Болгария', '+359 2 987 6543', 'info@bglogistics.bg', 'ул. Граф Игнатьев, 15', 'София', '1000', 'Болгария', 5),
(271, 'Курьерская служба Греция', '+30 21 123 456', 'support@grcourier.gr', 'ул. Эрму, 8', 'Афины', '10563', 'Греция', 4),
(272, 'Шиппинг Кипр', '+357 22 123 4567', 'sales@cyshipping.cy', 'ул. Макаариу, 13', 'Никосия', '1010', 'Кипр', 5),
(273, 'Транспорт Сингапур', '+65 6 234 5678', 'info@sgtransport.sg', 'ул. Орчард, 10', 'Сингапур', '238841', 'Сингапур', 3),
(274, 'Доставка Малайзия', '+60 3 234 567', 'contact@mydelivery.my', 'ул. Джалан, 2', 'Куала-Лумпур', '50088', 'Малайзия', 4),
(275, 'Логистика Индонезия', '+62 21 987 654', 'info@idlogistics.id', 'ул. Джендерел, 11', 'Джакарта', '10310', 'Индонезия', 5),
(276, 'Курьерская служба Бруней', '+673 2 234 567', 'support@bncourier.bn', 'ул. Джаффар, 3', 'Бандар-Сери-Бегаван', 'BA1511', 'Бруней', 4),
(277, 'Шиппинг Мальдивы', '+960 331 5678', 'sales@mvshipping.mv', 'ул. Бодутхакуфану, 14', 'Мале', '20084', 'Мальдивы', 3),
(278, 'Транспорт-Оман', '+968 24 567 890', 'info@otran.co.om', 'ул. Султан, 27', 'Маскат', '133', 'Оман', 4),
(279, 'Доставка-Катар', '+974 4431234', 'contact@qatardeliver.qa', 'ул. Вест Бэй, 5', 'Доха', '0000', 'Катар', 5),
(280, 'Логистика-Кувейт', '+965 22234567', 'info@kuwaitlog.kw', 'ул. Фахад Салим, 18', 'Эль-Кувейт', '15000', 'Кувейт', 3),
(281, 'Курьерская служба-Бахрейн', '+973 17 234567', 'support@bahcourier.bh', 'ул. Манама, 21', 'Манама', '319', 'Бахрейн', 4),
(282, 'Шиппинг-Йемен', '+967 1 234567', 'sales@yemshipping.ye', 'ул. Ал-Азали, 3', 'Сана', '0000', 'Йемен', 5),
(283, 'Транспорт-Иордания', '+962 6 2345678', 'info@jortransport.jo', 'ул. Тажингир, 10', 'Амман', '11181', 'Иордания', 3),
(284, 'Доставка-Израиль', '+972 3 123456', 'contact@israeldeliv.il', 'ул. Алленби, 8', 'Тель-Авив', '64332', 'Израиль', 4),
(285, 'Логистика-Ливан', '+961 1 234567', 'info@leblogistics.lb', 'ул. Хамра, 19', 'Бейрут', '0000', 'Ливан', 5),
(286, 'Курьерская служба-Сирия', '+963 11 234567', 'support@syrcourier.sy', 'ул. Аль-Канавер, 9', 'Дамаск', '0000', 'Сирия', 4),
(287, 'Шиппинг-Ирак', '+964 1 2345678', 'sales@iraship.iq', 'ул. Аль-Шоада, 20', 'Багдад', '10001', 'Ирак', 3),
(288, 'Транспорт-Иран', '+98 21 234567', 'info@irantransport.ir', 'ул. Фатеми, 12', 'Тегеран', '15356', 'Иран', 4),
(289, 'Доставка-Саудовская Аравия', '+966 11 234567', 'contact@sadarabdeliv.sa', 'ул. Кинг Фахд, 5', 'Эр-Рияд', '11564', 'Саудовская Аравия', 5),
(290, 'Логистика-Зимбабве', '+263 4 567890', 'info@zimlogistics.zw', 'ул. Самора Мачел, 8', 'Хараре', '0000', 'Зимбабве', 3),
(291, 'Грузоперевозки-Санкт-Петербург', '+7 812 123 4567', 'info@petersburgcargo.ru', 'ул. Литейный, 10', 'Санкт-Петербург', '190000', 'Россия', 4),
(292, 'Шиппинг-Новосибирск', '+7 383 987 6543', 'contact@nskship.ru', 'ул. Красный Проспект, 30', 'Новосибирск', '630000', 'Россия', 5),
(293, 'Перевозки-Самара', '+7 846 234 5678', 'sales@samaradelivery.ru', 'ул. Победы, 11', 'Самара', '443000', 'Россия', 3),
(294, 'Транспорт-Саратов', '+7 8452 123 6789', 'contact@saratovtrans.ru', 'ул. Чернышевского, 2', 'Саратов', '410000', 'Россия', 4),
(295, 'Доставка-Красноярск', '+7 391 234 5678', 'info@redyakdelivery.ru', 'ул. Мира, 67', 'Красноярск', '660000', 'Россия', 5),
(296, 'Логистика-Пермь', '+7 342 567 8901', 'support@perm-logistics.ru', 'ул. Комсомольский проспект, 18', 'Пермь', '614000', 'Россия', 4),
(297, 'Курьерская служба-Ростов', '+7 863 789 0123', 'service@rostovkourier.ru', 'ул. Большая Садовая, 55', 'Ростов-на-Дону', '344000', 'Россия', 3),
(298, 'Шиппинг-Уфа', '+7 347 987 6543', 'sales@ufashipping.ru', 'ул. Ленина, 25', 'Уфа', '450000', 'Россия', 4),
(299, 'Перевозки-Иркутск', '+7 3952 234 5678', 'info@irkutsktransport.ru', 'ул. Карла Маркса, 78', 'Иркутск', '664000', 'Россия', 5),
(300, 'Транспорт-Барнаул', '+7 3852 123 4567', 'support@barnaultrans.ru', 'ул. Ленина, 60', 'Барнаул', '656000', 'Россия', 4),
(301, 'Доставка-Волгоград', '+7 8442 987 6543', 'contact@volgogradelivery.ru', 'ул. Советская, 38', 'Волгоград', '400000', 'Россия', 3),
(302, 'Логистика-Тюмень', '+7 3452 123 6789', 'info@tyumenlogistic.ru', 'ул. Республики, 12', 'Тюмень', '625000', 'Россия', 5),
(303, 'Курьерская служба-Хабаровск', '+7 4212 789 0123', 'support@hvkourier.ru', 'ул. Карла Маркса, 44', 'Хабаровск', '680000', 'Россия', 4),
(304, 'Шиппинг-Челябинск', '+7 351 234 5678', 'sales@chelyabshipping.ru', 'ул. Дзержинского, 5', 'Челябинск', '454000', 'Россия', 3),
(305, 'Перевозки-Оренбург', '+7 3532 123 4567', 'info@orenburgtransport.ru', 'ул. Газоконденсаторов, 82', 'Оренбург', '460000', 'Россия', 4),
(306, 'Транспорт-Воронеж', '+7 473 234 5678', 'contact@voroneztransport.ru', 'ул. 20-лет Октября, 2', 'Воронеж', '394000', 'Россия', 5),
(307, 'Доставка-Улан-Удэ', '+7 3012 987 6543', 'support@uulan-dedelivery.ru', 'ул. Советов, 29', 'Улан-Удэ', '670000', 'Россия', 4),
(308, 'Логистика-Якутск', '+7 4112 123 6789', 'info@yakutsklogistic.ru', 'ул. Ленина, 16', 'Якутск', '677000', 'Россия', 3),
(309, 'Курьерская служба-Владимир', '+7 4922 789 0123', 'service@vladkourier.ru', 'ул. Большая Октябрьская, 10', 'Владимир', '600000', 'Россия', 4),
(310, 'Шиппинг-Ярославль', '+7 4852 234 5678', 'info@yaroslavshipping.ru', 'ул. Свободы, 39', 'Ярославль', '150000', 'Россия', 5),
(311, 'Перевозки-Брянск', '+7 4832 123 4567', 'support@bryansktransport.ru', 'ул. Калинина, 17', 'Брянск', '241000', 'Россия', 4),
(312, 'Транспорт-Рязань', '+7 4912 987 6543', 'sales@ryazantrans.ru', 'ул. Гагарина, 25', 'Рязань', '390000', 'Россия', 3),
(313, 'Доставка-Астрахань', '+7 8512 123 6789', 'info@astrakhandel.ru', 'ул. Бабушкинская, 58', 'Астрахань', '414000', 'Россия', 4),
(314, 'Логистика-Кемерово', '+7 3842 789 0123', 'support@kemerovlogistic.ru', 'ул. Притомская Набережная, 7', 'Кемерово', '650000', 'Россия', 5),
(315, 'Курьерская служба-Калининград', '+7 4012 234 5678', 'contact@kaliningkourier.ru', 'ул. Ленинский проспект, 87', 'Калининград', '236000', 'Россия', 4),
(316, 'Шиппинг-Тольятти', '+7 8482 123 4567', 'info@tolyattishipping.ru', 'ул. Мира, 22', 'Тольятти', '445000', 'Россия', 3),
(317, 'Перевозки-Ставрополь', '+7 8652 987 6543', 'sales@stavropoldeliv.ru', 'ул. Ленина, 76', 'Ставрополь', '355000', 'Россия', 4),
(318, 'Транспорт-Великий Новгород', '+7 8162 123 6789', 'contact@novgorodtrans.ru', 'ул. Б. Санкт-Петербургская, 5', 'Великий Новгород', '173000', 'Россия', 5),
(319, 'Доставка-Вологда', '+7 8172 789 0123', 'info@vologdadev.ru', 'ул. Ленина, 10', 'Вологда', '160000', 'Россия', 4),
(320, 'Логистика-Ставрополь', '+7 8652 234 5678', 'support@stavlogistic.ru', 'ул. Доватора, 23', 'Ставрополь', '355000', 'Россия', 3),
(321, 'Курьерская служба-Кубань', '+7 861 987 6543', 'info@kubankourier.ru', 'ул. Пушкина, 40', 'Краснодар', '350000', 'Россия', 4),
(322, 'Шиппинг-Севастополь', '+7 8692 123 4567', 'sales@sevshipping.ru', 'ул. Нахимова, 17', 'Севастополь', '299000', 'Россия', 5),
(323, 'Перевозки-Нижний Тагил', '+7 3435 987 6543', 'info@ntagiltransport.ru', 'ул. Свердлова, 1', 'Нижний Тагил', '622000', 'Россия', 4),
(324, 'Транспорт-Калуга', '+7 4842 234 5678', 'contact@kalugatrans.ru', 'ул. Пушкина, 12', 'Калуга', '248000', 'Россия', 3),
(325, 'Доставка-Крым', '+7 3652 123 6789', 'support@crimeadelivery.ru', 'ул. Пушкина, 30', 'Симферополь', '295000', 'Россия', 4),
(326, 'Логистика-Архангельск', '+7 8182 789 0123', 'info@arhlogistic.ru', 'ул. Ленина, 54', 'Архангельск', '163000', 'Россия', 5),
(327, 'Курьерская служба-Мурманск', '+7 8152 234 5678', 'contact@murmanskkourier.ru', 'ул. Ленина, 11', 'Мурманск', '183000', 'Россия', 4),
(328, 'Шиппинг-Владимир', '+7 4922 123 4567', 'info@vladmillshipping.ru', 'ул. Б. Московская, 4', 'Владимир', '600000', 'Россия', 3),
(329, 'Перевозки-Псков', '+7 8112 987 6543', 'sales@pskovdel.ru', 'ул. Ленина, 8', 'Псков', '180000', 'Россия', 4),
(330, 'Транспорт-Сызрань', '+7 8464 234 5678', 'contact@syzrantrans.ru', 'ул. Ульяновская, 15', 'Сызрань', '446027', 'Россия', 5),
(331, 'Доставка-Пенза', '+7 8412 123 6789', 'info@penzadelivery.ru', 'ул. 8 Марта, 20', 'Пенза', '440000', 'Россия', 4),
(332, 'Логистика-Северодвинск', '+7 8184 789 0123', 'support@sevdvlogistic.ru', 'ул. Ленина, 9', 'Северодвинск', '164000', 'Россия', 3),
(333, 'Курьерская служба-Череповец', '+7 8202 234 5678', 'info@cherepkourier.ru', 'ул. Комсомольская, 12', 'Череповец', '162600', 'Россия', 4),
(334, 'Шиппинг-Майкоп', '+7 8772 123 4567', 'sales@maikopshipping.ru', 'ул. Жуковского, 14', 'Майкоп', '385000', 'Россия', 5),
(335, 'Перевозки-Кострома', '+7 4942 987 6543', 'info@kostromadeliv.ru', 'ул. Советская, 37', 'Кострома', '156000', 'Россия', 4),
(336, 'Транспорт-Киров', '+7 8332 234 5678', 'contact@kirovtrans.ru', 'ул. Дерендяева, 17', 'Киров', '610000', 'Россия', 3),
(337, 'Доставка-Биробиджан', '+7 42622 123 6789', 'support@birodelivery.ru', 'ул. Ленина, 12', 'Биробиджан', '679000', 'Россия', 4),
(338, 'Логистика-Петропавловск-Камчатский', '+7 4152 789 0123', 'info@pklogistic.ru', 'ул. Ленинградская, 54', 'Петропавловск-Камчатский', '683000', 'Россия', 5),
(339, 'Курьерская служба-Смоленск', '+7 4812 234 5678', 'contact@smolenskourier.ru', 'ул. Ленина, 15', 'Смоленск', '214000', 'Россия', 4),
(340, 'Шиппинг-Чебоксары', '+7 8352 123 4567', 'info@chebokshipping.ru', 'ул. Энтузиастов, 8', 'Чебоксары', '428000', 'Россия', 3),
(341, 'Перевозки-Грозный', '+7 8712 987 6543', 'sales@grtrans.ru', 'ул. Пушкина, 42', 'Грозный', '364000', 'Россия', 4),
(342, 'Транспорт-Сургут', '+7 3462 234 5678', 'contact@surguttrans.ru', 'ул. Ленина, 30', 'Сургут', '628000', 'Россия', 5),
(343, 'Доставка-Магнитогорск', '+7 3519 123 6789', 'support@magntdelivery.ru', 'ул. Ленина, 65', 'Магнитогорск', '455000', 'Россия', 4),
(344, 'Логистика-Сочи', '+7 862 789 0123', 'info@sochilogistic.ru', 'ул. Пластунская, 46', 'Сочи', '354000', 'Россия', 3),
(345, 'Курьерская служба-Саранск', '+7 8342 234 5678', 'contact@saranskourier.ru', 'ул. Гагарина, 38', 'Саранск', '430000', 'Россия', 4),
(346, 'Шиппинг-Казань', '+7 843 123 4567', 'sales@kazanshipping.ru', 'ул. Баумана, 18', 'Казань', '420000', 'Россия', 5),
(347, 'Перевозки-Нальчик', '+7 8662 987 6543', 'info@naldeliv.ru', 'ул. Нарткала, 30', 'Нальчик', '360000', 'Россия', 4),
(348, 'Транспорт-Волжский', '+7 8443 234 5678', 'contact@volzhtrans.ru', 'ул. Ленина, 27', 'Волжский', '404100', 'Россия', 3),
(349, 'Доставка-Благовещенск', '+7 4162 123 6789', 'support@blagodelivery.ru', 'ул. Калинина, 33', 'Благовещенск', '675000', 'Россия', 4),
(350, 'Логистика-Петрозаводск', '+7 8142 789 0123', 'info@petrologistic.ru', 'ул. Ленина, 23', 'Петрозаводск', '185000', 'Россия', 5),
(351, 'Курьерская служба-Махачкала', '+7 8722 234 5678', 'contact@mahachkourier.ru', 'ул. Ахмедова, 12', 'Махачкала', '367000', 'Россия', 4),
(352, 'Шиппинг-Нальчик', '+7 8662 123 4567', 'info@nalshipping.ru', 'ул. Атажукина, 7', 'Нальчик', '360000', 'Россия', 3),
(353, 'Перевозки-Элиста', '+7 847 22 987 6543', 'sales@elista-trans.ru', 'ул. Губаревича, 42', 'Элиста', '358000', 'Россия', 4),
(354, 'Транспорт-Абакан', '+7 3902 234 5678', 'contact@abakantrans.ru', 'ул. Правосудия, 1', 'Абакан', '655000', 'Россия', 5),
(355, 'Доставка-Южно-Сахалинск', '+7 4242 123 6789', 'support@ysakhalindelivery.ru', 'ул. Горького, 50', 'Южно-Сахалинск', '693000', 'Россия', 4),
(356, 'Логистика-Чита', '+7 3022 789 0123', 'info@chitalogistic.ru', 'ул. Курнатовского, 19', 'Чита', '672000', 'Россия', 3),
(357, 'Курьерская служба-Томск', '+7 3822 234 5678', 'contact@tomskourier.ru', 'ул. Кирова, 27', 'Томск', '634000', 'Россия', 4),
(358, 'Шиппинг-Новокузнецк', '+7 3843 123 4567', 'info@novokuznshipping.ru', 'ул. Тореза, 3', 'Новокузнецк', '654000', 'Россия', 5),
(359, 'Перевозки-Тамбов', '+7 4752 987 6543', 'sales@tambovtrans.ru', 'ул. Комсомольская, 10', 'Тамбов', '392000', 'Россия', 4),
(360, 'Транспорт-Белгород', '+7 4722 234 5678', 'contact@belgorodtrans.ru', 'ул. Привольная, 16', 'Белгород', '308000', 'Россия', 3),
(361, 'Доставка-Курск', '+7 4712 123 6789', 'info@kurskdelivery.ru', 'ул. Дзержинского, 50', 'Курск', '305000', 'Россия', 4),
(362, 'Логистика-Омск', '+7 3812 789 0123', 'support@omsklogistic.ru', 'ул. Карла Либкнехта, 11', 'Омск', '644000', 'Россия', 5),
(363, 'Курьерская служба-Саранск', '+7 8342 234 5678', 'contact@saranskacourier.ru', 'ул. Пролетарская, 9', 'Саранск', '430000', 'Россия', 4),
(364, 'Шиппинг-Киров', '+7 8332 123 4567', 'info@kirovshipping.ru', 'ул. Гайдара, 6', 'Киров', '610000', 'Россия', 3),
(365, 'Перевозки-Чебоксары', '+7 8352 987 6543', 'sales@chebokdel.ru', 'ул. Энгельса, 32', 'Чебоксары', '428000', 'Россия', 4),
(366, 'Транспорт-Набережные Челны', '+7 8552 234 5678', 'contact@chelnytrans.ru', 'ул. Машиностроительная, 12', 'Набережные Челны', '423800', 'Россия', 5),
(367, 'Доставка-Стерлитамак', '+7 3473 123 6789', 'support@smtakdelivery.ru', 'ул. Коммунистическая, 45', 'Стерлитамак', '453100', 'Россия', 4),
(368, 'Логистика-Нижнекамск', '+7 8555 789 0123', 'info@nsklogistic.ru', 'ул. Южная, 10', 'Нижнекамск', '423570', 'Россия', 3),
(369, 'Курьерская служба-Орёл', '+7 4862 234 5678', 'contact@oryolk.kourier.ru', 'ул. Комсомольская, 4', 'Орёл', '302000', 'Россия', 4),
(370, 'Шиппинг-Дербент', '+7 8722 123 4567', 'info@derbentshipping.ru', 'ул. Ленина, 80', 'Дербент', '368600', 'Россия', 5),
(371, 'Перевозки-Каменск-Уральский', '+7 3439 987 6543', 'sales@karamsugdel.ru', 'ул. Челябинская, 23', 'Каменск-Уральский', '623400', 'Россия', 4),
(372, 'Транспорт-Владивосток', '+7 423 234 5678', 'contact@vladtrans.ru', 'ул. Светланская, 15', 'Владивосток', '690000', 'Россия', 3),
(373, 'Доставка-Братск', '+7 3953 123 6789', 'support@bratskdelivery.ru', 'ул. Комсомольская, 35', 'Братск', '665700', 'Россия', 4),
(374, 'Логистика-Каменск', '+7 3439 789 0123', 'info@kamensklog.ru', 'ул. Пролетарская, 50', 'Каменск-Уральский', '623400', 'Россия', 5),
(375, 'Курьерская служба-Миасс', '+7 3513 234 5678', 'contact@miasskourier.ru', 'ул. Октябрьская, 47', 'Миасс', '456300', 'Россия', 4),
(376, 'Шиппинг-Златоуст', '+7 3513 123 4567', 'info@zlatship.ru', 'ул. Таганайская, 10', 'Златоуст', '456200', 'Россия', 3),
(377, 'Перевозки-Муром', '+7 49234 987 6543', 'sales@muromtrans.ru', 'ул. Советская, 23', 'Муром', '602267', 'Россия', 4),
(378, 'Транспорт-Димитровград', '+7 84235 234 5678', 'contact@dmtrans.ru', 'ул. Менделеева, 7', 'Димитровград', '433500', 'Россия', 5),
(379, 'Доставка-Новотроицк', '+7 3537 123 6789', 'support@novotropkgdeliv.ru', 'ул. Гагарина, 30', 'Новотроицк', '462353', 'Россия', 4),
(380, 'Логистика-Севск', '+7 48342 789 0123', 'info@sevslog.ru', 'ул. Мира, 40', 'Севск', '241550', 'Россия', 3),
(381, 'Курьерская служба-Старый Оскол', '+7 4725 234 5678', 'contact@soksolkourier.ru', 'ул. Ленина, 22', 'Старый Оскол', '309520', 'Россия', 4),
(382, 'Шиппинг-Рыбинск', '+7 4855 123 4567', 'info@rybship.ru', 'ул. Труда, 8', 'Рыбинск', '152934', 'Россия', 5),
(383, 'Перевозки-Комсомольск-на-Амуре', '+7 4217 987 6543', 'sales@knaftrans.ru', 'ул. Гагарина, 10', 'Комсомольск-на-Амуре', '681000', 'Россия', 4),
(384, 'Транспорт-Альметьевск', '+7 8553 234 5678', 'contact@almettrans.ru', 'ул. Нефтяников, 14', 'Альметьевск', '423450', 'Россия', 3),
(385, 'Доставка-Сергиев Посад', '+7 496 540 6789', 'support@sposadelivery.ru', 'ул. 1 мая, 8', 'Сергиев Посад', '141300', 'Россия', 4),
(386, 'Логистика-Белогорск', '+7 41641 789 0123', 'info@beloglog.ru', 'ул. Ленина, 7', 'Белогорск', '676850', 'Россия', 5),
(387, 'Курьерская служба-Буйнакск', '+7 87237 234 5678', 'contact@buykourier.ru', 'ул. Ленина, 16', 'Буйнакск', '368220', 'Россия', 4),
(388, 'Шиппинг-Курган', '+7 3522 123 4567', 'info@kurganship.ru', 'ул. Климова, 5', 'Курган', '640000', 'Россия', 3),
(389, 'Перевозки-Елец', '+7 47467 987 6543', 'sales@eletstrans.ru', 'ул. Ленина, 50', 'Елец', '399770', 'Россия', 4),
(390, 'Транспорт-Копейск', '+7 35139 234 5678', 'contact@kopeysktrans.ru', 'ул. Победы, 2', 'Копейск', '456600', 'Россия', 5),
(391, 'Грузоперевозки-Сургут', '+7 3462 858 567', 'contact@surgcargodeliv.ru', 'ул. Югорская, 10', 'Сургут', '628400', 'Россия', 4),
(392, 'Логистика-Усинск', '+7 82144 874 390', 'info@usinsklogistic.ru', 'ул. Пушкина, 14', 'Усинск', '169710', 'Россия', 3),
(393, 'Курьерская служба-Ноябрьск', '+7 3496 658 452', 'support@noyabrskcourier.ru', 'ул. Магистральная, 25', 'Ноябрьск', '629800', 'Россия', 5),
(394, 'Шиппинг-Нижнеусть-Илимск', '+7 39554 214 789', 'sales@nijustilimship.ru', 'ул. Байкальская, 29', 'Нижнеусть-Илимск', '666666', 'Россия', 4),
(395, 'Перевозки-Нефтекамск', '+7 997 874 3332', 'info@neftekamstrans.ru', 'ул. Ленина, 77', 'Нефтекамск', '452680', 'Россия', 3),
(396, 'Транспорт-Салават', '+7 3476 987 654', 'contact@saltrans.ru', 'ул. Монтажников, 18', 'Салават', '453250', 'Россия', 4),
(397, 'Доставка-Салават', '+7 3476 321 7890', 'support@salavatdev.ru', 'ул. Батырская, 6', 'Салават', '453250', 'Россия', 5),
(398, 'Логистика-Ишимбай', '+7 34794 223 567', 'info@ishimlog.ru', 'ул. Панова, 20', 'Ишимбай', '453230', 'Россия', 3),
(399, 'Курьерская служба-Стерлитамак', '+7 3473 123 4567', 'contact@sterlitamakcourier.ru', 'ул. Советская, 1', 'Стерлитамак', '453100', 'Россия', 4),
(400, 'Шиппинг-Благовещенск', '+7 4162 222 333', 'sales@blaship.ru', 'ул. Чайковского, 23', 'Благовещенск', '675000', 'Россия', 5),
(401, 'Перевозки-Шымкент', '+7 725 987 654', 'info@shimkenttrans.kz', 'ул. Абая, 15', 'Шымкент', '160000', 'Казахстан', 3),
(402, 'Транспорт-Шахты', '+7 86362 234 567', 'contact@shakhtytrans.ru', 'ул. Советская, 7', 'Шахты', '346500', 'Россия', 4),
(403, 'Доставка-Фокино', '+7 42335 123 890', 'support@fokino-delivery.ru', 'ул. Молодежная, 12', 'Фокино', '692880', 'Россия', 5),
(404, 'Логистика-Междуреченск', '+7 38475 456 789', 'info@mezhlog.ru', 'ул. Ленина, 5', 'Междуреченск', '652870', 'Россия', 3),
(405, 'Курьерская служба-Березники', '+7 3424 999 888', 'contact@berezncourier.ru', 'ул. Пушкина, 25', 'Березники', '618400', 'Россия', 4),
(406, 'Шиппинг-Армавир', '+7 86137 456 123', 'sales@armavship.ru', 'ул. Комсомольская, 4', 'Армавир', '352900', 'Россия', 5),
(407, 'Перевозки-Салават', '+7 3476 321 789', 'info@salavtrans.ru', 'ул. Рассветная, 9', 'Салават', '453250', 'Россия', 3),
(408, 'Транспорт-Кисловодск', '+7 87937 345 698', 'contact@kislotrans.ru', 'ул. Ватутина, 11', 'Кисловодск', '357700', 'Россия', 4),
(409, 'Доставка-Киселевск', '+7 38464 854 962', 'support@kiseldev.ru', 'ул. Первомайская, 14', 'Киселевск', '652700', 'Россия', 5),
(410, 'Логистика-Салаватка', '+7 3476 876 555', 'info@salavlog.ru', 'ул. Транспортная, 17', 'Салават', '453250', 'Россия', 3),
(411, 'Курьерская служба-Советский', '+7 34675 223 456', 'contact@sovcourier.ru', 'ул. Привокзальная, 27', 'Советский', '628241', 'Россия', 4),
(412, 'Шиппинг-Сочи', '+7 8622 334 887', 'sales@sochip.ru', 'ул. Мира, 21', 'Сочи', '354000', 'Россия', 5),
(413, 'Перевозки-Элиста', '+7 84722 654 321', 'info@elistrans.ru', 'ул. Калычникова, 18', 'Элиста', '358000', 'Россия', 3),
(414, 'Транспорт-Элистака', '+7 84722 984 567', 'contact@elistingtrans.ru', 'ул. Высокая, 8', 'Элистака', '358000', 'Россия', 4),
(415, 'Доставка-Моздок', '+7 86736 123 987', 'support@mozdeliv.ru', 'ул. Советская, 6', 'Моздок', '363750', 'Россия', 5),
(416, 'Логистика-Сыктывкар', '+7 82123 345 678', 'info@syktlog.ru', 'ул. Интернациональная, 9', 'Сыктывкар', '167000', 'Россия', 3),
(417, 'Курьерская служба-Выкса', '+7 83177 569 324', 'contact@vyksacourier.ru', 'ул. Красная, 20', 'Выкса', '607060', 'Россия', 4),
(418, 'Шиппинг-Чита', '+7 3022 456 123', 'sales@chitaship.ru', 'ул. Чкалова, 33', 'Чита', '672000', 'Россия', 5),
(419, 'Перевозки-Соликамск', '+7 34253 897 431', 'info@soltrans.ru', 'ул. Центральная, 8', 'Соликамск', '618540', 'Россия', 3),
(420, 'Транспорт-Бийск', '+7 3854 123 765', 'contact@biystktrans.ru', 'ул. Герцена, 37', 'Бийск', '659300', 'Россия', 4),
(421, 'Доставка-Кисловодск', '+7 87937 885 332', 'support@kislodelivery.ru', 'ул. Победы, 3', 'Кисловодск', '357700', 'Россия', 5),
(422, 'Логистика-Ачинск', '+7 39151 647 852', 'info@achlog.ru', 'ул. К. Маркса, 24', 'Ачинск', '662150', 'Россия', 3),
(423, 'Курьерская служба-Коломна', '+7 4966 912 456', 'contact@kolcourier.ru', 'ул. Островского, 5', 'Коломна', '140400', 'Россия', 4),
(424, 'Шиппинг-Молот', '+7 35136 755 431', 'sales@molship.ru', 'ул. Мельничная, 17', 'Молот', '456441', 'Россия', 5),
(425, 'Перевозки-Котлас', '+7 81824 123 987', 'info@kottrans.ru', 'ул. Ломоносова, 19', 'Котлас', '165300', 'Россия', 3),
(426, 'Транспорт-Мирный', '+7 929 128 456', 'contact@mirnytrans.ru', 'ул. Горького, 49', 'Мирный', '678170', 'Россия', 4),
(427, 'Доставка-Благовещенск', '+7 4162 123 987', 'support@blaglogdev.ru', 'ул. Громова, 11', 'Благовещенск', '675000', 'Россия', 5),
(428, 'Логистика-Дзержинский', '+7 495 666 777', 'info@dzerzlog.ru', 'ул. Лермонтова, 21', 'Дзержинский', '140090', 'Россия', 3),
(429, 'Курьерская служба-Всеволожск', '+7 812 560 432', 'contact@vsevlogcourier.ru', 'ул. Чапаева, 7', 'Всеволожск', '188640', 'Россия', 4),
(430, 'Шиппинг-Балаково', '+7 8453 876 543', 'sales@balakovoship.ru', 'ул. Тухачевского, 15', 'Балаково', '413800', 'Россия', 5),
(431, 'Перевозки-Саров', '+7 831 256 543', 'info@sarovtrans.ru', 'ул. Гагарина, 28', 'Саров', '607188', 'Россия', 3),
(432, 'Транспорт-Каменск', '+7 3439 567 432', 'contact@kamenskransport.ru', 'ул. Свердлова, 4', 'Каменск', '623401', 'Россия', 4),
(433, 'Доставка-Тихвин', '+7 8136 124 567', 'support@tikhlodelivery.ru', 'ул. Ленинградская, 12', 'Тихвин', '187550', 'Россия', 5),
(434, 'Логистика-Находка', '+7 4236 847 352', 'info@nahodkalog.ru', 'ул. Советская, 13', 'Находка', '692904', 'Россия', 3),
(435, 'Курьерская служба-Новочеркасск', '+7 8635 674 231', 'contact@novochcourier.ru', 'ул. Победы, 9', 'Новочеркасск', '346428', 'Россия', 4),
(436, 'Шиппинг-Кисловодск', '+7 87937 456 789', 'sales@kiship.ru', 'ул. Природная, 15', 'Кисловодск', '357700', 'Россия', 5),
(437, 'Перевозки-Якутск', '+7 4112 654 890', 'info@yaktrans.ru', 'ул. Аммосова, 10', 'Якутск', '677000', 'Россия', 3),
(438, 'Транспорт-Урус-Мартан', '+7 87145 124 578', 'contact@urustrans.ru', 'ул. Толстого, 17', 'Урус-Мартан', '366505', 'Россия', 4),
(439, 'Доставка-Южноуральск', '+7 35134 123 465', 'support@yozdeliv.ru', 'ул. Поселковая, 3', 'Южноуральск', '457040', 'Россия', 5),
(440, 'Логистика-Муром', '+7 49234 678 432', 'info@murologistic.ru', 'ул. Красная, 7', 'Муром', '602264', 'Россия', 3),
(441, 'Курьерская служба-Новотроицк', '+7 35378 231 678', 'contact@novotropcourier.ru', 'ул. Ленина, 3', 'Новотроицк', '462351', 'Россия', 4),
(442, 'Шиппинг-Балашиха', '+7 495 678 890', 'sales@balashhshipping.ru', 'ул. Красноармейская, 10', 'Балашиха', '143900', 'Россия', 5),
(443, 'Перевозки-Гусь-Хрустальный', '+7 49241 123 654', 'info@gustrans.ru', 'ул. Второвская, 13', 'Гусь-Хрустальный', '601501', 'Россия', 3),
(444, 'Транспорт-Камышин', '+7 84457 432 872', 'contact@kamtrans.ru', 'ул. Ленина, 55', 'Камышин', '403874', 'Россия', 4),
(445, 'Доставка-Балашов', '+7 84545 678 252', 'support@balashovdeliv.ru', 'ул. Ровенская, 22', 'Балашов', '412300', 'Россия', 5),
(446, 'Логистика-Маркс', '+7 84567 123 452', 'info@markslog.ru', 'ул. Соборная, 25', 'Маркс', '413100', 'Россия', 3),
(447, 'Курьерская служба-Фролово', '+7 84465 767 900', 'contact@frolovcourier.ru', 'ул. Орджоникидзе, 30', 'Фролово', '403530', 'Россия', 4),
(448, 'Шиппинг-Каменск', '+7 3439 998 842', 'sales@kammashru.ru', 'ул. Ленина, 10', 'Каменск', '623400', 'Россия', 5),
(449, 'Перевозки-Камышлов', '+7 3434 657 321', 'info@kamnikovtrans.ru', 'ул. Октябрьская, 15', 'Камышлов', '624860', 'Россия', 3),
(450, 'Транспорт-Павловский Посад', '+7 4964 678 998', 'contact@pavtrans.ru', 'ул. Карла Маркса, 27', 'Павловский Посад', '142500', 'Россия', 4),
(451, 'Доставка-Боровичи', '+7 81664 893 213', 'support@borovideliv.ru', 'ул. Коммунистическая, 12', 'Боровичи', '174411', 'Россия', 5),
(452, 'Логистика-Темрюк', '+7 86148 765 345', 'info@temrykuk.ru', 'ул. Ленина, 15', 'Темрюк', '353500', 'Россия', 3),
(453, 'Курьерская служба-Павлово', '+7 83171 234 559', 'contact@pavlokourier.ru', 'ул. Володарского, 7', 'Павлово', '607100', 'Россия', 4),
(454, 'Шиппинг-Клин', '+7 49624 545 679', 'sales@klinshipnik.rb', 'ул. Дзержинского, 6', 'Клин', '141600', 'Россия', 5),
(455, 'Перевозки-Воскресенск', '+7 49644 634 324', 'info@voskresensktrans.ru', 'ул. Гагарина, 47', 'Воскресенск', '140200', 'Россия', 3),
(456, 'Транспорт-Егорьевск', '+7 4964 895 478', 'contact@egortrans.ru', 'ул. Энгельса, 2', 'Егорьевск', '140300', 'Россия', 4),
(457, 'Доставка-Орск', '+7 3537 233 435', 'support@orskdev.ru', 'ул. Орджоникидзе, 4', 'Орск', '462403', 'Россия', 5),
(458, 'Логистика-Чапаевск', '+7 846 233 553', 'info@chapaylog.ru', 'ул. Коммунистическая, 10', 'Чапаевск', '446100', 'Россия', 3),
(459, 'Курьерская служба-Азов', '+7 86342 775 688', 'contact@azovcourier.ru', 'ул. Мира, 8', 'Азов', '346780', 'Россия', 4),
(460, 'Шиппинг-Углич', '+7 48532 980 766', 'sales@uglihipping.ru', 'ул. Пушкина, 11', 'Углич', '152615', 'Россия', 5),
(461, 'Перевозки-Свободный', '+7 41643 111 122', 'info@svobtrans.ru', 'ул. Комсомольская, 26', 'Свободный', '676450', 'Россия', 3),
(462, 'Транспорт-Мелекесс', '+7 84235 773 821', 'contact@melektrans.ru', 'ул. Джанибекова, 6', 'Мелекесс', '433505', 'Россия', 4),
(463, 'Доставка-Димитровград', '+7 84235 664 775', 'support@dimideliv.ru', 'ул. Менделеева, 25', 'Димитровград', '433500', 'Россия', 5),
(464, 'Логистика-Белореченск', '+7 86155 998 456', 'info@belorelog.ru', 'ул. Интернациональная, 45', 'Белореченск', '352630', 'Россия', 3),
(465, 'Курьерская служба-Прокопьевск', '+7 3846 732 555', 'contact@prokourier.ru', 'ул. Дзержинского, 2', 'Прокопьевск', '653045', 'Россия', 4),
(466, 'Шиппинг-Сергач', '+7 83144 554 789', 'sales@sergachship.ru', 'ул. Рябцева, 22', 'Сергач', '607600', 'Россия', 5),
(467, 'Перевозки-Артемовск', '+7 85153 333 756', 'info@arttrans.ru', 'ул. Советская, 38', 'Артемовск', '413400', 'Россия', 3),
(468, 'Транспорт-Славянск-на-Кубани', '+7 86146 534 920', 'contact@slavtranskubani.ru', 'ул. Урицкого, 72', 'Славянск-на-Кубани', '353560', 'Россия', 4),
(469, 'Доставка-Мурманск', '+7 8152 334 678', 'support@murdostavka.ru', 'ул. Ленина, 39', 'Мурманск', '183038', 'Россия', 5),
(470, 'Логистика-Вельск', '+7 81836 999 432', 'info@velsklog.ru', 'ул. Мира, 28', 'Вельск', '165160', 'Россия', 3),
(471, 'Курьерская служба-Бикин', '+7 42153 333 212', 'contact@bikincourier.ru', 'ул. Ленина, 6', 'Бикин', '682950', 'Россия', 4),
(472, 'Шиппинг-Балтийск', '+7 40145 767 353', 'sales@baltship.ru', 'ул. Калинина, 24', 'Балтийск', '238520', 'Россия', 5),
(473, 'Перевозки-Кисловодск', '+7 87937 311 321', 'info@kislotarnsk.ru', 'ул. Азовская, 4', 'Кисловодск', '357700', 'Россия', 3),
(474, 'Транспорт-Троицк', '+7 35163 444 511', 'contact@troicktrans.ru', 'ул. Победы, 11', 'Троицк', '457100', 'Россия', 4),
(475, 'Доставка-Рославль', '+7 48134 870 377', 'support@rosdev.ru', 'ул. Гагарина, 18', 'Рославль', '216500', 'Россия', 5),
(476, 'Логистика-Киров', '+7 8332 584 234', 'info@kirlogru.ru', 'ул. Прохорова, 16', 'Киров', '610010', 'Россия', 3),
(477, 'Курьерская служба-Северск', '+7 3822 678 098', 'contact@sevcourier.ru', 'ул. Студенческая, 25', 'Северск', '636000', 'Россия', 4),
(478, 'Шиппинг-Вольск', '+7 84593 567 123', 'sales@volshipska.ru', 'ул. Курчатова, 10', 'Вольск', '412900', 'Россия', 5),
(479, 'Перевозки-Бабушкин', '+7 84132 456 655', 'info@babushtisk.ru', 'ул. Перетти, 11', 'Бабушкин', '241500', 'Россия', 3),
(480, 'Транспорт-Билибино', '+7 42746 345 987', 'contact@bilitrans.ru', 'ул. Бирюкова, 15', 'Билибино', '689450', 'Россия', 4),
(481, 'Доставка-Горно-Алтайск', '+7 38822 890 754', 'support@gorndeliv.ru', 'ул. Эркинова, 22', 'Горно-Алтайск', '649000', 'Россия', 5),
(482, 'Логистика-Лениногорск', '+7 85595 556 447', 'info@lenoglog.ru', 'ул. Ленина, 13', 'Лениногорск', '423250', 'Россия', 3),
(483, 'Курьерская служба-Кашира', '+7 49669 767 121', 'contact@kashiracourier.ru', 'ул. Советская, 33', 'Кашира', '142900', 'Россия', 4),
(484, 'Шиппинг-Крым', '+7 3652 323 990', 'sales@crimeanship.ru', 'ул. Полякова, 8', 'Симферополь', '295000', 'Россия', 5),
(485, 'Перевозки-Кировград', '+7 34357 573 964', 'info@kirovgradtrans.ru', 'ул. Горняков, 1', 'Кировград', '624140', 'Россия', 3),
(486, 'Транспорт-Лабытнанги', '+7 34992 235 434', 'contact@labytranssura.ru', 'ул. Энгельса, 10', 'Лабытнанги', '629400', 'Россия', 4),
(487, 'Доставка-Оренбург', '+7 3532 465 678', 'support@orenburgoff.rw', 'ул. Воровского, 16', 'Оренбург', '460000', 'Россия', 5),
(488, 'Логистика-Кимры', '+7 48236 324 555', 'info@kimrylog.ru', 'ул. Красная, 12', 'Кимры', '171507', 'Россия', 3),
(489, 'Курьерская служба-Пудож', '+7 81452 555 121', 'contact@pudogocourier.ru', 'ул. Интернациональная, 9', 'Пудож', '186160', 'Россия', 4),
(490, 'Шиппинг-Краснокаменск', '+7 30232 567 654', 'sales@krasnoship.ru', 'ул. Дежнева, 77', 'Краснокаменск', '674670', 'Россия', 5),
(491, 'Перевозки-Сусуман', '+7 41345 219 678', 'info@susumantrans.ru', 'ул. Комсомольская, 18', 'Сусуман', '686314', 'Россия', 3),
(492, 'Транспорт-Мостовской', '+7 86192 987 654', 'contact@mostovtrans.ru', 'ул. Ленина, 4', 'Мостовской', '352570', 'Россия', 4),
(493, 'Доставка-Качканар', '+7 34341 469 333', 'support@kachkanardel.ru', 'ул. Первомайская, 2', 'Качканар', '624350', 'Россия', 5),
(494, 'Логистика-Снежинск', '+7 35146 777 543', 'info@snezhlog.ru', 'ул. Лермонтова, 20', 'Снежинск', '456700', 'Россия', 3),
(495, 'Курьерская служба-Капшагай', '+7 72779 456 111', 'contact@kapshcourier.kz', 'ул. Абая, 5', 'Капшагай', '040800', 'Казахстан', 4),
(496, 'Шиппинг-Боруссо', '+7 42732 123 654', 'sales@borussive.io', 'ул. Нечая, 10', 'Боруссо', '689322', 'Россия', 5),
(497, 'Перевозки-Инта', '+7 82145 678 123', 'info@intatrans.ru', 'ул. Строителей, 3', 'Инта', '169840', 'Россия', 3),
(498, 'Транспорт-Кола', '+7 82193 987 654', 'contact@kolatsru.com', 'ул. Интернациональная, 22', 'Кола', '184380', 'Россия', 4),
(499, 'Доставка-Суровикино', '+7 84463 223 987', 'support@surdevelop.ru', 'ул. Ленина, 77', 'Суровикино', '404410', 'Россия', 5),
(500, 'Логистика-Гремячинск', '+7 34255 421 234', 'info@gremychlog.ru', 'ул. Выставочная, 88', 'Гремячинск', '618270', 'Россия', 3),
(501, 'Курьерская служба-Великие Луки', '+7 81153 877 933', 'contact@vlcourier.ru', 'ул. Дорожная, 5', 'Великие Луки', '182100', 'Россия', 4),
(502, 'Шиппинг-Шарья', '+7 49450 883 554', 'sales@sharyasqr.ru', 'ул. Кировская, 20', 'Шарья', '157500', 'Россия', 5),
(503, 'Перевозки-Карабаш', '+7 35153 887 123', 'info@kartransl.ru', 'ул. Проспект, 10', 'Карабаш', '456140', 'Россия', 3),
(504, 'Транспорт-Кингисепп', '+7 81375 221 456', 'contact@kingitrans.ru', 'ул. Фрунзе, 9', 'Кингисепп', '188480', 'Россия', 4),
(505, 'Доставка-Союз', '+7 81157 102 244', 'support@soyuzdev.ru', 'ул. Комсомольская, 7', 'Союз', '182450', 'Россия', 5),
(506, 'Логистика-Аша', '+7 35174 435 981', 'info@ashalogru.ru', 'ул. Энтузиастов, 5', 'Аша', '456330', 'Россия', 3),
(507, 'Курьерская служба-Черноголовка', '+7 49652 221 786', 'contact@chergolcourier.ru', 'ул. Лесная, 6', 'Черноголовка', '142432', 'Россия', 4),
(508, 'Шиппинг-Березовка', '+7 49624 554 789', 'sales@bereship.sd', 'ул. Нижняя, 9', 'Березовка', '141620', 'Россия', 5),
(509, 'Перевозки-Юхнов', '+7 48453 211 642', 'info@yuhnovtrans.ru', 'ул. Октябрьская, 1', 'Юхнов', '249930', 'Россия', 3),
(510, 'Транспорт-Федоровка', '+7 34287 665 420', 'contact@fedotrans.ru', 'ул. Производственная, 13', 'Федоровка', '618230', 'Россия', 4),
(511, 'Доставка-Джубга', '+7 86165 334 878', 'support@djugdev.ru', 'ул. Победы, 15', 'Джубга', '352844', 'Россия', 5),
(512, 'Логистика-Куйбышев', '+7 38362 564 661', 'info@kuibyshevlog.ru', 'ул. Бекетова, 17', 'Куйбышев', '632380', 'Россия', 3),
(513, 'Курьерская служба-Дагомыс', '+7 8622 232 887', 'contact@hurstipena.dag', 'ул. Виноградная, 4', 'Дагомыс', '354207', 'Россия', 4);


INSERT INTO Shipments (ShipmentID, OrderID, ShipperID, ShipmentDate, DeliveryDate, Status, TrackingNumber) VALUES
(101, 169, 213, '2023-09-01', '2023-09-05', 'Доставлено', 'RU123456789CN'),
(102, 365, 264, '2023-09-02', '2023-09-06', 'В пути', 'RU223456789CN'),
(103, 394, 335, '2023-09-03', '2023-09-07', 'Доставлено', 'RU323456789CN'),
(104, 348, 396, '2023-09-04', '2023-09-08', 'В пути', 'RU423456789CN'),
(105, 440, 480, '2023-09-05', '2023-09-09', 'Доставлено', 'RU523456789CN'),
(106, 468, 276, '2023-09-06', '2023-09-10', 'В пути', 'RU623456789CN'),
(107, 353, 468, '2023-09-07', '2023-09-11', 'Доставлено', 'RU723456789CN'),
(108, 447, 221, '2023-09-08', '2023-09-12', 'В пути', 'RU823456789CN'),
(109, 430, 154, '2023-09-09', '2023-09-13', 'Доставлено', 'RU923456789CN'),
(110, 328, 337, '2023-09-10', '2023-09-14', 'В пути', 'RUA23456789CN'),
(111, 239, 382, '2023-09-11', '2023-09-15', 'Доставлено', 'RUB23456789CN'),
(112, 376, 361, '2023-09-12', '2023-09-16', 'В пути', 'RUC23456789CN'),
(113, 314, 322, '2023-09-13', '2023-09-17', 'Доставлено', 'RUD23456789CN'),
(114, 308, 503, '2023-09-14', '2023-09-18', 'В пути', 'RUE23456789CN'),
(115, 271, 311, '2023-09-15', '2023-09-19', 'Доставлено', 'RUF23456789CN'),
(116, 301, 243, '2023-09-16', '2023-09-20', 'В пути', 'RUG23456789CN'),
(117, 366, 487, '2023-09-17', '2023-09-21', 'Доставлено', 'RUH23456789CN'),
(118, 284, 267, '2023-09-18', '2023-09-22', 'В пути', 'RUI23456789CN'),
(119, 465, 397, '2023-09-19', '2023-09-23', 'Доставлено', 'RUJ23456789CN'),
(120, 144, 174, '2023-09-20', '2023-09-24', 'В пути', 'RUK23456789CN'),
(121, 191, 223, '2023-09-21', '2023-09-25', 'Доставлено', 'RUL23456789CN'),
(122, 399, 368, '2023-09-22', '2023-09-26', 'В пути', 'RUM23456789CN'),
(123, 346, 172, '2023-09-23', '2023-09-27', 'Доставлено', 'RUN23456789CN'),
(124, 231, 190, '2023-09-24', '2023-09-28', 'В пути', 'RUO23456789CN'),
(125, 120, 280, '2023-09-25', '2023-09-29', 'Доставлено', 'RUP23456789CN'),
(126, 324, 159, '2023-09-26', '2023-09-30', 'В пути', 'RUQ23456789CN'),
(127, 285, 255, '2023-09-27', '2023-10-01', 'Доставлено', 'RUR23456789CN'),
(128, 439, 255, '2023-09-28', '2023-10-02', 'В пути', 'RUS23456789CN'),
(129, 180, 114, '2023-09-29', '2023-10-03', 'Доставлено', 'RUT23456789CN'),
(130, 181, 318, '2023-09-30', '2023-10-04', 'В пути', 'RUU23456789CN'),
(131, 336, 238, '2023-10-01', '2023-10-05', 'Доставлено', 'RUV23456789CN'),
(132, 221, 199, '2023-10-02', '2023-10-06', 'В пути', 'RUW23456789CN'),
(133, 473, 407, '2023-10-03', '2023-10-07', 'Доставлено', 'RUX23456789CN'),
(134, 252, 327, '2023-10-04', '2023-10-08', 'В пути', 'RUY23456789CN'),
(135, 360, 146, '2023-10-05', '2023-10-09', 'Доставлено', 'RUZ23456789CN'),
(136, 311, 452, '2023-10-06', '2023-10-10', 'В пути', 'RUA3456789CN'),
(137, 397, 357, '2023-10-07', '2023-10-11', 'Доставлено', 'RUB3456789CN'),
(138, 324, 432, '2023-10-08', '2023-10-12', 'В пути', 'RUC3456789CN'),
(139, 442, 484, '2023-10-09', '2023-10-13', 'Доставлено', 'RUD3456789CN'),
(140, 209, 106, '2023-10-10', '2023-10-14', 'В пути', 'RUE3456789CN'),
(141, 164, 395, '2023-10-11', '2023-10-15', 'Доставлено', 'RUF3456789CN'),
(142, 464, 431, '2023-10-12', '2023-10-16', 'В пути', 'RUG3456789CN'),
(143, 264, 477, '2023-10-13', '2023-10-17', 'Доставлено', 'RUH3456789CN'),
(144, 243, 351, '2023-10-14', '2023-10-18', 'В пути', 'RUI3456789CN'),
(145, 427, 408, '2023-10-15', '2023-10-19', 'Доставлено', 'RUJ3456789CN'),
(146, 189, 412, '2023-10-16', '2023-10-20', 'В пути', 'RUK3456789CN'),
(147, 338, 352, '2023-10-17', '2023-10-21', 'Доставлено', 'RUL3456789CN'),
(148, 105, 133, '2023-10-18', '2023-10-22', 'В пути', 'RUM3456789CN'),
(149, 229, 290, '2023-10-19', '2023-10-23', 'Доставлено', 'RUN3456789CN'),
(150, 191, 353, '2023-10-20', '2023-10-24', 'В пути', 'RUO3456789CN'),
(151, 393, 406, '2023-10-21', '2023-10-25', 'Доставлено', 'RUP3456789CN'),
(152, 334, 364, '2023-10-22', '2023-10-26', 'В пути', 'RUQ3456789CN'),
(153, 276, 218, '2023-10-23', '2023-10-27', 'Доставлено', 'RUR3456789CN'),
(154, 266, 111, '2023-10-24', '2023-10-28', 'В пути', 'RUS3456789CN'),
(155, 352, 206, '2023-10-25', '2023-10-29', 'Доставлено', 'RUT3456789CN'),
(156, 474, 498, '2023-10-26', '2023-10-30', 'В пути', 'RUU3456789CN'),
(157, 273, 164, '2023-10-27', '2023-10-31', 'Доставлено', 'RUV3456789CN'),
(158, 432, 319, '2023-10-28', '2023-11-01', 'В пути', 'RUW3456789CN'),
(159, 358, 354, '2023-10-29', '2023-11-02', 'Доставлено', 'RUX3456789CN'),
(160, 201, 152, '2023-10-30', '2023-11-03', 'В пути', 'RUY3456789CN'),
(161, 254, 256, '2023-10-31', '2023-11-04', 'Доставлено', 'RUZ3456789CN'),
(162, 150, 282, '2023-11-01', '2023-11-05', 'В пути', 'RUA456789CN'),
(163, 326, 296, '2023-11-02', '2023-11-06', 'Доставлено', 'RUB456789CN'),
(164, 330, 459, '2023-11-03', '2023-11-07', 'В пути', 'RUC456789CN'),
(165, 281, 461, '2023-11-04', '2023-11-08', 'Доставлено', 'RUD456789CN'),
(166, 451, 270, '2023-11-05', '2023-11-09', 'В пути', 'RUE456789CN'),
(167, 117, 203, '2023-11-06', '2023-11-10', 'Доставлено', 'RUF456789CN'),
(168, 448, 321, '2023-11-07', '2023-11-11', 'В пути', 'RUG456789CN'),
(169, 263, 458, '2023-11-08', '2023-11-12', 'Доставлено', 'RUH456789CN'),
(170, 282, 399, '2023-11-09', '2023-11-13', 'В пути', 'RUI456789CN'),
(171, 108, 201, '2023-11-10', '2023-11-14', 'Доставлено', 'RUJ456789CN'),
(172, 141, 425, '2023-11-11', '2023-11-15', 'В пути', 'RUK456789CN'),
(173, 450, 213, '2023-11-12', '2023-11-16', 'Доставлено', 'RUL456789CN'),
(174, 152, 499, '2023-11-13', '2023-11-17', 'В пути', 'RUM456789CN'),
(175, 250, 149, '2023-11-14', '2023-11-18', 'Доставлено', 'RUN456789CN'),
(176, 269, 484, '2023-11-15', '2023-11-19', 'В пути', 'RUO456789CN'),
(177, 220, 208, '2023-11-16', '2023-11-20', 'Доставлено', 'RUP456789CN'),
(178, 343, 279, '2023-11-17', '2023-11-21', 'В пути', 'RUQ456789CN'),
(179, 133, 304, '2023-11-18', '2023-11-22', 'Доставлено', 'RUR456789CN'),
(180, 299, 141, '2023-11-19', '2023-11-23', 'В пути', 'RUS456789CN'),
(181, 139, 220, '2023-11-20', '2023-11-24', 'Доставлено', 'RUT456789CN'),
(182, 124, 365, '2023-11-21', '2023-11-25', 'В пути', 'RUU456789CN'),
(183, 383, 363, '2023-11-22', '2023-11-26', 'Доставлено', 'RUV456789CN'),
(184, 142, 265, '2023-11-23', '2023-11-27', 'В пути', 'RUW456789CN'),
(185, 341, 496, '2023-11-24', '2023-11-28', 'Доставлено', 'RUX456789CN'),
(186, 311, 164, '2023-11-25', '2023-11-29', 'В пути', 'RUY456789CN'),
(187, 118, 398, '2023-11-26', '2023-11-30', 'Доставлено', 'RUZ456789CN'),
(188, 222, 271, '2023-11-27', '2023-12-01', 'В пути', 'RUA56789CN'),
(189, 204, 218, '2023-11-28', '2023-12-02', 'Доставлено', 'RUB56789CN'),
(190, 345, 464, '2023-11-29', '2023-12-03', 'В пути', 'RUC56789CN'),
(191, 199, 128, '2023-11-30', '2023-12-04', 'Доставлено', 'RUD56789CN'),
(192, 234, 348, '2023-12-01', '2023-12-05', 'В пути', 'RUE56789CN'),
(193, 356, 352, '2023-12-02', '2023-12-06', 'Доставлено', 'RUF56789CN'),
(194, 124, 152, '2023-12-03', '2023-12-07', 'В пути', 'RUG56789CN'),
(195, 307, 418, '2023-12-04', '2023-12-08', 'Доставлено', 'RUH56789CN'),
(196, 262, 214, '2023-12-05', '2023-12-09', 'В пути', 'RUI56789CN'),
(197, 380, 239, '2023-12-06', '2023-12-10', 'Доставлено', 'RUJ56789CN'),
(198, 288, 325, '2023-12-07', '2023-12-11', 'В пути', 'RUK56789CN'),
(199, 424, 351, '2023-12-08', '2023-12-12', 'Доставлено', 'RUL56789CN'),
(200, 199, 300, '2023-12-09', '2023-12-13', 'В пути', 'RUM56789CN'),
(201, 208, 347, '2023-12-10', '2023-12-14', 'Доставлено', 'RUN56789AZ'),
(202, 169, 428, '2023-12-11', '2023-12-15', 'В пути', 'RUO56789AZ'),
(203, 480, 433, '2023-12-12', '2023-12-16', 'Доставлено', 'RUP56789AZ'),
(204, 425, 258, '2023-12-13', '2023-12-17', 'В пути', 'RUQ56789AZ'),
(205, 195, 250, '2023-12-14', '2023-12-18', 'Доставлено', 'RUR56789AZ'),
(206, 146, 496, '2023-12-15', '2023-12-19', 'В пути', 'RUS56789AZ'),
(207, 151, 365, '2023-12-16', '2023-12-20', 'Доставлено', 'RUT56789AZ'),
(208, 163, 198, '2023-12-17', '2023-12-21', 'В пути', 'RUU56789AZ'),
(209, 253, 413, '2023-12-18', '2023-12-22', 'Доставлено', 'RUV56789AZ'),
(210, 140, 133, '2023-12-19', '2023-12-23', 'В пути', 'RUW56789AZ'),
(211, 278, 437, '2023-12-20', '2023-12-24', 'Доставлено', 'RUX56789AZ'),
(212, 380, 192, '2023-12-21', '2023-12-25', 'В пути', 'RUY56789AZ'),
(213, 216, 280, '2023-12-22', '2023-12-26', 'Доставлено', 'RUZ56789AZ'),
(214, 211, 311, '2023-12-23', '2023-12-27', 'В пути', 'RUA6789AZ'),
(215, 361, 497, '2023-12-24', '2023-12-28', 'Доставлено', 'RUB6789AZ'),
(216, 271, 472, '2023-12-25', '2023-12-29', 'В пути', 'RUC6789AZ'),
(217, 118, 213, '2023-12-26', '2023-12-30', 'Доставлено', 'RUD6789AZ'),
(218, 475, 338, '2023-12-27', '2023-12-31', 'В пути', 'RUE6789AZ'),
(219, 225, 467, '2023-12-28', '2024-01-01', 'Доставлено', 'RUF6789AZ'),
(220, 356, 381, '2023-12-29', '2024-01-02', 'В пути', 'RUG6789AZ'),
(221, 123, 104, '2023-12-30', '2024-01-03', 'Доставлено', 'RUH6789AZ'),
(222, 326, 325, '2023-12-31', '2024-01-04', 'В пути', 'RUI6789AZ'),
(223, 194, 363, '2024-01-01', '2024-01-05', 'Доставлено', 'RUJ6789AZ'),
(224, 467, 119, '2024-01-02', '2024-01-06', 'В пути', 'RUK6789AZ'),
(225, 117, 366, '2024-01-03', '2024-01-07', 'Доставлено', 'RUL6789AZ'),
(226, 263, 394, '2024-01-04', '2024-01-08', 'В пути', 'RUM6789AZ'),
(227, 365, 451, '2024-01-05', '2024-01-09', 'Доставлено', 'RUN6789AZ'),
(228, 234, 150, '2024-01-06', '2024-01-10', 'В пути', 'RUO6789AZ'),
(229, 434, 330, '2024-01-07', '2024-01-11', 'Доставлено', 'RUP6789AZ'),
(230, 464, 140, '2024-01-08', '2024-01-12', 'В пути', 'RUQ6789AZ'),
(231, 380, 267, '2024-01-09', '2024-01-13', 'Доставлено', 'RUR6789AZ'),
(232, 212, 463, '2024-01-10', '2024-01-14', 'В пути', 'RUS6789AZ'),
(233, 415, 108, '2024-01-11', '2024-01-15', 'Доставлено', 'RUT6789AZ'),
(234, 190, 159, '2024-01-12', '2024-01-16', 'В пути', 'RUU6789AZ'),
(235, 475, 350, '2024-01-13', '2024-01-17', 'Доставлено', 'RUV6789AZ'),
(236, 450, 325, '2024-01-14', '2024-01-18', 'В пути', 'RUW6789AZ'),
(237, 293, 365, '2024-01-15', '2024-01-19', 'Доставлено', 'RUX6789AZ'),
(238, 121, 295, '2024-01-16', '2024-01-20', 'В пути', 'RUY6789AZ'),
(239, 302, 467, '2024-01-17', '2024-01-21', 'Доставлено', 'RUZ6789AZ'),
(240, 403, 444, '2024-01-18', '2024-01-22', 'В пути', 'RUA789AZ'),
(241, 458, 435, '2024-01-19', '2024-01-23', 'Доставлено', 'RUB789AZ'),
(242, 287, 163, '2024-01-20', '2024-01-24', 'В пути', 'RUC789AZ'),
(243, 398, 276, '2024-01-21', '2024-01-25', 'Доставлено', 'RUD789AZ'),
(244, 385, 335, '2024-01-22', '2024-01-26', 'В пути', 'RUE789AZ'),
(245, 168, 107, '2024-01-23', '2024-01-27', 'Доставлено', 'RUF789AZ'),
(246, 205, 186, '2024-01-24', '2024-01-28', 'В пути', 'RUG789AZ'),
(247, 410, 475, '2024-01-25', '2024-01-29', 'Доставлено', 'RUH789AZ'),
(248, 126, 178, '2024-01-26', '2024-01-30', 'В пути', 'RUI789AZ'),
(249, 172, 363, '2024-01-27', '2024-01-31', 'Доставлено', 'RUJ789AZ'),
(250, 321, 380, '2024-01-28', '2024-02-01', 'В пути', 'RUK789AZ'),
(251, 409, 267, '2024-01-29', '2024-02-02', 'Доставлено', 'RUL789AZ'),
(252, 366, 213, '2024-01-30', '2024-02-03', 'В пути', 'RUM789AZ'),
(253, 195, 267, '2024-01-31', '2024-02-04', 'Доставлено', 'RUN789AZ'),
(254, 244, 386, '2024-02-01', '2024-02-05', 'В пути', 'RUO789AZ'),
(255, 467, 285, '2024-02-02', '2024-02-06', 'Доставлено', 'RUP789AZ'),
(256, 326, 291, '2024-02-03', '2024-02-07', 'В пути', 'RUQ789AZ'),
(257, 178, 372, '2024-02-04', '2024-02-08', 'Доставлено', 'RUR789AZ'),
(258, 372, 127, '2024-02-05', '2024-02-09', 'В пути', 'RUS789AZ'),
(259, 477, 189, '2024-02-06', '2024-02-10', 'Доставлено', 'RUT789AZ'),
(260, 474, 359, '2024-02-07', '2024-02-11', 'В пути', 'RUU789AZ'),
(261, 163, 209, '2024-02-08', '2024-02-12', 'Доставлено', 'RUV789AZ'),
(262, 284, 239, '2024-02-09', '2024-02-13', 'В пути', 'RUW789AZ'),
(263, 423, 429, '2024-02-10', '2024-02-14', 'Доставлено', 'RUX789AZ'),
(264, 123, 103, '2024-02-11', '2024-02-15', 'В пути', 'RUY789AZ'),
(265, 390, 107, '2024-02-12', '2024-02-16', 'Доставлено', 'RUZ789AZ'),
(266, 309, 321, '2024-02-13', '2024-02-17', 'В пути', 'RUA891AZ'),
(267, 166, 470, '2024-02-14', '2024-02-18', 'Доставлено', 'RUB891AZ'),
(268, 350, 348, '2024-02-15', '2024-02-19', 'В пути', 'RUC891AZ'),
(269, 373, 136, '2024-02-16', '2024-02-20', 'Доставлено', 'RUD891AZ'),
(270, 174, 111, '2024-02-17', '2024-02-21', 'В пути', 'RUE891AZ'),
(271, 386, 208, '2024-02-18', '2024-02-22', 'Доставлено', 'RUF891AZ'),
(272, 141, 247, '2024-02-19', '2024-02-23', 'В пути', 'RUG891AZ'),
(273, 436, 237, '2024-02-20', '2024-02-24', 'Доставлено', 'RUH891AZ'),
(274, 160, 403, '2024-02-21', '2024-02-25', 'В пути', 'RUI891AZ'),
(275, 161, 392, '2024-02-22', '2024-02-26', 'Доставлено', 'RUJ891AZ'),
(276, 443, 430, '2024-02-23', '2024-02-27', 'В пути', 'RUK891AZ'),
(277, 261, 364, '2024-02-24', '2024-02-28', 'Доставлено', 'RUL891AZ'),
(278, 423, 498, '2024-02-25', '2024-02-29', 'В пути', 'RUM891AZ'),
(279, 164, 250, '2024-02-26', '2024-02-29', 'Доставлено', 'RUN891AZ'),
(280, 330, 243, '2024-02-27', '2024-03-01', 'В пути', 'RUO891AZ'),
(281, 213, 328, '2024-02-28', '2024-03-02', 'Доставлено', 'RUP891AZ'),
(282, 406, 102, '2024-02-29', '2024-03-03', 'В пути', 'RUQ891AZ'),
(283, 266, 312, '2024-03-01', '2024-03-04', 'Доставлено', 'RUR891AZ'),
(284, 437, 351, '2024-03-02', '2024-03-05', 'В пути', 'RUS891AZ'),
(285, 420, 414, '2024-03-03', '2024-03-06', 'Доставлено', 'RUT891AZ'),
(286, 177, 248, '2024-03-04', '2024-03-07', 'В пути', 'RUU891AZ'),
(287, 147, 500, '2024-03-05', '2024-03-08', 'Доставлено', 'RUV891AZ'),
(288, 463, 395, '2024-03-06', '2024-03-09', 'В пути', 'RUW891AZ'),
(289, 264, 445, '2024-03-07', '2024-03-10', 'Доставлено', 'RUX891AZ'),
(290, 441, 246, '2024-03-08', '2024-03-11', 'В пути', 'RUY891AZ'),
(291, 131, 305, '2024-03-09', '2024-03-12', 'Доставлено', 'RUZ891AZ'),
(292, 171, 216, '2024-03-10', '2024-03-13', 'В пути', 'RUA901AZ'),
(293, 253, 107, '2024-03-11', '2024-03-14', 'Доставлено', 'RUB901AZ'),
(294, 196, 118, '2024-03-12', '2024-03-15', 'В пути', 'RUC901AZ'),
(295, 177, 428, '2024-03-13', '2024-03-16', 'Доставлено', 'RUD901AZ'),
(296, 290, 333, '2024-03-14', '2024-03-17', 'В пути', 'RUE901AZ'),
(297, 237, 479, '2024-03-15', '2024-03-18', 'Доставлено', 'RUF901AZ'),
(298, 420, 508, '2024-03-16', '2024-03-19', 'В пути', 'RUG901AZ'),
(299, 127, 161, '2024-03-17', '2024-03-20', 'Доставлено', 'RUH901AZ'),
(300, 232, 329, '2024-03-18', '2024-03-21', 'В пути', 'RUI901AZ'),
(301, 165, 338, '2024-03-19', '2024-03-22', 'Доставлено', 'RUJ901AZ'),
(302, 325, 170, '2024-03-20', '2024-03-23', 'В пути', 'RUK901AZ'),
(303, 191, 320, '2024-03-21', '2024-03-24', 'Доставлено', 'RUL901AZ'),
(304, 390, 463, '2024-03-22', '2024-03-25', 'В пути', 'RUM901AZ'),
(305, 253, 337, '2024-03-23', '2024-03-26', 'Доставлено', 'RUN901AZ'),
(306, 421, 292, '2024-03-24', '2024-03-27', 'В пути', 'RUO901AZ'),
(307, 146, 107, '2024-03-25', '2024-03-28', 'Доставлено', 'RUP901AZ'),
(308, 140, 134, '2024-03-26', '2024-03-29', 'В пути', 'RUQ901AZ'),
(309, 308, 324, '2024-03-27', '2024-03-30', 'Доставлено', 'RUR901AZ'),
(310, 275, 456, '2024-03-28', '2024-03-31', 'В пути', 'RUS901AZ'),
(311, 379, 309, '2024-03-29', '2024-04-01', 'Доставлено', 'RUT901AZ'),
(312, 311, 145, '2024-03-30', '2024-04-02', 'В пути', 'RUU901AZ'),
(313, 313, 373, '2024-03-31', '2024-04-03', 'Доставлено', 'RUV901AZ'),
(314, 104, 254, '2024-04-01', '2024-04-04', 'В пути', 'RUW901AZ'),
(315, 459, 386, '2024-04-02', '2024-04-05', 'Доставлено', 'RUX901AZ'),
(316, 352, 294, '2024-04-03', '2024-04-06', 'В пути', 'RUY901AZ'),
(317, 278, 257, '2024-04-04', '2024-04-07', 'Доставлено', 'RUZ901AZ'),
(318, 203, 192, '2024-04-05', '2024-04-08', 'В пути', 'RUA123BZ'),
(319, 269, 276, '2024-04-06', '2024-04-09', 'Доставлено', 'RUB123BZ'),
(320, 415, 125, '2024-04-07', '2024-04-10', 'В пути', 'RUC123BZ'),
(321, 445, 180, '2024-04-08', '2024-04-11', 'Доставлено', 'RUD123BZ'),
(322, 142, 450, '2024-04-09', '2024-04-12', 'В пути', 'RUE123BZ'),
(323, 224, 166, '2024-04-10', '2024-04-13', 'Доставлено', 'RUF123BZ'),
(324, 327, 298, '2024-04-11', '2024-04-14', 'В пути', 'RUG123BZ'),
(325, 424, 139, '2024-04-12', '2024-04-15', 'Доставлено', 'RUH123BZ'),
(326, 412, 221, '2024-04-13', '2024-04-16', 'В пути', 'RUI123BZ'),
(327, 265, 243, '2024-04-14', '2024-04-17', 'Доставлено', 'RUJ123BZ'),
(328, 267, 372, '2024-04-15', '2024-04-18', 'В пути', 'RUK123BZ'),
(329, 123, 277, '2024-04-16', '2024-04-19', 'Доставлено', 'RUL123BZ'),
(330, 460, 255, '2024-04-17', '2024-04-20', 'В пути', 'RUM123BZ'),
(331, 415, 201, '2024-04-18', '2024-04-21', 'Доставлено', 'RUN123BZ'),
(332, 412, 435, '2024-04-19', '2024-04-22', 'В пути', 'RUO123BZ'),
(333, 405, 429, '2024-04-20', '2024-04-23', 'Доставлено', 'RUP123BZ'),
(334, 345, 454, '2024-04-21', '2024-04-24', 'В пути', 'RUQ123BZ'),
(335, 439, 202, '2024-04-22', '2024-04-25', 'Доставлено', 'RUR123BZ'),
(336, 353, 438, '2024-04-23', '2024-04-26', 'В пути', 'RUS123BZ'),
(337, 134, 244, '2024-04-24', '2024-04-27', 'Доставлено', 'RUT123BZ'),
(338, 293, 174, '2024-04-25', '2024-04-28', 'В пути', 'RUU123BZ'),
(339, 189, 301, '2024-04-27', '2024-04-30', 'Доставлено', 'RUW123BZ'),
(340, 278, 421, '2024-04-28', '2024-05-01', 'В пути', 'RUX123BZ'),
(341, 466, 226, '2024-04-29', '2024-05-02', 'Доставлено', 'RUY123BZ'),
(342, 440, 329, '2024-04-30', '2024-05-03', 'В пути', 'RUZ123BZ'),
(343, 369, 430, '2024-05-01', '2024-05-04', 'Доставлено', 'RUA234BZ'),
(344, 270, 128, '2024-05-02', '2024-05-05', 'В пути', 'RUB234BZ'),
(345, 220, 198, '2024-05-03', '2024-05-06', 'Доставлено', 'RUC234BZ'),
(346, 251, 512, '2024-05-04', '2024-05-07', 'В пути', 'RUD234BZ'),
(347, 420, 309, '2024-05-05', '2024-05-08', 'Доставлено', 'RUE234BZ'),
(348, 437, 143, '2024-05-06', '2024-05-09', 'В пути', 'RUF234BZ'),
(349, 458, 462, '2024-05-07', '2024-05-10', 'Доставлено', 'RUG234BZ'),
(350, 263, 174, '2024-05-08', '2024-05-11', 'В пути', 'RUH234BZ'),
(351, 391, 141, '2024-05-09', '2024-05-12', 'Доставлено', 'RUI234BZ'),
(352, 153, 347, '2024-05-10', '2024-05-13', 'В пути', 'RUJ234BZ'),
(353, 255, 134, '2024-05-11', '2024-05-14', 'Доставлено', 'RUK234BZ'),
(354, 179, 483, '2024-05-12', '2024-05-15', 'В пути', 'RUL234BZ'),
(355, 139, 191, '2024-05-13', '2024-05-16', 'Доставлено', 'RUM234BZ'),
(356, 264, 337, '2024-05-14', '2024-05-17', 'В пути', 'RUN234BZ'),
(357, 368, 171, '2024-05-15', '2024-05-18', 'Доставлено', 'RUO234BZ'),
(358, 359, 301, '2024-05-16', '2024-05-19', 'В пути', 'RUP234BZ'),
(359, 222, 484, '2024-05-17', '2024-05-20', 'Доставлено', 'RUQ234BZ'),
(360, 319, 148, '2024-05-18', '2024-05-21', 'В пути', 'RUR234BZ'),
(361, 421, 152, '2024-05-19', '2024-05-22', 'Доставлено', 'RUS234BZ'),
(362, 403, 451, '2024-05-20', '2024-05-23', 'В пути', 'RUT234BZ'),
(363, 369, 471, '2024-05-21', '2024-05-24', 'Доставлено', 'RUU234BZ'),
(364, 409, 432, '2024-05-22', '2024-05-25', 'В пути', 'RUV234BZ'),
(365, 367, 468, '2024-05-23', '2024-05-26', 'Доставлено', 'RUW234BZ'),
(366, 200, 140, '2024-05-24', '2024-05-27', 'В пути', 'RUX234BZ'),
(367, 155, 103, '2024-05-25', '2024-05-28', 'Доставлено', 'RUY234BZ'),
(368, 412, 482, '2024-05-26', '2024-05-29', 'В пути', 'RUZ234BZ'),
(369, 262, 458, '2024-05-27', '2024-05-30', 'Доставлено', 'RUA345BZ'),
(370, 461, 476, '2024-05-28', '2024-05-31', 'В пути', 'RUB345BZ'),
(371, 425, 285, '2024-05-29', '2024-06-01', 'Доставлено', 'RUC345BZ'),
(372, 452, 306, '2024-05-30', '2024-06-02', 'В пути', 'RUD345BZ'),
(373, 225, 170, '2024-05-31', '2024-06-03', 'Доставлено', 'RUE345BZ'),
(374, 425, 497, '2024-06-01', '2024-06-04', 'В пути', 'RUF345BZ'),
(375, 408, 299, '2024-06-02', '2024-06-05', 'Доставлено', 'RUG345BZ'),
(376, 348, 213, '2024-06-03', '2024-06-06', 'В пути', 'RUH345BZ'),
(377, 479, 492, '2024-06-04', '2024-06-07', 'Доставлено', 'RUI345BZ'),
(378, 124, 416, '2024-06-05', '2024-06-08', 'В пути', 'RUJ345BZ'),
(379, 258, 346, '2024-06-06', '2024-06-09', 'Доставлено', 'RUK345BZ'),
(380, 203, 486, '2024-06-07', '2024-06-10', 'В пути', 'RUL345BZ'),
(381, 234, 180, '2024-06-08', '2024-06-11', 'Доставлено', 'RUM345BZ'),
(382, 321, 461, '2024-06-09', '2024-06-12', 'В пути', 'RUN345BZ'),
(383, 398, 146, '2024-06-10', '2024-06-13', 'Доставлено', 'RUO345BZ'),
(384, 387, 323, '2024-06-11', '2024-06-14', 'В пути', 'RUP345BZ'),
(385, 386, 490, '2024-06-12', '2024-06-15', 'Доставлено', 'RUQ345BZ'),
(386, 401, 219, '2024-06-13', '2024-06-16', 'В пути', 'RUR345BZ'),
(387, 435, 426, '2024-06-14', '2024-06-17', 'Доставлено', 'RUS345BZ'),
(388, 153, 255, '2024-06-15', '2024-06-18', 'В пути', 'RUT345BZ'),
(389, 308, 486, '2024-06-16', '2024-06-19', 'Доставлено', 'RUU345BZ'),
(390, 112, 417, '2024-06-17', '2024-06-20', 'В пути', 'RUV345BZ'),
(391, 312, 365, '2024-06-18', '2024-06-21', 'Доставлено', 'RUW345BZ'),
(392, 442, 179, '2024-06-19', '2024-06-22', 'В пути', 'RUX345BZ'),
(393, 256, 130, '2024-06-20', '2024-06-23', 'Доставлено', 'RUY345BZ'),
(394, 331, 476, '2024-06-21', '2024-06-24', 'В пути', 'RUZ345BZ'),
(395, 329, 172, '2024-06-22', '2024-06-25', 'Доставлено', 'RUA456BZ'),
(396, 420, 297, '2024-06-23', '2024-06-26', 'В пути', 'RUB456BZ'),
(397, 243, 217, '2024-06-24', '2024-06-27', 'Доставлено', 'RUC456BZ'),
(398, 197, 111, '2024-06-25', '2024-06-28', 'В пути', 'RUD456BZ'),
(399, 208, 161, '2024-06-26', '2024-06-29', 'Доставлено', 'RUE456BZ'),
(400, 160, 172, '2024-06-27', '2024-06-30', 'В пути', 'RUF456BZ'),
(401, 306, 133, '2024-06-28', '2024-07-01', 'Доставлено', 'RUG456BZ'),
(402, 282, 141, '2024-06-29', '2024-07-02', 'В пути', 'RUH456BZ'),
(403, 166, 371, '2024-06-30', '2024-07-03', 'Доставлено', 'RUI456BZ'),
(404, 175, 163, '2024-07-01', '2024-07-04', 'В пути', 'RUJ456BZ'),
(405, 131, 119, '2024-07-02', '2024-07-05', 'Доставлено', 'RUK456BZ'),
(406, 352, 104, '2024-07-03', '2024-07-06', 'В пути', 'RUL456BZ'),
(407, 286, 106, '2024-07-04', '2024-07-07', 'Доставлено', 'RUM456BZ'),
(408, 160, 330, '2024-07-05', '2024-07-08', 'В пути', 'RUN456BZ'),
(409, 427, 489, '2024-07-06', '2024-07-09', 'Доставлено', 'RUO456BZ'),
(410, 386, 244, '2024-07-07', '2024-07-10', 'В пути', 'RUP456BZ'),
(411, 291, 195, '2024-07-08', '2024-07-11', 'Доставлено', 'RUQ456BZ'),
(412, 459, 213, '2024-07-09', '2024-07-12', 'В пути', 'RUR456BZ'),
(413, 478, 410, '2024-07-10', '2024-07-13', 'Доставлено', 'RUS456BZ'),
(414, 296, 235, '2024-07-11', '2024-07-14', 'В пути', 'RUT456BZ'),
(415, 370, 150, '2024-07-12', '2024-07-15', 'Доставлено', 'RUU456BZ'),
(416, 307, 509, '2024-07-13', '2024-07-16', 'В пути', 'RUV456BZ'),
(417, 250, 149, '2024-07-14', '2024-07-17', 'Доставлено', 'RUW456BZ'),
(418, 347, 215, '2024-07-15', '2024-07-18', 'В пути', 'RUX456BZ'),
(419, 314, 109, '2024-07-16', '2024-07-19', 'Доставлено', 'RUY456BZ'),
(420, 307, 360, '2024-07-17', '2024-07-20', 'В пути', 'RUZ456BZ'),
(421, 309, 403, '2024-07-18', '2024-07-21', 'Доставлено', 'RUA567BZ'),
(422, 103, 183, '2024-07-19', '2024-07-22', 'В пути', 'RUB567BZ'),
(423, 467, 185, '2024-07-20', '2024-07-23', 'Доставлено', 'RUC567BZ'),
(424, 364, 324, '2024-07-21', '2024-07-24', 'В пути', 'RUD567BZ'),
(425, 262, 241, '2024-07-22', '2024-07-25', 'Доставлено', 'RUE567BZ'),
(426, 445, 332, '2024-07-23', '2024-07-26', 'В пути', 'RUF567BZ'),
(427, 208, 468, '2024-07-24', '2024-07-27', 'Доставлено', 'RUG567BZ'),
(428, 376, 408, '2024-07-25', '2024-07-28', 'В пути', 'RUH567BZ'),
(429, 179, 226, '2024-07-26', '2024-07-29', 'Доставлено', 'RUI567BZ'),
(430, 417, 348, '2024-07-27', '2024-07-30', 'В пути', 'RUJ567BZ'),
(431, 266, 471, '2024-07-28', '2024-07-31', 'Доставлено', 'RUK567BZ'),
(432, 448, 270, '2024-07-29', '2024-08-01', 'В пути', 'RUL567BZ'),
(433, 149, 511, '2024-07-30', '2024-08-02', 'Доставлено', 'RUM567BZ'),
(434, 222, 190, '2024-07-31', '2024-08-03', 'В пути', 'RUN567BZ'),
(435, 411, 131, '2024-08-01', '2024-08-04', 'Доставлено', 'RUO567BZ'),
(436, 178, 178, '2024-08-02', '2024-08-05', 'В пути', 'RUP567BZ'),
(437, 315, 325, '2024-08-03', '2024-08-06', 'Доставлено', 'RUQ567BZ'),
(438, 232, 173, '2024-08-04', '2024-08-07', 'В пути', 'RUR567BZ'),
(439, 336, 245, '2024-08-05', '2024-08-08', 'Доставлено', 'RUS567BZ'),
(440, 327, 449, '2024-08-06', '2024-08-09', 'В пути', 'RUT567BZ'),
(441, 450, 474, '2024-08-07', '2024-08-10', 'Доставлено', 'RUU567BZ'),
(442, 330, 368, '2024-08-08', '2024-08-11', 'В пути', 'RUV567BZ'),
(443, 373, 358, '2024-08-09', '2024-08-12', 'Доставлено', 'RUW567BZ'),
(444, 390, 210, '2024-08-10', '2024-08-13', 'В пути', 'RUX567BZ'),
(445, 286, 430, '2024-08-11', '2024-08-14', 'Доставлено', 'RUY567BZ'),
(446, 275, 256, '2024-08-12', '2024-08-15', 'В пути', 'RUZ567BZ'),
(447, 389, 226, '2024-08-13', '2024-08-16', 'Доставлено', 'RUA678BZ'),
(448, 467, 149, '2024-08-14', '2024-08-17', 'В пути', 'RUB678BZ'),
(449, 460, 306, '2024-08-15', '2024-08-18', 'Доставлено', 'RUC678BZ'),
(450, 419, 127, '2024-08-16', '2024-08-19', 'В пути', 'RUD678BZ'),
(451, 478, 396, '2024-08-17', '2024-08-20', 'Доставлено', 'RUE678BZ'),
(452, 115, 370, '2024-08-18', '2024-08-21', 'В пути', 'RUF678BZ'),
(453, 244, 507, '2024-08-19', '2024-08-22', 'Доставлено', 'RUG678BZ'),
(454, 293, 461, '2024-08-20', '2024-08-23', 'В пути', 'RUH678BZ'),
(455, 334, 340, '2024-08-21', '2024-08-24', 'Доставлено', 'RUI678BZ'),
(456, 359, 335, '2024-08-22', '2024-08-25', 'В пути', 'RUJ678BZ'),
(457, 117, 341, '2024-08-23', '2024-08-26', 'Доставлено', 'RUK678BZ'),
(458, 154, 474, '2024-08-24', '2024-08-27', 'В пути', 'RUL678BZ'),
(459, 390, 218, '2024-08-25', '2024-08-28', 'Доставлено', 'RUM678BZ'),
(460, 247, 141, '2024-08-26', '2024-08-29', 'В пути', 'RUN678BZ'),
(461, 359, 159, '2024-08-27', '2024-08-30', 'Доставлено', 'RUO678BZ'),
(462, 480, 154, '2024-08-28', '2024-08-31', 'В пути', 'RUP678BZ'),
(463, 350, 436, '2024-08-29', '2024-09-01', 'Доставлено', 'RUQ678BZ'),
(464, 453, 460, '2024-08-30', '2024-09-02', 'В пути', 'RUR678BZ'),
(465, 183, 341, '2024-08-31', '2024-09-03', 'Доставлено', 'RUS678BZ'),
(466, 364, 402, '2024-09-01', '2024-09-04', 'В пути', 'RUT678BZ'),
(467, 464, 173, '2024-09-02', '2024-09-05', 'Доставлено', 'RUU678BZ'),
(468, 378, 507, '2024-09-03', '2024-09-06', 'В пути', 'RUV678BZ'),
(469, 252, 415, '2024-09-04', '2024-09-07', 'Доставлено', 'RUW678BZ'),
(470, 341, 414, '2024-09-05', '2024-09-08', 'В пути', 'RUX678BZ'),
(471, 114, 254, '2024-09-06', '2024-09-09', 'Доставлено', 'RUY678BZ'),
(472, 302, 483, '2024-09-07', '2024-09-10', 'В пути', 'RUZ678BZ'),
(473, 257, 394, '2024-09-08', '2024-09-11', 'Доставлено', 'RUA789BZ'),
(474, 283, 422, '2024-09-09', '2024-09-12', 'В пути', 'RUB789BZ'),
(475, 139, 103, '2024-09-10', '2024-09-13', 'Доставлено', 'RUC789BZ'),
(476, 335, 413, '2024-09-11', '2024-09-14', 'В пути', 'RUD789BZ'),
(477, 466, 297, '2024-09-12', '2024-09-15', 'Доставлено', 'RUE789BZ'),
(478, 446, 400, '2024-09-13', '2024-09-16', 'В пути', 'RUF789BZ'),
(479, 307, 236, '2024-09-14', '2024-09-17', 'Доставлено', 'RUG789BZ'),
(480, 405, 466, '2024-09-15', '2024-09-18', 'В пути', 'RUH789BZ'),
(481, 321, 226, '2024-09-16', '2024-09-19', 'Доставлено', 'RUI789BZ'),
(482, 260, 247, '2024-09-17', '2024-09-20', 'В пути', 'RUJ789BZ'),
(483, 433, 158, '2024-09-18', '2024-09-21', 'Доставлено', 'RUK789BZ'),
(484, 209, 177, '2024-09-19', '2024-09-22', 'В пути', 'RUL789BZ'),
(485, 470, 149, '2024-09-20', '2024-09-23', 'Доставлено', 'RUM789BZ'),
(486, 398, 415, '2024-09-21', '2024-09-24', 'В пути', 'RUN789BZ'),
(487, 162, 172, '2024-09-22', '2024-09-25', 'Доставлено', 'RUO789BZ'),
(488, 168, 325, '2024-09-23', '2024-09-26', 'В пути', 'RUP789BZ'),
(489, 308, 473, '2024-09-24', '2024-09-27', 'Доставлено', 'RUQ789BZ'),
(490, 309, 439, '2024-09-25', '2024-09-28', 'В пути', 'RUR789BZ'),
(491, 136, 282, '2024-09-26', '2024-09-29', 'Доставлено', 'RUS789BZ'),
(492, 125, 399, '2024-09-27', '2024-09-30', 'В пути', 'RUT789BZ'),
(493, 314, 265, '2024-09-28', '2024-10-01', 'Доставлено', 'RUU789BZ'),
(494, 107, 196, '2024-09-29', '2024-10-02', 'В пути', 'RUV789BZ'),
(495, 311, 405, '2024-09-30', '2024-10-03', 'Доставлено', 'RUW789BZ'),
(496, 197, 127, '2024-10-01', '2024-10-04', 'В пути', 'RUX789BZ'),
(497, 112, 134, '2024-10-02', '2024-10-05', 'Доставлено', 'RUY789BZ'),
(498, 258, 455, '2024-10-03', '2024-10-06', 'В пути', 'RUZ789BZ'),
(499, 221, 173, '2024-10-04', '2024-10-07', 'Доставлено', 'RUA890BZ'),
(500, 377, 399, '2024-10-05', '2024-10-08', 'В пути', 'RUB890BZ'),
(501, 401, 166, '2024-10-06', '2024-10-09', 'Доставлено', 'RUC890BZ'),
(502, 266, 436, '2024-10-07', '2024-10-10', 'В пути', 'RUD890BZ'),
(503, 137, 174, '2024-10-08', '2024-10-11', 'Доставлено', 'RUE890BZ'),
(504, 403, 303, '2024-10-09', '2024-10-12', 'В пути', 'RUF890BZ'),
(505, 210, 364, '2024-10-10', '2024-10-13', 'Доставлено', 'RUG890BZ'),
(506, 283, 432, '2024-10-11', '2024-10-14', 'В пути', 'RUH890BZ'),
(507, 219, 259, '2024-10-12', '2024-10-15', 'Доставлено', 'RUI890BZ'),
(508, 278, 190, '2024-10-13', '2024-10-16', 'В пути', 'RUJ890BZ'),
(509, 442, 229, '2024-10-14', '2024-10-17', 'Доставлено', 'RUK890BZ'),
(510, 206, 479, '2024-10-15', '2024-10-18', 'В пути', 'RUL890BZ'),
(511, 102, 210, '2024-10-16', '2024-10-19', 'Доставлено', 'RUM890BZ'),
(512, 162, 355, '2024-10-17', '2024-10-20', 'В пути', 'RUN890BZ'),
(513, 433, 509, '2024-10-18', '2024-10-21', 'Доставлено', 'RUO890BZ'),
(514, 379, 101, '2024-10-19', '2024-10-22', 'В пути', 'RUP890BZ'),
(515, 207, 214, '2024-10-20', '2024-10-23', 'Доставлено', 'RUQ890BZ'),
(516, 115, 281, '2024-10-21', '2024-10-24', 'В пути', 'RUR890BZ'),
(517, 414, 306, '2024-10-22', '2024-10-25', 'Доставлено', 'RUS890BZ'),
(518, 384, 311, '2024-10-23', '2024-10-26', 'В пути', 'RUT890BZ'),
(519, 318, 130, '2024-10-24', '2024-10-27', 'Доставлено', 'RUU890BZ'),
(520, 337, 378, '2024-10-25', '2024-10-28', 'В пути', 'RUV890BZ'),
(521, 143, 142, '2024-10-26', '2024-10-29', 'Доставлено', 'RUW890BZ'),
(522, 417, 167, '2024-10-27', '2024-10-30', 'В пути', 'RUX890BZ'),
(523, 259, 326, '2024-10-28', '2024-10-31', 'Доставлено', 'RUY890BZ'),
(524, 377, 405, '2024-10-29', '2024-11-01', 'В пути', 'RUZ890BZ'),
(525, 427, 444, '2024-10-30', '2024-11-02', 'Доставлено', 'RUA901BZ'),
(526, 104, 500, '2024-10-31', '2024-11-03', 'В пути', 'RUB901BZ'),
(527, 158, 344, '2024-11-01', '2024-11-04', 'Доставлено', 'RUC901BZ'),
(528, 294, 397, '2024-11-02', '2024-11-05', 'В пути', 'RUD901BZ'),
(529, 438, 311, '2024-11-03', '2024-11-06', 'Доставлено', 'RUE901BZ'),
(530, 406, 136, '2024-11-04', '2024-11-07', 'В пути', 'RUF901BZ'),
(531, 117, 427, '2024-11-05', '2024-11-08', 'Доставлено', 'RUG901BZ'),
(532, 166, 130, '2024-11-06', '2024-11-09', 'В пути', 'RUH901BZ'),
(533, 183, 132, '2024-11-07', '2024-11-10', 'Доставлено', 'RUI901BZ'),
(534, 228, 205, '2024-11-08', '2024-11-11', 'В пути', 'RUJ901BZ'),
(535, 264, 358, '2024-11-09', '2024-11-12', 'Доставлено', 'RUK901BZ'),
(536, 313, 460, '2024-11-10', '2024-11-13', 'В пути', 'RUL901BZ'),
(537, 165, 131, '2024-11-11', '2024-11-14', 'Доставлено', 'RUM901BZ'),
(538, 292, 248, '2024-11-12', '2024-11-15', 'В пути', 'RUN901BZ'),
(539, 193, 224, '2024-11-13', '2024-11-16', 'Доставлено', 'RUO901BZ'),
(540, 223, 155, '2024-11-14', '2024-11-17', 'В пути', 'RUP901BZ'),
(541, 241, 188, '2024-11-15', '2024-11-18', 'Доставлено', 'RUQ901BZ'),
(542, 326, 161, '2024-11-16', '2024-11-19', 'В пути', 'RUR901BZ'),
(543, 433, 365, '2024-11-17', '2024-11-20', 'Доставлено', 'RUS901BZ'),
(544, 443, 149, '2024-11-18', '2024-11-21', 'В пути', 'RUT901BZ'),
(545, 348, 235, '2024-11-19', '2024-11-22', 'Доставлено', 'RUU901BZ'),
(546, 340, 314, '2024-11-20', '2024-11-23', 'В пути', 'RUV901BZ'),
(547, 172, 318, '2024-11-21', '2024-11-24', 'Доставлено', 'RUW901BZ'),
(548, 101, 176, '2024-11-22', '2024-11-25', 'В пути', 'RUX901BZ'),
(549, 125, 358, '2024-11-23', '2024-11-26', 'Доставлено', 'RUY901BZ'),
(550, 385, 430, '2024-11-24', '2024-11-27', 'В пути', 'RUZ901BZ'),
(551, 204, 149, '2024-11-25', '2024-11-28', 'Доставлено', 'RUA902BZ'),
(552, 355, 127, '2024-11-26', '2024-11-29', 'В пути', 'RUB902BZ'),
(553, 371, 488, '2024-11-27', '2024-11-30', 'Доставлено', 'RUC902BZ'),
(554, 345, 507, '2024-11-28', '2024-12-01', 'В пути', 'RUD902BZ'),
(555, 467, 394, '2024-11-29', '2024-12-02', 'Доставлено', 'RUE902BZ'),
(556, 139, 379, '2024-11-30', '2024-12-03', 'В пути', 'RUF902BZ'),
(557, 310, 313, '2024-12-01', '2024-12-04', 'Доставлено', 'RUG902BZ'),
(558, 202, 273, '2024-12-02', '2024-12-05', 'В пути', 'RUH902BZ'),
(559, 110, 333, '2024-12-03', '2024-12-06', 'Доставлено', 'RUI902BZ'),
(560, 270, 186, '2024-12-04', '2024-12-07', 'В пути', 'RUJ902BZ'),
(561, 231, 154, '2024-12-05', '2024-12-08', 'Доставлено', 'RUK902BZ'),
(562, 276, 251, '2024-12-06', '2024-12-09', 'В пути', 'RUL902BZ'),
(563, 337, 298, '2024-12-07', '2024-12-10', 'Доставлено', 'RUM902BZ'),
(564, 427, 465, '2024-12-08', '2024-12-11', 'В пути', 'RUN902BZ'),
(565, 340, 460, '2024-12-09', '2024-12-12', 'Доставлено', 'RUO902BZ'),
(566, 249, 445, '2024-12-10', '2024-12-13', 'В пути', 'RUP902BZ'),
(567, 431, 469, '2024-12-11', '2024-12-14', 'Доставлено', 'RUQ902BZ'),
(568, 160, 333, '2024-12-12', '2024-12-15', 'В пути', 'RUR902BZ'),
(569, 343, 126, '2024-12-13', '2024-12-16', 'Доставлено', 'RUS902BZ'),
(570, 379, 157, '2024-12-14', '2024-12-17', 'В пути', 'RUT902BZ'),
(571, 458, 283, '2024-12-15', '2024-12-18', 'Доставлено', 'RUU902BZ'),
(572, 401, 220, '2024-12-16', '2024-12-19', 'В пути', 'RUV902BZ'),
(573, 348, 157, '2024-12-17', '2024-12-20', 'Доставлено', 'RUW902BZ'),
(574, 244, 101, '2024-12-18', '2024-12-21', 'В пути', 'RUX902BZ'),
(575, 228, 220, '2024-12-19', '2024-12-22', 'Доставлено', 'RUY902BZ'),
(576, 369, 245, '2024-12-20', '2024-12-23', 'В пути', 'RUZ902BZ'),
(577, 213, 211, '2024-12-21', '2024-12-24', 'Доставлено', 'RUA013BZ'),
(578, 444, 271, '2024-12-22', '2024-12-25', 'В пути', 'RUB013BZ'),
(579, 264, 336, '2024-12-23', '2024-12-26', 'Доставлено', 'RUC013BZ'),
(580, 220, 301, '2024-12-24', '2024-12-27', 'В пути', 'RUD013BZ'),
(581, 184, 432, '2024-12-25', '2024-12-28', 'Доставлено', 'RUE013BZ'),
(582, 122, 164, '2024-12-26', '2024-12-29', 'В пути', 'RUF013BZ'),
(583, 478, 345, '2024-12-27', '2024-12-30', 'Доставлено', 'RUG013BZ'),
(584, 230, 288, '2024-12-28', '2024-12-31', 'В пути', 'RUH013BZ'),
(585, 170, 419, '2024-12-29', '2025-01-01', 'Доставлено', 'RUI013BZ'),
(586, 462, 213, '2024-12-30', '2025-01-02', 'В пути', 'RUJ013BZ'),
(587, 178, 271, '2024-12-31', '2025-01-03', 'Доставлено', 'RUK013BZ'),
(588, 205, 117, '2025-01-01', '2025-01-04', 'В пути', 'RUL013BZ'),
(589, 136, 222, '2025-01-02', '2025-01-05', 'Доставлено', 'RUM013BZ'),
(590, 358, 178, '2025-01-03', '2025-01-06', 'В пути', 'RUN013BZ'),
(591, 425, 369, '2025-01-04', '2025-01-07', 'Доставлено', 'RUO013BZ'),
(592, 340, 127, '2025-01-05', '2025-01-08', 'В пути', 'RUP013BZ'),
(593, 320, 283, '2025-01-06', '2025-01-09', 'Доставлено', 'RUQ013BZ'),
(594, 310, 129, '2025-01-07', '2025-01-10', 'В пути', 'RUR013BZ'),
(595, 153, 389, '2025-01-08', '2025-01-11', 'Доставлено', 'RUS013BZ'),
(596, 161, 169, '2025-01-09', '2025-01-12', 'В пути', 'RUT013BZ'),
(597, 392, 223, '2025-01-10', '2025-01-13', 'Доставлено', 'RUU013BZ'),
(598, 385, 265, '2025-01-11', '2025-01-14', 'В пути', 'RUV013BZ'),
(599, 369, 228, '2025-01-12', '2025-01-15', 'Доставлено', 'RUW013BZ');


INSERT INTO Warehouses (WarehouseID, Name, Address, City, PostalCode, Country, Capacity, ManagerID) VALUES 
(1, 'Склад Север', 'ул. Вишневая 12', 'Москва', '101000', 'Россия', 10000, 281),
(2, 'Центральный склад', 'ул. Покровка 20', 'Москва', '101001', 'Россия', 12000, 259),
(3, 'Южный склад', 'ул. Советская 45', 'Санкт-Петербург', '191000', 'Россия', 8000, 278),
(4, 'Склад Восток', 'ул. Горького 9', 'Ростов-на-Дону', '344000', 'Россия', 9000, 398),
(5, 'Западный склад', 'ул. Красная 18', 'Казань', '420000', 'Россия', 9500, 108),
(6, 'Склад Балтика', 'ул. Первомайская 3', 'Калининград', '236000', 'Россия', 7000, 33),
(7, 'Склад Урал', 'ул. Ленина 85', 'Екатеринбург', '620000', 'Россия', 11000, 126),
(8, 'Склад Сибирь', 'ул. Челюскинцев 45', 'Новосибирск', '630000', 'Россия', 10500, 193),
(9, 'Склад Дальний Восток', 'ул. Седова 58', 'Владивосток', '690000', 'Россия', 7500, 204),
(10, 'Склад Волга', 'ул. Комсомольская 6', 'Самара', '443000', 'Россия', 9800, 353),
(11, 'Склад Поволжья', 'ул. Радищева 17', 'Саратов', '410000', 'Россия', 8500, 375),
(12, 'Склад Алтай', 'ул. Гагарина 23', 'Барнаул', '656000', 'Россия', 7800, 357),
(13, 'Склад Кавказ', 'ул. Островского 88', 'Ставрополь', '355000', 'Россия', 7400, 10),
(14, 'Склад Приморье', 'ул. Фрунзе 99', 'Хабаровск', '680000', 'Россия', 8200, 155),
(15, 'Склад Башкирия', 'ул. Зорге 31', 'Уфа', '450000', 'Россия', 9300, 294),
(16, 'Склад Тайга', 'ул. Лесная 50', 'Томск', '634000', 'Россия', 7600, 147),
(17, 'Склад Камчатка', 'ул. Камчатская 8', 'Петропавловск-Камчатский', '683000', 'Россия', 7100, 367),
(18, 'Склад Южный Урал', 'ул. Чкалова 77', 'Челябинск', '454000', 'Россия', 9500, 357),
(19, 'Склад Тургенева', 'ул. Тургенева 59', 'Иркутск', '664000', 'Россия', 8700, 266),
(20, 'Склад Лена', 'ул. Кирова 12', 'Якутск', '677000', 'Россия', 7200, 100),
(21, 'Склад Северный Ледовитый', 'ул. Полярная 101', 'Мурманск', '183000', 'Россия', 6600, 12),
(22, 'Склад Камчатка', 'ул. Озерная 3', 'Южно-Сахалинск', '693000', 'Россия', 7500, 270),
(23, 'Склад Байкал', 'ул. Ковалева 21', 'Улан-Удэ', '670000', 'Россия', 8500, 134),
(24, 'Склад Арктика', 'ул. Проточная 65', 'Архангельск', '163000', 'Россия', 6400, 3),
(25, 'Склад Великая Степь', 'ул. Дружбы 7', 'Астрахань', '414000', 'Россия', 6900, 278),
(26, 'Склад Скалистый', 'ул. Мира 27', 'Магадан', '685000', 'Россия', 7700, 320),
(27, 'Склад Покровский', 'ул. Суворова 88', 'Владимир', '600000', 'Россия', 7300, 92),
(28, 'Склад Северозапад', 'ул. Техническая 45', 'Вологда', '160000', 'Россия', 6700, 317),
(29, 'Склад Ладога', 'ул. Пионерская 10', 'Петрозаводск', '185000', 'Россия', 7900, 370),
(30, 'Склад Пермский', 'ул. Базарная 2', 'Пермь', '614000', 'Россия', 9100, 192),
(31, 'Склад Азовский', 'ул. Индустриальная 9', 'Азов', '346000', 'Россия', 8800, 279),
(32, 'Склад Далекое Восточное', 'ул. Восточный 17', 'Биробиджан', '679000', 'Россия', 7600, 107),
(33, 'Склад Арктик', 'ул. Морозная 5', 'Дудинка', '663000', 'Россия', 6400, 297),
(34, 'Склад Прикаспийский', 'ул. Руднева 8', 'Каспийск', '368000', 'Россия', 7800, 84),
(35, 'Склад Грузовой', 'ул. Вокзальная 1', 'Батайск', '346000', 'Россия', 8300, 299),
(36, 'Склад Алматы', 'ул. Панфилова 47', 'Алматы', '050000', 'Казахстан', 9200, 187),
(37, 'Склад Астана', 'ул. Бейбитшилик 29', 'Астана', '010000', 'Казахстан', 9600, 299),
(38, 'Склад Актау', 'ул. Айтекеби 12', 'Актау', '130000', 'Казахстан', 8900, 108),
(39, 'Склад Актобе', 'ул. Арынова 67', 'Актобе', '030000', 'Казахстан', 6700, 286),
(40, 'Склад Костанай', 'ул. Абая 3', 'Костанай', '110000', 'Казахстан', 7400, 206),
(41, 'Склад Западный Казахстан', 'ул. Журналистов 21', 'Уральск', '090000', 'Казахстан', 6500, 288),
(42, 'Склад Караганда', 'ул. Гагарина 35', 'Караганда', '100000', 'Казахстан', 9300, 35),
(43, 'Склад Павлодар', 'ул. Лермонтова 54', 'Павлодар', '140000', 'Казахстан', 6800, 184),
(44, 'Склад Шымкент', 'ул. Момышулы 22', 'Шымкент', '160000', 'Казахстан', 8200, 253),
(45, 'Склад Талдыкорган', 'ул. Азина 100', 'Талдыкорган', '050000', 'Казахстан', 6000, 74),
(46, 'Склад Ленинград', 'ул. Ромашковая 15', 'Санкт-Петербург', '196000', 'Россия', 9000, 158),
(47, 'Склад Пушкинский', 'ул. Восковая 7', 'Клин', '141600', 'Россия', 8700, 372),
(48, 'Склад Горный', 'ул. Чапаева 12', 'Киров', '610000', 'Россия', 8200, 46),
(49, 'Склад Казанский', 'ул. Тулаева 1', 'Набережные Челны', '423800', 'Россия', 8600, 130),
(50, 'Склад Рыбинский', 'ул. Шевченко 9', 'Рыбинск', '152000', 'Россия', 6800, 94),
(51, 'Склад Звенигород', 'ул. Рабочая 20', 'Звенигород', '143180', 'Россия', 8300, 254),
(52, 'Склад Новгородский', 'ул. Правдивая 5', 'Новгород', '173000', 'Россия', 7500, 218),
(53, 'Склад Рыбацкий', 'ул. Прибрежная 2', 'Архангельск', '163500', 'Россия', 7900, 86),
(54, 'Склад Морской', 'ул. Лодочная 91', 'Сочи', '354000', 'Россия', 5800, 363),
(55, 'Склад Липецкий', 'ул. Есенина 50', 'Липецк', '398000', 'Россия', 7700, 126),
(56, 'Склад Смоленский', 'ул. Крестьянская 9', 'Смоленск', '214000', 'Россия', 6400, 165),
(57, 'Склад Титановый', 'ул. Строителей 6', 'Тверь', '170000', 'Россия', 9000, 388),
(58, 'Склад Северных Олений', 'ул. Ягоды 7', 'Салехард', '629007', 'Россия', 7200, 381),
(59, 'Склад Зеленый', 'ул. Дружбы 11', 'Грозный', '364000', 'Россия', 7100, 243),
(60, 'Склад Водный', 'ул. Волгоградский проспект 101', 'Волгоград', '400000', 'Россия', 8400, 143),
(61, 'Склад Красный', 'ул. Советская 55', 'Сыктывкар', '167000', 'Россия', 8200, 238),
(62, 'Склад Заповедный', 'ул. Природная 33', 'Тула', '300000', 'Россия', 7400, 114),
(63, 'Склад Kostroma', 'ул. Спасская 8', 'Кострома', '156000', 'Россия', 6800, 54),
(64, 'Склад Озерный', 'ул. Приозерная 14', 'Киров', '610500', 'Россия', 6000, 112),
(65, 'Склад Южная Столица', 'ул. Малиновского 58', 'Ростов-на-Дону', '344000', 'Россия', 9000, 22),
(66, 'Склад Балтийская Волна', 'ул. Балтийская 72', 'Калининград', '236000', 'Россия', 7100, 140),
(67, 'Склад Орловский', 'ул. Овражная 12', 'Орел', '302000', 'Россия', 7500, 133),
(68, 'Склад Санаторий', 'ул. Парковая 44', 'Минеральные Воды', '357000', 'Россия', 6700, 263),
(69, 'Склад Алтайский Луг', 'ул. Лужника Долины 9', 'Горно-Алтайск', '649000', 'Россия', 8100, 335),
(70, 'Склад Дворец Морей', 'ул. Гаванская 28', 'Ейск', '353680', 'Россия', 6300, 276),
(71, 'Склад Легендарная Тропа', 'ул. Давыдова 33', 'Псков', '180000', 'Россия', 8300, 44),
(72, 'Склад Лисья Нора', 'ул. Снежинка 88', 'Томмот', '678000', 'Россия', 7200, 341),
(73, 'Склад Из Белого Камня', 'ул. Каменная 66', 'Муром', '602000', 'Россия', 7600, 181),
(74, 'Склад Ледяной Город', 'ул. Беринга 30', 'Анадырь', '689000', 'Россия', 6900, 102),
(75, 'Склад Сапфирное Небо', 'ул. Горная 77', 'Мурманск', '183700', 'Россия', 8800, 248),
(76, 'Склад Облачный Хребет', 'ул. Фьельдов 6', 'Нарьян-Мар', '166000', 'Россия', 6700, 112),
(77, 'Склад Харбин', 'ул. Светло-Зеленая 13', 'Харбин', '150000', 'Китай', 6100, 174),
(78, 'Склад Остров Сокровищ', 'ул. Сокровищ 97', 'Севастополь', '299000', 'Россия', 7100, 141),
(79, 'Склад Синяя Птица', 'ул. Орлиная 2', 'Благовещенск', '675000', 'Россия', 8200, 354),
(80, 'Склад Сибирская Корона', 'ул. Тайга 10', 'Омск', '644000', 'Россия', 9000, 4),
(81, 'Склад Русские Афины', 'ул. Афинская 30', 'Вологда', '160000', 'Россия', 8100, 94),
(82, 'Склад Лунное Озеро', 'ул. Лухозерная 666', 'Казань', '420000', 'Россия', 6800, 88),
(83, 'Склад Яхрома', 'ул. Ясная 4', 'Дмитров', '141800', 'Россия', 7500, 155),
(84, 'Склад Волжская Гавань', 'ул. Дачная 92', 'Волгоград', '400700', 'Россия', 6000, 165),
(85, 'Склад Орлиный Коготь', 'ул. Когтя 3', 'Улан-Удэ', '670000', 'Россия', 9400, 26),
(86, 'Склад КДС', 'ул. Новая Зеландия 9', 'Ижевск', '426000', 'Россия', 8300, 35),
(87, 'Склад Цветные Ночи', 'ул. Ночной Свет 8', 'Комсомольск-на-Амуре', '681000', 'Россия', 7200, 162),
(88, 'Склад Таежный Лев', 'ул. Загадки Хэ 44', 'Чита', '672000', 'Россия', 7900, 312),
(89, 'Склад Княжья Гора', 'ул. Ладожская 36', 'Инзер', '453500', 'Россия', 8400, 198),
(90, 'Склад Аэропорт', 'ул. Воздушная 19', 'Анапа', '353440', 'Россия', 9200, 337),
(91, 'Склад Северное Сияние', 'ул. Пальма 20', 'Нарьян-Мар', '166000', 'Россия', 8900, 92),
(92, 'Склад Лондонский', 'ул. Это Дорога 21', 'Серебряные Львы', '623000', 'Россия', 7600, 49),
(93, 'Склад Изумрудный', 'ул. Красный Ветер 18', 'Обь', '633000', 'Россия', 7900, 66),
(94, 'Склад Часы', 'ул. Мягкая 34', 'Рыбинск', '152000', 'Россия', 6800, 13),
(95, 'Склад Кольца', 'ул. За 2 копейки 4', 'Павловская', '352000', 'Россия', 6500, 106),
(96, 'Склад Лунар', 'ул. Вертикаль 26', 'Киров', '610000', 'Россия', 8800, 21),
(97, 'Склад Карелия', 'ул. Граница 19', 'Петрозаводск', '185000', 'Россия', 7100, 341),
(98, 'Склад Ахтуба', 'ул. Жемчужина 23', 'Астрахань', '414000', 'Россия', 5900, 125),
(99, 'Склад Ориноко', 'ул. Дельта 78', 'Краснодар', '350000', 'Россия', 7400, 45),
(100, 'Склад Букет', 'ул. Весенний Луг 1', 'Белгород', '308000', 'Россия', 6500, 230),
(101, 'Склад Южное Подсолнух', 'ул. Свежий Ветер 5', 'Краснодар', '350000', 'Россия', 8700, 265),
(102, 'Склад Полярный Полос', 'ул. Ледяная 12', 'Сургут', '628400', 'Россия', 6400, 191),
(103, 'Склад Кристальный Лед', 'ул. Снежная 8', 'Якутск', '677000', 'Россия', 7100, 136),
(104, 'Склад Дальний Лес', 'ул. Зеленая 7', 'Хабаровск', '680000', 'Россия', 7300, 84),
(105, 'Склад Нефтяная Река', 'ул. Баррельная 25', 'Тюмень', '625000', 'Россия', 9200, 240),
(106, 'Склад Золотая Долина', 'ул. Рудная 9', 'Кемерово', '650000', 'Россия', 8100, 106),
(107, 'Склад Бриллиантовый Луч', 'ул. Каменная 54', 'Владивосток', '690000', 'Россия', 8800, 246),
(108, 'Склад Жемчужный Берег', 'ул. Прибрежная 2', 'Анапа', '353440', 'Россия', 9400, 303),
(109, 'Склад Великие Горы', 'ул. Горная 3', 'Нальчик', '360000', 'Россия', 6900, 132),
(110, 'Склад Красное Солнце', 'ул. Яркая 10', 'Липецк', '398000', 'Россия', 7600, 72),
(111, 'Склад Лунный Свет', 'ул. Ночная 45', 'Томск', '634000', 'Россия', 7900, 303),
(112, 'Склад Ветреные Холмы', 'ул. Воложная 8', 'Череповец', '162600', 'Россия', 6800, 243),
(113, 'Склад Тайные Озера', 'ул. Озерная 11', 'Екатеринбург', '620000', 'Россия', 9100, 69),
(114, 'Склад Ольховый Лес', 'ул. Лесная 1', 'Сыктывкар', '167000', 'Россия', 5800, 307),
(115, 'Склад Ягодный Сад', 'ул. Клубничная 22', 'Калуга', '248000', 'Россия', 7700, 181),
(116, 'Склад Солнечная Поляна', 'ул. Солнечная 4', 'Тула', '300000', 'Россия', 8400, 185),
(117, 'Склад Аквамарин', 'ул. Морская 7', 'Сочи', '354000', 'Россия', 8100, 10),
(118, 'Склад Бархатный Путь', 'ул. Бархатная 19', 'Минск', '220000', 'Беларусь', 9200, 281),
(119, 'Склад Земляничный Ручей', 'ул. Ручевая 26', 'Самара', '443000', 'Россия', 9100, 4),
(120, 'Склад Небесные Врата', 'ул. Летная 15', 'Казань', '420000', 'Россия', 8300, 300),
(121, 'Склад Утренняя Заря', 'ул. Заря 30', 'Ярославль', '150000', 'Россия', 7500, 183),
(122, 'Склад Лесной Туман', 'ул. Запретная 35', 'Петрозаводск', '185000', 'Россия', 7000, 269),
(123, 'Склад Буровая Река', 'ул. Буровая 14', 'Оренбург', '460000', 'Россия', 8800, 198),
(124, 'Склад Сапфировая Туча', 'ул. Дождливая 12', 'Уфа', '450000', 'Россия', 9400, 24),
(125, 'Склад Янтарный Закат', 'ул. Закатная 18', 'Калининград', '236000', 'Россия', 6200, 312),
(126, 'Склад Альпийская Зима', 'ул. Холодная 9', 'Волгоград', '400000', 'Россия', 7600, 110),
(127, 'Склад Кленовый Лист', 'ул. Листопадная 8', 'Ростов-на-Дону', '344000', 'Россия', 8400, 19),
(128, 'Склад Бескрайние Дали', 'ул. Прогулочная 3', 'Новосибирск', '630000', 'Россия', 7100, 228),
(129, 'Склад Вечная Весна', 'ул. Весенняя 44', 'Воронеж', '394000', 'Россия', 8100, 30),
(130, 'Склад Золотая Осень', 'ул. Осенняя 2', 'Иваново', '153000', 'Россия', 6900, 241),
(131, 'Склад Долина Луков', 'ул. Луковая 20', 'Владимир', '600000', 'Россия', 8700, 108),
(132, 'Склад Туманный Сумрак', 'ул. Сумрачная 29', 'Архангельск', '163000', 'Россия', 7800, 39),
(133, 'Склад Снежное Пламя', 'ул. Пламенная 7', 'Кострома', '156000', 'Россия', 6700, 102),
(134, 'Склад Ласточка', 'ул. Крылатая 46', 'Тюмень', '625000', 'Россия', 6400, 40),
(135, 'Склад Пастель Сияние', 'ул. Пастельная 31', 'Магадан', '685000', 'Россия', 7700, 38),
(136, 'Склад Серебряный Поток', 'ул. Поточная 27', 'Кострома', '156000', 'Россия', 5900, 78),
(137, 'Склад Кипарисовый Берег', 'ул. Кипарисов 16', 'Севастополь', '299000', 'Россия', 7100, 155),
(138, 'Склад Березовая Роща', 'ул. Березовая 9', 'Омск', '644000', 'Россия', 8300, 394),
(139, 'Склад Соловьиная Ночь', 'ул. Ночная 72', 'Анапа', '353440', 'Россия', 6900, 281),
(140, 'Склад Изумрудная Зелень', 'ул. Зелени 5', 'Киров', '610000', 'Россия', 7200, 50),
(141, 'Склад Лаванда Простор', 'ул. Лавандовая 1', 'Ставрополь', '355000', 'Россия', 9400, 345),
(142, 'Склад Роза Ветров', 'ул. Ветровая 50', 'Красноярск', '660000', 'Россия', 8100, 67),
(143, 'Склад Туманное Утро', 'ул. Утренная 24', 'Полярные Зори', '184250', 'Россия', 9000, 396),
(144, 'Склад Лунная Дорога', 'ул. Лунатичная 62', 'Сатка', '456910', 'Россия', 7800, 351),
(145, 'Склад Скала Орла', 'ул. Орлиная 73', 'Минеральные Воды', '357000', 'Россия', 8800, 330),
(146, 'Склад Алмазный Край', 'ул. Алмазное 28', 'Сургут', '628400', 'Россия', 7100, 136),
(147, 'Склад Кладезь Сокровищ', 'ул. Сокровище 12', 'Ульяновск', '432000', 'Россия', 7600, 312),
(148, 'Склад Зарянка', 'ул. Зарянковская 15', 'Геленджик', '353460', 'Россия', 6500, 292),
(149, 'Склад Звездный Путь', 'ул. Звездная 84', 'Калининград', '236000', 'Россия', 8100, 328),
(150, 'Склад Глубокий Ручей', 'ул. Ручьевая 42', 'Астрахань', '414000', 'Россия', 7800, 246),
(151, 'Склад Ласковая Долина', 'ул. Долинская 37', 'Белгород', '308000', 'Россия', 7300, 132),
(152, 'Склад Светлая Ясность', 'ул. Ясная 18', 'Барнаул', '656000', 'Россия', 9100, 389),
(153, 'Склад Алый Парус', 'ул. Парусная 89', 'Мурманск', '183000', 'Россия', 6800, 50),
(154, 'Склад Базальтовый Камень', 'ул. Каменная 14', 'Новокузнецк', '654000', 'Россия', 8500, 148),
(155, 'Склад Кленовая Падь', 'ул. Падь 27', 'Курск', '305000', 'Россия', 7200, 102),
(156, 'Склад Яблочное Поле', 'ул. Яблочная 11', 'Рыбинск', '152000', 'Россия', 7600, 97),
(157, 'Склад Гранатовый Куст', 'ул. Гранатовая 6', 'Армавир', '352900', 'Россия', 8200, 143),
(158, 'Склад Ледник Полярный', 'ул. Ледниковая 5', 'Норильск', '663300', 'Россия', 7000, 198),
(159, 'Склад Пшеничное Поле', 'ул. Пшеничная 22', 'Челябинск', '454000', 'Россия', 8300, 155),
(160, 'Склад Искристый Снег', 'ул. Снежная 78', 'Тверь', '170000', 'Россия', 6000, 306),
(161, 'Склад Безбрежный Мир', 'ул. Мир 88', 'Кисловодск', '357700', 'Россия', 8800, 329),
(162, 'Склад Роса Заката', 'ул. Росовая 46', 'Сургут', '628400', 'Россия', 7900, 156),
(163, 'Склад Звездный Лес', 'ул. Лесная 29', 'Белгород', '308000', 'Россия', 7600, 90),
(164, 'Склад Полярный Дневник', 'ул. Полярная 32', 'Уфа', '450000', 'Россия', 9200, 291),
(165, 'Склад Вид на Луну', 'ул. Лунная 12', 'Ярославль', '150000', 'Россия', 6900, 209),
(166, 'Склад Брусничная Долина', 'ул. Брусничная 40', 'Нижний Новгород', '603000', 'Россия', 8500, 391),
(167, 'Склад Ямальский Угол', 'ул. Северная 50', 'Салехард', '629000', 'Россия', 8100, 329),
(168, 'Склад Речной Прибой', 'ул. Волжская 10', 'Астрахань', '414000', 'Россия', 5500, 154),
(169, 'Склад Паруса Юга', 'ул. Парусная 19', 'Симферополь', '295000', 'Россия', 7800, 30),
(170, 'Склад Полярный Круг', 'ул. Студеная 7', 'Целиноград', '021000', 'Казахстан', 6100, 392),
(171, 'Склад Лазурный Океан', 'ул. Океанская 51', 'Мурманск', '183700', 'Россия', 9200, 309),
(172, 'Склад Цветочный Фонтан', 'ул. Цветочная 53', 'Киров', '610000', 'Россия', 8500, 28),
(173, 'Склад Ртук Живой Вод', 'ул. Мифическая 14', 'Рязань', '390000', 'Россия', 8700, 53),
(174, 'Склад Чайный Привет', 'ул. Листовая 88', 'Красноярск', '660000', 'Россия', 6900, 131),
(175, 'Склад Изумрудный Пик', 'ул. Зеленая 9', 'Киров', '610000', 'Россия', 6300, 157),
(176, 'Склад Золотые Ключи', 'ул. Солнцево 15', 'Саранск', '430000', 'Россия', 8000, 397),
(177, 'Склад Льдиная Гора', 'ул. Ледников 3', 'Магадан', '685000', 'Россия', 8800, 22),
(178, 'Склад Лунная Песнь', 'ул. Сказочная 48', 'Волгоград', '400000', 'Россия', 8700, 127),
(179, 'Склад Жасмин Ветра', 'ул. Жасмин 20', 'Грозный', '364000', 'Россия', 5600, 397),
(180, 'Склад Сирень Гиацинта', 'ул. Сиреневая 66', 'Батайск', '346000', 'Россия', 7500, 191),
(181, 'Склад Нефритовый Сумдук', 'ул. Нефрит 60', 'Гатчина', '188300', 'Россия', 5800, 244),
(182, 'Склад Звезда Арктики', 'ул. Полярная 87', 'Дудинка', '663200', 'Россия', 6800, 5),
(183, 'Склад Холодная Поддержка', 'ул. Хол.камня 1', 'Поронайск', '694230', 'Россия', 9600, 342),
(184, 'Склад Вечерний Лет', 'ул. Птичья 73', 'Хабаровск', '680000', 'Россия', 8900, 46),
(185, 'Склад Павлинье Перо', 'ул. Павлинах 96', 'Москва', '101000', 'Россия', 9400, 117),
(186, 'Склад Старинное Колесо', 'ул. Колесо 4', 'Орел', '302000', 'Россия', 9200, 242),
(187, 'Склад Ледяное Сияние', 'ул. Арктика 18', 'Псков', '180000', 'Россия', 9300, 51),
(188, 'Склад Поляна Бабочек', 'ул. Бабочка 12', 'Улан-Удэ', '670000', 'Россия', 8400, 215),
(189, 'Склад Родное Дерево', 'ул. Лесная 6', 'Саров', '607180', 'Россия', 7800, 248),
(190, 'Склад Сердце Тьмы', 'ул. Туман 77', 'Нальчик', '360000', 'Россия', 8300, 247),
(191, 'Склад Северная Дорога', 'ул. Дальна 99', 'Сургут', '628400', 'Россия', 8700, 69),
(192, 'Склад Озерная Грот', 'ул. Ледниковая 15', 'Крутиха', '658670', 'Россия', 9100, 368),
(193, 'Склад Пики Ореал', 'ул. Орляна 2', 'Тверь', '170000', 'Россия', 6200, 340),
(194, 'Склад Безветренный Край', 'ул. Затишье 50', 'Сочи', '354000', 'Россия', 7600, 280),
(195, 'Склад Снежная Голубка', 'ул. Голубка 23', 'Воркута', '169900', 'Россия', 8200, 58),
(196, 'Склад Тайга Лесной', 'ул. Хвойная 48', 'Минск', '220050', 'Беларусь', 7700, 364),
(197, 'Склад Царская Вершина', 'ул. Вершина 57', 'Выборг', '188800', 'Россия', 8800, 47),
(198, 'Склад Прибрежная Лента', 'ул. Лента 7', 'Шлиссельбург', '187000', 'Россия', 6500, 390),
(199, 'Склад Лососевый Остров', 'ул. Остров 90', 'Советская Гавань', '682800', 'Россия', 7800, 208),
(200, 'Склад Светлый Бриг', 'ул. Светлая 12', 'Санкт-Петербург', '191000', 'Россия', 8100, 387),
(201, 'Склад Золотая Лавка', 'ул. Лавочная 5', 'Новосибирск', '630000', 'Россия', 8100, 166),
(202, 'Склад Серебряный Дождь', 'ул. Дождливая 16', 'Екатеринбург', '620000', 'Россия', 7200, 227),
(203, 'Склад Алмазный Поток', 'ул. Поточная 3', 'Красноярск', '660000', 'Россия', 9400, 273),
(204, 'Склад Шелковый Путь', 'ул. Путь 90', 'Воркута', '169900', 'Россия', 6800, 354),
(205, 'Склад Лесное Озеро', 'ул. Озерная 12', 'Владивосток', '690000', 'Россия', 8800, 337),
(206, 'Склад Зеленый Гай', 'ул. Гайская 77', 'Челябинск', '454000', 'Россия', 7500, 261),
(207, 'Склад Ясное Небо', 'ул. Небо 20', 'Тюмень', '625000', 'Россия', 8100, 359),
(208, 'Склад Бескрайние Ночи', 'ул. Ночная 7', 'Хабаровск', '680000', 'Россия', 9200, 15),
(209, 'Склад Каменный Мост', 'ул. Мостовая 4', 'Архангельск', '163000', 'Россия', 6700, 248),
(210, 'Склад Керамика', 'ул. Керамическая 5', 'Уфа', '450000', 'Россия', 8000, 209),
(211, 'Склад Медовая Сладость', 'ул. Сладкая 14', 'Кемерово', '650000', 'Россия', 6900, 32),
(212, 'Склад Цветочный Горошек', 'ул. Цветочная 18', 'Ростов-на-Дону', '344000', 'Россия', 7700, 62),
(213, 'Склад Сапфировое Утро', 'ул. Утренняя 22', 'Казань', '420000', 'Россия', 6800, 68),
(214, 'Склад Туманная Тропа', 'ул. Туманная 11', 'Ярославль', '150000', 'Россия', 7600, 224),
(215, 'Склад Холодный Бриз', 'ул. Бризнская 32', 'Санкт-Петербург', '196000', 'Россия', 9000, 145),
(216, 'Склад Золотое Крыло', 'ул. Крылатая 72', 'Москва', '101000', 'Россия', 8700, 342),
(217, 'Склад Чайный Лист', 'ул. Листовая 44', 'Вологда', '160000', 'Россия', 7900, 85),
(218, 'Склад Северный Мороз', 'ул. Морозная 30', 'Мурманск', '183000', 'Россия', 8300, 139),
(219, 'Склад Тихая Гавань', 'ул. Гавань 8', 'Нижний Новгород', '603000', 'Россия', 7100, 378),
(220, 'Склад Речная Дельта', 'ул. Дельта 21', 'Астрахань', '414000', 'Россия', 8600, 80),
(221, 'Склад Луговая Поляна', 'ул. Полевая 13', 'Краснодар', '350000', 'Россия', 7400, 168),
(222, 'Склад Лунный Свет', 'ул. Солнечная 10', 'Самара', '443000', 'Россия', 6600, 184),
(223, 'Склад Изумрудный Мост', 'ул. Мостовая 14', 'Владивосток', '690000', 'Россия', 8700, 45),
(224, 'Склад Песочный Замок', 'ул. Замковая 6', 'Саратов', '410000', 'Россия', 7200, 212),
(225, 'Склад Снежный Барс', 'ул. Заснеженная 18', 'Барнаул', '656000', 'Россия', 7900, 363),
(226, 'Склад Малахитовый Луг', 'ул. Лужайка 14', 'Ярославль', '150000', 'Россия', 8500, 200),
(227, 'Склад Лазурное Небо', 'ул. Небесная 10', 'Воронеж', '394000', 'Россия', 8800, 357),
(228, 'Склад Орлиное Гнездо', 'ул. Орловская 15', 'Омск', '644000', 'Россия', 7800, 134),
(229, 'Склад Серебристые Облака', 'ул. Облачная 30', 'Пермь', '614000', 'Россия', 7300, 56),
(230, 'Склад Луна на Ветке', 'ул. Луговская 7', 'Тула', '300000', 'Россия', 8100, 33),
(231, 'Склад Гладь Озера', 'ул. Озерная 5', 'Минск', '220000', 'Беларусь', 9300, 163),
(232, 'Склад Солнечный Лес', 'ул. Лесная 10', 'Ижевск', '426000', 'Россия', 6900, 374),
(233, 'Склад Бусинка', 'ул. Бусиновская 71', 'Псков', '180000', 'Россия', 8400, 267),
(234, 'Склад Жемчужное Поле', 'ул. Жемчужная 36', 'Иркутск', '664000', 'Россия', 7200, 76),
(235, 'Склад Лавровый Лист', 'ул. Лавровская 20', 'Чебоксары', '428000', 'Россия', 8700, 16),
(236, 'Склад Теплый Бриз', 'ул. Бризная 50', 'Сочи', '354000', 'Россия', 7600, 388),
(237, 'Склад Алые Паруса', 'ул. Парусная 92', 'Грозный', '364000', 'Россия', 8300, 193),
(238, 'Склад Звезды Заката', 'ул. Закатная 42', 'Иваново', '153000', 'Россия', 6400, 352),
(239, 'Склад Алмазная Пыль', 'ул. Пыльная 6', 'Чита', '672000', 'Россия', 7600, 216),
(240, 'Склад Хрустальная Тропинка', 'ул. Тропинка 19', 'Рязань', '390000', 'Россия', 8700, 106),
(241, 'Склад Сахарный Берег', 'ул. Сахарная 8', 'Калининград', '236000', 'Россия', 7100, 98),
(242, 'Склад Цветочная Радуга', 'ул. Радужная 72', 'Симферополь', '295000', 'Россия', 7600, 40),
(243, 'Склад Ветреное Ущелье', 'ул. Ветреная 5', 'Томск', '634000', 'Россия', 6900, 235),
(244, 'Склад Теплый Луч', 'ул. Лучевая 20', 'Курск', '305000', 'Россия', 5900, 376),
(245, 'Склад Масляничная Гора', 'ул. Гористая 33', 'Новгород', '173000', 'Россия', 8500, 26),
(246, 'Склад Ярань', 'ул. Яровая 16', 'Киров', '610000', 'Россия', 6800, 164),
(247, 'Склад Стеклянный Ветер', 'ул. Вертиальная 31', 'Набережные Челны', '423800', 'Россия', 9000, 121),
(248, 'Склад Лесные Совы', 'ул. Советская 42', 'Челябинск', '454000', 'Россия', 9300, 223),
(249, 'Склад Сиреневый Мех', 'ул. Сиреневая 15', 'Салехард', '629007', 'Россия', 7100, 4),
(250, 'Склад Гранитные Ступени', 'ул. Степенная 24', 'Краснодар', '350000', 'Россия', 8300, 192),
(251, 'Склад Вишня в Саду', 'ул. Вишневая 8', 'Барнаул', '656000', 'Россия', 7900, 267),
(252, 'Склад Шалфей Цветет', 'ул. Шалфейная 17', 'Горно-Алтайск', '649000', 'Россия', 8700, 113),
(253, 'Склад Лавровая Гора', 'ул. Лавровья 25', 'Ростов-на-Дону', '344000', 'Россия', 7200, 17),
(254, 'Склад Вкусы Лета', 'ул. Летная 14', 'Калуга', '248000', 'Россия', 8600, 88),
(255, 'Склад Темные Воды', 'ул. Водная 10', 'Саратов', '410000', 'Россия', 6700, 48),
(256, 'Склад Сахарная Лилия', 'ул. Лилейная 9', 'Тула', '300000', 'Россия', 6800, 237),
(257, 'Склад Березовый Луч', 'ул. Березовая 60', 'Екатеринбург', '620000', 'Россия', 7900, 204),
(258, 'Склад Кристальная Вода', 'ул. Водоемная 13', 'Батайск', '346000', 'Россия', 7100, 64),
(259, 'Склад Светлое Поле', 'ул. Полевая 18', 'Нижний Тагил', '622000', 'Россия', 8800, 197),
(260, 'Склад Сладкая Ваниль', 'ул. Ванильная 56', 'Владикавказ', '362000', 'Россия', 6900, 36),
(261, 'Склад Бархатное Утро', 'ул. Пляжная 45', 'Карпинск', '624910', 'Россия', 8000, 182),
(262, 'Склад Чудесный Мир', 'ул. Мирная 4', 'Санкт-Петербург', '196000', 'Россия', 8500, 29),
(263, 'Склад Утренняя Лоза', 'ул. Лозовая 9', 'Сыктывкар', '167000', 'Россия', 6500, 387),
(264, 'Склад Летний Ветер', 'ул. Ветровая 28', 'Минск', '220004', 'Беларусь', 7800, 110),
(265, 'Склад Янтарная Дорога', 'ул. Дорожная 19', 'Архангельск', '163000', 'Россия', 8200, 302),
(266, 'Склад Каменная Река', 'ул. Речная 34', 'Печора', '169600', 'Россия', 7000, 217),
(267, 'Склад Летний Сад', 'ул. Садовая 22', 'Гатчина', '188300', 'Россия', 9100, 177),
(268, 'Склад Подсолнух', 'ул. Цветочная 42', 'Казань', '420000', 'Россия', 7300, 371),
(269, 'Склад Яшма', 'ул. Яшмовая 1', 'Тихвин', '187555', 'Россия', 8300, 55),
(270, 'Склад Лазурный Дождь', 'ул. Дождливая 13', 'Новороссийск', '353900', 'Россия', 7400, 131),
(271, 'Склад Малиновая Гора', 'ул. Горная 40', 'Краснодон', '94000', 'Россия', 7600, 111),
(272, 'Склад Голубая Рябь', 'ул. Водная 26', 'Таганрог', '347900', 'Россия', 8700, 248),
(273, 'Склад Светлый День', 'ул. День 17', 'Энгельс', '413100', 'Россия', 9800, 119),
(274, 'Склад Яркий Светильник', 'ул. Светлая 7', 'Пенза', '440000', 'Россия', 7100, 361),
(275, 'Склад Висячий Сад', 'ул. Висячая 16', 'Сосновый Бор', '188544', 'Россия', 6500, 166),
(276, 'Склад Ледниковая Эра', 'ул. Эра 9', 'Северодвинск', '164500', 'Россия', 8000, 13),
(277, 'Склад Лунный Мост', 'ул. Мостовая 3', 'Тула', '300000', 'Россия', 7900, 212),
(278, 'Склад Ветер Перемен', 'ул. Перемен 28', 'Магнитогорск', '455000', 'Россия', 8200, 160),
(279, 'Склад Ледяное Дыхание', 'ул. Дыхание 72', 'Новосибирск', '630000', 'Россия', 9200, 33),
(280, 'Склад Грозовая Ночь', 'ул. Грозовая 25', 'Самара', '443000', 'Россия', 8600, 240),
(281, 'Склад Счастливая Долина', 'ул. Долинная 15', 'Грозный', '364000', 'Россия', 6800, 91),
(282, 'Склад Сапфировый Глаз', 'ул. Глазковская 95', 'Анапа', '353440', 'Россия', 7300, 228),
(283, 'Склад Млечный Путь', 'ул. Млечная 11', 'Кемерово', '650000', 'Россия', 8800, 308),
(284, 'Склад Ягодка', 'ул. Ягодная 45', 'Калининград', '236000', 'Россия', 7000, 261),
(285, 'Склад Жаркое Лето', 'ул. Летняя 5', 'Южно-Сахалинск', '693000', 'Россия', 7500, 37),
(286, 'Склад Воздушная Долина', 'ул. Воздушная 8', 'Курган', '640000', 'Россия', 7200, 290),
(287, 'Склад Брусничный Холм', 'ул. Брусничная 21', 'Архангельск', '163000', 'Россия', 8600, 269),
(288, 'Склад Лунный Танец', 'ул. Танец 88', 'Москва', '105000', 'Россия', 9300, 25),
(289, 'Склад Песчаная Дюна', 'ул. Дюна 14', 'Белгород', '308000', 'Россия', 8100, 96),
(290, 'Склад Яблочная Роскошь', 'ул. Роскошная 19', 'Смоленск', '214000', 'Россия', 6800, 288),
(291, 'Склад Изумрудный Камень', 'ул. Каменная 5', 'Пушкино', '141200', 'Россия', 8600, 295),
(292, 'Склад Забытая Дорога', 'ул. Дорожка 2', 'Петрозаводск', '185000', 'Россия', 9400, 11),
(293, 'Склад Лиловая Зима', 'ул. Зимняя 30', 'Северодвинск', '164500', 'Россия', 7500, 202),
(294, 'Склад Гранитная Твердыня', 'ул. Укрепленная 88', 'Екатеринбург', '620000', 'Россия', 8200, 13),
(295, 'Склад Водопад', 'ул. Потоков 44', 'Волгоград', '400000', 'Россия', 5700, 310),
(296, 'Склад Фиолетовая Птица', 'ул. Птичья 22', 'Киров', '610000', 'Россия', 6900, 248),
(297, 'Склад Лавандовый Шепот', 'ул. Лавандная 14', 'Уфимск', '450800', 'Россия', 7650, 194),
(298, 'Склад Вечная Радуга', 'ул. Радужная 93', 'Анапа', '353440', 'Россия', 8150, 292),
(299, 'Склад Дальний Восток', 'ул. Восточная 6', 'Хабаровск', '680000', 'Россия', 7250, 276),
(300, 'Склад Урбан', 'ул. Урбанская Любовь 48', 'Новоуральск', '624000', 'Россия', 8550, 317),
(301, 'Склад Ландыш', 'ул. Майская 23', 'Челябинск', '454000', 'Россия', 8300, 292),
(302, 'Склад Нефритовый Ветер', 'ул. Ветреная 6', 'Калуга', '248000', 'Россия', 7600, 58),
(303, 'Склад Рябиновая Улица', 'ул. Рябиновая 10', 'Курск', '305000', 'Россия', 9100, 172),
(304, 'Склад Вечная Осень', 'ул. Осенний Лес 44', 'Пермь', '614000', 'Россия', 7000, 60),
(305, 'Склад Янтарное Поле', 'ул. Полевая 8', 'Спасск-Дальний', '692200', 'Россия', 6700, 386),
(306, 'Склад Техноарктик', 'ул. Арктическая 17', 'Надым', '629735', 'Россия', 8800, 273),
(307, 'Склад Северное Поле', 'ул. Северная 20', 'Мурманск', '183700', 'Россия', 7200, 214),
(308, 'Склад Магический Свет', 'ул. Светлая 12', 'Омск', '644000', 'Россия', 8000, 349),
(309, 'Склад Глубокий Лес', 'ул. Лесная 25', 'Киров', '610000', 'Россия', 7500, 359),
(310, 'Склад Небесный Остров', 'ул. Островная 10', 'Астрахань', '414000', 'Россия', 8200, 234),
(311, 'Склад Поющий Луг', 'ул. Луговая 7', 'Екатеринбург', '620000', 'Россия', 8100, 148),
(312, 'Склад Роскошное Облако', 'ул. Облачная 5', 'Красноярск', '660000', 'Россия', 7600, 261),
(313, 'Склад Каменный Мир', 'ул. Каменная 13', 'Волгоград', '400000', 'Россия', 6900, 27),
(314, 'Склад Социальная Тропа', 'ул. Социальная 2', 'Барнаул', '656000', 'Россия', 7800, 6),
(315, 'Склад Сиреневая Долина', 'ул. Сиреневая 18', 'Бийск', '659300', 'Россия', 6900, 222),
(316, 'Склад Липовая Аллея', 'ул. Аллейная 22', 'Киров', '610000', 'Россия', 7500, 57),
(317, 'Склад Пряный Ветер', 'ул. Пряная 30', 'Казань', '420000', 'Россия', 8000, 229),
(318, 'Склад Ветхий Осенний Лес', 'ул. Ветхий Лес 99', 'Рязанская', '390000', 'Россия', 8900, 22),
(319, 'Склад Янтарное Сияние', 'ул. Сияние 33', 'Ставрополь', '355000', 'Россия', 6500, 322),
(320, 'Склад Ледяные Страницы', 'ул. Страницы 15', 'Петрозаводск', '185000', 'Россия', 8900, 355),
(321, 'Склад Цветение Озер', 'ул. Цветочная 67', 'Вологда', '160000', 'Россия', 7700, 376),
(322, 'Склад Лунные Реки', 'ул. Речная 7', 'Чебоксары', '428000', 'Россия', 6600, 36),
(323, 'Склад Нежная Пристань', 'ул. Пристань 48', 'Тверь', '170000', 'Россия', 9100, 268),
(324, 'Склад Малахитовый Остров', 'ул. Островная 24', 'Архангельск', '163000', 'Россия', 8200, 7),
(325, 'Склад Северный Просвет', 'ул. Просвет 1', 'Москва', '101000', 'Россия', 7300, 264),
(326, 'Склад Вечнозеленая Поляна', 'ул. Поляна 29', 'Анапа', '353440', 'Россия', 9200, 147),
(327, 'Склад Ландышевый Бриз', 'ул. Ландыш 9', 'Орехово-Зуево', '142600', 'Россия', 7800, 227),
(328, 'Склад Теплый Луг', 'ул. Луговая 10', 'Калининград', '236000', 'Россия', 7100, 192),
(329, 'Склад Зимняя Танго', 'ул. Танго 36', 'Самара', '443000', 'Россия', 8100, 43),
(330, 'Склад Облачный Океан', 'ул. Океанская 55', 'Сыктывкар', '167000', 'Россия', 7600, 105),
(331, 'Склад Багряный Рассвет', 'ул. Рассветная 5', 'Грозный', '364000', 'Россия', 8900, 302),
(332, 'Склад Ветхий Лавр', 'ул. Лавровая 14', 'Ижевск', '426000', 'Россия', 6400, 218),
(333, 'Склад Сиреневый Мех', 'ул. Цветочная 5', 'Благовещенск', '675000', 'Россия', 8700, 245),
(334, 'Склад Полярный Бриз', 'ул. Бризная 12', 'Мурманск', '183000', 'Россия', 8200, 95),
(335, 'Склад Зимний Берег', 'ул. Береговая 6', 'Ульяновск', '432000', 'Россия', 8400, 299),
(336, 'Склад Великие Вечера', 'ул. Вечерняя 17', 'Санкт-Петербург', '191000', 'Россия', 8600, 294),
(337, 'Склад Древние Духи', 'ул. Духовская 44', 'Саратов', '410000', 'Россия', 9500, 324),
(338, 'Склад Золотая Аврора', 'ул. Аврора 25', 'Нижний Новгород', '603000', 'Россия', 6700, 212),
(339, 'Склад Сиреневая Тревога', 'ул. Тревожная 45', 'Железногорск', '307170', 'Россия', 7200, 340),
(340, 'Склад Лунный Аккорд', 'ул. Аккорд 18', 'Омск', '644000', 'Россия', 8200, 251),
(341, 'Склад Вересковая Магия', 'ул. Вересковая 55', 'Воронеж', '394000', 'Россия', 9000, 316),
(342, 'Склад Камень Рассвета', 'ул. Каменная 34', 'Владикавказ', '362000', 'Россия', 7900, 68),
(343, 'Склад Холодный Листопад', 'ул. Листопадная 41', 'Казань', '420000', 'Россия', 6800, 92),
(344, 'Склад Ночная Гроза', 'ул. Ночная 80', 'Минск', '220005', 'Беларусь', 8600, 305),
(345, 'Склад Заречные Воды', 'ул. Заречная 44', 'Рязань', '390000', 'Россия', 8100, 4),
(346, 'Склад Каменный Мост', 'ул. Мостовая 2', 'Хабаровск', '680000', 'Россия', 7500, 215),
(347, 'Склад Утренний Доход', 'ул. Утренняя 3', 'Тюмень', '625000', 'Россия', 8800, 394),
(348, 'Склад Речной Путь', 'ул. Речная 11', 'Новосибирск', '630000', 'Россия', 8100, 203),
(349, 'Склад Чистое Утро', 'ул. Утренняя 25', 'Иваново', '153000', 'Россия', 9300, 353),
(350, 'Склад Кленовая Аллея', 'ул. Аллейная 27', 'Петропавловск-Камчатский', '683000', 'Россия', 7700, 113),
(351, 'Склад Вышний Луг', 'ул. Луговская 18', 'Воронеж', '394000', 'Россия', 7000, 148),
(352, 'Склад Янтарный Блик', 'ул. Янтарная 53', 'Нальчик', '360000', 'Россия', 8300, 262),
(353, 'Склад Блестящий Рассвет', 'ул. Блестящая 74', 'Вологда', '160000', 'Россия', 8800, 308),
(354, 'Склад Зелёная Гора', 'ул. Гора 88', 'Кострома', '156000', 'Россия', 8600, 201),
(355, 'Склад Меловой Город', 'ул. Меловая 88', 'Ковров', '601900', 'Россия', 8100, 344),
(356, 'Склад Полосатый Экватор', 'ул. Экватор 5', 'Краснодар', '350000', 'Россия', 6800, 118),
(357, 'Склад Лунный Сад', 'ул. Садовая 6', 'Гатчина', '188300', 'Россия', 7700, 36),
(358, 'Склад Хвойное Поле', 'ул. Полевая 30', 'Великий Новгород', '173000', 'Россия', 9200, 225),
(359, 'Склад Огненный Закат', 'ул. Закатная 90', 'Липецк', '398000', 'Россия', 7100, 221),
(360, 'Склад Южный Полюс', 'ул. Полярная 20', 'Петрозаводск', '185000', 'Россия', 8700, 333),
(361, 'Склад Чудесная Мечта', 'ул. Мечтательная 67', 'Тула', '300000', 'Россия', 7500, 328),
(362, 'Склад Плёнке Река', 'ул. Речная 36', 'Барнаул', '656000', 'Россия', 8100, 198),
(363, 'Склад Северный Гора', 'ул. Гора 19', 'Санкт-Петербург', '191000', 'Россия', 6800, 320),
(364, 'Склад Серебряный Дождь', 'ул. Дождливая 41', 'Киров', '610000', 'Россия', 9200, 116),
(365, 'Склад Лунное Озеро', 'ул. Озерная 34', 'Красноярск', '660000', 'Россия', 7100, 35),
(366, 'Склад Вечерней Мозайки', 'ул. Вечерняя 29', 'Сыктывкар', '167000', 'Россия', 8300, 150),
(367, 'Склад Ветренное Поле', 'ул. Полевая 28', 'Новокузнецк', '654000', 'Россия', 8400, 363),
(368, 'Склад Янтарное Утро', 'ул. Утренняя 54', 'Тверь', '170000', 'Россия', 7600, 307),
(369, 'Склад Метахвала', 'ул. Хвалятая 6', 'Орёл', '302000', 'Россия', 9000, 215),
(370, 'Склад Зимняя Сказка', 'ул. Сказочная 72', 'Томмот', '678016', 'Россия', 8200, 69),
(371, 'Склад Лунный Закат', 'ул. Закатная 29', 'Благовещенск', '675000', 'Россия', 8600, 267),
(372, 'Склад Лунное Чудо', 'ул. Чудная 29', 'Серпухов', '142200', 'Россия', 7600, 231),
(373, 'Склад Облачная Лента', 'ул. Облачная 70', 'Губкин', '309180', 'Россия', 6800, 23),
(374, 'Склад Чудесное Пюре', 'ул. Пюрная 24', 'Минск', '220040', 'Беларусь', 9000, 207),
(375, 'Склад Холодный Родник', 'ул. Родниковая 40', 'Волжский', '404130', 'Россия', 8300, 359),
(376, 'Склад Полярный Утёс', 'ул. Утёсовская 3', 'Новосибирск', '630000', 'Россия', 7100, 98),
(377, 'Склад Алмазное Нео', 'ул. Неоновая 9', 'Тюмень', '625000', 'Россия', 7400, 273),
(378, 'Склад Солнечная Поляна', 'ул. Солнечная 44', 'Рыбинск', '152000', 'Россия', 7800, 398),
(379, 'Склад Светлый Луг', 'ул. Светлая 18', 'Златоуст', '456200', 'Россия', 9200, 343),
(380, 'Склад Ониксовая Река', 'ул. Речного Камня 34', 'Краснодар', '350000', 'Россия', 6500, 394),
(381, 'Склад Апельсиновый Грот', 'ул. Гротская 19', 'Ейск', '353680', 'Россия', 7500, 4),
(382, 'Склад Янтарный Пик', 'ул. Пиковая 1', 'Красноярск', '660000', 'Россия', 8700, 250),
(383, 'Склад Забытый Листочек', 'ул. Листочная 44', 'Уфа', '450000', 'Россия', 8000, 289),
(384, 'Склад Серый Лев', 'ул. Львиная 18', 'Таганрог', '347900', 'Россия', 8100, 271),
(385, 'Склад Полосатый Холод', 'ул. Морозная 22', 'Мурманск', '183800', 'Россия', 7600, 122),
(386, 'Склад Ручная Поляна', 'ул. Ручная 9', 'Пермь', '614000', 'Россия', 6900, 73),
(387, 'Склад Луннославский', 'ул. Лунная 34', 'Омск', '644000', 'Россия', 7300, 357),
(388, 'Склад Моховая Площаль', 'ул. Моховая 4', 'Санкт-Петербург', '193000', 'Россия', 8700, 47),
(389, 'Склад Северная Дорога', 'ул. Дорожная 8', 'Ижевск', '426000', 'Россия', 7500, 268),
(390, 'Склад Лунный Лорд', 'ул. Лорда 41', 'Тихвин', '187555', 'Россия', 9200, 308),
(391, 'Склад Дзержинская Роща', 'ул. Дзержинского 30', 'Красноярск', '660000', 'Россия', 6500, 227),
(392, 'Склад Каменные Звуки', 'ул. Звуковская 3', 'Самара', '443000', 'Россия', 8400, 188),
(393, 'Склад Нарядная Поляна', 'ул. Нарядная 6', 'Грозный', '364000', 'Россия', 7100, 271),
(394, 'Склад Звездные Горы', 'ул. Звездная 30', 'Калуга', '248000', 'Россия', 8800, 186),
(395, 'Склад Цветочный Сад', 'ул. Цветочная 19', 'Тверь', '170008', 'Россия', 8400, 193),
(396, 'Склад Закатный Странник', 'ул. Закатная 3', 'Архангельск', '163000', 'Россия', 7600, 246),
(397, 'Склад Гранатовая Улица', 'ул. Гранатовая 18', 'Уфа', '450000', 'Россия', 7100, 330),
(398, 'Склад Северный Степной', 'ул. Степная 2', 'Белогорск', '676855', 'Россия', 6800, 376),
(399, 'Склад Теплая Поляна', 'ул. Поляна 25', 'Липецк', '398000', 'Россия', 6900, 9),
(400, 'Склад Янтарный Ветерок', 'ул. Ветерок 29', 'Владивосток', '690000', 'Россия', 7000, 362);


INSERT INTO Inventory (InventoryID, WarehouseID, ProductID, Quantity, LastUpdated) VALUES 
(101, 12, 194, 50, '2023-09-15'),
(102, 81, 427, 30, '2023-09-16'),
(103, 250, 156, 70, '2023-09-17'),
(104, 351, 266, 20, '2023-09-18'),
(105, 376, 395, 100, '2023-09-19'),
(106, 212, 488, 80, '2023-09-20'),
(107, 286, 128, 55, '2023-09-21'),
(108, 55, 477, 60, '2023-09-22'),
(109, 219, 380, 45, '2023-09-23'),
(110, 324, 139, 30, '2023-09-24'),
(111, 397, 110, 90, '2023-09-25'),
(112, 389, 491, 25, '2023-09-26'),
(113, 202, 316, 75, '2023-09-27'),
(114, 105, 321, 65, '2023-09-28'),
(115, 118, 120, 40, '2023-09-29'),
(116, 358, 135, 50, '2023-09-30'),
(117, 150, 138, 35, '2023-10-01'),
(118, 158, 497, 10, '2023-10-02'),
(119, 48, 208, 6, '2023-10-03'),
(120, 375, 452, 45, '2023-10-04'),
(121, 368, 430, 100, '2023-10-05'),
(122, 96, 461, 110, '2023-10-06'),
(123, 341, 208, 115, '2023-10-07'),
(124, 8, 187, 5, '2023-10-08'),
(125, 271, 213, 0, '2023-10-09'),
(126, 280, 108, 20, '2023-10-10'),
(127, 139, 438, 78, '2023-10-11'),
(128, 216, 225, 23, '2023-10-12'),
(129, 353, 333, 15, '2023-10-13'),
(130, 185, 462, 33, '2023-10-14'),
(131, 288, 266, 55, '2023-10-15'),
(132, 283, 498, 75, '2023-10-16'),
(133, 273, 126, 95, '2023-10-17'),
(134, 140, 207, 105, '2023-10-18'),
(135, 150, 227, 65, '2023-10-19'),
(136, 216, 194, 85, '2023-10-20'),
(137, 82, 462, 25, '2023-10-21'),
(138, 80, 445, 81, '2023-10-22'),
(139, 123, 213, 49, '2023-10-23'),
(140, 32, 193, 1, '2023-10-24'),
(141, 352, 322, 17, '2023-10-25'),
(142, 282, 401, 77, '2023-10-26'),
(143, 358, 217, 88, '2023-10-27'),
(144, 374, 423, 98, '2023-10-28'),
(145, 152, 182, 38, '2023-10-29'),
(146, 162, 423, 48, '2023-10-30'),
(147, 339, 404, 53, '2023-10-31'),
(148, 210, 351, 64, '2023-11-01'),
(149, 62, 161, 92, '2023-11-02'),
(150, 253, 102, 71, '2023-11-03'),
(151, 246, 499, 62, '2023-11-04'),
(152, 260, 165, 47, '2023-11-05'),
(153, 118, 393, 82, '2023-11-06'),
(154, 146, 448, 34, '2023-11-07'),
(155, 346, 429, 54, '2023-11-08'),
(156, 268, 156, 69, '2023-11-09'),
(157, 117, 484, 77, '2023-11-10'),
(158, 103, 199, 93, '2023-11-11'),
(159, 44, 347, 61, '2023-11-12'),
(160, 69, 255, 41, '2023-11-13'),
(161, 347, 385, 69, '2023-11-14'),
(162, 124, 305, 74, '2023-11-15'),
(163, 339, 224, 100, '2023-11-16'),
(164, 205, 473, 36, '2023-11-17'),
(165, 135, 131, 9, '2023-11-18'),
(166, 91, 194, 3, '2023-11-19'),
(167, 29, 302, 50, '2023-11-20'),
(168, 80, 258, 20, '2023-11-21'),
(169, 291, 242, 67, '2023-11-22'),
(170, 146, 431, 95, '2023-11-23'),
(171, 114, 103, 83, '2023-11-24'),
(172, 298, 235, 45, '2023-11-25'),
(173, 332, 454, 12, '2023-11-26'),
(174, 382, 219, 9, '2023-11-27'),
(175, 241, 250, 30, '2023-11-28'),
(176, 21, 248, 64, '2023-11-29'),
(177, 305, 197, 22, '2023-11-30'),
(178, 86, 186, 50, '2023-12-01'),
(179, 181, 159, 70, '2023-12-02'),
(180, 34, 387, 44, '2023-12-03'),
(181, 199, 328, 13, '2023-12-04'),
(182, 376, 204, 23, '2023-12-05'),
(183, 380, 174, 33, '2023-12-06'),
(184, 362, 422, 43, '2023-12-07'),
(185, 113, 134, 35, '2023-12-08'),
(186, 166, 370, 21, '2023-12-09'),
(187, 235, 293, 60, '2023-12-10'),
(188, 7, 256, 30, '2023-12-11'),
(189, 169, 201, 20, '2023-12-12'),
(190, 369, 316, 40, '2023-12-13'),
(191, 374, 208, 80, '2023-12-14'),
(192, 332, 461, 90, '2023-12-15'),
(193, 375, 456, 100, '2023-12-16'),
(194, 134, 354, 31, '2023-12-17'),
(195, 269, 256, 58, '2023-12-18'),
(196, 58, 345, 66, '2023-12-19'),
(197, 310, 338, 8, '2023-12-20'),
(198, 374, 193, 16, '2023-12-21'),
(199, 36, 204, 28, '2023-12-22'),
(200, 47, 116, 35, '2023-12-23'),
(201, 278, 318, 67, '2023-12-24'),
(202, 192, 476, 89, '2023-12-25'),
(203, 357, 296, 76, '2023-12-26'),
(204, 315, 309, 47, '2023-12-27'),
(205, 68, 178, 54, '2023-12-28'),
(206, 350, 131, 32, '2023-12-29'),
(207, 218, 218, 95, '2023-12-30'),
(208, 281, 130, 43, '2023-12-31'),
(209, 362, 102, 88, '2024-01-01'),
(210, 68, 440, 77, '2024-01-02'),
(211, 328, 461, 64, '2024-01-03'),
(212, 120, 109, 70, '2024-01-04'),
(213, 186, 282, 92, '2024-01-05'),
(214, 248, 470, 59, '2024-01-06'),
(215, 67, 295, 81, '2024-01-07'),
(216, 226, 406, 53, '2024-01-08'),
(217, 312, 262, 40, '2024-01-09'),
(218, 40, 267, 99, '2024-01-10'),
(219, 90, 335, 19, '2024-01-11'),
(220, 246, 480, 83, '2024-01-12'),
(221, 68, 212, 24, '2024-01-13'),
(222, 344, 406, 44, '2024-01-14'),
(223, 143, 234, 72, '2024-01-15'),
(224, 181, 216, 11, '2024-01-16'),
(225, 134, 471, 87, '2024-01-17'),
(226, 124, 203, 97, '2024-01-18'),
(227, 302, 166, 15, '2024-01-19'),
(228, 44, 286, 62, '2024-01-20'),
(229, 344, 148, 34, '2024-01-21'),
(230, 4, 256, 38, '2024-01-22'),
(231, 398, 286, 94, '2024-01-23'),
(232, 295, 366, 57, '2024-01-24'),
(233, 366, 111, 8, '2024-01-25'),
(234, 271, 364, 100, '2024-01-26'),
(235, 325, 358, 45, '2024-01-27'),
(236, 192, 296, 69, '2024-01-28'),
(237, 344, 202, 21, '2024-01-29'),
(238, 74, 483, 25, '2024-01-30'),
(239, 31, 330, 72, '2024-01-31'),
(240, 246, 382, 17, '2024-02-01'),
(241, 225, 173, 59, '2024-02-02'),
(242, 162, 387, 37, '2024-02-03'),
(243, 370, 275, 90, '2024-02-04'),
(244, 142, 113, 31, '2024-02-05'),
(245, 160, 286, 55, '2024-02-06'),
(246, 351, 122, 98, '2024-02-07'),
(247, 181, 399, 64, '2024-02-08'),
(248, 111, 437, 28, '2024-02-09'),
(249, 24, 277, 56, '2024-02-10'),
(250, 78, 281, 39, '2024-02-11'),
(251, 281, 463, 79, '2024-02-12'),
(252, 77, 183, 83, '2024-02-13'),
(253, 369, 204, 49, '2024-02-14'),
(254, 205, 263, 68, '2024-02-15'),
(255, 31, 222, 52, '2024-02-16'),
(256, 103, 476, 84, '2024-02-17'),
(257, 214, 140, 60, '2024-02-18'),
(258, 205, 189, 91, '2024-02-19'),
(259, 383, 340, 18, '2024-02-20'),
(260, 82, 468, 63, '2024-02-21'),
(261, 65, 215, 75, '2024-02-22'),
(262, 108, 165, 14, '2024-02-23'),
(263, 173, 197, 78, '2024-02-24'),
(264, 239, 420, 22, '2024-02-25'),
(265, 125, 324, 87, '2024-02-26'),
(266, 252, 246, 36, '2024-02-27'),
(267, 317, 294, 77, '2024-02-28'),
(268, 58, 259, 46, '2024-02-29'),
(269, 37, 299, 82, '2024-03-01'),
(270, 118, 494, 43, '2024-03-02'),
(271, 380, 277, 19, '2024-03-03'),
(272, 124, 206, 94, '2024-03-04'),
(273, 136, 269, 57, '2024-03-05'),
(274, 162, 238, 27, '2024-03-06'),
(275, 208, 239, 41, '2024-03-07'),
(276, 164, 324, 16, '2024-03-08'),
(277, 258, 402, 71, '2024-03-09'),
(278, 203, 118, 53, '2024-03-10'),
(279, 297, 263, 89, '2024-03-11'),
(280, 259, 162, 32, '2024-03-12'),
(281, 165, 451, 73, '2024-03-13'),
(282, 336, 428, 56, '2024-03-14'),
(283, 185, 404, 90, '2024-03-15'),
(284, 27, 425, 12, '2024-03-16'),
(285, 91, 362, 23, '2024-03-17'),
(286, 112, 206, 65, '2024-03-18'),
(287, 48, 400, 54, '2024-03-19'),
(288, 238, 309, 45, '2024-03-20'),
(289, 101, 349, 98, '2024-03-21'),
(290, 363, 239, 67, '2024-03-22'),
(291, 236, 486, 81, '2024-03-23'),
(292, 211, 308, 35, '2024-03-24'),
(293, 198, 252, 37, '2024-03-25'),
(294, 126, 270, 74, '2024-03-26'),
(295, 84, 199, 10, '2024-03-27'),
(296, 194, 285, 79, '2024-03-28'),
(297, 400, 400, 34, '2024-03-29'),
(298, 330, 407, 91, '2024-03-30'),
(299, 86, 202, 29, '2024-03-31'),
(300, 45, 195, 53, '2024-04-01'),
(301, 282, 282, 56, '2024-04-02'),
(302, 283, 378, 78, '2024-04-03'),
(303, 96, 141, 85, '2024-04-04'),
(304, 272, 299, 64, '2024-04-05'),
(305, 180, 382, 48, '2024-04-06'),
(306, 282, 159, 39, '2024-04-07'),
(307, 349, 293, 22, '2024-04-08'),
(308, 197, 307, 57, '2024-04-09'),
(309, 120, 469, 96, '2024-04-10'),
(310, 2, 422, 42, '2024-04-11'),
(311, 137, 106, 28, '2024-04-12'),
(312, 161, 498, 67, '2024-04-13'),
(313, 386, 176, 74, '2024-04-14'),
(314, 257, 200, 31, '2024-04-15'),
(315, 364, 300, 82, '2024-04-16'),
(316, 29, 199, 45, '2024-04-17'),
(317, 215, 116, 88, '2024-04-18'),
(318, 87, 247, 99, '2024-04-19'),
(319, 250, 328, 16, '2024-04-20'),
(320, 338, 126, 23, '2024-04-21'),
(321, 375, 135, 60, '2024-04-22'),
(322, 108, 468, 72, '2024-04-23'),
(323, 210, 293, 54, '2024-04-24'),
(324, 212, 306, 93, '2024-04-25'),
(325, 375, 200, 12, '2024-04-26'),
(326, 39, 207, 61, '2024-04-27'),
(327, 189, 385, 36, '2024-04-28'),
(328, 297, 324, 49, '2024-04-29'),
(329, 342, 249, 80, '2024-04-30'),
(330, 120, 148, 77, '2024-05-01'),
(331, 380, 414, 53, '2024-05-02'),
(332, 387, 293, 33, '2024-05-03'),
(333, 314, 134, 75, '2024-05-04'),
(334, 270, 198, 44, '2024-05-05'),
(335, 191, 445, 71, '2024-05-06'),
(336, 184, 155, 22, '2024-05-07'),
(337, 332, 205, 81, '2024-05-08'),
(338, 292, 269, 90, '2024-05-09'),
(339, 339, 308, 11, '2024-05-10'),
(340, 388, 136, 68, '2024-05-11'),
(341, 1, 377, 25, '2024-05-12'),
(342, 266, 259, 99, '2024-05-13'),
(343, 224, 391, 76, '2024-05-14'),
(344, 314, 481, 30, '2024-05-15'),
(345, 151, 457, 47, '2024-05-16'),
(346, 359, 314, 58, '2024-05-17'),
(347, 104, 310, 69, '2024-05-18'),
(348, 56, 408, 50, '2024-05-19'),
(349, 11, 177, 37, '2024-05-20'),
(350, 361, 387, 95, '2024-05-21'),
(351, 146, 269, 44, '2024-05-22'),
(352, 217, 477, 13, '2024-05-23'),
(353, 200, 349, 66, '2024-05-24'),
(354, 137, 168, 92, '2024-05-25'),
(355, 396, 233, 28, '2024-05-26'),
(356, 167, 416, 53, '2024-05-27'),
(357, 137, 353, 64, '2024-05-28'),
(358, 231, 215, 40, '2024-05-29'),
(359, 269, 198, 85, '2024-05-30'),
(360, 344, 382, 32, '2024-05-31'),
(361, 174, 406, 95, '2024-06-01'),
(362, 231, 455, 46, '2024-06-02'),
(363, 203, 326, 29, '2024-06-03'),
(364, 332, 444, 78, '2024-06-04'),
(365, 47, 396, 55, '2024-06-05'),
(366, 282, 486, 39, '2024-06-06'),
(367, 80, 263, 63, '2024-06-07'),
(368, 293, 353, 76, '2024-06-08'),
(369, 162, 334, 88, '2024-06-09'),
(370, 190, 313, 51, '2024-06-10'),
(371, 1, 337, 19, '2024-06-11'),
(372, 199, 498, 84, '2024-06-12'),
(373, 292, 381, 97, '2024-06-13'),
(374, 23, 452, 16, '2024-06-14'),
(375, 150, 351, 27, '2024-06-15'),
(376, 355, 196, 72, '2024-06-16'),
(377, 221, 115, 11, '2024-06-17'),
(378, 334, 340, 48, '2024-06-18'),
(379, 185, 287, 79, '2024-06-19'),
(380, 180, 219, 2,  '2024-06-20'),
(381, 397, 190, 54, '2024-06-21'),
(382, 95, 195, 81, '2024-06-22'),
(383, 315, 286, 15, '2024-06-23'),
(384, 346, 219, 60, '2024-06-24'),
(385, 1, 483, 90, '2024-06-25'),
(386, 120, 114, 36, '2024-06-26'),
(387, 200, 218, 96, '2024-06-27'),
(388, 105, 255, 74, '2024-06-28'),
(389, 204, 245, 45, '2024-06-29'),
(390, 70, 292, 84, '2024-06-30'),
(391, 21, 287, 62, '2024-07-01'),
(392, 6, 280, 89, '2024-07-02'),
(393, 47, 146, 35, '2024-07-03'),
(394, 15, 197, 82, '2024-07-04'),
(395, 2, 200, 13, '2024-07-05'),
(396, 387, 318, 40, '2024-07-06'),
(397, 119, 344, 70, '2024-07-07'),
(398, 193, 189, 58, '2024-07-08'),
(399, 150, 499, 94, '2024-07-09'),
(400, 263, 234, 17, '2024-07-10'),
(401, 203, 345, 67, '2024-07-11'),
(402, 232, 134, 45, '2024-07-12'),
(403, 125, 210, 85, '2024-07-13'),
(404, 233, 106, 123, '2024-07-14'),
(405, 159, 271, 53, '2024-07-15'),
(406, 202, 483, 72, '2024-07-16'),
(407, 172, 356, 95, '2024-07-17'),
(408, 289, 318, 14, '2024-07-18'),
(409, 127, 160, 99, '2024-07-19'),
(410, 91, 498, 56, '2024-07-20'),
(411, 247, 117, 78, '2024-07-21'),
(412, 259, 250, 104, '2024-07-22'),
(413, 342, 208, 128, '2024-07-23'),
(414, 291, 249, 49, '2024-07-24'),
(415, 316, 122, 60, '2024-07-25'),
(416, 350, 331, 39, '2024-07-26'),
(417, 236, 414, 58, '2024-07-27'),
(418, 392, 320, 74, '2024-07-28'),
(419, 358, 143, 93, '2024-07-29'),
(420, 237, 488, 52, '2024-07-30'),
(421, 179, 231, 68, '2024-07-31'),
(422, 108, 340, 84, '2024-08-01'),
(423, 44, 404, 91, '2024-08-02'),
(424, 264, 384, 105, '2024-08-03'),
(425, 230, 103, 67, '2024-08-04'),
(426, 259, 112, 48, '2024-08-05'),
(427, 3, 202, 129, '2024-08-06'),
(428, 310, 320, 60, '2024-08-07'),
(429, 43, 326, 37, '2024-08-08'),
(430, 347, 395, 71, '2024-08-09'),
(431, 371, 298, 96, '2024-08-10'),
(432, 152, 438, 64, '2024-08-11'),
(433, 349, 280, 99, '2024-08-12'),
(434, 294, 382, 53, '2024-08-13'),
(435, 155, 174, 47, '2024-08-14'),
(436, 277, 132, 85, '2024-08-15'),
(437, 297, 224, 109, '2024-08-16'),
(438, 172, 112, 76, '2024-08-17'),
(439, 17, 154, 44, '2024-08-18'),
(440, 106, 492, 88, '2024-08-19'),
(441, 286, 198, 123, '2024-08-20'),
(442, 241, 320, 65, '2024-08-21'),
(443, 206, 451, 81, '2024-08-22'),
(444, 22, 329, 95, '2024-08-23'),
(445, 305, 149, 73, '2024-08-24'),
(446, 149, 393, 49, '2024-08-25'),
(447, 75, 402, 127, '2024-08-26'),
(448, 37, 259, 50, '2024-08-27'),
(449, 375, 375, 68, '2024-08-28'),
(450, 361, 307, 80, '2024-08-29'),
(451, 197, 205, 37, '2024-08-30'),
(452, 167, 182, 93, '2024-08-31'),
(453, 378, 496, 119, '2024-09-01'),
(454, 359, 496, 64, '2024-09-02'),
(455, 302, 108, 75, '2024-09-03'),
(456, 74, 305, 55, '2024-09-04'),
(457, 182, 395, 81, '2024-09-05'),
(458, 128, 424, 92, '2024-09-06'),
(459, 167, 364, 46, '2024-09-07'),
(460, 29, 203, 104, '2024-09-08'),
(461, 193, 230, 78, '2024-09-09'),
(462, 384, 274, 88, '2024-09-10'),
(463, 83, 195, 45, '2024-09-11'),
(464, 224, 424, 63, '2024-09-12'),
(465, 150, 349, 117, '2024-09-13'),
(466, 152, 423, 52, '2024-09-14'),
(467, 373, 467, 89, '2024-09-15'),
(468, 150, 310, 39, '2024-09-16'),
(469, 244, 255, 94, '2024-09-17'),
(470, 365, 165, 101, '2024-09-18'),
(471, 132, 247, 34, '2024-09-19'),
(472, 67, 332, 119, '2024-09-20'),
(473, 72, 279, 70, '2024-09-21'),
(474, 41, 498, 82, '2024-09-22'),
(475, 40, 250, 93, '2024-09-23'),
(476, 287, 161, 108, '2024-09-24'),
(477, 164, 196, 56, '2024-09-25'),
(478, 299, 153, 79, '2024-09-26'),
(479, 354, 490, 120, '2024-09-27'),
(480, 3, 272, 65, '2024-09-28'),
(481, 64, 341, 52, '2024-09-29'),
(482, 286, 335, 105, '2024-09-30'),
(483, 84, 263, 81, '2024-10-01'),
(484, 303, 111, 98, '2024-10-02'),
(485, 133, 314, 69, '2024-10-03'),
(486, 182, 486, 39, '2024-10-04'),
(487, 338, 319, 111, '2024-10-05'),
(488, 22, 229, 75, '2024-10-06'),
(489, 213, 236, 112, '2024-10-07'),
(490, 177, 470, 41, '2024-10-08'),
(491, 383, 202, 74, '2024-10-09'),
(492, 397, 251, 60, '2024-10-10'),
(493, 234, 141, 90, '2024-10-11'),
(494, 25, 395, 33, '2024-10-12'),
(495, 180, 473, 67, '2024-10-13'),
(496, 3, 252, 49, '2024-10-14'),
(497, 144, 154, 103, '2024-10-15'),
(498, 153, 408, 114, '2024-10-16'),
(499, 197, 250, 61, '2024-10-17'),
(500, 214, 262, 80, '2024-10-18');


INSERT INTO Routes (RouteID, StartLocation, EndLocation, Distance, EstimatedTime, Status, ShipperID) VALUES
(1, 'Москва', 'Санкт-Петербург', 700.50, '08:00:00', 'Активен', 233),
(2, 'Казань', 'Нижний Новгород', 400.75, '05:30:00', 'В ожидании', 425),
(3, 'Екатеринбург', 'Челябинск', 200.20, '02:45:00', 'Завершен', 438),
(4, 'Новосибирск', 'Омск', 600.00, '07:00:00', 'Активен', 425),
(5, 'Краснодар', 'Сочи', 120.40, '02:10:00', 'В ожидании', 477),
(6, 'Уфа', 'Самара', 460.90, '06:15:00', 'Завершен', 124),
(7, 'Пермь', 'Ижевск', 300.65, '04:00:00', 'Активен', 211),
(8, 'Волгоград', 'Астрахань', 410.30, '05:45:00', 'В ожидании', 135),
(9, 'Саратов', 'Воронеж', 350.10, '05:00:00', 'Завершен', 400),
(10, 'Красноярск', 'Иркутск', 1050.50, '12:30:00', 'Активен', 503),
(11, 'Хабаровск', 'Владивосток', 800.40, '10:00:00', 'В ожидании', 109),
(12, 'Тюмень', 'Курган', 220.25, '03:15:00', 'Завершен', 224),
(13, 'Белгород', 'Липецк', 190.80, '03:00:00', 'Активен', 326),
(14, 'Ростов-на-Дону', 'Ставрополь', 370.50, '05:20:00', 'В ожидании', 132),
(15, 'Улан-Удэ', 'Чита', 550.30, '07:30:00', 'Завершен', 394),
(16, 'Калининград', 'Псков', 800.20, '10:15:00', 'Активен', 430),
(17, 'Оренбург', 'Орск', 280.60, '04:30:00', 'В ожидании', 176),
(18, 'Томск', 'Кемерово', 270.40, '04:10:00', 'Завершен', 102),
(19, 'Воронеж', 'Тамбов', 140.10, '02:20:00', 'Активен', 379),
(20, 'Мурманск', 'Архангельск', 880.90, '11:45:00', 'В ожидании', 361),
(21, 'Чебоксары', 'Киров', 170.30, '02:45:00', 'Завершен', 273),
(22, 'Иваново', 'Кострома', 100.20, '01:50:00', 'Активен', 495),
(23, 'Тула', 'Брянск', 240.65, '03:40:00', 'В ожидании', 371),
(24, 'Крымск', 'Новороссийск', 90.80, '01:15:00', 'Завершен', 122),
(25, 'Новокузнецк', 'Барнаул', 340.50, '05:10:00', 'Активен', 416),
(26, 'Амурск', 'Южно-Сахалинск', 910.20, '12:00:00', 'В ожидании', 126),
(27, 'Смоленск', 'Калуга', 180.40, '03:00:00', 'Завершен', 429),
(28, 'Рязань', 'Тамбов', 160.75, '02:55:00', 'Активен', 425),
(29, 'Анапа', 'Геленджик', 60.30, '01:00:00', 'В ожидании', 512),
(30, 'Киров', 'Петрозаводск', 680.50, '09:30:00', 'Завершен', 148),
(31, 'Астрахань', 'Элиста', 400.30, '06:10:00', 'Активен', 389),
(32, 'Череповец', 'Вологда', 110.60, '01:45:00', 'В ожидании', 373),
(33, 'Казань', 'Оренбург', 550.40, '07:45:00', 'Завершен', 433),
(34, 'Тверь', 'Ярославль', 170.90, '02:50:00', 'Активен', 177),
(35, 'Курск', 'Белгород', 130.25, '02:10:00', 'В ожидании', 438),
(36, 'Сочи', 'Туапсе', 105.10, '01:40:00', 'Завершен', 343),
(37, 'Владивосток', 'Находка', 200.80, '02:30:00', 'Активен', 272),
(38, 'Челябинск', 'Магнитогорск', 310.00, '04:50:00', 'В ожидании', 320),
(39, 'Липецк', 'Воронеж', 120.10, '02:00:00', 'Завершен', 430),
(40, 'Томск', 'Новосибирск', 260.75, '03:55:00', 'Активен', 268),
(41, 'Ханты-Мансийск', 'Сургут', 290.40, '04:45:00', 'В ожидании', 413),
(42, 'Барнаул', 'Кемерово', 280.20, '04:30:00', 'Завершен', 108),
(43, 'Братск', 'Усть-Илимск', 220.60, '03:20:00', 'Активен', 355),
(44, 'Находка', 'Артем', 130.40, '02:20:00', 'В ожидании', 397),
(45, 'Таганрог', 'Ростов-на-Дону', 75.30, '01:10:00', 'Завершен', 232),
(46, 'Якутск', 'Нерюнгри', 680.50, '09:50:00', 'Активен', 249),
(47, 'Севастополь', 'Ялта', 90.20, '01:30:00', 'В ожидании', 429),
(48, 'Самара', 'Тольятти', 85.60, '01:20:00', 'Завершен', 365),
(49, 'Чита', 'Улан-Удэ', 560.30, '07:40:00', 'Активен', 427),
(50, 'Чебоксары', 'Ульяновск', 250.90, '03:50:00', 'В ожидании', 456),
(51, 'Петропавловск-Камчатский', 'Елизово', 30.10, '00:45:00', 'Завершен', 238),
(52, 'Грозный', 'Махачкала', 160.75, '02:50:00', 'Активен', 214),
(53, 'Сыктывкар', 'Ухта', 300.80, '04:45:00', 'В ожидании', 233),
(54, 'Владимир', 'Рязань', 150.40, '02:40:00', 'Завершен', 422),
(55, 'Нижний Новгород', 'Казань', 400.10, '05:50:00', 'Активен', 135),
(56, 'Рыбинск', 'Кострома', 190.20, '03:10:00', 'В ожидании', 289),
(57, 'Магадан', 'Якутск', 1200.30, '15:30:00', 'Завершен', 385),
(58, 'Набережные Челны', 'Елабуга', 40.60, '00:50:00', 'Активен', 336),
(59, 'Салехард', 'Новый Уренгой', 430.25, '06:30:00', 'В ожидании', 380),
(60, 'Южно-Сахалинск', 'Корсаков', 35.10, '01:00:00', 'Завершен', 305),
(61, 'Кемерово', 'Новокузнецк', 190.80, '03:20:00', 'Активен', 420),
(62, 'Омск', 'Тюмень', 670.50, '08:50:00', 'В ожидании', 245),
(63, 'Пенза', 'Саратов', 210.40, '03:40:00', 'Завершен', 460),
(64, 'Псков', 'Смоленск', 500.60, '06:55:00', 'Активен', 286),
(65, 'Великий Новгород', 'Петрозаводск', 310.10, '04:50:00', 'В ожидании', 311),
(66, 'Брянск', 'Курск', 190.20, '03:15:00', 'Завершен', 390),
(67, 'Сарапул', 'Пермь', 140.80, '02:40:00', 'Активен', 150),
(68, 'Тамбов', 'Липецк', 160.30, '02:50:00', 'В ожидании', 292),
(69, 'Благовещенск', 'Амурск', 320.65, '04:45:00', 'Завершен', 198),
(70, 'Воронеж', 'Белгород', 150.75, '02:30:00', 'Активен', 153),
(71, 'Калуга', 'Тула', 100.90, '01:55:00', 'В ожидании', 280),
(72, 'Курган', 'Челябинск', 260.30, '04:10:00', 'Завершен', 147),
(73, 'Иркутск', 'Улан-Удэ', 450.20, '06:30:00', 'Активен', 218),
(74, 'Псков', 'Великий Новгород', 160.40, '02:45:00', 'В ожидании', 329),
(75, 'Ставрополь', 'Минеральные Воды', 200.60, '02:50:00', 'Завершен', 157),
(76, 'Кострома', 'Ярославль', 90.80, '01:30:00', 'Активен', 401),
(77, 'Владивосток', 'Уссурийск', 100.40, '01:40:00', 'В ожидании', 426),
(78, 'Чебоксары', 'Йошкар-Ола', 150.10, '02:20:00', 'Завершен', 383),
(79, 'Сургут', 'Нижневартовск', 225.50, '03:45:00', 'Активен', 346),
(80, 'Тверь', 'Москва', 180.30, '03:10:00', 'В ожидании', 161),
(81, 'Петропавловск-Камчатский', 'Вилючинск', 50.20, '01:00:00', 'Завершен', 226),
(82, 'Бийск', 'Горно-Алтайск', 90.45, '01:35:00', 'Активен', 370),
(83, 'Нальчик', 'Владикавказ', 170.60, '02:40:00', 'В ожидании', 355),
(84, 'Стерлитамак', 'Уфа', 120.25, '02:00:00', 'Завершен', 167),
(85, 'Муром', 'Ковров', 80.30, '01:25:00', 'Активен', 307),
(86, 'Новосибирск', 'Томск', 260.10, '04:00:00', 'В ожидании', 435),
(87, 'Краснодар', 'Новороссийск', 150.20, '02:25:00', 'Завершен', 453),
(88, 'Тула', 'Москва', 200.40, '03:30:00', 'Активен', 396),
(89, 'Псков', 'Рыбинск', 350.60, '05:10:00', 'В ожидании', 192),
(90, 'Уфа', 'Оренбург', 260.75, '04:25:00', 'Завершен', 206),
(91, 'Вологда', 'Череповец', 110.10, '01:40:00', 'Активен', 337),
(92, 'Сочи', 'Адлер', 30.30, '00:45:00', 'В ожидании', 139),
(93, 'Екатеринбург', 'Тюмень', 400.15, '05:20:00', 'Завершен', 402),
(94, 'Шахты', 'Ростов-на-Дону', 60.70, '01:15:00', 'Активен', 222),
(95, 'Петрозаводск', 'Санкт-Петербург', 430.40, '06:20:00', 'В ожидании', 462),
(96, 'Казань', 'Пермь', 600.10, '07:45:00', 'Завершен', 291),
(97, 'Владивосток', 'Находка', 210.30, '03:10:00', 'Активен', 477),
(98, 'Хабаровск', 'Комсомольск-на-Амуре', 430.50, '06:15:00', 'В ожидании', 348),
(99, 'Самара', 'Ульяновск', 150.40, '02:15:00', 'Завершен', 327),
(100, 'Белгород', 'Курск', 110.20, '01:55:00', 'Активен', 168),
(101, 'Серпухов', 'Троицк', 200.50, '03:25:00', 'Активен', 478),
(102, 'Клин', 'Долгопрудный', 95.75, '01:50:00', 'В ожидании', 429),
(103, 'Мытищи', 'Зеленоград', 45.20, '01:00:00', 'Завершен', 166),
(104, 'Зеленоград', 'Солнечногорск', 70.40, '01:25:00', 'Активен', 348),
(105, 'Щелково', 'Подольск', 110.30, '02:20:00', 'В ожидании', 225),
(106, 'Клин', 'Одинцово', 120.80, '02:30:00', 'Завершен', 408),
(107, 'Москва', 'Сергиев Посад', 80.70, '01:45:00', 'Активен', 225),
(108, 'Сергиев Посад', 'Александров', 50.60, '01:20:00', 'В ожидании', 294),
(109, 'Дмитров', 'Сергиев Посад', 65.30, '01:30:00', 'Завершен', 427),
(110, 'Егорьевск', 'Коломна', 100.10, '02:10:00', 'Активен', 302),
(111, 'Егорьевск', 'Воскресенск', 45.30, '01:00:00', 'В ожидании', 213),
(112, 'Жуковский', 'Лыткарино', 30.40, '00:45:00', 'Завершен', 205),
(113, 'Орехово-Зуево', 'Шатура', 55.80, '01:20:00', 'Активен', 307),
(114, 'Раменское', 'Жуковский', 20.50, '00:30:00', 'В ожидании', 501),
(115, 'Люберцы', 'Жуковский', 35.30, '00:50:00', 'Завершен', 316),
(116, 'Электросталь', 'Щелково', 65.20, '01:25:00', 'Активен', 279),
(117, 'Реутов', 'Люберцы', 25.40, '00:40:00', 'В ожидании', 251),
(118, 'Юбилейный', 'Мытищи', 10.60, '00:20:00', 'Завершен', 172),
(119, 'Долгопрудный', 'Лобня', 15.90, '00:25:00', 'Активен', 143),
(120, 'Подольск', 'Домодедово', 45.20, '01:00:00', 'В ожидании', 407),
(121, 'Химки', 'Дмитров', 75.50, '01:35:00', 'Завершен', 416),
(122, 'Истра', 'Воскресенск', 120.70, '02:40:00', 'Активен', 207),
(123, 'Бронницы', 'Коломна', 75.40, '01:30:00', 'В ожидании', 419),
(124, 'Одинцово', 'Можайск', 50.75, '01:15:00', 'Завершен', 247),
(125, 'Павловский Посад', 'Электросталь', 40.60, '01:00:00', 'Активен', 388),
(126, 'Коломна', 'Егорьевск', 30.80, '00:50:00', 'В ожидании', 301),
(127, 'Наро-Фоминск', 'Обнинск', 25.90, '00:45:00', 'Завершен', 223),
(128, 'Серпухов', 'Протвино', 15.40, '00:30:00', 'Активен', 151),
(129, 'Химки', 'Лобня', 10.70, '00:20:00', 'В ожидании', 140),
(130, 'Домодедово', 'Видное', 35.20, '00:50:00', 'Завершен', 506),
(131, 'Жуковский', 'Раменское', 10.60, '00:20:00', 'Активен', 317),
(132, 'Лыткарино', 'Реутов', 30.80, '00:50:00', 'В ожидании', 289),
(133, 'Щербинка', 'Чехов', 25.40, '00:45:00', 'Завершен', 211),
(134, 'Троицк', 'Апрелевка', 40.20, '00:55:00', 'Активен', 125),
(135, 'Поздняково', 'Солнечногорск', 60.50, '01:20:00', 'В ожидании', 242),
(136, 'Апрелевка', 'Наро-Фоминск', 20.40, '00:35:00', 'Завершен', 462),
(137, 'Кашира', 'Озёры', 45.80, '01:05:00', 'Активен', 392),
(138, 'Видное', 'Лыткарино', 25.50, '00:45:00', 'В ожидании', 295),
(139, 'Мытищи', 'Зеленоград', 70.30, '01:30:00', 'Завершен', 184),
(140, 'Подольск', 'Щербинка', 15.40, '00:25:00', 'Активен', 228),
(141, 'Сергиев Посад', 'Дмитров', 60.70, '01:15:00', 'В ожидании', 333),
(142, 'Лобня', 'Химки', 12.90, '00:20:00', 'Завершен', 146),
(143, 'Дубна', 'Кимры', 35.50, '01:00:00', 'Активен', 271),
(144, 'Солнечногорск', 'Зеленоград', 25.70, '00:45:00', 'В ожидании', 259),
(145, 'Обнинск', 'Калуга', 15.30, '00:20:00', 'Завершен', 207),
(146, 'Электросталь', 'Орехово-Зуево', 50.60, '01:10:00', 'Активен', 385),
(147, 'Лотомино', 'Луховицы', 55.30, '01:10:00', 'В ожидании', 315),
(148, 'Раменское', 'Бронницы', 40.50, '01:00:00', 'Завершен', 392),
(149, 'Егорьевск', 'Воскресенск', 30.80, '00:50:00', 'Активен', 287),
(150, 'Балашиха', 'Железнодорожный', 25.80, '00:40:00', 'В ожидании', 351),
(151, 'Коломна', 'Луховицы', 15.90, '00:30:00', 'Завершен', 377),
(152, 'Минеральные Воды', 'Кисловодск', 62.80, '01:25:00', 'Активен', 503),
(153, 'Махачкала', 'Каспийск', 20.60, '00:30:00', 'В ожидании', 377),
(154, 'Кисловодск', 'Пятигорск', 40.50, '01:10:00', 'Завершен', 372),
(155, 'Астрахань', 'Знаменск', 120.70, '02:15:00', 'Активен', 268),
(156, 'Волгоград', 'Волжский', 30.40, '00:50:00', 'В ожидании', 183),
(157, 'Элиста', 'Городовиковск', 75.80, '01:40:00', 'Завершен', 130),
(158, 'Майкоп', 'Усть-Лабинск', 95.60, '02:05:00', 'Активен', 255),
(159, 'Назрань', 'Малгобек', 15.50, '00:25:00', 'В ожидании', 350),
(160, 'Ставрополь', 'Невинномысск', 63.90, '01:30:00', 'Завершен', 246),
(161, 'Владикавказ', 'Беслан', 20.30, '00:25:00', 'Активен', 324),
(162, 'Нальчик', 'Прохладный', 55.40, '01:20:00', 'В ожидании', 117),
(163, 'Черкесск', 'Усть-Джегута', 15.70, '00:20:00', 'Завершен', 214),
(164, 'Грозный', 'Аргун', 10.50, '00:15:00', 'Активен', 353),
(165, 'Махачкала', 'Хасавюрт', 90.60, '02:00:00', 'В ожидании', 301),
(166, 'Владикавказ', 'Моздок', 75.40, '01:40:00', 'Завершен', 278),
(167, 'Пятигорск', 'Ессентуки', 25.30, '00:40:00', 'Активен', 155),
(168, 'Элиста', 'Лагань', 200.90, '03:20:00', 'В ожидании', 348),
(169, 'Алагир', 'Владикавказ', 30.60, '00:45:00', 'Завершен', 161),
(170, 'Гудермес', 'Шали', 25.70, '00:35:00', 'Активен', 186),
(171, 'Буйналык', 'Карачаевск', 40.80, '01:10:00', 'В ожидании', 492),
(172, 'Кисловодск', 'Ессентуки', 40.50, '01:05:00', 'Завершен', 374),
(173, 'Дербент', 'Каспийск', 125.90, '02:15:00', 'Активен', 295),
(174, 'Зеленчук', 'Красногвардейское', 45.70, '01:10:00', 'В ожидании', 151),
(175, 'Беслан', 'Владикавказ', 25.40, '00:30:00', 'Завершен', 512),
(176, 'Назрань', 'Грозный', 93.80, '01:45:00', 'Активен', 390),
(177, 'Гудермес', 'Грозный', 65.60, '01:25:00', 'В ожидании', 138),
(178, 'Каспийск', 'Махачкала', 10.50, '00:15:00', 'Завершен', 134),
(179, 'Элиста', 'Городовиковск', 78.40, '01:35:00', 'Активен', 177),
(180, 'Минеральные Воды', 'Пятигорск', 20.60, '00:30:00', 'В ожидании', 345),
(181, 'Кисловодск', 'Минеральные Воды', 75.50, '01:20:00', 'Завершен', 102),
(182, 'Назрань', 'Владикавказ', 55.40, '01:10:00', 'Активен', 179),
(183, 'Черкесск', 'Теберда', 45.70, '01:15:00', 'В ожидании', 445),
(184, 'Красногвардейское', 'Зеленчукская', 25.50, '00:45:00', 'Завершен', 233),
(185, 'Майкоп', 'Белореченск', 60.80, '01:20:00', 'Активен', 478),
(186, 'Аргун', 'Щали', 30.70, '00:50:00', 'В ожидании', 203),
(187, 'Гехи', 'Серноводск', 25.60, '00:40:00', 'Завершен', 464),
(188, 'Нальчик', 'Майский', 50.50, '01:05:00', 'Активен', 323),
(189, 'Прохладный', 'Терек', 35.80, '00:55:00', 'В ожидании', 512),
(190, 'Лермонтов', 'Зеленокумск', 90.40, '01:45:00', 'Завершен', 149),
(191, 'Моздок', 'Армавир', 120.60, '02:10:00', 'Активен', 446),
(192, 'Терек', 'Прохладный', 30.50, '00:50:00', 'В ожидании', 449),
(193, 'Гудермес', 'Хасавюрт', 130.40, '02:30:00', 'Завершен', 303),
(194, 'Сергокала', 'Магарамкент', 100.80, '02:00:00', 'Активен', 441),
(195, 'Шали', 'Аргун', 40.20, '00:55:00', 'В ожидании', 298),
(196, 'Нальчик', 'Прохладный', 75.40, '01:30:00', 'Завершен', 205),
(197, 'Урус-Мартан', 'Гудермес', 85.70, '01:40:00', 'Активен', 228),
(198, 'Беслан', 'Гизель', 30.60, '00:50:00', 'В ожидании', 385),
(199, 'Гизель', 'Орджоникидзе', 75.80, '01:35:00', 'Завершен', 476),
(200, 'Карабулак', 'Кизляр', 145.40, '02:45:00', 'Активен', 467),
(201, 'Шахты', 'Каменск-Шахтинский', 45.90, '01:00:00', 'Активен', 404),
(202, 'Владикавказ', 'Дигора', 65.40, '01:20:00', 'В ожидании', 283),
(203, 'Грозный', 'Сунжа', 95.20, '02:10:00', 'Завершен', 459),
(204, 'Махачкала', 'Каспийск', 20.40, '00:30:00', 'Активен', 340),
(205, 'Калам', 'Сергокала', 55.50, '01:00:00', 'В ожидании', 298),
(206, 'Находка', 'Большой Камень', 85.30, '01:50:00', 'Завершен', 289),
(207, 'Волгоград', 'Волжский', 30.40, '00:45:00', 'Активен', 203),
(208, 'Астрахань', 'Ахтубинск', 115.60, '02:30:00', 'В ожидании', 228),
(209, 'Кисловодск', 'Магас', 120.30, '02:40:00', 'Завершен', 217),
(210, 'Ростов-на-Дону', 'Батайск', 20.50, '00:35:00', 'Активен', 400),
(211, 'Брянск', 'Клинцы', 95.40, '01:50:00', 'В ожидании', 410),
(212, 'Великий Новгород', 'Псков', 150.60, '02:40:00', 'Завершен', 105),
(213, 'Челябинск', 'Златоуст', 140.20, '02:25:00', 'Активен', 270),
(214, 'Иваново', 'Кинешма', 120.10, '02:10:00', 'В ожидании', 101),
(215, 'Краснодар', 'Славянск-на-Кубани', 75.90, '01:20:00', 'Завершен', 311),
(216, 'Санкт-Петербург', 'Гатчина', 50.60, '01:00:00', 'Активен', 347),
(217, 'Улан-Удэ', 'Кяхта', 265.40, '04:20:00', 'В ожидании', 237),
(218, 'Калининград', 'Гусев', 80.80, '01:35:00', 'Завершен', 216),
(219, 'Новороссийск', 'Анапа', 55.30, '01:10:00', 'Активен', 438),
(220, 'Южно-Сахалинск', 'Стародубск', 120.70, '02:15:00', 'В ожидании', 394),
(221, 'Самара', 'Сызрань', 120.60, '02:20:00', 'Завершен', 287),
(222, 'Томск', 'Северск', 25.50, '00:40:00', 'Активен', 393),
(223, 'Вологда', 'Кадников', 90.30, '01:40:00', 'В ожидании', 345),
(224, 'Анапа', 'Темрюк', 85.20, '01:45:00', 'Завершен', 375),
(225, 'Орёл', 'Ливны', 55.40, '01:35:00', 'Активен', 460),
(226, 'Таганрог', 'Азов', 30.60, '00:55:00', 'В ожидании', 307),
(227, 'Нижний Новгород', 'Богородск', 40.70, '01:00:00', 'Завершен', 114),
(228, 'Таганрог', 'Покровск', 95.80, '01:25:00', 'Активен', 416),
(229, 'Белгород', 'Губкин', 150.60, '02:45:00', 'В ожидании', 288),
(230, 'Иркутск', 'Ангарск', 40.20, '01:00:00', 'Завершен', 393),
(231, 'Уфа', 'Бирск', 95.50, '01:45:00', 'Активен', 323),
(232, 'Челябинск', 'Еманжелинск', 125.40, '02:15:00', 'В ожидании', 178),
(233, 'Салават', 'Стерлитамак', 60.50, '01:25:00', 'Завершен', 178),
(234, 'Воронеж', 'Бобров', 80.90, '01:45:00', 'Активен', 123),
(235, 'Омск', 'Калачинск', 110.20, '02:10:00', 'В ожидании', 301),
(236, 'Челябинск', 'Копейск', 10.50, '00:20:00', 'Завершен', 472),
(237, 'Улан-Удэ', 'Иволгинск', 15.30, '00:25:00', 'Активен', 208),
(238, 'Брянск', 'Дятьково', 85.60, '01:30:00', 'В ожидании', 210),
(239, 'Екатеринбург', 'Реж', 105.40, '02:00:00', 'Завершен', 333),
(240, 'Карелия', 'Лахденпохья', 60.30, '01:10:00', 'Активен', 496),
(241, 'Кемерово', 'Прокопьевск', 105.20, '02:00:00', 'В ожидании', 362),
(242, 'Севастополь', 'Балаклава', 30.40, '00:50:00', 'Завершен', 220),
(243, 'Уфа', 'Белорецк', 205.80, '04:05:00', 'Активен', 157),
(244, 'Калуга', 'Жиздра', 125.90, '02:50:00', 'В ожидании', 234),
(245, 'Самара', 'Новокуйбышевск', 50.60, '01:05:00', 'Завершен', 177),
(246, 'Томск', 'Асино', 95.80, '01:55:00', 'Активен', 203),
(247, 'Пермь', 'Березники', 155.30, '03:05:00', 'В ожидании', 327),
(248, 'Красноярск', 'Зеленогорск', 180.50, '03:45:00', 'Завершен', 415),
(249, 'Новосибирск', 'Бердск', 30.60, '00:50:00', 'Активен', 506),
(250, 'Ростов-на-Дону', 'Таганрог', 70.20, '01:30:00', 'В ожидании', 435),
(251, 'Чита', 'Забайкальск', 180.70, '03:50:00', 'Завершен', 139),
(252, 'Ышкар-Ола', 'Савино', 70.40, '01:25:00', 'Активен', 218),
(253, 'Краснодар', 'Кропоткин', 120.90, '02:50:00', 'В ожидании', 129),
(254, 'Тверь', 'Вышний Волочек', 90.70, '01:40:00', 'Завершен', 358),
(255, 'Ярославль', 'Рыбинск', 80.30, '01:20:00', 'Активен', 423),
(256, 'Ижевск', 'Воткинск', 55.10, '00:55:00', 'В ожидании', 247),
(257, 'Симферополь', 'Евпатория', 100.50, '02:15:00', 'Завершен', 494),
(258, 'Саратов', 'Энгельс', 10.90, '00:20:00', 'Активен', 356),
(259, 'Новокузнецк', 'Кемерово', 75.30, '01:35:00', 'В ожидании', 375),
(260, 'Чебоксары', 'Ибреси', 170.30, '03:15:00', 'Завершен', 294),
(261, 'Рязань', 'Касимов', 135.50, '02:30:00', 'Активен', 329),
(262, 'Горно-Алтайск', 'Шебалино', 85.40, '01:50:00', 'В ожидании', 156),
(263, 'Камчатка', 'Петропавловск-Камчатский', 45.20, '00:50:00', 'Завершен', 262),
(264, 'Ярославль', 'Тутаев', 35.30, '01:00:00', 'Активен', 221),
(265, 'Мурманск', 'Колы', 90.20, '01:55:00', 'В ожидании', 418),
(266, 'Уфа', 'Туймазы', 110.50, '02:15:00', 'Завершен', 479),
(267, 'Тюмень', 'Ялуторовск', 75.20, '01:30:00', 'Активен', 312),
(268, 'Новокузнецк', 'Осинники', 55.40, '01:20:00', 'В ожидании', 382),
(269, 'Барнаул', 'Белокуриха', 75.90, '01:40:00', 'Завершен', 242),
(270, 'Бийск', 'Тальменка', 50.60, '01:05:00', 'Активен', 129),
(271, 'Орёл', 'Мценск', 85.80, '01:45:00', 'В ожидании', 428),
(272, 'Тверь', 'Волоколамск', 100.70, '02:05:00', 'Завершен', 277),
(273, 'Вологда', 'Вельск', 160.20, '03:35:00', 'Активен', 194),
(274, 'Иваново', 'Наволоки', 85.50, '01:40:00', 'В ожидании', 363),
(275, 'Екатеринбург', 'Южноуральск', 110.40, '02:30:00', 'Завершен', 373),
(276, 'Пензенская область', 'Кузнецк', 70.90, '01:25:00', 'Активен', 131),
(277, 'Иркутск', 'Шелехов', 30.60, '01:10:00', 'В ожидании', 250),
(278, 'Волгоград', 'Краснослободск', 15.70, '00:25:00', 'Завершен', 252),
(279, 'Петрозаводск', 'Сортавала', 85.40, '02:05:00', 'Активен', 222),
(280, 'Ульяновск', 'Барыш', 100.80, '02:20:00', 'В ожидании', 171),
(281, 'Краснодар', 'Темрюк', 100.20, '02:00:00', 'Завершен', 450),
(282, 'Барнаул', 'Новоалтайск', 55.50, '01:20:00', 'Активен', 488),
(283, 'Новосибирск', 'Обь', 60.40, '01:35:00', 'В ожидании', 396),
(284, 'Челябинск', 'Кунашак', 85.20, '01:40:00', 'Завершен', 498),
(285, 'Казань', 'Зеленодольск', 35.60, '01:00:00', 'Активен', 308),
(286, 'Сыктывкар', 'Ухта', 310.50, '05:30:00', 'В ожидании', 130),
(287, 'Симферополь', 'Бахчисарай', 20.70, '00:45:00', 'Завершен', 116),
(288, 'Екатеринбург', 'Нижний Тагил', 140.30, '02:30:00', 'Активен', 406),
(289, 'Владимир', 'Ковров', 60.40, '01:20:00', 'В ожидании', 338),
(290, 'Тюмень', 'Ишим', 200.70, '03:55:00', 'Завершен', 380),
(291, 'Петропавловск-Камчатский', 'Елизово', 30.90, '00:50:00', 'Активен', 124),
(292, 'Пермь', 'Кизел', 100.50, '02:25:00', 'В ожидании', 513),
(293, 'Краснодар', 'Тимашевск', 68.20, '01:15:00', 'Завершен', 390),
(294, 'Владивосток', 'Арсеньев', 170.30, '03:20:00', 'Активен', 437),
(295, 'Москва', 'Звенигород', 33.70, '00:55:00', 'В ожидании', 340),
(296, 'Санкт-Петербург', 'Ломоносов', 35.50, '01:00:00', 'Завершен', 436),
(297, 'Омск', 'Исилькуль', 148.60, '03:00:00', 'Активен', 339),
(298, 'Нижний Новгород', 'Арзамас', 115.20, '02:10:00', 'В ожидании', 287),
(299, 'Уфа', 'Шакша', 50.50, '01:15:00', 'Завершен', 360),
(300, 'Пермь', 'Кудымкар', 135.70, '02:50:00', 'Активен', 115),
(301, 'Казань', 'Альметьевск', 278.40, '04:30:00', 'Активен', 338),
(302, 'Владимир', 'Суздаль', 35.60, '01:00:00', 'В ожидании', 419),
(303, 'Иркутск', 'Усть-Илимск', 920.70, '15:10:00', 'Завершен', 147),
(304, 'Тверь', 'Торжок', 60.50, '01:15:00', 'Активен', 362),
(305, 'Самара', 'Сызрань', 124.60, '02:15:00', 'В ожидании', 376),
(306, 'Калининград', 'Балтийск', 50.80, '01:10:00', 'Завершен', 170),
(307, 'Рязань', 'Касимов', 142.20, '02:40:00', 'Активен', 137),
(308, 'Красноярск', 'Дивногорск', 50.60, '01:00:00', 'В ожидании', 226),
(309, 'Владикавказ', 'Беслан', 22.50, '00:40:00', 'Завершен', 443),
(310, 'Киров', 'Советск', 120.70, '02:10:00', 'Активен', 359),
(311, 'Саратов', 'Энгельс', 12.90, '00:20:00', 'В ожидании', 267),
(312, 'Сургут', 'Нижневартовск', 225.90, '03:50:00', 'Завершен', 260),
(313, 'Казань', 'Уфа', 520.30, '07:40:00', 'Активен', 300),
(314, 'Москва', 'Коломна', 114.50, '02:10:00', 'В ожидании', 121),
(315, 'Челябинск', 'Копейск', 15.30, '00:25:00', 'Завершен', 113),
(316, 'Томск', 'Северск', 25.50, '00:40:00', 'Активен', 193),
(317, 'Мурманск', 'Кировск', 205.70, '03:45:00', 'В ожидании', 134),
(318, 'Якутск', 'Нерюнгри', 684.80, '10:00:00', 'Завершен', 454),
(319, 'Ульяновск', 'Димитровград', 85.40, '01:35:00', 'Активен', 382),
(320, 'Тюмень', 'Ишим', 200.70, '03:55:00', 'В ожидании', 343),
(321, 'Астрахань', 'Знаменск', 120.70, '02:15:00', 'Завершен', 178),
(322, 'Санкт-Петербург', 'Петродворец', 29.60, '00:45:00', 'Активен', 219),
(323, 'Новосибирск', 'Куйбышев', 315.80, '05:10:00', 'В ожидании', 413),
(324, 'Екатеринбург', 'Невьянск', 94.20, '02:00:00', 'Завершен', 256),
(325, 'Воронеж', 'Липецк', 126.30, '02:20:00', 'Активен', 319),
(326, 'Пермь', 'Березники', 153.40, '03:00:00', 'В ожидании', 200),
(327, 'Сочи', 'Адлер', 29.50, '00:45:00', 'Завершен', 116),
(328, 'Нижний Новгород', 'Бор', 37.40, '01:00:00', 'Активен', 493),
(329, 'Ростов-на-Дону', 'Новочеркасск', 35.60, '01:00:00', 'В ожидании', 418),
(330, 'Волгоград', 'Краснослободск', 15.70, '00:25:00', 'Завершен', 376),
(331, 'Архангельск', 'Северодвинск', 41.20, '01:10:00', 'Активен', 194),
(332, 'Краснодар', 'Кропоткин', 136.50, '02:50:00', 'В ожидании', 355),
(333, 'Петрозаводск', 'Сортавала', 285.40, '04:50:00', 'Завершен', 376),
(334, 'Оренбург', 'Орск', 263.70, '04:20:00', 'Активен', 128),
(335, 'Чебоксары', 'Канаш', 85.50, '01:40:00', 'В ожидании', 343),
(336, 'Калуга', 'Малоярославец', 49.20, '01:10:00', 'Завершен', 500),
(337, 'Иркутск', 'Ангарск', 40.20, '01:00:00', 'Активен', 175),
(338, 'Тверь', 'Кимры', 130.70, '02:10:00', 'В ожидании', 470),
(339, 'Белгород', 'Старый Оскол', 76.50, '01:30:00', 'Завершен', 485),
(340, 'Самара', 'Тольятти', 84.60, '01:20:00', 'Активен', 435),
(341, 'Уфа', 'Стерлитамак', 123.40, '02:20:00', 'В ожидании', 430),
(342, 'Владимир', 'Суздаль', 38.50, '01:05:00', 'Завершен', 297),
(343, 'Казань', 'Зеленодольск', 35.60, '01:00:00', 'Активен', 389),
(344, 'Челябинск', 'Миасс', 96.70, '01:55:00', 'В ожидании', 198),
(345, 'Киров', 'Вятские Поляны', 274.40, '05:00:00', 'Завершен', 266),
(346, 'Томск', 'Асиновский район', 105.10, '02:00:00', 'Активен', 350),
(347, 'Тула', 'Новомосковск', 72.30, '01:45:00', 'В ожидании', 469),
(348, 'Мурманск', 'Апатиты', 169.50, '03:20:00', 'Завершен', 197),
(349, 'Хабаровск', 'Бикин', 184.20, '03:50:00', 'Активен', 484),
(350, 'Москва', 'Серпухов', 95.60, '01:50:00', 'В ожидании', 347),
(351, 'Нижний Новгород', 'Кстово', 53.40, '01:15:00', 'Завершен', 509),
(352, 'Волгоград', 'Калач-на-Дону', 92.50, '02:00:00', 'Активен', 112),
(353, 'Краснодар', 'Славянск-на-Кубани', 66.70, '01:25:00', 'В ожидании', 174),
(354, 'Псков', 'Гдов', 132.30, '02:25:00', 'Завершен', 468),
(355, 'Пермь', 'Кунгур', 89.50, '01:40:00', 'Активен', 510),
(356, 'Санкт-Петербург', 'Выборг', 138.20, '02:15:00', 'В ожидании', 244),
(357, 'Сыктывкар', 'Ухта', 313.70, '05:35:00', 'Завершен', 439),
(358, 'Тюмень', 'Тобольск', 242.50, '04:10:00', 'Активен', 356),
(359, 'Ростов-на-Дону', 'Шахты', 74.10, '01:40:00', 'В ожидании', 256),
(360, 'Йошкар-Ола', 'Козьмодемьянск', 114.50, '02:40:00', 'Завершен', 436),
(361, 'Петрозаводск', 'Лахденпохья', 150.90, '02:55:00', 'Активен', 371),
(362, 'Сочи', 'Лазаревское', 71.40, '01:50:00', 'В ожидании', 318),
(363, 'Челябинск', 'Троицк', 150.80, '02:40:00', 'Завершен', 454),
(364, 'Казань', 'Арск', 62.50, '01:20:00', 'Активен', 257),
(365, 'Ярославль', 'Ростов Великий', 59.40, '01:25:00', 'В ожидании', 478),
(366, 'Калининград', 'Светлогорск', 38.20, '01:05:00', 'Завершен', 280),
(367, 'Воронеж', 'Бобров', 77.30, '01:35:00', 'Активен', 210),
(368, 'Новосибирск', 'Кольцово', 42.10, '01:10:00', 'В ожидании', 396),
(369, 'Красноярск', 'Лесосибирск', 261.50, '04:35:00', 'Завершен', 456),
(370, 'Томск', 'Асино', 108.70, '02:05:00', 'Активен', 288),
(371, 'Самара', 'Новокуйбышевск', 33.40, '00:55:00', 'В ожидании', 503),
(372, 'Орел', 'Ливны', 115.60, '02:20:00', 'Завершен', 194),
(373, 'Пермь', 'Лысьва', 100.80, '02:15:00', 'Активен', 336),
(374, 'Киров', 'Котельнич', 108.50, '02:05:00', 'В ожидании', 163),
(375, 'Уфа', 'Белорецк', 207.90, '03:55:00', 'Завершен', 243),
(376, 'Архангельск', 'Вельск', 344.20, '06:00:00', 'Активен', 489),
(377, 'Краснодар', 'Геленджик', 111.50, '02:00:00', 'В ожидании', 133),
(378, 'Тверь', 'Ржев', 142.20, '02:25:00', 'Завершен', 458),
(379, 'Санкт-Петербург', 'Гатчина', 42.80, '01:05:00', 'Активен', 213),
(380, 'Ижевск', 'Глазов', 170.60, '03:05:00', 'В ожидании', 333),
(381, 'Улан-Удэ', 'Заиграево', 62.40, '01:15:00', 'Завершен', 338),
(382, 'Рязань', 'Спасск-Рязанский', 55.70, '01:10:00', 'Активен', 299),
(383, 'Новосибирск', 'Каргат', 180.40, '03:20:00', 'В ожидании', 411),
(384, 'Челябинск', 'Кыштым', 85.60, '01:50:00', 'Завершен', 260),
(385, 'Владивосток', 'Фокино', 97.30, '02:10:00', 'Активен', 278),
(386, 'Калуга', 'Обнинск', 80.40, '01:45:00', 'В ожидании', 131),
(387, 'Петропавловск-Камчатский', 'Елизово', 30.50, '00:45:00', 'Завершен', 419),
(388, 'Москва', 'Одинцово', 22.50, '00:30:00', 'Активен', 138),
(389, 'Екатеринбург', 'Березовский', 15.70, '00:25:00', 'В ожидании', 396),
(390, 'Псков', 'Печоры', 55.10, '01:20:00', 'Завершен', 439),
(391, 'Иркутск', 'Саянск', 285.40, '04:45:00', 'Активен', 395),
(392, 'Тольятти', 'Сызрань', 120.80, '02:25:00', 'В ожидании', 482),
(393, 'Вологда', 'Череповец', 110.40, '01:50:00', 'Завершен', 263),
(394, 'Тамбов', 'Жердевка', 190.20, '03:40:00', 'Активен', 444),
(395, 'Томск', 'Кривошеинский district', 75.10, '01:40:00', 'В ожидании', 267),
(396, 'Астрахань', 'Ахтубинск', 224.50, '04:30:00', 'Завершен', 238),
(397, 'Уфа', 'Лысьва', 502.70, '07:00:00', 'Активен', 148),
(398, 'Челябинск', 'Златоуст', 165.30, '02:45:00', 'В ожидании', 263),
(399, 'Казань', 'Чистополь', 125.20, '02:20:00', 'Завершен', 380),
(400, 'Ростов-на-Дону', 'Аксай', 21.40, '00:35:00', 'Активен', 150);


INSERT INTO Vehicles VALUES
(1, 'А123ВС178', 'КамАЗ-6520', 20000, 'В Работе', 150),
(2, 'В456ЕК177', 'Газель Next', 1500, 'На ТО', 328),
(3, 'К789ОМ178', 'MAN TGS', 18000, 'Свободно', 113),
(4, 'М234РА199', 'Volvo FH16', 24000, 'В Работе', 482),
(5, 'С567ТУ177', 'Ивеко Daily', 3500, 'Свободно', 168),
(6, 'Т890УК178', 'Mercedes-Benz Actros', 26000, 'На ТО', 441),
(7, 'Х123НМ199', 'Hyundai HD78', 5000, 'В Работе', 412),
(8, 'У456СР177', 'Scania R620', 20000, 'Свободно', 422),
(9, 'Е789ТН178', 'DAF XF', 18000, 'На ТО', 497),
(10, 'О123МР199', 'Renault Magnum', 24000, 'В Работе', 153),
(11, 'Р456ЕК177', 'Ford Transit', 1500, 'Свободно', 351),
(12, 'Я789ОУ178', 'Isuzu NPR75', 5000, 'На ТО', 469),
(13, 'Н234АР199', 'Тата LPT 1613', 16000, 'В Работе', 313),
(14, 'П567РУ177', 'Мазда BT-50', 1000, 'Свободно', 462),
(15, 'Г890ЕК178', 'Ивеко EuroCargo', 7000, 'На ТО', 421),
(16, 'В123ИМ199', 'Scania G410', 18000, 'В Работе', 338),
(17, 'Т456ОР177', 'MAN TGA', 20000, 'Свободно', 266),
(18, 'Е789КН178', 'Volvo FMX', 24000, 'На ТО', 414),
(19, 'К123ЛМ199', 'Hyundai Porter', 1300, 'В Работе', 221),
(20, 'А456ВО177', 'Mercedes-Benz Sprinter', 2500, 'Свободно', 240),
(21, 'Д789ЕК178', 'Iveco Stralis', 19000, 'На ТО', 101),
(22, 'З234ЕЕ199', 'КамАЗ-5350', 8000, 'В Работе', 291),
(23, 'Я567УМ177', 'Ford Cargo', 18000, 'Свободно', 116),
(24, 'Г890ВР178', 'Tatra Phoenix', 22000, 'На ТО', 244),
(25, 'Н123ЕК199', 'Renault Midlum', 5000, 'В Работе', 139),
(26, 'Л456ТА177', 'Toyota Dyna', 3000, 'Свободно', 313),
(27, 'П789ОР178', 'DAF LF', 7000, 'На ТО', 505),
(28, 'К234ЭТ199', 'MAN TGL', 7500, 'В Работе', 149),
(29, 'Я567РЕ177', 'Ивеко Daily', 3500, 'Свободно', 292),
(30, 'М890ВЗ178', 'Hyundai HD120', 5000, 'На ТО', 377),
(31, 'Т123ИР199', 'Volvo VNL', 18000, 'В Работе', 272),
(32, 'Е456ОЙ177', 'Scania S730', 24000, 'Свободно', 234),
(33, 'Н789КХ178', 'Mercedes-Benz Vario', 4000, 'На ТО', 108),
(34, 'Г234ТЮ199', 'MAN TGX', 22000, 'В Работе', 272),
(35, 'В567УО177', 'КамАЗ-6580', 25000, 'Свободно', 512),
(36, 'У890ОР178', 'Toyota HiAce', 1500, 'На ТО', 269),
(37, 'К123ЧУ199', 'Ивеко Магирус', 16000, 'В Работе', 261),
(38, 'Л456УК177', 'Ford F-Max', 20000, 'Свободно', 280),
(39, 'М789ЕП178', 'Mazda CX-9', 1000, 'На ТО', 137),
(40, 'Н234ВМ199', 'Hyundai Mighty', 5000, 'В Работе', 138),
(41, 'О567АК177', 'Scania P360', 18000, 'Свободно', 469),
(42, 'П890ЕК178', 'Ивеко EuroTech', 7500, 'На ТО', 203),
(43, 'Р123ЕК199', 'Volvo VNX', 24000, 'В Работе', 112),
(44, 'С456ИР177', 'DAF CF', 20000, 'Свободно', 466),
(45, 'Т789УО178', 'Mercedes-Benz Arocs', 26000, 'На ТО', 198),
(46, 'У234ЧС199', 'Hyundai H1', 1300, 'В Работе', 475),
(47, 'Ф567ТЩ177', 'MAN TGM', 7500, 'Свободно', 351),
(48, 'Х890ЙК178', 'Renault Premium', 19000, 'На ТО', 157),
(49, 'Ц123ОТ199', 'ГАЗель', 1500, 'В Работе', 302),
(50, 'Ч456ЯР177', 'Ford Focus', 500, 'Свободно', 236),
(51, 'Ш789ЕМ178', 'Тойота Лэнд Крузер', 850, 'На ТО', 482),
(52, 'Щ234БА199', 'Scania Streamline', 20000, 'В Работе', 466),
(53, 'З567ВН177', 'MAN F2000', 18000, 'Свободно', 135),
(54, 'И890УР178', 'Volvo FH12', 24000, 'На ТО', 226),
(55, 'Й123ПР199', 'Hyundai HD65', 5000, 'В Работе', 377),
(56, 'К456ЕД177', 'Mercedes-Benz Zetros', 18500, 'Свободно', 479),
(57, 'Л789ЫЙ178', 'DAF XF105', 20000, 'На ТО', 171),
(58, 'М234ЬТ199', 'Ивеко Турбодейли', 3500, 'В Работе', 108),
(59, 'Н567ЕИ177', 'Ford Everest', 750, 'Свободно', 294),
(60, 'О890РЭ178', 'КамАЗ-6522', 18000, 'На ТО', 443),
(61, 'П123УА199', 'Renault Kerax', 24000, 'В Работе', 402),
(62, 'Р456ЕУ177', 'Hyundai H350', 3500, 'Свободно', 483),
(63, 'С789КМ178', 'Toyota Alphard', 1000, 'На ТО', 141),
(64, 'Т234ОР199', 'Scania T144', 22000, 'В Работе', 139),
(65, 'У567ТИ177', 'MAN TGX', 18000, 'Свободно', 229),
(66, 'Ф890ЕР178', 'Mercedes-Benz X-Class', 1100, 'На ТО', 490),
(67, 'Х123ЕК199', 'DAF 95XF', 25000, 'В Работе', 227),
(68, 'Ц456КО177', 'ВАЗ 2107', 400, 'Свободно', 410),
(69, 'Ч789УР178', 'Ивеко Daily', 3700, 'На ТО', 141),
(70, 'Ш234ЦИ199', 'Volvo FE', 16000, 'В Работе', 184),
(71, 'Щ567УН177', 'Ford F-150', 1000, 'Свободно', 177),
(72, 'З890ТР178', 'Mercedes-Benz Econic', 18000, 'На ТО', 309),
(73, 'И123ЮЕ199', 'MAN LE 12.220', 7500, 'В Работе', 369),
(74, 'Й456НЕ177', 'Scania R450', 22000, 'Свободно', 247),
(75, 'К789ТИ178', 'Renault Trafic', 3000, 'На ТО', 125),
(76, 'Л234ЮК199', 'Hyundai HD120', 7000, 'В Работе', 168),
(77, 'М567РА177', 'Тойота Приус', 450, 'Свободно', 371),
(78, 'Н890ПД178', 'Ford Ranger', 1000, 'На ТО', 467),
(79, 'О123ЩИ199', 'КамАЗ-43253', 8000, 'В Работе', 210),
(80, 'П456АЩ177', 'Mercedes-Benz Arocs', 24000, 'Свободно', 360),
(81, 'Р789ОВ178', 'DAF LF55', 12000, 'На ТО', 140),
(82, 'С234ЕМ199', 'Ивеко Турбозета', 3500, 'В Работе', 138),
(83, 'Т567ОЕ177', 'Volvo FM9', 22000, 'Свободно', 185),
(84, 'У890НЕ178', 'Hyundai Starex', 1500, 'На ТО', 222),
(85, 'Ф123РУ199', 'Scania G320', 20100, 'В Работе', 129),
(86, 'Х456ПМ177', 'Renault Master', 3500, 'Свободно', 231),
(87, 'Ц789ОЮ178', 'Ford Mondeo', 700, 'На ТО', 421),
(88, 'Ч234ТЭ199', 'КамАЗ-5490', 18000, 'В Работе', 212),
(89, 'Ш567НА177', 'Mercedes-Benz Sprinter', 3250, 'Свободно', 352),
(90, 'Щ890ЕЕ178', 'MAN TGM', 9300, 'На ТО', 110),
(91, 'З123ЯУ199', 'Volvo VHD', 24000, 'В Работе', 507),
(92, 'И456УЖ177', 'DAF CF85', 20000, 'Свободно', 384),
(93, 'Й789ОН178', 'Hyundai HD78', 5000, 'На ТО', 217),
(94, 'К234ТИ199', 'Scania P400', 19000, 'В Работе', 162),
(95, 'Л567КР177', 'Ивеко Daily', 3500, 'Свободно', 126),
(96, 'М890УР178', 'Renault Magnum', 24000, 'На ТО', 330),
(97, 'Н123ЮК199', 'Ford Kuga', 800, 'В Работе', 324),
(98, 'О456ЕР177', 'Mercedes-Benz Vito', 2500, 'Свободно', 464),
(99, 'П789ЮЕ178', 'КамАЗ-65115', 18000, 'На ТО', 381),
(100, 'Р234КУ199', 'MAN TGS 28.400', 20000, 'В Работе', 186),
(101, 'С345ТЮ178', 'Volvo FH', 23000, 'Свободно', 212),
(102, 'Т678ЕР177', 'Газель Бизнес', 1500, 'На ТО', 331),
(103, 'У901ВЕ199', 'MAN TGA', 18000, 'В Работе', 115),
(104, 'Х234АН178', 'Scania R500', 26000, 'Свободно', 477),
(105, 'Ц567НЕ199', 'Ивеко EuroCargo', 7500, 'На ТО', 221),
(106, 'Ч890АР177', 'Mercedes-Benz Atego', 12000, 'Свободно', 426),
(107, 'Ш123ВО178', 'Ford Transit', 3500, 'На ТО', 380),
(108, 'Щ456ЕК199', 'КамАЗ-65117', 18000, 'В Работе', 298),
(109, 'И789ЛЙ177', 'Renault Duster', 5000, 'Свободно', 121),
(110, 'Й234ПТ178', 'DAF CF', 20000, 'На ТО', 308),
(111, 'К567МУ199', 'Hyundai HD78', 5000, 'Свободно', 424),
(112, 'Л890ТР177', 'Scania R420', 42000, 'На ТО', 186),
(113, 'М345УИ178', 'Volvo FMX', 24000, 'В Работе', 507),
(114, 'Н678ЕК199', 'Ивеко Стралис', 19000, 'Свободно', 302),
(115, 'О901РА177', 'MAN TGX', 22000, 'На ТО', 199),
(116, 'П234ТИ178', 'Mercedes-Benz Actros', 26000, 'Свободно', 361),
(117, 'Р567УК199', 'Ford Kuga', 3500, 'На ТО', 494),
(118, 'С890ВУ177', 'КамАЗ-43118', 15000, 'Свободно', 217),
(119, 'Т123ЕН178', 'Renault Master', 2000, 'На ТО', 250),
(120, 'У456ЕК199', 'Scania G440', 32000, 'В Работе', 477),
(121, 'Х789ОИ177', 'Hyundai Porter', 1300, 'Свободно', 289),
(122, 'Ц234УР178', 'DAF LF', 7000, 'На ТО', 181),
(123, 'Ч567ЕМ199', 'Ивеко Турбодейли', 3500, 'Свободно', 116),
(124, 'Ш890ЕК177', 'MAN TGS', 19000, 'На ТО', 214),
(125, 'Щ123ТИ178', 'Volvo VNL', 24000, 'В Работе', 359),
(126, 'И456УЯ199', 'Mercedes-Benz Sprinter', 2500, 'Свободно', 333),
(127, 'Й789ОЧ177', 'КамАЗ-65207', 18000, 'На ТО', 343),
(128, 'К123ЗВ178', 'Renault Premium', 19000, 'Свободно', 304),
(129, 'Л456ЕИ199', 'Ford Fusion', 2500, 'На ТО', 438),
(130, 'М789ОР177', 'Scania P360', 18000, 'Свободно', 256),
(131, 'Н234ТИ178', 'Hyundai HD120', 5000, 'На ТО', 140),
(132, 'О567ЕК199', 'MAN TGX', 32000, 'В Работе', 138),
(133, 'П890УР177', 'Mercedes-Benz Atego', 18000, 'Свободно', 486),
(134, 'Р123ТК178', 'Ивеко Daily', 3500, 'На ТО', 207),
(135, 'С456ЕИ199', 'DAF CF', 22000, 'Свободно', 217),
(136, 'Т789АР177', 'Renault Magnum', 26000, 'На ТО', 450),
(137, 'У234ЕК178', 'Ford F-Max', 32000, 'В Работе', 230),
(138, 'Х567УР199', 'КамАЗ-5490', 18000, 'Свободно', 406),
(139, 'Ц890ТИ177', 'Hyundai HD65', 5000, 'На ТО', 510),
(140, 'Ч123ЕМ178', 'Scania S650', 32000, 'Свободно', 232),
(141, 'Ш456ЮИ199', 'Iveco Eurocargo', 7500, 'На ТО', 312),
(142, 'Щ789ЕК177', 'Volvo FH16', 24000, 'В Работе', 505),
(143, 'И234УР178', 'Mercedes-Benz Actros', 25000, 'Свободно', 399),
(144, 'Й567ТИ199', 'Ford Transit', 3500, 'На ТО', 408),
(145, 'К890ЕК177', 'DAF XF', 25000, 'Свободно', 126),
(146, 'Л123ТИ178', 'Renault Koleos', 4500, 'На ТО', 369),
(147, 'М456ЕК199', 'MAN TGS', 24000, 'Свободно', 225),
(148, 'Н789РИ177', 'Hyundai Mighty', 7500, 'На ТО', 393),
(149, 'О234ЕК178', 'Ивеко Stralis', 20000, 'В Работе', 303),
(150, 'П567УР199', 'Scania R500', 32000, 'Свободно', 470),
(151, 'Р890КУ177', 'Volvo VNR', 24000, 'На ТО', 376),
(152, 'С123ЕП178', 'Mercedes-Benz Arocs', 25000, 'Свободно', 509),
(153, 'Т456ЕК199', 'Hyundai HD35', 3500, 'На ТО', 482),
(154, 'У789ОР177', 'КамАЗ-65116', 18000, 'В Работе', 225),
(155, 'Х234ТИ178', 'Renault Alaskan', 7500, 'Свободно', 371),
(156, 'Ц567ЕИ199', 'DAF LF', 22000, 'На ТО', 419),
(157, 'Ч890КУ177', 'Ford Cargo', 18000, 'Свободно', 165),
(158, 'Ш123ОР178', 'Scania P410', 25000, 'На ТО', 209),
(159, 'Щ456РИ199', 'Iveco Daily', 3500, 'Свободно', 205),
(160, 'И789КТ177', 'Volvo FH', 24000, 'На ТО', 434),
(161, 'Й234ЕК178', 'Mercedes-Benz Sprinter', 3000, 'В Работе', 407),
(162, 'К567УР199', 'MAN TGX', 18000, 'Свободно', 373),
(163, 'Л890ЕК177', 'Renault Trafic', 22000, 'На ТО', 503),
(164, 'М123ТИ178', 'Ивеко EuroCargo', 25000, 'Свободно', 512),
(165, 'Н456ЕИ199', 'Hyundai HD78', 32000, 'На ТО', 114),
(166, 'О789УР177', 'Scania S580', 18000, 'В Работе', 401),
(167, 'П234ЕК178', 'Ford Ranger', 3500, 'Свободно', 215),
(168, 'Р567ТИ199', 'DAF CF', 22000, 'На ТО', 238),
(169, 'С890ЕИ177', 'Volvo FMX', 25000, 'Свободно', 218),
(170, 'Т123ТИ178', 'Mercedes-Benz Vito', 3000, 'На ТО', 150),
(171, 'У456УР199', 'MAN TGS', 19000, 'Свободно', 445),
(172, 'Х789ЕК177', 'Ивеко Stralis', 26000, 'На ТО', 145),
(173, 'Ц234ТИ178', 'Scania R440', 32000, 'В Работе', 133),
(174, 'Ч567ЕИ199', 'Renault Master', 2000, 'Свободно', 158),
(175, 'Ш890УР177', 'Hyundai HD120', 4500, 'На ТО', 290),
(176, 'Щ123ТИ178', 'Volvo FH16', 19000, 'Свободно', 150),
(177, 'И456ТИ199', 'Mercedes-Benz A-Class', 25000, 'На ТО', 147),
(178, 'Й789ЕК177', 'DAF XF', 18000, 'В Работе', 460),
(179, 'К234УР178', 'Renault Trafic', 3500, 'Свободно', 356),
(180, 'Л567ТИ199', 'КамАЗ-43118', 7500, 'На ТО', 377),
(181, 'М890УР177', 'Ford Transit', 32000, 'Свободно', 479),
(182, 'Н123ЕИ178', 'Scania P360', 21000, 'На ТО', 219),
(183, 'О456ТИ199', 'MAN TGS', 25000, 'Свободно', 495),
(184, 'П789УР177', 'Iveco Eurocargo', 18000, 'На ТО', 406),
(185, 'Р234ТИ178', 'Hyundai HD65', 3500, 'В Работе', 154),
(186, 'С567ЕК199', 'Mercedes-Benz Actros', 24000, 'Свободно', 242),
(187, 'Т890УР177', 'Renault Duster', 2500, 'На ТО', 301),
(188, 'У123ЕК178', 'DAF CF', 32000, 'Свободно', 141),
(189, 'Х456ТИ199', 'Ford Kuga', 22000, 'На ТО', 458),
(190, 'Ц789УР177', 'Scania R360', 21000, 'В Работе', 431),
(191, 'Ч234ТИ178', 'Hyundai Porter', 32000, 'Свободно', 136),
(192, 'Ш567УР199', 'Volvo FMX', 19000, 'На ТО', 223),
(193, 'Щ123ЕК177', 'Mercedes-Benz Vito', 18000, 'Свободно', 285),
(194, 'И456ТИ178', 'MAN TGX', 3500, 'На ТО', 105),
(195, 'Й789УР199', 'Renault Magnum', 25000, 'Свободно', 217),
(196, 'К234ЕК177', 'Ford Ranger', 32000, 'На ТО', 361),
(197, 'Л567ТИ178', 'Ивеко Daily', 21000, 'В Работе', 457),
(198, 'М890УР199', 'Scania S580', 18000, 'Свободно', 500),
(199, 'Н123ТИ177', 'Hyundai HD78', 7500, 'На ТО', 338),
(200, 'О456ЕК178', 'Volvo FH16', 24000, 'Свободно', 307),
(201, 'А123ЛИ178', 'Ивеко Stralis', 24000, 'В Работе', 466),
(202, 'Б456ЕК177', 'Ford Mustang', 1400, 'Свободно', 232),
(203, 'В789РА199', 'Mercedes-Benz GLE', 1800, 'На ТО', 149),
(204, 'Г234ТО178', 'Renault Duster', 2000, 'В Работе', 482),
(205, 'Д567ЕК199', 'Scania P440', 22000, 'Свободно', 145),
(206, 'Е890ЧТ177', 'MAN TGS 41.400', 25000, 'На ТО', 457),
(207, 'Ж123ЕК178', 'Volvo XC90', 2400, 'Свободно', 398),
(208, 'З456АР199', 'Toyota RAV4', 2100, 'В Работе', 311),
(209, 'И789РИ177', 'Hyundai Sonata', 1550, 'На ТО', 289),
(210, 'Й234ЕК178', 'КамАЗ-65225', 26000, 'Свободно', 144),
(211, 'К567ЕМ199', 'Ford Mondeo', 1600, 'Свободно', 155),
(212, 'Л890ТР177', 'DAF CF', 21000, 'В Работе', 292),
(213, 'М123НИ178', 'Renault Koleos', 1900, 'На ТО', 386),
(214, 'Н456ЕК199', 'Mercedes-Benz E-Class', 1800, 'Свободно', 276),
(215, 'О789УР177', 'Volvo S60', 2000, 'В Работе', 276),
(216, 'П234ТИ178', 'Ивеко Daily', 3000, 'На ТО', 364),
(217, 'Р567УР199', 'Toyota Camry', 1700, 'Свободно', 426),
(218, 'С890АР177', 'MAN TGX', 26000, 'В Работе', 311),
(219, 'Т123ЕК178', 'Ford Fiesta', 1400, 'На ТО', 398),
(220, 'У456ТИ199', 'Hyundai Elantra', 1550, 'Свободно', 471),
(221, 'Ф789ЕК177', 'КамАЗ-53229', 25000, 'В Работе', 494),
(222, 'Х234УР178', 'Renault Master', 3500, 'На ТО', 251),
(223, 'Ц567ТИ199', 'Mercedes-Benz C-Class', 1450, 'Свободно', 276),
(224, 'Ч890ЕК177', 'Volvo V40', 1300, 'В Работе', 207),
(225, 'Ш123КМ178', 'Ивеко Turbodaily', 2800, 'На ТО', 136),
(226, 'Щ456ЕН199', 'Ford Explorer', 2000, 'Свободно', 340),
(227, 'И789ЕК177', 'DAF LF', 7000, 'Свободно', 424),
(228, 'Й234ОР178', 'Hyundai Tucson', 1500, 'На ТО', 194),
(229, 'К567УЛ199', 'MAN TGM', 12000, 'В Работе', 262),
(230, 'Л890УР177', 'Toyota Hilux', 1900, 'Свободно', 460),
(231, 'М345ТИ178', 'Renault Kadjar', 1750, 'На ТО', 498),
(232, 'Н678ЧК199', 'Volvo XC60', 2100, 'Свободно', 104),
(233, 'О901ЕК177', 'Ивеко Eurotech', 25000, 'В Работе', 416),
(234, 'П234ТИ178', 'Ford Focus', 1600, 'На ТО', 241),
(235, 'Р567ЕН199', 'Hyundai Santa Fe', 1800, 'Свободно', 328),
(236, 'С890ЕК177', 'MAN TGS', 18000, 'В Работе', 196),
(237, 'Т123ЕР178', 'Renault Megane', 1500, 'На ТО', 244),
(238, 'У456УР199', 'Mercedes-Benz GLK', 1700, 'Свободно', 384),
(239, 'Ф789ЕИ177', 'DAF XF', 22000, 'В Работе', 384),
(240, 'Х234НИ178', 'Toyota Corolla', 1300, 'Свободно', 504),
(241, 'Ц567ТИ199', 'Volvo V90', 2100, 'На ТО', 315),
(242, 'Ч890ЕМ177', 'Ивеко Stralis', 19000, 'Свободно', 411),
(243, 'Ш123УР178', 'DAF CF', 23000, 'В Работе', 314),
(244, 'Щ456ЕК199', 'MAN TGX', 24000, 'На ТО', 390),
(245, 'И789ТИ177', 'Hyundai i30', 1400, 'Свободно', 311),
(246, 'Й234ЕК178', 'Mercedes-Benz GLA', 1750, 'В Работе', 368),
(247, 'К567УР199', 'Ford Kuga', 1600, 'На ТО', 331),
(248, 'Л890УР177', 'Renault Clio', 1200, 'Свободно', 176),
(249, 'М345ТИ178', 'Volvo FH', 28000, 'На ТО', 112),
(250, 'Н678ОР199', 'Ивеко Stayer', 3000, 'В Работе', 453),
(251, 'О901ЕК177', 'Hyundai i20', 1200, 'Свободно', 505),
(252, 'П234ТИ178', 'Ford Mondeo', 2000, 'На ТО', 238),
(253, 'Р567ЕК199', 'MAN TGA', 18000, 'В Работе', 512),
(254, 'С890УР177', 'Renault Laguna', 2500, 'Свободно', 261),
(255, 'Т123Ор178', 'Volvo S80', 2000, 'На ТО', 490),
(256, 'У456ЕР199', 'Ивеко Daily', 3500, 'В Работе', 196),
(257, 'Ф789ТИ177', 'Ford Puma', 1400, 'Свободно', 210),
(258, 'Х234ЕК178', 'Hyundai Ioniq', 1850, 'На ТО', 263),
(259, 'Ц567ОМ199', 'Mercedes-Benz Citan', 1300, 'В Работе', 337),
(260, 'Ч890УР177', 'Renault Scenic', 1650, 'Свободно', 234),
(261, 'Ш123ЕК178', 'Volvo XC40', 2100, 'На ТО', 339),
(262, 'Щ456ТИ199', 'Ивеко Magirus', 7000, 'Свободно', 500),
(263, 'И789ЕК177', 'MAN TGS', 19000, 'В Работе', 148),
(264, 'Й234УР178', 'Ford Edge', 2200, 'На ТО', 118),
(265, 'К567ТИ199', 'Hyundai Kona', 1550, 'Свободно', 452),
(266, 'Л890ЕК177', 'Mercedes-Benz G-Class', 3000, 'В Работе', 470),
(267, 'М345УР178', 'Renault Modus', 1100, 'На ТО', 135),
(268, 'Н678ТИ199', 'DAF LF', 6000, 'Свободно', 393),
(269, 'О901ЕР177', 'MAN TGX', 20000, 'В Работе', 401),
(270, 'П234ЕК178', 'Hyundai Genesis', 1800, 'Свободно', 375),
(271, 'Р567ТИ199', 'Ford Fiesta', 1300, 'На ТО', 210),
(272, 'С890УР177', 'Ивеко Trakker', 15000, 'В Работе', 191),
(273, 'Т123ЕК178', 'Volvo V50', 1400, 'Свободно', 288),
(274, 'У456ТИ199', 'Renault Zoe', 1000, 'На ТО', 111),
(275, 'Ф789ЕК177', 'Mercedes-Benz CLA', 1450, 'В Работе', 256),
(276, 'Х234УР178', 'Hyundai Veloster', 1600, 'Свободно', 264),
(277, 'Ц567ТИ199', 'Ford Ecosport', 1200, 'На ТО', 498),
(278, 'Ч890ЕК177', 'Ивеко Daily', 3500, 'В Работе', 114),
(279, 'Ш123ТИ178', 'MAN TGA', 20000, 'Свободно', 288),
(280, 'Щ456УР177', 'Renault Scenic', 1700, 'На ТО', 306),
(281, 'И789ЕК178', 'Volvo VNL', 22000, 'В Работе', 156),
(282, 'Й234ТИ199', 'Hyundai Accent', 1300, 'Свободно', 354),
(283, 'К567УР177', 'Ford C-Max', 1500, 'На ТО', 219),
(284, 'Л890ЕК178', 'Mercedes-Benz V-Class', 2000, 'В Работе', 429),
(285, 'М345ТИ199', 'Renault Kwid', 1200, 'Свободно', 265),
(286, 'Н678УР177', 'DAF XF', 23000, 'На ТО', 145),
(287, 'О901ЕК178', 'Toyota Yaris', 1500, 'В Работе', 229),
(288, 'П234ТИ199', 'Volvo S40', 1600, 'Свободно', 140),
(289, 'Р567ЕК177', 'Ивеко TurboTech', 19000, 'На ТО', 446),
(290, 'С890УР178', 'Hyundai Tucson', 1800, 'В Работе', 173),
(291, 'Т123ЕЕ178', 'КамАЗ-65201', 26000, 'В Работе', 226),
(292, 'У456УЕ177', 'ГАЗель Next', 1500, 'Свободно', 405),
(293, 'Ф789ЕУ199', 'Mercedes-Benz GLS', 2500, 'На ТО', 133),
(294, 'Х234ЕЕ178', 'Renault Sandero', 1400, 'В Работе', 248),
(295, 'Ц567УР177', 'DAF XF105', 25000, 'Свободно', 153),
(296, 'Ч890ТЕ199', 'Hyundai Creta', 1600, 'На ТО', 453),
(297, 'Ш123ТИ177', 'Volvo FH500', 32000, 'Свободно', 504),
(298, 'Щ456ЕК178', 'Ford Explorer', 2000, 'Свободно', 478),
(299, 'И789ТИ199', 'Ивеко Stralis', 26000, 'На ТО', 342),
(300, 'Й234УР177', 'Scania S660', 24000, 'В Работе', 335),
(301, 'К567ЕК178', 'Renault Logan', 1500, 'Свободно', 363),
(302, 'Л890ЕК199', 'KIA Sorento', 1400, 'На ТО', 197),
(303, 'М345ТИ177', 'Hyundai Tucson', 1800, 'В Работе', 269),
(304, 'Н678ЕК178', 'MAN TGM', 20000, 'Свободно', 214),
(305, 'О901ОР199', 'Ford Transit', 3000, 'На ТО', 128),
(306, 'П234ЕК177', 'Ивеко Daily', 3500, 'Свободно', 168),
(307, 'Р567ТУ199', 'Mercedes-Benz Citaro', 11000, 'В Работе', 248),
(308, 'С890ЕК178', 'Volvo FM12', 24000, 'Свободно', 225),
(309, 'Т123УР177', 'KIA Sportage', 1600, 'На ТО', 371),
(310, 'У456ЕК178', 'Hyundai HD35', 3500, 'В Работе', 460),
(311, 'Ф789ЕР199', 'Renault Kadjar', 1600, 'Свободно', 215),
(312, 'Х234ТИ178', 'ГАЗель', 1500, 'На ТО', 113),
(313, 'Ц567УР177', 'Ивеко TurboStar', 18000, 'В Работе', 190),
(314, 'Ч890ЕК199', 'DAF CF85', 23000, 'Свободно', 389),
(315, 'Ш123ТО178', 'Volvo XC70', 1500, 'На ТО', 407),
(316, 'Щ456УР177', 'KIA Ceed', 1350, 'Свободно', 351),
(317, 'И789ЕК178', 'Mercedes-Benz Arocs', 26000, 'В Работе', 215),
(318, 'Й234УР199', 'Hyundai Santa Fe', 1850, 'Свободно', 406),
(319, 'К567ТИ177', 'Ивеко Eurotrakker', 24000, 'На ТО', 341),
(320, 'Л890ЕК178', 'Scania R730', 34000, 'В Работе', 181),
(321, 'М345УР199', 'Ford Focus', 1500, 'Свободно', 344),
(322, 'Н678ТИ178', 'KIA Stinger', 2000, 'На ТО', 273),
(323, 'О901ЕК177', 'Renault Koleos', 1800, 'В Работе', 131),
(324, 'П234ТИ199', 'Hyundai H1', 2250, 'Свободно', 280),
(325, 'Р567УР177', 'MAN TGS', 24000, 'На ТО', 179),
(326, 'С890ЕК178', 'Івеко Дзета', 36000, 'Свободно', 506),
(327, 'Т123ТЕ199', 'Mercedes-Benz Sprinter', 1300, 'В Работе', 513),
(328, 'У456ОР177', 'Scania G500', 31000, 'Свободно', 435),
(329, 'Ф789ЕК178', 'DAF XF', 23000, 'На ТО', 383),
(330, 'Х234УР199', 'KIA Sorento', 2000, 'В Работе', 350),
(331, 'Ц567ТЕ177', 'Hyundai Genesis', 3000, 'Свободно', 511),
(332, 'Ч890ЕЕ178', 'Renault Clio', 1400, 'На ТО', 136),
(333, 'Ш123УР199', 'Ивеко Magirus', 18000, 'В Работе', 322),
(334, 'Щ456ТИ177', 'Mercedes-Benz C-Class', 1500, 'Свободно', 233),
(335, 'И789УР178', 'Volvo V60', 1700, 'На ТО', 481),
(336, 'Й234ЕК199', 'ГАЗон Next', 5000, 'Свободно', 223),
(337, 'К567УЕ177', 'MAN TGE', 3500, 'В Работе', 183),
(338, 'Л890ТИ178', 'Ford Puma', 1500, 'Свободно', 388),
(339, 'М345УР199', 'Hyundai Accent', 1600, 'На ТО', 351),
(340, 'Н678ЕК177', 'Ивеко Magirus', 26000, 'В Работе', 340),
(341, 'О901УР178', 'Renault Twizy', 1000, 'Свободно', 120),
(342, 'П234ТЕ199', 'Mercedes-Benz G-Class', 3500, 'На ТО', 162),
(343, 'Р567УР177', 'Scania R440', 24000, 'В Работе', 427),
(344, 'С890ЕК178', 'DAF CF', 20000, 'Свободно', 413),
(345, 'Т123ЕЕ199', 'KIA Optima', 1800, 'На ТО', 104),
(346, 'У456УР177', 'Hyundai Tucson', 1800, 'Свободно', 479),
(347, 'Ф789ЕЕ178', 'Volvo XC90', 2500, 'В Работе', 255),
(348, 'Х234УР199', 'Ивеко Турбозета', 33000, 'На ТО', 386),
(349, 'Ц567ТИ177', 'Renault Sandero', 1200, 'Свободно', 480),
(350, 'Ч890ОР178', 'Mercedes-Benz E-Class', 2500, 'В Работе', 350),
(351, 'Ш123ЕК199', 'Ford Kuga', 1500, 'Свободно', 320),
(352, 'Щ456ЕЕ177', 'Hyundai i40', 1400, 'На ТО', 440),
(353, 'И789ТЕ178', 'Scania P440', 24000, 'В Работе', 512),
(354, 'Й234ЕК199', 'KIA Rio', 1300, 'Свободно', 278),
(355, 'К567УР177', 'Ивеко Turbodaily', 3600, 'На ТО', 418),
(356, 'Л890ТИ178', 'Renault Duster', 1700, 'В Работе', 166),
(357, 'М345ЕИ199', 'Mercedes-Benz Sprinter', 3000, 'Свободно', 332),
(358, 'Н678УР177', 'Hyundai HD120', 4800, 'На ТО', 219),
(359, 'О901ТИ178', 'MAN TGA', 26000, 'В Работе', 317),
(360, 'П234УР199', 'Ford Mustang', 1300, 'Свободно', 165),
(361, 'Р567ЕК177', 'KIA Soul', 1400, 'На ТО', 205),
(362, 'С890ТИ178', 'Ивеко EuroCargo', 27000, 'В Работе', 109),
(363, 'Т123ЕК199', 'Renault Captur', 1500, 'Свободно', 234),
(364, 'У456УР177', 'Hyundai Solaris', 1600, 'На ТО', 310),
(365, 'Ф789ТИ178', 'Mercedes-Benz Vito', 2800, 'В Работе', 214),
(366, 'Х234ЕИ199', 'Scania R500', 25000, 'Свободно', 297),
(367, 'Ц567УР177', 'Volvo S60', 2000, 'На ТО', 256),
(368, 'Ч890ЕК178', 'Ford Edge', 2200, 'В Работе', 256),
(369, 'Ш123ТЕ199', 'Hyundai Elantra', 1800, 'Свободно', 340),
(370, 'Щ456УР177', 'Renault Fluence', 1500, 'На ТО', 387);


INSERT INTO Deliveries (DeliveryID, ShipmentID, VehicleID, DeliveryDate, Status) VALUES
(101, 343, 243, '2023-10-01', 'Доставлено'),
(102, 438, 310, '2023-10-01', 'В пути'),
(103, 505, 332, '2023-10-02', 'Ожидает отправки'),
(104, 576, 348, '2023-10-03', 'Отменено'),
(105, 153, 206, '2023-10-04', 'Задержка'),
(106, 168, 336, '2023-10-05', 'Доставлено'),
(107, 186, 198, '2023-10-06', 'В пути'),
(108, 237, 201, '2023-10-06', 'Доставлено'),
(109, 141, 10, '2023-10-07', 'Ожидает отправки'),
(110, 573, 329, '2023-10-07', 'Отменено'),
(111, 159, 173, '2023-10-08', 'Задержка'),
(112, 151, 44, '2023-10-08', 'Доставлено'),
(113, 177, 123, '2023-10-09', 'В пути'),
(114, 204, 330, '2023-10-10', 'Ожидает отправки'),
(115, 529, 319, '2023-10-11', 'Отменено'),
(116, 217, 284, '2023-10-12', 'Задержка'),
(117, 190, 122, '2023-10-13', 'Доставлено'),
(118, 361, 336, '2023-10-14', 'В пути'),
(119, 360, 124, '2023-10-15', 'Ожидает отправки'),
(120, 104, 273, '2023-10-16', 'Отменено'),
(121, 276, 170, '2023-10-17', 'Задержка'),
(122, 553, 263, '2023-10-18', 'Доставлено'),
(123, 363, 338, '2023-10-19', 'В пути'),
(124, 173, 133, '2023-10-20', 'Ожидает отправки'),
(125, 150, 83, '2023-10-21', 'Отменено'),
(126, 339, 156, '2023-10-22', 'Задержка'),
(127, 138, 231, '2023-10-23', 'Доставлено'),
(128, 369, 38, '2023-10-24', 'В пути'),
(129, 323, 60, '2023-10-25', 'Ожидает отправки'),
(130, 598, 316, '2023-10-26', 'Отменено'),
(131, 324, 73, '2023-10-27', 'Задержка'),
(132, 171, 282, '2023-10-28', 'Доставлено'),
(133, 243, 82, '2023-10-29', 'В пути'),
(134, 361, 109, '2023-10-30', 'Ожидает отправки'),
(135, 553, 319, '2023-10-31', 'Отменено'),
(136, 532, 303, '2023-11-01', 'Задержка'),
(137, 165, 32, '2023-11-02', 'Доставлено'),
(138, 471, 79, '2023-11-03', 'В пути'),
(139, 235, 96, '2023-11-04', 'Ожидает отправки'),
(140, 191, 40, '2023-11-05', 'Отменено'),
(141, 176, 201, '2023-11-06', 'Задержка'),
(142, 451, 365, '2023-11-07', 'Доставлено'),
(143, 214, 354, '2023-11-08', 'В пути'),
(144, 106, 134, '2023-11-09', 'Ожидает отправки'),
(145, 525, 304, '2023-11-10', 'Отменено'),
(146, 120, 155, '2023-11-11', 'Задержка'),
(147, 463, 163, '2023-11-12', 'Доставлено'),
(148, 586, 301, '2023-11-13', 'В пути'),
(149, 319, 323, '2023-11-14', 'Ожидает отправки'),
(150, 480, 115, '2023-11-15', 'Отменено'),
(151, 187, 350, '2023-11-16', 'Задержка'),
(152, 239, 217, '2023-11-17', 'Доставлено'),
(153, 420, 249, '2023-11-18', 'В пути'),
(154, 396, 184, '2023-11-19', 'Ожидает отправки'),
(155, 322, 242, '2023-11-20', 'Отменено'),
(156, 158, 226, '2023-11-21', 'Задержка'),
(157, 395, 159, '2023-11-22', 'Доставлено'),
(158, 236, 111, '2023-11-23', 'В пути'),
(159, 172, 19, '2023-11-24', 'Ожидает отправки'),
(160, 114, 77, '2023-11-25', 'Отменено'),
(161, 516, 176, '2023-11-26', 'Задержка'),
(162, 342, 349, '2023-11-27', 'Доставлено'),
(163, 525, 305, '2023-11-28', 'В пути'),
(164, 439, 286, '2023-11-29', 'Ожидает отправки'),
(165, 273, 31, '2023-11-30', 'Отменено'),
(166, 428, 214, '2023-12-01', 'Задержка'),
(167, 349, 355, '2023-12-02', 'Доставлено'),
(168, 142, 7, '2023-12-03', 'В пути'),
(169, 107, 326, '2023-12-04', 'Ожидает отправки'),
(170, 548, 8, '2023-12-05', 'Отменено'),
(171, 560, 107, '2023-12-06', 'Задержка'),
(172, 520, 42, '2023-12-07', 'Доставлено'),
(173, 275, 59, '2023-12-08', 'В пути'),
(174, 445, 175, '2023-12-09', 'Ожидает отправки'),
(175, 150, 76, '2023-12-10', 'Отменено'),
(176, 213, 53, '2023-12-11', 'Задержка'),
(177, 164, 207, '2023-12-12', 'Доставлено'),
(178, 246, 260, '2023-12-13', 'В пути'),
(179, 512, 100, '2023-12-14', 'Ожидает отправки'),
(180, 496, 228, '2023-12-15', 'Отменено'),
(181, 134, 282, '2023-12-16', 'Задержка'),
(182, 289, 57, '2023-12-17', 'Доставлено'),
(183, 575, 322, '2023-12-18', 'В пути'),
(184, 588, 283, '2023-12-19', 'Ожидает отправки'),
(185, 297, 151, '2023-12-20', 'Отменено'),
(186, 389, 336, '2023-12-21', 'Задержка'),
(187, 376, 347, '2023-12-22', 'Доставлено'),
(188, 309, 299, '2023-12-23', 'В пути'),
(189, 105, 20, '2023-12-24', 'Ожидает отправки'),
(190, 440, 126, '2023-12-25', 'Отменено'),
(191, 552, 352, '2023-12-26', 'Задержка'),
(192, 171, 33, '2023-12-27', 'Доставлено'),
(193, 592, 191, '2023-12-28', 'В пути'),
(194, 230, 167, '2023-12-29', 'Ожидает отправки'),
(195, 436, 20, '2023-12-30', 'Отменено'),
(196, 103, 112, '2023-12-31', 'Задержка'),
(197, 301, 62, '2024-01-01', 'Доставлено'),
(198, 137, 261, '2024-01-02', 'В пути'),
(199, 411, 138, '2024-01-03', 'Ожидает отправки'),
(200, 459, 333, '2024-01-04', 'Отменено'),
(201, 312, 80, '2024-01-05', 'В пути'),
(202, 478, 79, '2024-01-06', 'Доставлено'),
(203, 338, 3, '2024-01-07', 'Ожидает отправки'),
(204, 149, 11, '2024-01-08', 'Отменено'),
(205, 401, 248, '2024-01-09', 'Задержка'),
(206, 592, 129, '2024-01-10', 'В пути'),
(207, 143, 91, '2024-01-11', 'Доставлено'),
(208, 341, 189, '2024-01-12', 'Ожидает отправки'),
(209, 246, 328, '2024-01-13', 'Отменено'),
(210, 309, 115, '2024-01-14', 'Задержка'),
(211, 550, 32, '2024-01-15', 'В пути'),
(212, 510, 259, '2024-01-16', 'Доставлено'),
(213, 226, 77, '2024-01-17', 'Ожидает отправки'),
(214, 426, 254, '2024-01-18', 'Отменено'),
(215, 356, 143, '2024-01-19', 'Задержка'),
(216, 206, 253, '2024-01-20', 'В пути'),
(217, 193, 257, '2024-01-21', 'Доставлено'),
(218, 140, 366, '2024-01-22', 'Ожидает отправки'),
(219, 546, 207, '2024-01-23', 'Отменено'),
(220, 245, 177, '2024-01-24', 'Задержка'),
(221, 457, 94, '2024-01-25', 'В пути'),
(222, 255, 333, '2024-01-26', 'Доставлено'),
(223, 141, 144, '2024-01-27', 'Ожидает отправки'),
(224, 443, 215, '2024-01-28', 'Отменено'),
(225, 578, 46, '2024-01-29', 'Задержка'),
(226, 373, 267, '2024-01-30', 'В пути'),
(227, 219, 213, '2024-01-31', 'Доставлено'),
(228, 489, 74, '2024-02-01', 'Ожидает отправки'),
(229, 234, 314, '2024-02-02', 'Отменено'),
(230, 534, 305, '2024-02-03', 'Задержка'),
(231, 590, 305, '2024-02-04', 'В пути'),
(232, 521, 100, '2024-02-05', 'Доставлено'),
(233, 317, 200, '2024-02-06', 'Ожидает отправки'),
(234, 112, 133, '2024-02-07', 'Отменено'),
(235, 473, 87, '2024-02-08', 'Задержка'),
(236, 183, 175, '2024-02-09', 'В пути'),
(237, 596, 317, '2024-02-10', 'Доставлено'),
(238, 481, 348, '2024-02-11', 'Ожидает отправки'),
(239, 126, 292, '2024-02-12', 'Отменено'),
(240, 521, 184, '2024-02-13', 'Задержка'),
(241, 290, 233, '2024-02-14', 'В пути'),
(242, 290, 226, '2024-02-15', 'Доставлено'),
(243, 564, 279, '2024-02-16', 'Ожидает отправки'),
(244, 359, 174, '2024-02-17', 'Отменено'),
(245, 483, 5, '2024-02-18', 'Задержка'),
(246, 150, 259, '2024-02-19', 'В пути'),
(247, 579, 338, '2024-02-20', 'Доставлено'),
(248, 526, 345, '2024-02-21', 'Ожидает отправки'),
(249, 506, 220, '2024-02-22', 'Отменено'),
(250, 591, 35, '2024-02-23', 'Задержка'),
(251, 422, 81, '2024-02-24', 'В пути'),
(252, 172, 192, '2024-02-25', 'Доставлено'),
(253, 213, 240, '2024-02-26', 'Ожидает отправки'),
(254, 309, 56, '2024-02-27', 'Отменено'),
(255, 151, 288, '2024-02-28', 'Задержка'),
(256, 218, 122, '2024-02-29', 'В пути'),
(257, 392, 320, '2024-03-01', 'Доставлено'),
(258, 135, 133, '2024-03-02', 'Ожидает отправки'),
(259, 261, 78, '2024-03-03', 'Отменено'),
(260, 388, 94, '2024-03-04', 'Задержка'),
(261, 327, 109, '2024-03-05', 'В пути'),
(262, 414, 272, '2024-03-06', 'Доставлено'),
(263, 568, 321, '2024-03-07', 'Ожидает отправки'),
(264, 184, 23, '2024-03-08', 'Отменено'),
(265, 154, 254, '2024-03-09', 'Задержка'),
(266, 393, 347, '2024-03-10', 'В пути'),
(267, 401, 241, '2024-03-11', 'Доставлено'),
(268, 390, 346, '2024-03-12', 'Ожидает отправки'),
(269, 224, 83, '2024-03-13', 'Отменено'),
(270, 238, 6, '2024-03-14', 'Задержка'),
(271, 178, 259, '2024-03-15', 'В пути'),
(272, 348, 141, '2024-03-16', 'Доставлено'),
(273, 485, 323, '2024-03-17', 'Ожидает отправки'),
(274, 372, 61, '2024-03-18', 'Отменено'),
(275, 590, 358, '2024-03-19', 'Задержка'),
(276, 347, 304, '2024-03-20', 'В пути'),
(277, 235, 185, '2024-03-21', 'Доставлено'),
(278, 381, 351, '2024-03-22', 'Ожидает отправки'),
(279, 427, 318, '2024-03-23', 'Отменено'),
(280, 454, 30, '2024-03-24', 'Задержка'),
(281, 560, 349, '2024-03-25', 'В пути'),
(282, 231, 355, '2024-03-26', 'Доставлено'),
(283, 364, 167, '2024-03-27', 'Ожидает отправки'),
(284, 567, 235, '2024-03-28', 'Отменено'),
(285, 451, 50, '2024-03-29', 'Задержка'),
(286, 398, 217, '2024-03-30', 'В пути'),
(287, 325, 335, '2024-03-31', 'Доставлено'),
(288, 183, 154, '2024-04-01', 'Ожидает отправки'),
(289, 595, 16, '2024-04-02', 'Отменено'),
(290, 579, 339, '2024-04-03', 'Задержка'),
(291, 259, 5, '2024-04-04', 'В пути'),
(292, 163, 182, '2024-04-05', 'Доставлено'),
(293, 457, 12, '2024-04-06', 'Ожидает отправки'),
(294, 307, 300, '2024-04-07', 'Отменено'),
(295, 411, 115, '2024-04-08', 'Задержка'),
(296, 429, 150, '2024-04-09', 'В пути'),
(297, 336, 230, '2024-04-10', 'Доставлено'),
(298, 173, 109, '2024-04-11', 'Ожидает отправки'),
(299, 239, 349, '2024-04-12', 'Отменено'),
(300, 421, 3, '2024-04-13', 'Задержка'),
(301, 199, 80, '2024-04-14', 'В пути'),
(302, 323, 359, '2024-04-15', 'Доставлено'),
(303, 206, 303, '2024-04-16', 'Ожидает отправки'),
(304, 434, 252, '2024-04-17', 'Отменено'),
(305, 373, 353, '2024-04-18', 'Задержка'),
(306, 257, 149, '2024-04-19', 'В пути'),
(307, 357, 100, '2024-04-20', 'Доставлено'),
(308, 569, 271, '2024-04-21', 'Ожидает отправки'),
(309, 152, 189, '2024-04-22', 'Отменено'),
(310, 157, 303, '2024-04-23', 'Задержка'),
(311, 229, 140, '2024-04-24', 'В пути'),
(312, 249, 148, '2024-04-25', 'Доставлено'),
(313, 597, 120, '2024-04-26', 'Ожидает отправки'),
(314, 385, 213, '2024-04-27', 'Отменено'),
(315, 305, 204, '2024-04-28', 'Задержка'),
(316, 489, 173, '2024-04-29', 'В пути'),
(317, 460, 342, '2024-04-30', 'Доставлено'),
(318, 215, 66, '2024-05-01', 'Ожидает отправки'),
(319, 334, 12, '2024-05-02', 'Отменено'),
(320, 563, 332, '2024-05-03', 'Задержка'),
(321, 240, 121, '2024-05-04', 'В пути'),
(322, 216, 37, '2024-05-05', 'Доставлено'),
(323, 126, 334, '2024-05-06', 'Ожидает отправки'),
(324, 569, 312, '2024-05-07', 'Отменено'),
(325, 572, 159, '2024-05-08', 'Задержка'),
(326, 336, 46, '2024-05-09', 'В пути'),
(327, 232, 81, '2024-05-10', 'Доставлено'),
(328, 239, 55, '2024-05-11', 'Ожидает отправки'),
(329, 579, 141, '2024-05-12', 'Отменено'),
(330, 434, 23, '2024-05-13', 'Задержка'),
(331, 378, 122, '2024-05-14', 'В пути'),
(332, 498, 39, '2024-05-15', 'Доставлено'),
(333, 302, 27, '2024-05-16', 'Ожидает отправки'),
(334, 464, 70, "2024-05-17", 'Отменено'),
(335, 213, 50, '2024-05-18', 'Задержка'),
(336, 484, 127, '2024-05-19', 'В пути'),
(337, 518, 1, '2024-05-20', 'Доставлено'),
(338, 425, 335, '2024-05-21', 'Ожидает отправки'),
(339, 233, 143, '2024-05-22', 'Отменено'),
(340, 475, 25, '2024-05-23', 'Задержка'),
(341, 394, 346, '2024-05-24', 'В пути'),
(342, 504, 191, '2024-05-25', 'Доставлено'),
(343, 584, 34, '2024-05-26', 'Ожидает отправки'),
(344, 567, 358, '2024-05-27', 'Отменено'),
(345, 225, 111, '2024-05-28', 'Задержка'),
(346, 588, 220, "2024-05-29", 'В пути'),
(347, 565, 63, '2024-05-30', 'Доставлено'),
(348, 268, 124, '2024-05-31', 'Ожидает отправки'),
(349, 123, 358, '2024-06-01', 'Отменено'),
(350, 407, 346, '2024-06-02', 'Задержка'),
(351, 453, 91, '2024-06-03', 'В пути'),
(352, 565, 68, '2024-06-04', 'Доставлено'),
(353, 107, 275, '2024-06-05', 'Ожидает отправки'),
(354, 243, 257, '2024-06-06', 'Отменено'),
(355, 498, 363, '2024-06-07', 'Задержка'),
(356, 265, 82, '2024-06-08', 'В пути'),
(357, 164, 171, '2024-06-09', 'Доставлено'),
(358, 159, 311, '2024-06-10', 'Ожидает отправки'),
(359, 305, 261, '2024-06-11', 'Отменено'),
(360, 514, 369, '2024-06-12', 'Задержка'),
(361, 305, 319, '2024-06-13', 'В пути'),
(362, 558, 296, '2024-06-14', 'Доставлено'),
(363, 554, 333, '2024-06-15', 'Ожидает отправки'),
(364, 447, 185, '2024-06-16', 'Отменено'),
(365, 586, 217, '2024-06-17', 'Задержка'),
(366, 166, 361, '2024-06-18', 'В пути'),
(367, 280, 49, '2024-06-19', 'Доставлено'),
(368, 507, 55, '2024-06-20', 'Ожидает отправки'),
(369, 362, 229, '2024-06-21', 'Отменено'),
(370, 314, 187, '2024-06-22', 'Задержка'),
(371, 329, 33, '2024-06-23', 'В пути'),
(372, 398, 252, '2024-06-24', 'Доставлено'),
(373, 379, 65, '2024-06-25', 'Ожидает отправки'),
(374, 417, 235, '2024-06-26', 'Отменено'),
(375, 362, 319, '2024-06-27', 'Задержка'),
(376, 140, 220, '2024-06-28', 'В пути'),
(377, 300, 353, '2024-06-29', 'Доставлено'),
(378, 416, 137, '2024-06-30', 'Ожидает отправки'),
(379, 131, 81, '2024-07-01', 'Отменено'),
(380, 404, 187, '2024-07-02', 'Задержка'),
(381, 586, 250, '2024-07-03', 'В пути'),
(382, 190, 207, '2024-07-04', 'Доставлено'),
(383, 392, 294, '2024-07-05', 'Ожидает отправки'),
(384, 430, 268, '2024-07-06', 'Отменено'),
(385, 508, 306, '2024-07-07', 'Задержка'),
(386, 342, 9, '2024-07-08', 'В пути'),
(387, 515, 119, '2024-07-09', 'Доставлено'),
(388, 347, 171, '2024-07-10', 'Ожидает отправки'),
(389, 413, 141, '2024-07-11', 'Отменено'),
(390, 512, 240, '2024-07-12', 'Задержка'),
(391, 455, 114, '2024-07-13', 'В пути'),
(392, 195, 115, '2024-07-14', 'Доставлено'),
(393, 539, 20, '2024-07-15', 'Ожидает отправки'),
(394, 514, 5, '2024-07-16', 'Отменено'),
(395, 263, 6, '2024-07-17', 'Задержка'),
(396, 213, 20, '2024-07-18', 'В пути'),
(397, 342, 252, '2024-07-19', 'Доставлено'),
(398, 281, 82, '2024-07-20', 'Ожидает отправки'),
(399, 500, 55, '2024-07-21', 'Отменено'),
(400, 571, 50, '2024-07-22', 'Задержка'),
(401, 399, 244, '2024-07-23', 'В пути'),
(402, 543, 82, '2024-07-24', 'Доставлено'),
(403, 267, 69, '2024-07-25', 'Ожидает отправки'),
(404, 159, 212, '2024-07-26', 'Отменено'),
(405, 213, 236, '2024-07-27', 'Задержка'),
(406, 257, 339, '2024-07-28', 'В пути'),
(407, 225, 8, '2024-07-29', 'Доставлено'),
(408, 533, 259, '2024-07-30', 'Ожидает отправки'),
(409, 409, 81, '2024-07-31', 'Отменено'),
(410, 106, 80, '2024-08-01', 'Задержка'),
(411, 220, 264, '2024-08-02', 'В пути'),
(412, 501, 94, '2024-08-03', 'Доставлено'),
(413, 554, 201, '2024-08-04', 'Ожидает отправки'),
(414, 217, 188, '2024-08-05', 'Отменено'),
(415, 103, 58, '2024-08-06', 'Задержка'),
(416, 259, 175, '2024-08-07', 'В пути'),
(417, 502, 217, '2024-08-08', 'Доставлено'),
(418, 562, 153, '2024-08-09', 'Ожидает отправки'),
(419, 398, 50, '2024-08-10', 'Отменено'),
(420, 304, 83, '2024-08-11', 'Задержка'),
(421, 273, 161, '2024-08-12', 'В пути'),
(422, 462, 195, '2024-08-13', 'Доставлено'),
(423, 272, 195, '2024-08-14', 'Ожидает отправки'),
(424, 257, 130, '2024-08-15', 'Отменено'),
(425, 470, 48, '2024-08-16', 'Задержка'),
(426, 302, 6, '2024-08-17', 'В пути'),
(427, 476, 34, '2024-08-18', 'Доставлено'),
(428, 593, 259, '2024-08-19', 'Ожидает отправки'),
(429, 283, 138, '2024-08-20', 'Отменено'),
(430, 294, 263, '2024-08-21', 'Задержка'),
(431, 403, 76, '2024-08-22', 'В пути'),
(432, 222, 245, '2024-08-23', 'Доставлено'),
(433, 376, 363, '2024-08-24', 'Ожидает отправки'),
(434, 210, 197, '2024-08-25', 'Отменено'),
(435, 176, 171, '2024-08-26', 'Задержка'),
(436, 371, 194, '2024-08-27', 'В пути'),
(437, 438, 201, '2024-08-28', 'Доставлено'),
(438, 558, 84, '2024-08-29', 'Ожидает отправки'),
(439, 456, 142, '2024-08-30', 'Отменено'),
(440, 593, 267, '2024-08-31', 'Задержка'),
(441, 409, 122, '2024-09-01', 'В пути'),
(442, 545, 303, '2024-09-02', 'Доставлено'),
(443, 290, 55, '2024-09-03', 'Ожидает отправки'),
(444, 373, 228, '2024-09-04', 'Отменено'),
(445, 503, 140, '2024-09-05', 'Задержка'),
(446, 272, 322, '2024-09-06', 'В пути'),
(447, 265, 340, '2024-09-07', 'Доставлено'),
(448, 514, 367, '2024-09-08', 'Ожидает отправки'),
(449, 458, 281, '2024-09-09', 'Отменено'),
(450, 236, 155, '2024-09-10', 'Задержка'),
(451, 518, 190, '2024-09-11', 'В пути'),
(452, 417, 80, '2024-09-12', 'Доставлено'),
(453, 333, 101, '2024-09-13', 'Ожидает отправки'),
(454, 198, 67, '2024-09-14', 'Отменено'),
(455, 300, 282, '2024-09-15', 'Задержка'),
(456, 221, 202, '2024-09-16', 'В пути'),
(457, 430, 88, '2024-09-17', 'Доставлено'),
(458, 167, 224, '2024-09-18', 'Ожидает отправки'),
(459, 524, 184, '2024-09-19', 'Отменено'),
(460, 105, 268, '2024-09-20', 'Задержка'),
(461, 469, 40, '2024-09-21', 'В пути'),
(462, 572, 329, '2024-09-22', 'Доставлено'),
(463, 495, 179, '2024-09-23', 'Ожидает отправки'),
(464, 495, 235, '2024-09-24', 'Отменено'),
(465, 342, 67, '2024-09-25', 'Задержка'),
(466, 483, 156, '2024-09-26', 'В пути'),
(467, 368, 347, '2024-09-27', 'Доставлено'),
(468, 208, 319, '2024-09-28', 'Ожидает отправки'),
(469, 505, 53, '2024-09-29', 'Отменено'),
(470, 243, 334, '2024-09-30', 'Задержка'),
(471, 462, 306, '2024-10-01', 'В пути'),
(472, 591, 159, '2024-10-02', 'Доставлено'),
(473, 313, 99, '2024-10-03', 'Ожидает отправки'),
(474, 115, 138, '2024-10-04', 'Отменено'),
(475, 592, 282, '2024-10-05', 'Задержка'),
(476, 588, 126, '2024-10-06', 'В пути'),
(477, 250, 359, '2024-10-07', 'Доставлено'),
(478, 327, 159, '2024-10-08', 'Ожидает отправки'),
(479, 450, 179, '2024-10-09', 'Отменено'),
(480, 285, 322, '2024-10-10', 'Задержка'),
(481, 512, 348, '2024-10-11', 'В пути'),
(482, 522, 237, '2024-10-12', 'Доставлено'),
(483, 590, 207, '2024-10-13', 'Ожидает отправки'),
(484, 314, 326, '2024-10-14', 'Отменено'),
(485, 474, 31, '2024-10-15', 'Задержка'),
(486, 150, 311, '2024-10-16', 'В пути'),
(487, 549, 36, '2024-10-17', 'Доставлено'),
(488, 425, 160, '2024-10-18', 'Ожидает отправки'),
(489, 112, 110, '2024-10-19', 'Отменено'),
(490, 391, 341, '2024-10-20', 'Задержка'),
(491, 139, 262, '2024-10-21', 'В пути'),
(492, 244, 77, '2024-10-22', 'Доставлено'),
(493, 432, 44, '2024-10-23', 'Ожидает отправки'),
(494, 534, 128, '2024-10-24', 'Отменено'),
(495, 153, 25, '2024-10-25', 'Задержка'),
(496, 124, 9, '2024-10-26', 'В пути'),
(497, 552, 346, '2024-10-27', 'Доставлено'),
(498, 249, 288, '2024-10-28', 'Ожидает отправки'),
(499, 565, 59, '2024-10-29', 'Отменено'),
(500, 247, 364, '2024-10-30', 'Задержка');


INSERT INTO Payments (PaymentID, OrderID, PaymentDate, Amount, PaymentMethod, Status) VALUES
(101, 294, '2023-01-05', 2500.00, 'Кредитная карта', 'Завершено'),
(102, 210, '2023-01-06', 1500.00, 'Наличные', 'Завершено'),
(103, 458, '2023-01-07', 3200.50, 'Банковский перевод', 'В ожидании'),
(104, 176, '2023-01-08', 4500.75, 'Мобильный платеж', 'Завершено'),
(105, 250, '2023-01-09', 2100.20, 'Кредитная карта', 'Отменено'),
(106, 221, '2023-01-10', 1700.00, 'Электронный кошелек', 'Завершено'),
(107, 179, '2023-01-11', 2300.00, 'Банковский перевод', 'Отменено'),
(108, 224, '2023-01-12', 3900.00, 'Кредитная карта', 'Завершено'),
(109, 246, '2023-01-13', 1200.15, 'Мобильный платеж', 'В ожидании'),
(110, 432, '2023-01-14', 3400.00, 'Электронный кошелек', 'Завершено'),
(111, 105, '2023-01-15', 2500.50, 'Банковский перевод', 'Завершено'),
(112, 317, '2023-01-16', 1800.00, 'Кредитная карта', 'Отменено'),
(113, 267, '2023-01-17', 3100.75, 'Наличные', 'Завершено'),
(114, 204, '2023-01-18', 4100.20, 'Мобильный платеж', 'В ожидании'),
(115, 216, '2023-01-19', 2600.00, 'Электронный кошелек', 'Завершено'),
(116, 173, '2023-01-20', 3500.25, 'Банковский перевод', 'Завершено'),
(117, 151, '2023-01-21', 2400.00, 'Кредитная карта', 'Отменено'),
(118, 143, '2023-01-22', 3800.75, 'Электронный кошелек', 'Завершено'),
(119, 284, '2023-01-23', 2900.50, 'Наличные', 'Завершено'),
(120, 383, '2023-01-24', 1250.00, 'Банковский перевод', 'Отменено'),
(121, 284, '2023-01-25', 4200.00, 'Кредитная карта', 'В ожидании'),
(122, 402, '2023-01-26', 2150.00, 'Мобильный платеж', 'Завершено'),
(123, 109, '2023-01-27', 3150.75, 'Электронный кошелек', 'Завершено'),
(124, 350, '2023-01-28', 4100.50, 'Наличные', 'Завершено'),
(125, 325, '2023-01-29', 3200.00, 'Банковский перевод', 'Отменено'),
(126, 461, '2023-01-30', 2800.00, 'Кредитная карта', 'Завершено'),
(127, 321, '2023-01-31', 1900.00, 'Мобильный платеж', 'В ожидании'),
(128, 464, '2023-02-01', 3550.00, 'Электронный кошелек', 'Завершено'),
(129, 472, '2023-02-02', 2600.25, 'Наличные', 'Завершено'),
(130, 139, '2023-02-03', 1500.50, 'Банковский перевод', 'Отменено'),
(131, 250, '2023-02-04', 4250.75, 'Кредитная карта', 'Завершено'),
(132, 291, '2023-02-05', 2350.00, 'Мобильный платеж', 'Завершено'),
(133, 286, '2023-02-06', 3200.00, 'Электронный кошелек', 'Отменено'),
(134, 379, '2023-02-07', 4100.25, 'Наличные', 'Завершено'),
(135, 422, '2023-02-08', 2700.00, 'Банковский перевод', 'Отменено'),
(136, 400, '2023-02-09', 3150.75, 'Кредитная карта', 'Завершено'),
(137, 237, '2023-02-10', 2450.50, 'Мобильный платеж', 'Завершено'),
(138, 101, '2023-02-11', 1200.25, 'Электронный кошелек', 'Отменено'),
(139, 332, '2023-02-12', 1950.00, 'Наличные', 'Завершено'),
(140, 458, '2023-02-13', 4250.00, 'Банковский перевод', 'Завершено'),
(141, 463, '2023-02-14', 2220.00, 'Кредитная карта', 'Отменено'),
(142, 294, '2023-02-15', 3100.75, 'Мобильный платеж', 'Завершено'),
(143, 472, '2023-02-16', 4100.50, 'Электронный кошелек', 'Завершено'),
(144, 480, '2023-02-17', 2600.00, 'Наличные', 'Отменено'),
(145, 391, '2023-02-18', 1500.25, 'Банковский перевод', 'Завершено'),
(146, 421, '2023-02-19', 3350.75, 'Кредитная карта', 'Завершено'),
(147, 199, '2023-02-20', 2450.00, 'Мобильный платеж', 'Отменено'),
(148, 396, '2023-02-21', 2200.50, 'Электронный кошелек', 'Завершено'),
(149, 328, '2023-02-22', 1950.75, 'Наличные', 'Завершено'),
(150, 137, '2023-02-23', 4100.00, 'Банковский перевод', 'Отменено'),
(151, 284, '2023-02-24', 2350.00, 'Кредитная карта', 'В ожидании'),
(152, 164, '2023-02-25', 3250.00, 'Мобильный платеж', 'Завершено'),
(153, 154, '2023-02-26', 1200.00, 'Электронный кошелек', 'Завершено'),
(154, 244, '2023-02-27', 2500.75, 'Наличные', 'Завершено'),
(155, 256, '2023-02-28', 3500.25, 'Банковский перевод', 'Отменено'),
(156, 284, '2023-03-01', 3760.00, 'Кредитная карта', 'Завершено'),
(157, 192, '2023-03-02', 2840.00, 'Мобильный платеж', 'Завершено'),
(158, 117, '2023-03-03', 2300.25, 'Электронный кошелек', 'Отменено'),
(159, 387, '2023-03-04', 1800.00, 'Наличные', 'Завершено'),
(160, 384, '2023-03-05', 4240.00, 'Банковский перевод', 'Завершено'),
(161, 388, '2023-03-06', 2740.75, 'Кредитная карта', 'Отменено'),
(162, 338, '2023-03-07', 3790.50, 'Мобильный платеж', 'Завершено'),
(163, 237, '2023-03-08', 3110.00, 'Электронный кошелек', 'Завершено'),
(164, 136, '2023-03-09', 2420.25, 'Наличные', 'Отменено'),
(165, 336, '2023-03-10', 1260.00, 'Банковский перевод', 'Завершено'),
(166, 241, '2023-03-11', 2170.00, 'Кредитная карта', 'Завершено'),
(167, 315, '2023-03-12', 3350.75, 'Мобильный платеж', 'Отменено'),
(168, 302, '2023-03-13', 1260.50, 'Электронный кошелек', 'Завершено'),
(169, 428, '2023-03-14', 1900.75, 'Наличные', 'Завершено'),
(170, 273, '2023-03-15', 3070.00, 'Банковский перевод', 'Отменено'),
(171, 241, '2023-03-16', 2250.00, 'Кредитная карта', 'В ожидании'),
(172, 241, '2023-03-17', 3740.50, 'Мобильный платеж', 'Завершено'),
(173, 393, '2023-03-18', 4200.75, 'Электронный кошелек', 'Завершено'),
(174, 257, '2023-03-19', 3200.25, 'Наличные', 'Завершено'),
(175, 472, '2023-03-20', 1090.00, 'Банковский перевод', 'Отменено'),
(176, 127, '2023-03-21', 2150.50, 'Кредитная карта', 'Завершено'),
(177, 478, '2023-03-22', 3080.75, 'Мобильный платеж', 'Завершено'),
(178, 124, '2023-03-23', 2100.00, 'Электронный кошелек', 'Отменено'),
(179, 422, '2023-03-24', 3270.75, 'Наличные', 'Завершено'),
(180, 159, '2023-03-25', 1270.50, 'Банковский перевод', 'Завершено'),
(181, 197, '2023-03-26', 2360.00, 'Кредитная карта', 'Отменено'),
(182, 188, '2023-03-27', 3990.75, 'Мобильный платеж', 'Завершено'),
(183, 161, '2023-03-28', 1020.50, 'Электронный кошелек', 'Завершено'),
(184, 189, '2023-03-29', 2450.00, 'Наличные', 'Отменено'),
(185, 232, '2023-03-30', 3850.50, 'Банковский перевод', 'Завершено'),
(186, 274, '2023-03-31', 1740.00, 'Кредитная карта', 'Завершено'),
(187, 386, '2023-04-01', 3100.75, 'Мобильный платеж', 'Отменено'),
(188, 118, '2023-04-02', 4200.00, 'Электронный кошелек', 'Завершено'),
(189, 412, '2023-04-03', 2400.50, 'Наличные', 'Завершено'),
(190, 227, '2023-04-04', 1290.75, 'Банковский перевод', 'Отменено'),
(191, 466, '2023-04-05', 3750.00, 'Кредитная карта', 'В ожидании'),
(192, 161, '2023-04-06', 2270.50, 'Мобильный платеж', 'Завершено'),
(193, 471, '2023-04-07', 1780.00, 'Электронный кошелек', 'Завершено'),
(194, 439, '2023-04-08', 2410.75, 'Наличные', 'Завершено'),
(195, 327, '2023-04-09', 3750.00, 'Банковский перевод', 'Отменено'),
(196, 190, '2023-04-10', 4100.50, 'Кредитная карта', 'Завершено'),
(197, 191, '2023-04-11', 2800.00, 'Мобильный платеж', 'Завершено'),
(198, 132, '2023-04-12', 3250.25, 'Электронный кошелек', 'Отменено'),
(199, 392, '2023-04-13', 1020.00, 'Наличные', 'Завершено'),
(200, 262, '2023-04-14', 2540.75, 'Банковский перевод', 'Завершено'),
(201, 159, '2023-04-15', 3150.00, 'Кредитная карта', 'Завершено'),
(202, 400, '2023-04-16', 2700.75, 'Мобильный платеж', 'Отменено'),
(203, 254, '2023-04-17', 2300.50, 'Электронный кошелек', 'Завершено'),
(204, 129, '2023-04-18', 1920.25, 'Наличные', 'Завершено'),
(205, 122, '2023-04-19', 3000.00, 'Банковский перевод', 'Отменено'),
(206, 349, '2023-04-20', 1500.50, 'Кредитная карта', 'Завершено'),
(207, 358, '2023-04-21', 3750.75, 'Мобильный платеж', 'В ожидании'),
(208, 372, '2023-04-22', 1250.00, 'Электронный кошелек', 'Завершено'),
(209, 188, '2023-04-23', 1100.25, 'Наличные', 'Отменено'),
(210, 152, '2023-04-24', 3200.50, 'Банковский перевод', 'Завершено'),
(211, 315, '2023-04-25', 2800.00, 'Кредитная карта', 'Отменено'),
(212, 333, '2023-04-26', 2400.75, 'Мобильный платеж', 'Завершено'),
(213, 125, '2023-04-27', 2700.50, 'Электронный кошелек', 'Завершено'),
(214, 262, '2023-04-28', 3500.25, 'Наличные', 'Отменено'),
(215, 148, '2023-04-29', 3600.00, 'Банковский перевод', 'Завершено'),
(216, 211, '2023-04-30', 4000.50, 'Кредитная карта', 'Завершено'),
(217, 398, '2023-05-01', 2750.25, 'Мобильный платеж', 'Отменено'),
(218, 156, '2023-05-02', 2260.00, 'Электронный кошелек', 'Завершено'),
(219, 316, '2023-05-03', 1650.75, 'Наличные', 'В ожидании'),
(220, 390, '2023-05-04', 2900.00, 'Банковский перевод', 'Завершено'),
(221, 284, '2023-05-05', 3100.25, 'Кредитная карта', 'Завершено'),
(222, 447, '2023-05-06', 2900.75, 'Мобильный платеж', 'Отменено'),
(223, 457, '2023-05-07', 1980.00, 'Электронный кошелек', 'Завершено'),
(224, 268, '2023-05-08', 3140.50, 'Наличные', 'Завершено'),
(225, 320, '2023-05-09', 2780.25, 'Банковский перевод', 'Отменено'),
(226, 477, '2023-05-10', 3650.00, 'Кредитная карта', 'Завершено'),
(227, 335, '2023-05-11', 2760.75, 'Мобильный платеж', 'Отменено'),
(228, 423, '2023-05-12', 4100.50, 'Электронный кошелек', 'Завершено'),
(229, 205, '2023-05-13', 1530.25, 'Наличные', 'Завершено'),
(230, 412, '2023-05-14', 2700.00, 'Банковский перевод', 'В ожидании'),
(231, 278, '2023-05-15', 2860.50, 'Кредитная карта', 'Завершено'),
(232, 360, '2023-05-16', 3080.75, 'Мобильный платеж', 'Завершено'),
(233, 241, '2023-05-17', 1420.00, 'Электронный кошелек', 'Отменено'),
(234, 155, '2023-05-18', 1920.25, 'Наличные', 'Завершено'),
(235, 184, '2023-05-19', 4000.00, 'Банковский перевод', 'Отменено'),
(236, 239, '2023-05-20', 3200.75, 'Кредитная карта', 'Завершено'),
(237, 380, '2023-05-21', 1800.50, 'Мобильный платеж', 'В ожидании'),
(238, 415, '2023-05-22', 2100.00, 'Электронный кошелек', 'Завершено'),
(239, 334, '2023-05-23', 1990.75, 'Наличные', 'Завершено'),
(240, 400, '2023-05-24', 1350.50, 'Банковский перевод', 'Отменено'),
(241, 144, '2023-05-25', 3180.25, 'Кредитная карта', 'Завершено'),
(242, 280, '2023-05-26', 2560.00, 'Мобильный платеж', 'Завершено'),
(243, 462, '2023-05-27', 2490.50, 'Электронный кошелек', 'В ожидании'),
(244, 281, '2023-05-28', 3070.25, 'Наличные', 'Завершено'),
(245, 204, '2023-05-29', 2730.00, 'Банковский перевод', 'Отменено'),
(246, 310, '2023-05-30', 3950.75, 'Кредитная карта', 'Завершено'),
(247, 144, '2023-05-31', 1220.50, 'Мобильный платеж', 'Завершено'),
(248, 361, '2023-06-01', 2680.00, 'Электронный кошелек', 'Отменено'),
(249, 126, '2023-06-02', 3200.25, 'Наличные', 'Завершено'),
(250, 239, '2023-06-03', 2970.50, 'Банковский перевод', 'Отменено'),
(251, 219, '2023-06-04', 4060.00, 'Кредитная карта', 'Завершено'),
(252, 463, '2023-06-05', 2500.75, 'Мобильный платеж', 'Завершено'),
(253, 136, '2023-06-06', 1750.00, 'Электронный кошелек', 'Отменено'),
(254, 245, '2023-06-07', 1620.50, 'Наличные', 'Завершено'),
(255, 463, '2023-06-08', 2900.00, 'Банковский перевод', 'Завершено'),
(256, 411, '2023-06-09', 3020.75, 'Кредитная карта', 'В ожидании'),
(257, 229, '2023-06-10', 3850.50, 'Мобильный платеж', 'Завершено'),
(258, 263, '2023-06-11', 2830.25, 'Электронный кошелек', 'Завершено'),
(259, 213, '2023-06-12', 1120.00, 'Наличные', 'Отменено'),
(260, 284, '2023-06-13', 4190.75, 'Банковский перевод', 'Завершено'),
(261, 178, '2023-06-14', 1220.50, 'Кредитная карта', 'Завершено'),
(262, 313, '2023-06-15', 1660.00, 'Мобильный платеж', 'Отменено'),
(263, 445, '2023-06-16', 2290.25, 'Электронный кошелек', 'Завершено'),
(264, 368, '2023-06-17', 1840.00, 'Наличные', 'Завершено'),
(265, 346, '2023-06-18', 2690.50, 'Банковский перевод', 'Отменено'),
(266, 375, '2023-06-19', 3220.75, 'Кредитная карта', 'Завершено'),
(267, 270, '2023-06-20', 3750.00, 'Мобильный платеж', 'Отменено'),
(268, 126, '2023-06-21', 1980.50, 'Электронный кошелек', 'Завершено'),
(269, 461, '2023-06-22', 3130.25, 'Наличные', 'Завершено'),
(270, 182, '2023-06-23', 4060.00, 'Банковский перевод', 'Отменено'),
(271, 141, '2023-06-24', 3320.75, 'Кредитная карта', 'Завершено'),
(272, 120, '2023-06-25', 1100.50, 'Мобильный платеж', 'В ожидании'),
(273, 286, '2023-06-26', 2900.00, 'Электронный кошелек', 'Завершено'),
(274, 418, '2023-06-27', 2320.25, 'Наличные', 'Завершено'),
(275, 242, '2023-06-28', 2600.50, 'Банковский перевод', 'Отменено'),
(276, 290, '2023-06-29', 1820.00, 'Кредитная карта', 'Завершено'),
(277, 121, '2023-06-30', 3920.75, 'Мобильный платеж', 'Отменено'),
(278, 464, '2023-07-01', 2100.50, 'Электронный кошелек', 'Завершено'),
(279, 386, '2023-07-02', 1580.00, 'Наличные', 'Завершено'),
(280, 118, '2023-07-03', 3250.75, 'Банковский перевод', 'Отменено'),
(281, 130, '2023-07-04', 2110.50, 'Кредитная карта', 'Завершено'),
(282, 292, '2023-07-05', 3300.00, 'Мобильный платеж', 'Завершено'),
(283, 396, '2023-07-06', 4000.25, 'Электронный кошелек', 'Отменено'),
(284, 204, '2023-07-07', 3100.00, 'Наличные', 'Завершено'),
(285, 475, '2023-07-08', 1920.75, 'Банковский перевод', 'Завершено'),
(286, 136, '2023-07-09', 1300.25, 'Кредитная карта', 'Отменено'),
(287, 275, '2023-07-10', 2440.00, 'Мобильный платеж', 'Завершено'),
(288, 344, '2023-07-11', 1700.00, 'Электронный кошелек', 'Завершено'),
(289, 221, '2023-07-12', 3280.25, 'Наличные', 'Отменено'),
(290, 384, '2023-07-13', 2500.00, 'Банковский перевод', 'Завершено'),
(291, 231, '2023-07-14', 1350.50, 'Кредитная карта', 'Завершено'),
(292, 112, '2023-07-15', 2090.75, 'Мобильный платеж', 'Отменено'),
(293, 251, '2023-07-16', 3330.00, 'Электронный кошелек', 'Завершено'),
(294, 183, '2023-07-17', 1440.50, 'Наличные', 'В ожидании'),
(295, 296, '2023-07-18', 2180.25, 'Банковский перевод', 'Завершено'),
(296, 471, '2023-07-19', 2840.00, 'Кредитная карта', 'Завершено'),
(297, 470, '2023-07-20', 1900.75, 'Мобильный платеж', 'Отменено'),
(298, 436, '2023-07-21', 3800.50, 'Электронный кошелек', 'Завершено'),
(299, 127, '2023-07-22', 4190.25, 'Наличные', 'Завершено'),
(300, 302, '2023-07-23', 2370.00, 'Банковский перевод', 'Отменено'),
(301, 159, '2023-07-24', 3100.75, 'Кредитная карта', 'Завершено'),
(302, 248, '2023-07-25', 2400.50, 'Мобильный платеж', 'Отменено'),
(303, 255, '2023-07-26', 3900.00, 'Электронный кошелек', 'Завершено'),
(304, 443, '2023-07-27', 1220.75, 'Наличные', 'Завершено'),
(305, 407, '2023-07-28', 2100.00, 'Банковский перевод', 'Отменено'),
(306, 408, '2023-07-29', 2760.50, 'Кредитная карта', 'Завершено'),
(307, 256, '2023-07-30', 1500.25, 'Мобильный платеж', 'В ожидании'),
(308, 164, '2023-07-31', 2820.00, 'Электронный кошелек', 'Завершено'),
(309, 243, '2023-08-01', 3110.50, 'Наличные', 'Завершено'),
(310, 200, '2023-08-02', 2300.75, 'Банковский перевод', 'Отменено'),
(311, 186, '2023-08-03', 1900.00, 'Кредитная карта', 'Завершено'),
(312, 282, '2023-08-04', 3200.25, 'Мобильный платеж', 'В ожидании'),
(313, 245, '2023-08-05', 2150.50, 'Электронный кошелек', 'Завершено'),
(314, 449, '2023-08-06', 4050.00, 'Наличные', 'Завершено'),
(315, 420, '2023-08-07', 1450.75, 'Банковский перевод', 'Отменено'),
(316, 374, '2023-08-08', 1570.25, 'Кредитная карта', 'Завершено'),
(317, 476, '2023-08-09', 2100.00, 'Мобильный платеж', 'Отменено'),
(318, 225, '2023-08-10', 2500.75, 'Электронный кошелек', 'Завершено'),
(319, 317, '2023-08-11', 2750.00, 'Наличные', 'Завершено'),
(320, 441, '2023-08-12', 1980.50, 'Банковский перевод', 'Отменено'),
(321, 253, '2023-08-13', 3010.25, 'Кредитная карта', 'Завершено'),
(322, 230, '2023-08-14', 1950.00, 'Мобильный платеж', 'В ожидании'),
(323, 398, '2023-08-15', 2610.75, 'Электронный кошелек', 'Завершено'),
(324, 241, '2023-08-16', 1790.25, 'Наличные', 'Завершено'),
(325, 218, '2023-08-17', 3800.00, 'Банковский перевод', 'Отменено'),
(326, 180, '2023-08-18', 1670.50, 'Кредитная карта', 'Завершено'),
(327, 405, '2023-08-19', 3200.00, 'Мобильный платеж', 'Отменено'),
(328, 200, '2023-08-20', 2000.75, 'Электронный кошелек', 'Завершено'),
(329, 453, '2023-08-21', 1450.00, 'Наличные', 'Завершено'),
(330, 374, '2023-08-22', 1900.25, 'Банковский перевод', 'Отменено'),
(331, 157, '2023-08-23', 3800.50, 'Кредитная карта', 'Завершено'),
(332, 160, '2023-08-24', 2300.00, 'Мобильный платеж', 'В ожидании'),
(333, 234, '2023-08-25', 4200.75, 'Электронный кошелек', 'Завершено'),
(334, 379, '2023-08-26', 2650.25, 'Наличные', 'Завершено'),
(335, 388, '2023-08-27', 1520.00, 'Банковский перевод', 'Отменено'),
(336, 234, '2023-08-28', 2700.50, 'Кредитная карта', 'Завершено'),
(337, 130, '2023-08-29', 3130.00, 'Мобильный платеж', 'Отменено'),
(338, 344, '2023-08-30', 1250.75, 'Электронный кошелек', 'Завершено'),
(339, 383, '2023-08-31', 3050.25, 'Наличные', 'Завершено'),
(340, 414, '2023-09-01', 1990.00, 'Банковский перевод', 'Отменено'),
(341, 221, '2023-09-02', 3750.50, 'Кредитная карта', 'Завершено'),
(342, 248, '2023-09-03', 2800.00, 'Мобильный платеж', 'В ожидании'),
(343, 210, '2023-09-04', 2100.75, 'Электронный кошелек', 'Завершено'),
(344, 226, '2023-09-05', 2950.25, 'Наличные', 'Завершено'),
(345, 143, '2023-09-06', 2800.00, 'Банковский перевод', 'Отменено'),
(346, 432, '2023-09-07', 2230.50, 'Кредитная карта', 'Завершено'),
(347, 443, '2023-09-08', 3790.75, 'Мобильный платеж', 'Отменено'),
(348, 479, '2023-09-09', 1200.00, 'Электронный кошелек', 'Завершено'),
(349, 262, '2023-09-10', 3270.50, 'Наличные', 'Завершено'),
(350, 147, '2023-09-11', 1580.25, 'Банковский перевод', 'Отменено'),
(351, 235, '2023-09-12', 2390.00, 'Кредитная карта', 'Завершено'),
(352, 259, '2023-09-13', 1400.50, 'Мобильный платеж', 'В ожидании'),
(353, 260, '2023-09-14', 4030.75, 'Электронный кошелек', 'Завершено'),
(354, 345, '2023-09-15', 1970.25, 'Наличные', 'Завершено'),
(355, 204, '2023-09-16', 3190.00, 'Банковский перевод', 'Отменено'),
(356, 438, '2023-09-17', 3650.50, 'Кредитная карта', 'Завершено'),
(357, 218, '2023-09-18', 1040.75, 'Мобильный платеж', 'Отменено'),
(358, 252, '2023-09-19', 2880.25, 'Электронный кошелек', 'Завершено'),
(359, 407, '2023-09-20', 3410.00, 'Наличные', 'Завершено'),
(360, 463, '2023-09-21', 1410.50, 'Банковский перевод', 'Отменено'),
(361, 191, '2023-09-22', 2690.75, 'Кредитная карта', 'Завершено'),
(362, 192, '2023-09-23', 3920.25, 'Мобильный платеж', 'Отменено'),
(363, 256, '2023-09-24', 1970.00, 'Электронный кошелек', 'Завершено'),
(364, 429, '2023-09-25', 3090.50, 'Наличные', 'Завершено'),
(365, 241, '2023-09-26', 3550.00, 'Банковский перевод', 'Отменено'),
(366, 413, '2023-09-27', 1120.75, 'Кредитная карта', 'Завершено'),
(367, 281, '2023-09-28', 2980.25, 'Мобильный платеж', 'В ожидании'),
(368, 267, '2023-09-29', 2740.00, 'Электронный кошелек', 'Завершено'),
(369, 295, '2023-09-30', 3850.50, 'Наличные', 'Завершено'),
(370, 153, '2023-10-01', 1840.25, 'Банковский перевод', 'Отменено'),
(371, 142, '2023-10-02', 2990.00, 'Кредитная карта', 'Завершено'),
(372, 258, '2023-10-03', 2430.75, 'Мобильный платеж', 'Отменено'),
(373, 339, '2023-10-04', 1250.25, 'Электронный кошелек', 'Завершено'),
(374, 119, '2023-10-05', 2910.00, 'Наличные', 'Завершено'),
(375, 354, '2023-10-06', 2250.50, 'Банковский перевод', 'Отменено'),
(376, 162, '2023-10-07', 3400.75, 'Кредитная карта', 'Завершено'),
(377, 420, '2023-10-08', 2700.25, 'Мобильный платеж', 'Отменено'),
(378, 126, '2023-10-09', 2180.00, 'Электронный кошелек', 'Завершено'),
(379, 256, '2023-10-10', 1680.50, 'Наличные', 'Завершено'),
(380, 353, '2023-10-11', 1010.75, 'Банковский перевод', 'Отменено'),
(381, 244, '2023-10-12', 3560.00, 'Кредитная карта', 'Завершено'),
(382, 377, '2023-10-13', 1420.50, 'Мобильный платеж', 'В ожидании'),
(383, 321, '2023-10-14', 3100.25, 'Электронный кошелек', 'Завершено'),
(384, 287, '2023-10-15', 2570.00, 'Наличные', 'Завершено'),
(385, 285, '2023-10-16', 3750.50, 'Банковский перевод', 'Отменено'),
(386, 337, '2023-10-17', 2310.75, 'Кредитная карта', 'Завершено'),
(387, 203, '2023-10-18', 1640.25, 'Мобильный платеж', 'Отменено'),
(388, 408, '2023-10-19', 3900.00, 'Электронный кошелек', 'Завершено'),
(389, 442, '2023-10-20', 1320.50, 'Наличные', 'Завершено'),
(390, 162, '2023-10-21', 2980.00, 'Банковский перевод', 'Отменено'),
(391, 123, '2023-10-22', 2120.75, 'Кредитная карта', 'Завершено'),
(392, 438, '2023-10-23', 1780.25, 'Мобильный платеж', 'В ожидании'),
(393, 336, '2023-10-24', 2750.00, 'Электронный кошелек', 'Завершено'),
(394, 373, '2023-10-25', 3810.50, 'Наличные', 'Завершено'),
(395, 126, '2023-10-26', 1060.25, 'Банковский перевод', 'Отменено'),
(396, 134, '2023-10-27', 2000.00, 'Кредитная карта', 'Завершено'),
(397, 116, '2023-10-28', 3090.75, 'Мобильный платеж', 'Отменено'),
(398, 233, '2023-10-29', 2500.50, 'Электронный кошелек', 'Завершено'),
(399, 442, '2023-10-30', 3290.00, 'Наличные', 'Завершено'),
(400, 384, '2023-10-31', 2170.75, 'Банковский перевод', 'Отменено'),
(401, 211, '2023-11-01', 3150.00, 'Кредитная карта', 'Завершено'),
(402, 166, '2023-11-02', 2900.75, 'Мобильный платеж', 'Отменено'),
(403, 443, '2023-11-03', 1550.50, 'Электронный кошелек', 'Завершено'),
(404, 180, '2023-11-04', 2020.25, 'Наличные', 'Завершено'),
(405, 340, '2023-11-05', 3750.00, 'Банковский перевод', 'Отменено'),
(406, 429, '2023-11-06', 1660.50, 'Кредитная карта', 'Завершено'),
(407, 327, '2023-11-07', 3100.75, 'Мобильный платеж', 'Отменено'),
(408, 435, '2023-11-08', 1350.00, 'Электронный кошелек', 'Завершено'),
(409, 293, '2023-11-09', 2490.75, 'Наличные', 'Завершено'),
(410, 399, '2023-11-10', 1980.50, 'Банковский перевод', 'Завершено'),
(411, 148, '2023-11-11', 2820.00, 'Кредитная карта', 'Отменено'),
(412, 291, '2023-11-12', 2100.50, 'Мобильный платеж', 'В ожидании'),
(413, 478, '2023-11-13', 3050.00, 'Электронный кошелек', 'Завершено'),
(414, 416, '2023-11-14', 2470.25, 'Наличные', 'Завершено'),
(415, 149, '2023-11-15', 1750.00, 'Банковский перевод', 'Отменено'),
(416, 199, '2023-11-16', 2390.75, 'Кредитная карта', 'Завершено'),
(417, 149, '2023-11-17', 3290.25, 'Мобильный платеж', 'В ожидании'),
(418, 247, '2023-11-18', 2080.50, 'Электронный кошелек', 'Завершено'),
(419, 276, '2023-11-19', 1550.75, 'Наличные', 'Завершено'),
(420, 348, '2023-11-20', 3750.00, 'Банковский перевод', 'Завершено'),
(421, 320, '2023-11-21', 1220.50, 'Кредитная карта', 'Отменено'),
(422, 152, '2023-11-22', 2640.75, 'Мобильный платеж', 'Завершено'),
(423, 157, '2023-11-23', 3010.50, 'Электронный кошелек', 'Завершено'),
(424, 268, '2023-11-24', 3090.25, 'Наличные', 'В ожидании'),
(425, 286, '2023-11-25', 2200.00, 'Банковский перевод', 'Отменено'),
(426, 175, '2023-11-26', 2750.50, 'Кредитная карта', 'Завершено'),
(427, 172, '2023-11-27', 1340.25, 'Мобильный платеж', 'Отменено'),
(428, 479, '2023-11-28', 1890.00, 'Электронный кошелек', 'Завершено'),
(429, 252, '2023-11-29', 3850.50, 'Наличные', 'Завершено'),
(430, 477, '2023-11-30', 1050.00, 'Банковский перевод', 'Отменено'),
(431, 336, '2023-12-01', 3990.25, 'Кредитная карта', 'Завершено'),
(432, 302, '2023-12-02', 2280.75, 'Мобильный платеж', 'В ожидании'),
(433, 268, '2023-12-03', 2730.50, 'Электронный кошелек', 'Завершено'),
(434, 378, '2023-12-04', 3100.00, 'Наличные', 'Завершено'),
(435, 342, '2023-12-05', 1650.25, 'Банковский перевод', 'Отменено'),
(436, 250, '2023-12-06', 2570.50, 'Кредитная карта', 'Завершено'),
(437, 410, '2023-12-07', 3000.75, 'Мобильный платеж', 'Отменено'),
(438, 257, '2023-12-08', 1360.00, 'Электронный кошелек', 'Завершено'),
(439, 383, '2023-12-09', 3980.25, 'Наличные', 'В ожидании'),
(440, 275, '2023-12-10', 1990.00, 'Банковский перевод', 'Отменено'),
(441, 320, '2023-12-11', 2760.50, 'Кредитная карта', 'Завершено'),
(442, 273, '2023-12-12', 1900.75, 'Мобильный платеж', 'Отменено'),
(443, 435, '2023-12-13', 3050.50, 'Электронный кошелек', 'Завершено'),
(444, 376, '2023-12-14', 1680.25, 'Наличные', 'Завершено'),
(445, 107, '2023-12-15', 2950.00, 'Банковский перевод', 'Отменено'),
(446, 387, '2023-12-16', 2750.75, 'Кредитная карта', 'Завершено'),
(447, 304, '2023-12-17', 1430.50, 'Мобильный платеж', 'В ожидании'),
(448, 151, '2023-12-18', 2800.25, 'Электронный кошелек', 'Завершено'),
(449, 359, '2023-12-19', 3010.00, 'Наличные', 'Завершено'),
(450, 292, '2023-12-20', 1120.25, 'Банковский перевод', 'Отменено'),
(451, 343, '2023-12-21', 2650.50, 'Кредитная карта', 'Завершено'),
(452, 387, '2023-12-22', 3150.75, 'Мобильный платеж', 'Отменено'),
(453, 169, '2023-12-23', 1450.00, 'Электронный кошелек', 'Завершено'),
(454, 110, '2023-12-24', 1850.75, 'Наличные', 'В ожидании'),
(455, 428, '2023-12-25', 3950.50, 'Банковский перевод', 'Завершено'),
(456, 193, '2023-12-26', 1320.25, 'Кредитная карта', 'Отменено'),
(457, 317, '2023-12-27', 2780.00, 'Мобильный платеж', 'Завершено'),
(458, 332, '2023-12-28', 2990.50, 'Электронный кошелек', 'Завершено'),
(459, 403, '2023-12-29', 1500.25, 'Наличные', 'Отменено'),
(460, 293, '2023-12-30', 2250.75, 'Банковский перевод', 'Завершено'),
(461, 451, '2023-12-31', 3080.50, 'Кредитная карта', 'Отменено'),
(462, 296, '2024-01-01', 1850.75, 'Мобильный платеж', 'Завершено'),
(463, 205, '2024-01-02', 1450.00, 'Электронный кошелек', 'Завершено'),
(464, 244, '2024-01-03', 3050.75, 'Наличные', 'Отменено'),
(465, 293, '2024-01-04', 2110.50, 'Банковский перевод', 'Завершено'),
(466, 410, '2024-01-05', 3890.25, 'Кредитная карта', 'Отменено'),
(467, 161, '2024-01-06', 2300.50, 'Мобильный платеж', 'В ожидании'),
(468, 211, '2024-01-07', 2950.00, 'Электронный кошелек', 'Завершено'),
(469, 369, '2024-01-08', 1700.25, 'Наличные', 'Завершено'),
(470, 452, '2024-01-09', 3300.75, 'Банковский перевод', 'Отменено'),
(471, 450, '2024-01-10', 2730.50, 'Кредитная карта', 'Завершено'),
(472, 383, '2024-01-11', 1260.00, 'Мобильный платеж', 'Отменено'),
(473, 332, '2024-01-12', 2400.25, 'Электронный кошелек', 'Завершено'),
(474, 357, '2024-01-13', 3200.00, 'Наличные', 'Завершено'),
(475, 284, '2024-01-14', 2280.75, 'Банковский перевод', 'Отменено'),
(476, 375, '2024-01-15', 1550.50, 'Кредитная карта', 'Завершено'),
(477, 111, '2024-01-16', 3100.00, 'Мобильный платеж', 'Отменено'),
(478, 225, '2024-01-17', 2000.75, 'Электронный кошелек', 'Завершено'),
(479, 192, '2024-01-18', 2150.00, 'Наличные', 'Отменено'),
(480, 191, '2024-01-19', 3100.25, 'Банковский перевод', 'Завершено'),
(481, 419, '2024-01-20', 1760.00, 'Кредитная карта', 'Отменено'),
(482, 290, '2024-01-21', 2080.50, 'Мобильный платеж', 'В ожидании'),
(483, 278, '2024-01-22', 3680.00, 'Электронный кошелек', 'Завершено'),
(484, 427, '2024-01-23', 3200.25, 'Наличные', 'Завершено'),
(485, 459, '2024-01-24', 1400.50, 'Банковский перевод', 'Отменено'),
(486, 219, '2024-01-25', 2590.75, 'Кредитная карта', 'Завершено'),
(487, 251, '2024-01-26', 2160.50, 'Мобильный платеж', 'Отменено'),
(488, 117, '2024-01-27', 2890.25, 'Электронный кошелек', 'Завершено'),
(489, 467, '2024-01-28', 1190.75, 'Наличные', 'Отменено'),
(490, 450, '2024-01-29', 2720.00, 'Банковский перевод', 'Завершено'),
(491, 156, '2024-01-30', 1880.50, 'Кредитная карта', 'Отменено'),
(492, 285, '2024-01-31', 3960.75, 'Мобильный платеж', 'Завершено'),
(493, 430, '2024-02-01', 1270.25, 'Электронный кошелек', 'Завершено'),
(494, 299, '2024-02-02', 2700.00, 'Наличные', 'Отменено'),
(495, 429, '2024-02-03', 3500.50, 'Банковский перевод', 'Завершено'),
(496, 156, '2024-02-04', 3070.25, 'Кредитная карта', 'Отменено'),
(497, 324, '2024-02-05', 1700.50, 'Мобильный платеж', 'В ожидании'),
(498, 429, '2024-02-06', 2040.00, 'Электронный кошелек', 'Завершено'),
(499, 444, '2024-02-07', 2390.75, 'Наличные', 'Завершено'),
(500, 392, '2024-02-08', 1590.25, 'Банковский перевод', 'Отменено');


INSERT INTO Returns VALUES
(101, 248, 118, '2023-09-01', 2, 'Неправильный размер', 'На рассмотрении'),
(102, 219, 432, '2023-09-02', 1, 'Товар поврежден', 'Принято'),
(103, 480, 378, '2023-09-03', 3, 'Не соответствует описанию', 'Возврат выполнен'),
(104, 424, 343, '2023-09-04', 1, 'Разонравился', 'Отклонено'),
(105, 434, 243, '2023-09-05', 4, 'Просроченная доставка', 'На рассмотрении'),
(106, 211, 395, '2023-09-06', 2, 'Проблема с качеством', 'Возврат выполнен'),
(107, 145, 216, '2023-09-07', 5, 'Неполная комплектация', 'Принято'),
(108, 273, 250, '2023-09-08', 1, 'Цвет не соответствует', 'На рассмотрении'),
(109, 340, 368, '2023-09-09', 3, 'Получена копия товара', 'Отклонено'),
(110, 286, 365, '2023-09-10', 2, 'Товар не нужен', 'Принято'),
(111, 403, 279, '2023-09-11', 1, 'Ошибка в заказе', 'Возврат выполнен'),
(112, 280, 211, '2023-09-12', 4, 'Не подошел по размеру', 'Принято'),
(113, 254, 368, '2023-09-13', 2, 'Качество не устраивает', 'На рассмотрении'),
(114, 344, 368, '2023-09-14', 1, 'Долгая доставка', 'На рассмотрении'),
(115, 408, 475, '2023-09-15', 5, 'Заменен товаром другой марки', 'Возврат выполнен'),
(116, 426, 409, '2023-09-16', 3, 'Не тот товар', 'Принято'),
(117, 361, 391, '2023-09-17', 1, 'Сильные повреждения', 'Возврат выполнен'),
(118, 441, 272, '2023-09-18', 2, 'Дата истечения срока годности', 'Принято'),
(119, 428, 140, '2023-09-19', 4, 'Отсутствуют аксессуары', 'На рассмотрении'),
(120, 240, 344, '2023-09-20', 1, 'Не тот цвет', 'Принято'),
(121, 110, 195, '2023-09-21', 5, 'Закончилась гарантия', 'Возврат выполнен'),
(122, 479, 422, '2023-09-22', 3, 'Товар не подошел', 'Принято'),
(123, 118, 435, '2023-09-23', 1, 'Проблемы с упаковкой', 'Отклонено'),
(124, 127, 361, '2023-09-24', 2, 'Получено другое количество', 'На рассмотрении'),
(125, 130, 208, '2023-09-25', 4, 'Ошибка оператора', 'Возврат выполнен'),
(126, 130, 268, '2023-09-26', 1, 'Неправильная комплектация', 'Принято'),
(127, 144, 351, '2023-09-27', 5, 'Ошибка цвета', 'Возврат выполнен'),
(128, 185, 227, '2023-09-28', 3, 'Нет необходимости', 'Принято'),
(129, 251, 212, '2023-09-29', 1, 'Не успел отменить заказ', 'На рассмотрении'),
(130, 236, 422, '2023-09-30', 2, 'Качество неудовлетворительное', 'Принято'),
(131, 134, 134, '2023-10-01', 4, 'Просроченная гарантия', 'Принято'),
(132, 452, 173, '2023-10-02', 1, 'Товар не тот', 'Возврат выполнен'),
(133, 371, 176, '2023-10-03', 2, 'Побитая упаковка', 'На рассмотрении'),
(134, 280, 473, '2023-10-04', 5, 'Поврежден при доставке', 'Возврат выполнен'),
(135, 111, 157, '2023-10-05', 3, 'Нет возврата уплаченой суммы', 'Принято'),
(136, 407, 292, '2023-10-06', 1, 'Долгое ожидание', 'Отклонено'),
(137, 266, 140, '2023-10-07', 2, 'Слишком большой', 'Принято'),
(138, 458, 500, '2023-10-08', 4, 'Проблемы с материалом', 'На рассмотрении'),
(139, 236, 313, '2023-10-09', 1, 'Не подошел по цвету', 'Возврат выполнен'),
(140, 185, 149, '2023-10-10', 5, 'Полученный брак', 'Принято'),
(141, 187, 193, '2023-10-11', 3, 'Утрачен при транспортировке', 'Возврат выполнен'),
(142, 455, 403, '2023-10-12', 1, 'Слишком маленький', 'На рассмотрении'),
(143, 354, 390, '2023-10-13', 2, 'Упаковка нарушена', 'Отклонено'),
(144, 239, 447, '2023-10-14', 4, 'Не соответствует модели', 'Принято'),
(145, 171, 427, '2023-10-15', 1, 'Не тот материал', 'Возврат выполнен'),
(146, 426, 316, '2023-10-16', 5, 'Отсутствует товар', 'На рассмотрении'),
(147, 317, 309, '2023-10-17', 3, 'Не подходит по стилю', 'Возврат выполнен'),
(148, 248, 418, '2023-10-18', 2, 'Не хватает деталей', 'Принято'),
(149, 119, 434, '2023-10-19', 1, 'Задержка отгрузки', 'На рассмотрении'),
(150, 388, 372, '2023-10-20', 4, 'Ошибка в размере', 'Возврат выполнен'),
(151, 444, 129, '2023-10-21', 2, 'Доставка не завершена', 'Принято'),
(152, 352, 160, '2023-10-22', 1, 'Поврежденный товар', 'На рассмотрении'),
(153, 429, 174, '2023-10-23', 3, 'Утрата при перевозке', 'На рассмотрении'),
(154, 323, 106, '2023-10-24', 5, 'Качество не устроило', 'Возврат выполнен'),
(155, 168, 281, '2023-10-25', 1, 'Не исполнили заказ', 'Принято'),
(156, 118, 388, '2023-10-26', 2, 'Ошибка маркировки', 'На рассмотрении'),
(157, 146, 231, '2023-10-27', 4, 'Поврежденная коробка', 'Возврат выполнен'),
(158, 106, 382, '2023-10-28', 3, 'Товар подделка', 'Принято'),
(159, 364, 368, '2023-10-29', 1, 'Не подходит под интерьер', 'Отклонено'),
(160, 379, 405, '2023-10-30', 5, 'Проблемы с размером', 'Возврат выполнен'),
(161, 147, 181, '2023-10-31', 2, 'Неправильный заказ', 'На рассмотрении'),
(162, 196, 375, '2023-10-01', 1, 'Качество не соответствует', 'Принято'),
(163, 169, 144, '2023-10-02', 4, 'Утеряна часть товара', 'Возврат выполнен'),
(164, 396, 408, '2023-10-03', 3, 'Строки не совпадают', 'На рассмотрении'),
(165, 280, 260, '2023-10-04', 1, 'Плохая упаковка', 'Принято'),
(166, 359, 462, '2023-10-05', 2, 'Недостаточно позиций', 'На рассмотрении'),
(167, 321, 264, '2023-10-06', 5, 'Долго ожидали доставку', 'Возврат выполнен'),
(168, 364, 211, '2023-10-07', 4, 'Неправильный товар', 'Принято'),
(169, 449, 354, '2023-10-08', 3, 'Не оказалось нужного размера', 'На рассмотрении'),
(170, 435, 340, '2023-10-09', 1, 'Повреждение при транспортировке', 'Возврат выполнен'),
(171, 477, 184, '2023-10-10', 2, 'Неправильное описание', 'Принято'),
(172, 310, 134, '2023-10-11', 5, 'Товар поцарапан', 'На рассмотрении'),
(173, 161, 155, '2023-10-12', 4, 'Неправильная доставка', 'Возврат выполнен'),
(174, 110, 149, '2023-10-13', 3, 'Не тот комплект', 'Принято'),
(175, 423, 184, '2023-10-14', 1, 'Перепутана упаковка', 'Возврат выполнен'),
(176, 308, 368, '2023-10-15', 2, 'Отсутствие инструкции', 'Принято'),
(177, 479, 454, '2023-10-16', 5, 'Нарушение сроков', 'На рассмотрении'),
(178, 437, 390, '2023-10-17', 4, 'Отклонение от стандарта', 'Принято'),
(179, 234, 367, '2023-10-18', 3, 'Ошибка в документации', 'На рассмотрении'),
(180, 330, 153, '2023-10-19', 1, 'Товар с дефектом', 'Возврат выполнен'),
(181, 463, 160, '2023-10-20', 2, 'Несоответствие заказа', 'Принято'),
(182, 455, 289, '2023-10-21', 5, 'Негарантийный случай', 'На рассмотрении'),
(183, 157, 112, '2023-10-22', 4, 'Доставка повреждена', 'Принято'),
(184, 441, 222, '2023-10-23', 3, 'Несоответствие цены', 'Возврат выполнен'),
(185, 417, 426, '2023-10-24', 1, 'Неправильный комплект', 'На рассмотрении'),
(186, 476, 196, '2023-10-25', 2, 'Нет гарантийного талона', 'Возврат выполнен'),
(187, 393, 293, '2023-10-26', 5, 'Ошибочные размеры', 'Принято'),
(188, 151, 336, '2023-10-27', 4, 'Не тот артикул', 'На рассмотрении'),
(189, 343, 377, '2023-10-28', 3, 'Брак', 'Возврат выполнен'),
(190, 327, 196, '2023-10-29', 1, 'Медленный процесс', 'Принято'),
(191, 289, 426, '2023-10-30', 2, 'Упаковка разорвана', 'На рассмотрении'),
(192, 211, 415, '2023-10-01', 3, 'Ошибка состава', 'Принято'),
(193, 446, 437, '2023-10-02', 1, 'Не та брендовая вещь', 'Возврат выполнен'),
(194, 288, 432, '2023-10-03', 2, 'Проблемы с габаритами', 'На рассмотрении'),
(195, 327, 328, '2023-10-04', 5, 'Меняется расцветка', 'Принято'),
(196, 263, 202, '2023-10-05', 4, 'Перепутан размер', 'Возврат выполнен'),
(197, 471, 417, '2023-10-06', 3, 'Ошибка доставки', 'На рассмотрении'),
(198, 403, 404, '2023-10-07', 1, 'Дефект упаковки', 'Принято'),
(199, 215, 166, '2023-10-08', 2, 'Не тот материал', 'Возврат выполнен'),
(200, 317, 466, '2023-10-09', 1, 'Проблемы с замком', 'На рассмотрении'),
(201, 152, 422, '2023-10-10', 3, 'Некачественный шов', 'На рассмотрении'),
(202, 227, 433, '2023-10-11', 2, 'Ошибка в упаковке', 'Возврат выполнен'),
(203, 422, 453, '2023-10-12', 5, 'Неправильная доставка', 'Принято'),
(204, 410, 131, '2023-10-13', 1, 'Проблемы с цветом', 'Возврат выполнен'),
(205, 279, 283, '2023-10-14', 4, 'Не соответствует характеристикам', 'На рассмотрении'),
(206, 433, 427, '2023-10-15', 3, 'Неверная информация о товаре', 'Принято'),
(207, 294, 334, '2023-10-16', 2, 'Нет подтверждения о покупке', 'Возврат выполнен'),
(208, 258, 217, '2023-10-17', 5, 'Неправильный фасон', 'На рассмотрении'),
(209, 380, 344, '2023-10-18', 1, 'Ошибка в цене', 'Принято'),
(210, 432, 377, '2023-10-19', 4, 'Дефект на поверхности', 'Возврат выполнен'),
(211, 416, 382, '2023-10-20', 3, 'Необходима проверка качества', 'На рассмотрении'),
(212, 283, 176, '2023-10-21', 2, 'Не соответствует требованиям', 'Принято'),
(213, 147, 234, '2023-10-22', 5, 'Задержка в производстве', 'Возврат выполнен'),
(214, 264, 236, '2023-10-23', 1, 'Неверное наименование', 'На рассмотрении'),
(215, 435, 120, '2023-10-24', 4, 'Неполный комплект', 'Принято'),
(216, 292, 221, '2023-10-25', 3, 'Требуется обмен', 'Возврат выполнен'),
(217, 104, 345, '2023-10-26', 2, 'Ошибочная спецификация', 'На рассмотрении'),
(218, 282, 450, '2023-10-27', 5, 'Нарушение упаковки', 'Принято'),
(219, 186, 278, '2023-10-28', 1, 'Неверная модель', 'Возврат выполнен'),
(220, 114, 182, '2023-10-29', 4, 'Нет контрольной отметки', 'На рассмотрении'),
(221, 124, 399, '2023-10-30', 3, 'Товар неактуален', 'Принято'),
(222, 104, 135, '2023-10-31', 2, 'Требуется техническая проверка', 'Возврат выполнен'),
(223, 104, 132, '2023-11-01', 5, 'Не были учтены пожелания', 'На рассмотрении'),
(224, 180, 496, '2023-11-02', 1, 'Слишком сложный механизм', 'Принято'),
(225, 340, 479, '2023-11-03', 4, 'Ошибка покупки', 'Возврат выполнен'),
(226, 469, 106, '2023-11-04', 3, 'Требуется замена', 'На рассмотрении'),
(227, 151, 403, '2023-11-05', 2, 'Неправильный товар', 'Принято'),
(228, 367, 168, '2023-11-06', 5, 'Неправильный вид', 'Возврат выполнен'),
(229, 411, 103, '2023-11-07', 1, 'Неутвержденный дизайн', 'На рассмотрении'),
(230, 463, 302, '2023-11-08', 4, 'Устарелое описание', 'Принято'),
(231, 468, 394, '2023-11-09', 3, 'Нет соответствия с заказом', 'Возврат выполнен'),
(232, 264, 472, '2023-11-10', 2, 'Не совпадает в реальности', 'На рассмотрении'),
(233, 165, 206, '2023-11-11', 5, 'Неправильная сертификация', 'Принято'),
(234, 172, 234, '2023-11-12', 1, 'Ошибочный продукт', 'Возврат выполнен'),
(235, 357, 232, '2023-11-13', 4, 'Не тот период аренды', 'На рассмотрении'),
(236, 333, 376, '2023-11-14', 3, 'Несовместимость с текущей системой', 'Принято'),
(237, 430, 292, '2023-11-15', 2, 'Проблемы с интеграцией', 'Возврат выполнен'),
(238, 384, 448, '2023-11-16', 5, 'Требуется обновление', 'На рассмотрении'),
(239, 388, 109, '2023-11-17', 1, 'Недопустимый габарит', 'Принято'),
(240, 266, 420, '2023-11-18', 4, 'Неправильный штрих-код', 'Возврат выполнен'),
(241, 462, 305, '2023-11-19', 3, 'Сбои в кодировке', 'На рассмотрении'),
(242, 391, 285, '2023-11-20', 2, 'Неподходящее оборудование', 'Принято'),
(243, 278, 478, '2023-11-21', 5, 'Неподходящий терминал', 'Возврат выполнен'),
(244, 428, 484, '2023-11-22', 1, 'Неудобный интерфейс', 'На рассмотрении'),
(245, 209, 470, '2023-11-23', 4, 'Требуется переопределение', 'Принято'),
(246, 424, 450, '2023-11-24', 3, 'Неправильная категоризация', 'Возврат выполнен'),
(247, 388, 198, '2023-11-25', 2, 'Ошибка синхронизации', 'На рассмотрении'),
(248, 368, 496, '2023-11-26', 5, 'Неясное описание', 'Принято'),
(249, 312, 238, '2023-11-27', 1, 'Требуется доработка', 'Возврат выполнен'),
(250, 452, 152, '2023-11-28', 4, 'Нет необходимого разрешения', 'На рассмотрении'),
(251, 254, 140, '2023-11-29', 3, 'Недостаток мощности', 'Принято'),
(252, 145, 320, '2023-11-30', 2, 'Неполное восстановление', 'Возврат выполнен'),
(253, 299, 216, '2023-12-01', 5, 'Задержка в работе', 'На рассмотрении'),
(254, 418, 327, '2023-12-02', 1, 'Неясные инструкции', 'Принято'),
(255, 301, 220, '2023-12-03', 4, 'Неудобный монтаж', 'Возврат выполнен'),
(256, 429, 407, '2023-12-04', 3, 'Ошибка в эксплуатации', 'На рассмотрении'),
(257, 191, 149, '2023-12-05', 2, 'Проблемы с совместимостью', 'Принято'),
(258, 280, 185, '2023-12-06', 5, 'Ошибочный формат', 'Возврат выполнен'),
(259, 152, 165, '2023-12-07', 1, 'Подмена товара', 'На рассмотрении'),
(260, 225, 486, '2023-12-08', 4, 'Ошибка в распечатке', 'Принято'),
(261, 169, 185, '2023-12-09', 3, 'Длительное ожидание', 'Возврат выполнен'),
(262, 372, 456, '2023-12-10', 2, 'Не вернулась сумма', 'На рассмотрении'),
(263, 397, 296, '2023-12-11', 5, 'Нет сертификата', 'Принято'),
(264, 335, 423, '2023-12-12', 1, 'Ошибка в коде', 'Возврат выполнен'),
(265, 285, 119, '2023-12-13', 4, 'Неудовлетворительное качество', 'На рассмотрении'),
(266, 169, 211, '2023-12-14', 3, 'Риск повреждения', 'Принято'),
(267, 109, 420, '2023-12-15', 2, 'Задержка отгрузки', 'Возврат выполнен'),
(268, 329, 119, '2023-12-16', 5, 'Не соответствует дизайну', 'На рассмотрении'),
(269, 276, 153, '2023-12-17', 1, 'Отказ оператора', 'Принято'),
(270, 396, 363, '2023-12-18', 4, 'Не тот поставщик', 'Возврат выполнен'),
(271, 318, 141, '2023-12-19', 3, 'Процесс приостановлен', 'На рассмотрении'),
(272, 278, 338, '2023-12-20', 2, 'Не та форма', 'Принято'),
(273, 256, 326, '2023-12-21', 5, 'Компоненты не подходят', 'Возврат выполнен'),
(274, 412, 195, '2023-12-22', 1, 'Отсутствие документов', 'На рассмотрении'),
(275, 149, 207, '2023-12-23', 4, 'Неправильный заказ', 'Принято'),
(276, 385, 102, '2023-12-24', 3, 'Ошибка конструкции', 'Возврат выполнен'),
(277, 449, 500, '2023-12-25', 2, 'Неудовлетворительный размер', 'На рассмотрении'),
(278, 399, 110, '2023-12-26', 5, 'Набойка не соответствует', 'Принято'),
(279, 340, 126, '2023-12-27', 1, 'Не тот артикул', 'Возврат выполнен'),
(280, 168, 150, '2023-12-28', 4, 'Не тот заказ', 'На рассмотрении'),
(281, 412, 320, '2023-12-29', 3, 'Не функционирует', 'Принято'),
(282, 368, 338, '2023-12-30', 2, 'Проблема с доставкой', 'Возврат выполнен'),
(283, 285, 157, '2023-12-31', 5, 'Не был включен', 'На рассмотрении'),
(284, 132, 377, '2024-01-01', 1, 'Дата производства критична', 'Принято'),
(285, 407, 424, '2024-01-02', 4, 'Нет инструкции', 'Возврат выполнен'),
(286, 129, 235, '2024-01-03', 3, 'Требуется модернизация', 'На рассмотрении'),
(287, 107, 299, '2024-01-04', 2, 'Ошибка сборки', 'Принято'),
(288, 121, 347, '2024-01-05', 5, 'Требуется подтверждение', 'Возврат выполнен'),
(289, 289, 185, '2024-01-06', 1, 'Неверный сертификат', 'На рассмотрении'),
(290, 281, 447, '2024-01-07', 4, 'Ошибка в расчете', 'Принято'),
(291, 392, 240, '2024-01-08', 3, 'Проблема со складом', 'Возврат выполнен'),
(292, 250, 489, '2024-01-09', 2, 'Не верное местоположение', 'На рассмотрении'),
(293, 445, 242, '2024-01-10', 5, 'Запрос на возврат', 'Принято'),
(294, 280, 464, '2024-01-11', 1, 'Нужна консультация', 'Возврат выполнен'),
(295, 242, 410, '2024-01-12', 4, 'Неудобный формат', 'На рассмотрении'),
(296, 188, 137, '2024-01-13', 3, 'Изменение модели', 'Принято'),
(297, 205, 222, '2024-01-14', 2, 'Нестандартный размер', 'Возврат выполнен'),
(298, 246, 446, '2024-01-15', 5, 'Нет товара', 'На рассмотрении'),
(299, 259, 311, '2024-01-16', 1, 'Ошибочный заказ', 'Принято'),
(300, 442, 337, '2024-01-17', 4, 'Контрафактная продукция', 'Возврат выполнен'),
(301, 248, 243, '2024-01-18', 3, 'Сбой в программе', 'На рассмотрении'),
(302, 369, 249, '2024-01-19', 2, 'Ошибка функционала', 'Принято'),
(303, 423, 339, '2024-01-20', 5, 'Неправильное отображение', 'Возврат выполнен'),
(304, 380, 372, '2024-01-21', 1, 'Некорректная маркировка', 'На рассмотрении'),
(305, 380, 116, '2024-01-22', 4, 'Нет адаптации', 'Принято'),
(306, 216, 208, '2024-01-23', 3, 'Неправильная комплектация', 'Возврат выполнен'),
(307, 414, 291, '2024-01-24', 2, 'Отсутствие обновлений', 'На рассмотрении'),
(308, 169, 330, '2024-01-25', 5, 'Проблемы с установкой', 'Принято'),
(309, 386, 107, '2024-01-26', 1, 'Необходима калибровка', 'Возврат выполнен'),
(310, 256, 151, '2024-01-27', 4, 'Ошибка в алгоритме', 'На рассмотрении'),
(311, 208, 329, '2024-01-28', 3, 'Сложности в эксплуатации', 'Принято'),
(312, 318, 380, '2024-01-29', 2, 'Нет доступа к обновлениям', 'Возврат выполнен'),
(313, 368, 147, '2024-01-30', 5, 'Некорректный интерфейс', 'На рассмотрении'),
(314, 352, 115, '2024-01-31', 1, 'Ошибка конфигурации', 'Принято'),
(315, 311, 485, '2024-02-01', 4, 'Избыточный элемент', 'Возврат выполнен'),
(316, 154, 114, '2024-02-02', 3, 'Неправильная эксплуатация', 'На рассмотрении'),
(317, 451, 190, '2024-02-03', 2, 'Ошибочная загрузка', 'Принято'),
(318, 143, 259, '2024-02-04', 5, 'Нет доступа к функциям', 'Возврат выполнен'),
(319, 222, 288, '2024-02-05', 1, 'Некорректный файл', 'На рассмотрении'),
(320, 286, 334, '2024-02-06', 4, 'Неустойчивое соединение', 'Принято'),
(321, 284, 256, '2024-02-07', 3, 'Ошибка настройки', 'Возврат выполнен'),
(322, 297, 440, '2024-02-08', 2, 'Не тот модуль', 'На рассмотрении'),
(323, 292, 392, '2024-02-09', 5, 'Недостоверные данные', 'Принято'),
(324, 404, 303, '2024-02-10', 1, 'Нет документации', 'Возврат выполнен'),
(325, 328, 403, '2024-02-11', 4, 'Несовпадение с техническим заданием', 'На рассмотрении'),
(326, 228, 319, '2024-02-12', 3, 'Уязвимость системы', 'Принято'),
(327, 183, 382, '2024-02-13', 2, 'Зависание приложения', 'Возврат выполнен'),
(328, 473, 156, '2024-02-14', 5, 'Ошибка из-за несовместимости', 'На рассмотрении'),
(329, 182, 257, '2024-02-15', 1, 'Не тот слот', 'Принято'),
(330, 194, 222, '2024-02-16', 4, 'Неправильная прошивка', 'Возврат выполнен'),
(331, 479, 157, '2024-02-17', 3, 'Сбой в безопасности', 'На рассмотрении'),
(332, 212, 458, '2024-02-18', 2, 'Отсутствие контроля качества', 'Принято'),
(333, 181, 449, '2024-02-19', 5, 'Нет сертификации', 'Возврат выполнен'),
(334, 137, 374, '2024-02-20', 1, 'Ошибка лицензии', 'На рассмотрении'),
(335, 121, 436, '2024-02-21', 4, 'Проблемы с памятью', 'Принято'),
(336, 465, 362, '2024-02-22', 3, 'Неправильная сборка', 'Возврат выполнен'),
(337, 319, 263, '2024-02-23', 2, 'Ошибочный отчет', 'На рассмотрении'),
(338, 290, 271, '2024-02-24', 5, 'Не соответствует требованиям', 'Принято'),
(339, 394, 331, '2024-02-25', 1, 'Производственный дефект', 'Возврат выполнен'),
(340, 325, 147, '2024-02-26', 4, 'Отсутствие инструкции', 'На рассмотрении'),
(341, 137, 408, '2024-02-27', 3, 'Проблемы со складом', 'Принято'),
(342, 334, 401, '2024-02-28', 2, 'Нет поддержки', 'Возврат выполнен'),
(343, 219, 314, '2024-02-29', 5, 'Не подходит для эксплуатации', 'На рассмотрении'),
(344, 215, 336, '2024-03-01', 1, 'Проблемы с конфигурацией', 'Принято'),
(345, 362, 330, '2024-03-02', 4, 'Отказ в обновлении', 'Возврат выполнен'),
(346, 350, 223, '2024-03-03', 3, 'Сложности при установке', 'На рассмотрении'),
(347, 212, 301, '2024-03-04', 2, 'Не совпадает с эскизом', 'Принято'),
(348, 451, 326, '2024-03-05', 5, 'Разный цвет', 'Возврат выполнен'),
(349, 117, 410, '2024-03-06', 1, 'Ошибка обработки', 'На рассмотрении'),
(350, 117, 274, '2024-03-07', 4, 'Неустойчивое качество', 'Принято'),
(351, 398, 203, '2024-03-08', 3, 'Отсутствие функций', 'Возврат выполнен'),
(352, 105, 249, '2024-03-09', 2, 'Нет согласования', 'На рассмотрении'),
(353, 414, 113, '2024-03-10', 5, 'Неправильный паттерн', 'Принято'),
(354, 160, 125, '2024-03-11', 1, 'Несовместимость с оборудованием', 'Возврат выполнен'),
(355, 362, 133, '2024-03-12', 4, 'Ошибка синхронизации', 'На рассмотрении'),
(356, 447, 447, '2024-03-13', 3, 'Незавершенное подключение', 'Принято'),
(357, 453, 415, '2024-03-14', 2, 'Не та версия', 'Возврат выполнен'),
(358, 403, 432, '2024-03-15', 5, 'Ошибка компиляции', 'На рассмотрении'),
(359, 242, 411, '2024-03-16', 1, 'Проблемы с подключением', 'Принято'),
(360, 120, 329, '2024-03-17', 4, 'Не соответствует спецификации', 'Возврат выполнен'),
(361, 270, 132, '2024-03-18', 3, 'Неверная комплектация', 'На рассмотрении'),
(362, 112, 431, '2024-03-19', 2, 'Испорченная упаковка', 'Принято'),
(363, 168, 368, '2024-03-20', 5, 'Не тот сертификат', 'Возврат выполнен'),
(364, 329, 447, '2024-03-21', 1, 'Неверная информация в документации', 'На рассмотрении'),
(365, 217, 187, '2024-03-22', 4, 'Отсутствие сертификации', 'Принято'),
(366, 104, 481, '2024-03-23', 3, 'Несоответствие требованиям', 'Возврат выполнен'),
(367, 149, 469, '2024-03-24', 2, 'Неправильная форма', 'На рассмотрении'),
(368, 284, 253, '2024-03-25', 5, 'Упакован неправильно', 'Принято'),
(369, 122, 195, '2024-03-26', 1, 'Ошибка пользовательского интерфейса', 'Возврат выполнен'),
(370, 166, 362, '2024-03-27', 4, 'Несоответствие спецификации', 'На рассмотрении'),
(371, 478, 388, '2024-03-28', 3, 'Неудобный доступ к функциям', 'Принято'),
(372, 224, 227, '2024-03-29', 2, 'Ошибка в документации', 'Возврат выполнен'),
(373, 116, 114, '2024-03-30', 5, 'Несанкционированное изменение', 'На рассмотрении'),
(374, 475, 429, '2024-03-31', 1, 'Проблемы с установкой', 'Принято'),
(375, 316, 121, '2024-04-01', 4, 'Невыравненные компоненты', 'Возврат выполнен'),
(376, 438, 276, '2024-04-02', 3, 'Неправильный разметка', 'На рассмотрении'),
(377, 360, 326, '2024-04-03', 2, 'Ошибка обновления', 'Принято'),
(378, 410, 254, '2024-04-04', 5, 'Проблемы с открытием', 'Возврат выполнен'),
(379, 219, 439, '2024-04-05', 1, 'Неактуальное программное обеспечение', 'На рассмотрении'),
(380, 466, 338, '2024-04-06', 4, 'Отсутствие безопасности', 'Принято'),
(381, 386, 304, '2024-04-07', 3, 'Недостаточная защита', 'Возврат выполнен'),
(382, 173, 376, '2024-04-08', 2, 'Проблемы с калибровкой', 'На рассмотрении'),
(383, 336, 214, '2024-04-09', 5, 'Неисправность сенсоров', 'Принято'),
(384, 116, 218, '2024-04-10', 1, 'Неудобное использование', 'Возврат выполнен'),
(385, 379, 453, '2024-04-11', 4, 'Ошибочный расчет', 'На рассмотрении'),
(386, 448, 414, '2024-04-12', 3, 'Перегрузка интерфейса', 'Принято'),
(387, 339, 145, '2024-04-13', 2, 'Проблемы с декодированием', 'Возврат выполнен'),
(388, 430, 149, '2024-04-14', 5, 'Неудобное меню', 'На рассмотрении'),
(389, 397, 289, '2024-04-15', 1, 'Ошибка устройства', 'Принято'),
(390, 208, 305, '2024-04-16', 4, 'Несоответствие техническим характеристикам', 'Возврат выполнен'),
(391, 415, 236, '2024-04-17', 3, 'Сбой питания', 'На рассмотрении'),
(392, 142, 436, '2024-04-18', 2, 'Проблемы с переносом данных', 'Принято'),
(393, 302, 463, '2024-04-19', 5, 'Ошибки компиляции', 'Возврат выполнен'),
(394, 296, 280, '2024-04-20', 1, 'Несовпадение в спецификации', 'На рассмотрении'),
(395, 161, 431, '2024-04-21', 4, 'Неверный порядок действий', 'Принято'),
(396, 209, 381, '2024-04-22', 3, 'Ошибка в интерфейсе', 'Возврат выполнен'),
(397, 472, 113, '2024-04-23', 2, 'Недочеты в блок-схеме', 'На рассмотрении'),
(398, 246, 336, '2024-04-24', 5, 'Несовместимость с устройством', 'Принято'),
(399, 438, 444, '2024-04-25', 1, 'Сложности в обслуживании', 'Возврат выполнен'),
(400, 238, 437, '2024-04-26', 4, 'Отсутствие возможности обновления', 'На рассмотрении');
