CREATE TABLE Architects (
    ArchitectID INT PRIMARY KEY,
    FirstName VARCHAR(50),
    LastName VARCHAR(50),
    BirthDate DATE,
    Nationality VARCHAR(50),
    Education VARCHAR(100),
    YearsOfExperience INT,
    Specialization VARCHAR(100),
    Email VARCHAR(100),
    PhoneNumber VARCHAR(16)
);

CREATE TABLE Clients (
    ClientID INT PRIMARY KEY,
    FirstName VARCHAR(50),
    LastName VARCHAR(50),
    CompanyName VARCHAR(100),
    Email VARCHAR(100),
    PhoneNumber VARCHAR(16),
    Address VARCHAR(150),
    City VARCHAR(50),
    Country VARCHAR(50),
    PostalCode VARCHAR(10)
);

CREATE TABLE Projects (
    ProjectID INT PRIMARY KEY,
    ProjectName VARCHAR(100),
    StartDate DATE,
    EndDate DATE,
    Budget DECIMAL(15, 2),
    Location VARCHAR(100),
    ArchitectID INT,
    Status VARCHAR(50),
    ClientID INT,
    FOREIGN KEY (ArchitectID) REFERENCES Architects(ArchitectID),
    FOREIGN KEY (ClientID) REFERENCES Clients(ClientID)
);

CREATE TABLE Buildings (
    BuildingID INT PRIMARY KEY,
    BuildingName VARCHAR(100),
    ProjectID INT,
    Height DECIMAL(10, 2),
    Floors INT,
    Material VARCHAR(50),
    YearCompleted INT,
    Style VARCHAR(50),
    `Usage` VARCHAR(50),
    FOREIGN KEY (ProjectID) REFERENCES Projects(ProjectID)
);

CREATE TABLE Suppliers (
    SupplierID INT PRIMARY KEY,
    SupplierName VARCHAR(100),
    ContactName VARCHAR(50),
    Email VARCHAR(100),
    PhoneNumber VARCHAR(16),
    Address VARCHAR(150),
    City VARCHAR(50),
    Country VARCHAR(50),
    PostalCode VARCHAR(10)
);

CREATE TABLE Materials (
    MaterialID INT PRIMARY KEY,
    MaterialName VARCHAR(50),
    SupplierID INT,
    CostPerUnit DECIMAL(10, 2),
    QuantityInStock INT,
    Unit VARCHAR(20),
    DeliveryTime INT,
    QualityRating INT,
    FOREIGN KEY (SupplierID) REFERENCES Suppliers(SupplierID)
);

CREATE TABLE Contracts (
    ContractID INT PRIMARY KEY,
    ProjectID INT,
    ClientID INT,
    ContractDate DATE,
    Amount DECIMAL(15, 2),
    Terms VARCHAR(255),
    Duration INT,
    PaymentSchedule VARCHAR(100),
    FOREIGN KEY (ProjectID) REFERENCES Projects(ProjectID),
    FOREIGN KEY (ClientID) REFERENCES Clients(ClientID)
);

CREATE TABLE Employees (
    EmployeeID INT PRIMARY KEY,
    FirstName VARCHAR(50),
    LastName VARCHAR(50),
    Position VARCHAR(50),
    HireDate DATE,
    Salary DECIMAL(10, 2),
    DepartmentID INT,
    Email VARCHAR(100),
    PhoneNumber VARCHAR(16)
);

CREATE TABLE Departments (
    DepartmentID INT PRIMARY KEY,
    DepartmentName VARCHAR(50),
    ManagerID INT,
    Location VARCHAR(100),
    Budget DECIMAL(15, 2),
    FOREIGN KEY (ManagerID) REFERENCES Employees(EmployeeID)
);

CREATE TABLE Equipment (
    EquipmentID INT PRIMARY KEY,
    EquipmentName VARCHAR(50),
    PurchaseDate DATE,
    Cost DECIMAL(10, 2),
    SupplierID INT,
    MaintenanceSchedule VARCHAR(100),
    Status VARCHAR(50),
    FOREIGN KEY (SupplierID) REFERENCES Suppliers(SupplierID)
);

CREATE TABLE Permits (
    PermitID INT PRIMARY KEY,
    ProjectID INT,
    PermitType VARCHAR(50),
    IssuedDate DATE,
    ExpiryDate DATE,
    IssuingAuthority VARCHAR(100),
    Status VARCHAR(50),
    FOREIGN KEY (ProjectID) REFERENCES Projects(ProjectID)
);

CREATE TABLE Inspections (
    InspectionID INT PRIMARY KEY,
    ProjectID INT,
    InspectionDate DATE,
    InspectorName VARCHAR(50),
    Result VARCHAR(50),
    Comments VARCHAR(255),
    FOREIGN KEY (ProjectID) REFERENCES Projects(ProjectID)
);

CREATE TABLE Finances (
    FinanceID INT PRIMARY KEY,
    ProjectID INT,
    TransactionDate DATE,
    Amount DECIMAL(15, 2),
    TransactionType VARCHAR(50),
    Description VARCHAR(255),
    FOREIGN KEY (ProjectID) REFERENCES Projects(ProjectID)
);

CREATE TABLE Designs (
    DesignID INT PRIMARY KEY,
    ProjectID INT,
    DesignName VARCHAR(100),
    DesignDate DATE,
    ArchitectID INT,
    Style VARCHAR(50),
    FOREIGN KEY (ProjectID) REFERENCES Projects(ProjectID),
    FOREIGN KEY (ArchitectID) REFERENCES Architects(ArchitectID)
);

CREATE TABLE Regulations (
    RegulationID INT PRIMARY KEY,
    RegulationName VARCHAR(100),
    Description VARCHAR(255),
    EffectiveDate DATE,
    ExpiryDate DATE,
    Authority VARCHAR(100)
);

CREATE TABLE Awards (
    AwardID INT PRIMARY KEY,
    ArchitectID INT,
    AwardName VARCHAR(100),
    Year INT,
    Organization VARCHAR(100),
    FOREIGN KEY (ArchitectID) REFERENCES Architects(ArchitectID)
);


INSERT INTO Architects VALUES
(1, 'Иван', 'Иванов', '1975-04-12', 'Российская', 'Московский архитектурный институт', 22, 'Жилищная архитектура', 'ivan.ivanov@example.ru', '+79211234567'),
(2, 'Елена', 'Смирнова', '1982-06-03', 'Российская', 'Санкт-Петербургский государственный университет архитектуры и строительства', 15, 'Ландшафтная архитектура', 'elena.smirnova@example.ru', '+79219876543'),
(3, 'Петр', 'Кузнецов', '1968-11-24', 'Российская', 'Новосибирский государственный архитектурно-строительный университет', 30, 'Градостроительство', 'petr.kuznetsov@example.ru', '+79161234567'),
(4, 'Ольга', 'Петрова', '1990-02-17', 'Российская', 'Казахский национальный университет имени аль-Фараби', 8, 'Интерьерная архитектура', 'olga.petrova@example.ru', '+79312345678'),
(5, 'Дмитрий', 'Федоров', '1985-08-08', 'Российская', 'Уфимский государственный нефтяной технический университет', 12, 'Промышленная архитектура', 'dmitry.fedorov@example.ru', '+79129876543'),
(6, 'Светлана', 'Козлова', '1979-01-29', 'Российская', 'Томский государственный архитектурно-строительный университет', 18, 'Экологическая архитектура', 'svetlana.kozlova@example.ru', '+79511234567'),
(7, 'Алексей', 'Воробьев', '1972-09-16', 'Российская', 'Волгоградский государственный архитектурно-строительный университет', 25, 'Архитектура общественных зданий', 'alexey.vorobyev@example.ru', '+79031234567'),
(8, 'Наталья', 'Михайлова', '1988-05-25', 'Российская', 'Саратовский государственный технический университет', 10, 'Консервация и реставрация', 'natalia.mikhailova@example.ru', '+79251234567'),
(9, 'Антон', 'Соколов', '1981-03-13', 'Российская', 'Южно-Уральский государственный университет', 17, 'Авангардная архитектура', 'anton.sokolov@example.ru', '+79621234567'),
(10, 'Мария', 'Лебедева', '1994-07-06', 'Российская', 'Омский государственный технический университет', 5, 'Зеленое строительство', 'maria.lebedeva@example.ru', '+79361234567'),
(11, 'Игорь', 'Новиков', '1976-10-19', 'Российская', 'Самарский государственный университет архитектуры и строительства', 21, 'Морская архитектура', 'igor.novikov@example.ru', '+79091234567'),
(12, 'Татьяна', 'Дмитриева', '1984-12-14', 'Российская', 'Государственный университет управления', 13, 'Современная архитектура', 'tatiana.dmitrieva@example.ru', '+79471234567'),
(13, 'Юрий', 'Орлов', '1977-08-21', 'Российская', 'Дальневосточный федеральный университет', 20, 'Подземные сооружения', 'yuri.orlov@example.ru', '+79552233445'),
(14, 'Екатерина', 'Зайцева', '1993-02-07', 'Российская', 'Тюменский индустриальный университет', 7, 'Спортивные сооружения', 'ekaterina.zaitseva@example.ru', '+79981234567'),
(15, 'Николай', 'Сергеев', '1980-09-11', 'Российская', 'Уральский государственный архитектурно-художественный университет', 18, 'Историческая реконструкция', 'nikolay.sergeev@example.ru', '+79202233445'),
(16, 'Алена', 'Попова', '1978-05-03', 'Российская', 'Вятский государственный университет', 19, 'Архитектура мостов', 'alena.popova@example.ru', '+79781234567'),
(17, 'Сергей', 'Морозов', '1969-04-15', 'Российская', 'Кемеровский государственный университет', 29, 'Архитектура транспортных сооружений', 'sergey.morozov@example.ru', '+79451234567'),
(18, 'Людмила', 'Киселева', '1974-06-12', 'Российская', 'Сибирский федеральный университет', 24, 'Микроархитектура', 'ludmila.kiseleva@example.ru', '+79351234567'),
(19, 'Виктор', 'Голубев', '1986-11-26', 'Российская', 'Пензенский государственный университет', 11, 'Офисные здания', 'viktor.golubev@example.ru', '+79011234567'),
(20, 'Вероника', 'Зуева', '1982-01-18', 'Российская', 'Северо-Кавказский федеральный университет', 15, 'Архитектура площадей', 'veronika.zueva@example.ru', '+79222233445'),
(21, 'Олеся', 'Егорова', '1983-03-11', 'Российская', 'Белгородский государственный технологический университет', 14, 'Церковная архитектура', 'olesya.egorova@example.ru', '+79051234567'),
(22, 'Денис', 'Павлов', '1971-07-23', 'Российская', 'Кубанский государственный технологический университет', 26, 'Выставочные залы', 'denis.pavlov@example.ru', '+79631234567'),
(23, 'Ксения', 'Романова', '1992-11-30', 'Российская', 'Оренбургский государственный университет', 8, 'Архитектура культурных центров', 'ksenia.romanova@example.ru', '+79281234567'),
(24, 'Максим', 'Беляев', '1990-04-04', 'Российская', 'Челябинский государственный университет', 10, 'Променад архитектура', 'maxim.belyaev@example.ru', '+79791234567'),
(25, 'Анастасия', 'Мельникова', '1987-02-15', 'Российская', 'Астраханский государственный технический университет', 13, 'Архитектура здравоохранения', 'anastasia.melnikova@example.ru', '+79101234567'),
(26, 'Георгий', 'Александров', '1975-10-05', 'Российская', 'Псковский государственный университет', 22, 'Традиционная архитектура', 'georgy.alexandrov@example.ru', '+79561234567'),
(27, 'Дарья', 'Тимофеева', '1981-06-09', 'Российская', 'Калининградский государственный технический университет', 17, 'Международная архитектура', 'daria.timofeeva@example.ru', '+79271234567'),
(28, 'Ярослав', 'Михеев', '1973-12-08', 'Российская', 'Мурманский государственный технический университет', 24, 'Дворцовая архитектура', 'yaroslav.mikheev@example.ru', '+79901234567'),
(29, 'Лилия', 'Фролова', '1995-10-21', 'Российская', 'Костромской государственный университет', 6, 'Эко-архитектура', 'lilia.frolova@example.ru', '+79581234567'),
(30, 'Вячеслав', 'Борисов', '1991-01-12', 'Российская', 'Липецкий государственный технический университет', 9, 'Сельская архитектура', 'vyacheslav.borisov@example.ru', '+79711234567'),
(31, 'София', 'Дьяконова', '1984-08-28', 'Российская', 'Мордовский государственный университет', 14, 'Архитектура театров', 'sofia.dyakonova@example.ru', '+79691234567'),
(32, 'Константин', 'Афанасьев', '1979-09-17', 'Российская', 'Ростовский государственный университет путей сообщения', 19, 'Военная архитектура', 'konstantin.afanasyev@example.ru', '+79341234567'),
(33, 'Анна', 'Зиновьева', '1967-02-23', 'Российская', 'Сыктывкарский государственный университет', 31, 'Архитектура музеев', 'anna.zinovieva@example.ru', '+79171234567'),
(34, 'Владимир', 'Щербаков', '1978-05-21', 'Российская', 'Рязанский государственный радиотехнический университет', 20, 'Футуристическая архитектура', 'vladimir.shcherbakov@example.ru', '+79331234567'),
(35, 'Ирина', 'Калинина', '1982-11-07', 'Российская', 'Тамбовский государственный университет имени Г. Р. Державина', 15, 'Рекреационная архитектура', 'irina.kalinina@example.ru', '+79261234567'),
(36, 'Роман', 'Герасимов', '1976-08-16', 'Российская', 'Удмуртский государственный университет', 21, 'Рыночная архитектура', 'roman.gerasimov@example.ru', '+79971234567'),
(37, 'Екатерина', 'Лазарева', '1974-09-27', 'Российская', 'Юго-западный государственный университет', 23, 'Мобильная архитектура', 'ekaterina.lazareva@example.ru', '+79211234567'),
(38, 'Артем', 'Фомин', '1993-03-14', 'Российская', 'Южный федеральный университет', 7, 'Архитектура кинотеатров', 'artem.fomin@example.ru', '+79441234567'),
(39, 'Марина', 'Шестакова', '1996-04-25', 'Российская', 'Алтайский государственный технический университет', 4, 'Архитектура парков', 'marina.shestakova@example.ru', '+79291234567'),
(40, 'Дмитрий', 'Игнатьев', '1985-12-05', 'Российская', 'Архангельский государственный технический университет', 12, 'Музейная архитектура', 'dmitry.ignatiev@example.ru', '+79361234567'),
(41, 'Юлия', 'Федорова', '1989-06-17', 'Российская', 'Анжеро-судженский государственный педагогический колледж', 11, 'Архитектура аэропортов', 'yulia.fedorova@example.ru', '+79571234567'),
(42, 'Александр', 'Киселев', '1980-03-23', 'Российская', 'Брянский государственный технический университет', 19, 'Мобильная архитектура', 'alexander.kiselev@example.ru', '+79081234567'),
(43, 'Галина', 'Бочкарева', '1988-09-19', 'Российская', 'Владивостокский государственный университет', 10, 'Архитектура жилых районов', 'galina.bochkareva@example.ru', '+79911234567'),
(44, 'Андрей', 'Лебедев', '1994-07-11', 'Российская', 'Екатеринбургская консерватория Уральский государственный университет', 6, 'Спортивная архитектура', 'andrey.lebedev@example.ru', '+79511234567'),
(45, 'Светлана', 'Дорофеева', '1972-11-08', 'Российская', 'Донбасский государственный технический университет', 25, 'Архитектура гостиниц', 'svetlana.dorofeeva@example.ru', '+79361234567'),
(46, 'Олег', 'Кудрявцев', '1977-08-24', 'Российская', 'Воронежский государственный университет лесотехнического и строительного дела', 23, 'Урбанистическая архитектура', 'oleg.kudryavtsev@example.ru', '+79231234567'),
(47, 'Наталья', 'Маркова', '1986-05-03', 'Российская', 'Калининградский государственный технический университет', 12, 'Архитектура торговых комплексов', 'natalia.markova@example.ru', '+79601234567'),
(48, 'Евгений', 'Савин', '1971-07-14', 'Российская', 'Краснодарский государственный педагогический институт', 26, 'Реставрация памятников', 'evgeny.savin@example.ru', '+79411234567'),
(49, 'Татьяна', 'Яковлева', '1978-04-19', 'Российская', 'Майкопский государственный технологический университет', 20, 'Модульная архитектура', 'tatiana.yakovleva@example.ru', '+79741234567'),
(50, 'Денис', 'Жуков', '1969-02-28', 'Российская', 'Вятский государственный гуманитарный университет', 30, 'Архитектурное проектирование', 'denis.zhukov@example.ru', '+79261234567'),
(51, 'Лариса', 'Наумова', '1991-01-25', 'Российская', 'Балашовский институт (филиал) СГТУ имени Ю.А. Гагарина', 9, 'Архитектура метро', 'larisa.naumova@example.ru', '+79911234567'),
(52, 'Федор', 'Молчанов', '1985-10-28', 'Российская', 'Государственный университет аэрокосмического приборостроения', 15, 'Спортивные комплексы', 'fedor.molchanov@example.ru', '+79271234567'),
(53, 'Кирилл', 'Макаров', '1976-05-13', 'Российская', 'Государственный технический университет имени В.Г. Шухова', 22, 'Городская архитектура', 'kirill.makarov@example.ru', '+79861234567'),
(54, 'Полина', 'Захарова', '1980-12-17', 'Российская', 'Дубненский университет', 18, 'Гостиничная архитектура', 'polina.zaharova@example.ru', '+79291234567'),
(55, 'Виталий', 'Лыткин', '1979-01-02', 'Российская', 'Ижевский государственный технический университет имени М.Т. Калашникова', 21, 'Курортная архитектура', 'vitaly.lytkin@example.ru', '+79421234567'),
(56, 'Елизавета', 'Маслова', '1993-11-14', 'Российская', 'Барнаульский государственный педагогический университет', 6, 'Архитектура торговых центров', 'elizaveta.maslova@example.ru', '+79301234567'),
(57, 'Василий', 'Селиванов', '1965-09-30', 'Российская', 'Лесосибирский государственный педагогический институт', 35, 'Архитектура кафе и ресторанов', 'vasily.selivanov@example.ru', '+79541234567'),
(58, 'Сергей', 'Поминов', '1972-07-05', 'Российская', 'Магнитогорский государственный технический университет', 28, 'Жилая архитектура', 'sergey.pominov@example.ru', '+79121234567'),
(59, 'Маргарита', 'Пирогова', '1983-03-12', 'Российская', 'Ярославский государственный университет имени П.Г. Демидова', 16, 'Архитектура образовательных учреждений', 'margarita.pirogova@example.ru', '+79631234567'),
(60, 'Алексей', 'Зубов', '1987-08-22', 'Российская', 'Ленинградский государственный университет имени А.С. Пушкина', 14, 'Архитектура промышленных объектов', 'alexey.zubov@example.ru', '+79951234567'),
(61, 'Евгения', 'Гончарова', '1992-05-18', 'Российская', 'Кубанский государственный аграрный университет', 9, 'Архитектура фонтана', 'evgenia.goncharova@example.ru', '+79281234567'),
(62, 'Максим', 'Буров', '1977-02-24', 'Российская', 'Курганский государственный университет', 23, 'Архитектура депо', 'maxim.burov@example.ru', '+79681234567'),
(63, 'Наталья', 'Федосеева', '1984-11-11', 'Российская', 'Тверской государственный университет', 15, 'Архитектура медицины', 'natalia.fedoseeva@example.ru', '+79381234567'),
(64, 'Игорь', 'Потапов', '1970-07-21', 'Российская', 'Ульяновский государственный университет', 28, 'Архитектура общественного транспорта', 'igor.potapov@example.ru', '+79451234567'),
(65, 'Алена', 'Шилова', '1988-01-29', 'Российская', 'Тюменский индустриальный университет', 11, 'Архитектура домов отдыха', 'alena.shilova@example.ru', '+79091234567'),
(66, 'Вадим', 'Миллер', '1994-12-20', 'Российская', 'Амурский государственный университет', 5, 'Архитектура образовательных комплексов', 'vadim.miller@example.ru', '+79301234567'),
(67, 'Мария', 'Турова', '1986-06-03', 'Российская', 'Брянский государственный технический университет', 13, 'Архитектура культурно-досуговых центров', 'maria.turova@example.ru', '+79171234567'),
(68, 'Илья', 'Топольский', '1973-02-18', 'Российская', 'Кемеровский государственный технический университет', 24, 'Архитектура торговых площадей', 'ilya.topolsky@example.ru', '+79711234567'),
(69, 'Диана', 'Панова', '1981-05-13', 'Российская', 'МГТУ им. Н.Э. Баумана', 18, 'Архитектура культурных и выставочных центров', 'diana.panova@example.ru', '+79421234567'),
(70, 'Кирилл', 'Пичугин', '1984-09-04', 'Российская', 'Московский государственный университет печати', 15, 'Архитектура оздоровительных центров', 'kirill.pichugin@example.ru', '+79561234567'),
(71, 'Анастасия', 'Конакова', '1996-10-09', 'Российская', 'Пермский государственный гуманитарно-педагогический университет', 4, 'Архитектура гимназий', 'anastasia.konakova@example.ru', '+79931234567'),
(72, 'Никита', 'Рожков', '1979-07-28', 'Российская', 'Пензенский государственный университет архитектуры и строительства', 20, 'Архитектура ресторанов', 'nikita.rozhkov@example.ru', '+79081234567'),
(73, 'Татьяна', 'Котова', '1985-11-19', 'Российская', 'Рязанский государственный радиотехнический университет', 12, 'Архитектура спорткомплексов', 'tatiana.kotova@example.ru', '+79201234567'),
(74, 'Олег', 'Архипов', '1972-06-29', 'Российская', 'Северо-восточный федеральный университет', 27, 'Архитектура санаториев', 'oleg.arkhipov@example.ru', '+79871234567'),
(75, 'Наталия', 'Терехова', '1983-12-15', 'Российская', 'Северный (Арктический) федеральный университет имени М.В. Ломоносова', 14, 'Спортивная и рекреационная архитектура', 'natalia.terekhova@example.ru', '+79591234567'),
(76, 'Леонид', 'Завьялов', '1968-02-04', 'Российская', 'Удмуртский государственный университет', 32, 'Архитектура культурных сооружений', 'leonid.zavyalov@example.ru', '+79331234567'),
(77, 'Екатерина', 'Широкова', '1990-09-01', 'Российская', 'Донской государственный технический университет', 9, 'Архитектура торговых домов', 'ekaterina.shirokova@example.ru', '+79231234567'),
(78, 'Михаил', 'Кузин', '1987-01-15', 'Российская', 'Ивановский государственный энергетический университет', 15, 'Архитектура промышленных складов', 'mikhail.kuzin@example.ru', '+79901234567'),
(79, 'Светлана', 'Кузьмина', '1974-08-23', 'Российская', 'Чувашский государственный университет имени И.Н. Ульянова', 26, 'Историческая архитектура', 'svetlana.kuzmina@example.ru', '+79241234567'),
(80, 'Андрей', 'Пахомов', '1992-03-04', 'Российская', 'Ульяновский государственный технический университет', 9, 'Архитектура офисных зданий', 'andrey.pakhomov@example.ru', '+79411234567'),
(81, 'Людмила', 'Цветкова', '1978-11-21', 'Российская', 'Южно-Сахалинский государственный университет', 19, 'Архитектура жилых зданий', 'lyudmila.tsvetkova@example.ru', '+79351234567'),
(82, 'Георгий', 'Бобров', '1982-04-07', 'Российская', 'Саратовский государственный технический университет', 16, 'Архитектура выставочных залов', 'georgy.bobrov@example.ru', '+79581234567'),
(83, 'Евгения', 'Скворцова', '1995-02-27', 'Российская', 'Владимирский государственный университет имени А.Г. и Н.Г. Столетовых', 6, 'Архитектура медицинских учреждений', 'evgenia.skvortsova@example.ru', '+79821234567'),
(84, 'Иван', 'Олейников', '1977-06-13', 'Российская', 'Тульский государственный университет', 24, 'Архитектура развлекательных центров', 'ivan.oleynikov@example.ru', '+79211234567'),
(85, 'Марина', 'Воронова', '1984-12-11', 'Российская', 'Хабаровский государственный технический университет', 15, 'Архитектура транспортных узлов', 'marina.voronova@example.ru', '+79931234567'),
(86, 'Артем', 'Корнилов', '1979-09-09', 'Российская', 'Череповецкий государственный университет', 22, 'Архитектура торговых комплексов', 'artem.kornilov@example.ru', '+79791234567'),
(87, 'Марина', 'Журавлева', '1973-11-23', 'Российская', 'Южно-Уральский государственный гуманитарно-педагогический университет', 27, 'Архитектура парков и скверов', 'marina.zhuravleva@example.ru', '+79281234567'),
(88, 'Кирилл', 'Шевцов', '1989-08-05', 'Российская', 'Башкирский государственный педагогический университет имени М. Акмуллы', 11, 'Архитектура торговых и развлекательных комплексов', 'kirill.shevtsov@example.ru', '+79351234567'),
(89, 'Юлия', 'Быкова', '1971-10-12', 'Российская', 'Челябинский государственный университет', 28, 'Архитектура гостиничных комплексов', 'yulia.bykova@example.ru', '+79851234567'),
(90, 'Егор', 'Анисимов', '1976-04-15', 'Российская', 'Рязанский государственный педагогический университет имени С.А. Есенина', 22, 'Архитектура промышленных зон', 'egor.anisimov@example.ru', '+79671234567'),
(91, 'Полина', 'Гаврилова', '1996-09-30', 'Российская', 'Уральский государственный педагогический университет', 5, 'Архитектура развлекательных центров', 'polina.gavrilova@example.ru', '+79961234567'),
(92, 'Александр', 'Панкратов', '1981-05-19', 'Российская', 'Половецкий государственный педагогический университет', 18, 'Архитектура учебных заведений', 'alexander.pankratov@example.ru', '+79501234567'),
(93, 'Маргарита', 'Смирнова', '1983-12-07', 'Российская', 'Ухтинский государственный технический университет', 16, 'Архитектура образовательных зон', 'margarita.smirnova@example.ru', '+79281234567'),
(94, 'Семен', 'Щербаков', '1982-05-01', 'Российская', 'Костромской государственный университет имени Н.А. Некрасова', 18, 'Архитектура научных центров', 'semen.shcherbakov@example.ru', '+79801234567'),
(95, 'Ярослав', 'Котов', '1980-06-24', 'Российская', 'Вятский государственный педагогический университет', 19, 'Архитектура гостиничных и туристических комплексов', 'yaroslav.kotov@example.ru', '+79631234567'),
(96, 'Екатерина', 'Селезнева', '1987-11-10', 'Российская', 'Владивостокский государственный университет', 13, 'Архитектура торгово-развлекательных центров', 'ekaterina.selezneva@example.ru', '+79471234567'),
(97, 'Вадим', 'Ларин', '1991-07-04', 'Российская', 'Томский политехнический университет', 8, 'Архитектура офисных зданий и комплексов', 'vadim.larin@example.ru', '+79591234567'),
(98, 'Евгения', 'Золотова', '1974-10-26', 'Российская', 'Дальний Восточный федеральный университет', 25, 'Архитектура спортивно-оздоровительных комплексов', 'evgeniya.zolotova@example.ru', '+79201234567'),
(99, 'Виктор', 'Яковлев', '1985-01-18', 'Российская', 'Московский государственный университет экономики, статистики и информатики', 14, 'Архитектура загородных домов', 'viktor.yakovlev@example.ru', '+79191234567'),
(100, 'Анастасия', 'Виноградова', '1982-03-30', 'Российская', 'Рижский технический университет', 17, 'Архитектура коммерческих зданий', 'anastasia.vinogradova@example.ru', '+79811234567'),
(101, 'Григорий', 'Лисицын', '1969-12-27', 'Российская', 'Когалымский государственный архив', 31, 'Архитектура религиозных сооружений', 'grigory.lisitsyn@example.ru', '+79291234567'),
(102, 'Тамара', 'Шестак', '1975-03-09', 'Российская', 'Южный федеральный университет', 23, 'Архитектура памятников культуры', 'tamara.shestak@example.ru', '+79921234567'),
(103, 'Ирина', 'Прохорова', '1983-08-20', 'Российская', 'Пермский государственный технический университет', 15, 'Архитектура мостов и сооружений', 'irina.prohorova@example.ru', '+79271234567'),
(104, 'Анатолий', 'Егоров', '1981-06-26', 'Российская', 'Волгоградский государственный технический университет', 19, 'Архитектура промышленных комплексов', 'anatoly.egorov@example.ru', '+79351234567'),
(105, 'Ирина', 'Кожевникова', '1988-11-05', 'Российская', 'Калужский государственный университет', 10, 'Архитектура торговых зон', 'irina.kozhevnikova@example.ru', '+79211234567'),
(106, 'Александр', 'Ковалев', '1990-05-11', 'Российская', 'Волгоградский автомобильный общеобразовательный университет', 9, 'Архитектура медицинских комплексов', 'alexander.kovalev@example.ru', '+79691234567'),
(107, 'Лидия', 'Фролова', '1978-01-13', 'Российская', 'Уральский государственный технический университет', 20, 'Архитектура рынков и павильонов', 'lidia.frolova@example.ru', '+79381234567'),
(108, 'Филипп', 'Васильев', '1973-07-19', 'Российская', 'Иркутский государственный университет путей сообщения', 26, 'Архитектура домов отдыха и санаториев', 'filipp.vasilev@example.ru', '+79281234567'),
(109, 'Диана', 'Рябова', '1984-02-08', 'Российская', 'Южно-Уральский государственный технический университет', 18, 'Архитектура трц', 'diana.ryabova@example.ru', '+79981234567'),
(110, 'Григорий', 'Семенов', '1970-10-17', 'Российская', 'Тюменский государственный архитектурно-строительный университет', 28, 'Архитектура экологических объектов', 'grigory.semenov@example.ru', '+79271234567'),
(111, 'Алиса', 'Борисова', '1992-04-14', 'Российская', 'Российский университет транспорта (МИИТ)', 8, 'Архитектура коммерческих зон', 'alisa.borisova@example.ru', '+79331234567'),
(112, 'Дамир', 'Харитонов', '1971-02-25', 'Российская', 'Челябинский государственный педагогический университет', 27, 'Архитектура общественных центров', 'damir.kharitonov@example.ru', '+79801234567'),
(113, 'Алевтина', 'Павлова', '1985-11-13', 'Российская', 'Казанский государственный архитектурно-строительный университет', 14, 'Архитектура культурных учреждений', 'alevtina.pavlova@example.ru', '+79291234567'),
(114, 'Марат', 'Абрамов', '1982-09-07', 'Российская', 'Самарский государственный университет', 17, 'Архитектура офисных комплексов', 'marat.abramov@example.ru', '+79481234567'),
(115, 'Марина', 'Горшкова', '1994-06-29', 'Российская', 'Крымский федеральный университет имени В.И. Вернадского', 7, 'Архитектура развлекательных зон', 'marina.gorshkova@example.ru', '+79311234567'),
(116, 'Дмитрий', 'Репин', '1983-01-16', 'Российская', 'Нижегородский государственный технический университет', 16, 'Историческая реконструкция', 'dmitry.repin@example.ru', '+79841234567'),
(117, 'Софья', 'Васильцова', '1984-08-18', 'Российская', 'Аджарский государственный музыкальный институт', 14, 'Спортивное проектирование', 'sofia.vasiltsova@example.ru', '+79591234567'),
(118, 'Филипп', 'Петров', '1989-12-02', 'Российская', 'Южный федеральный университет', 11, 'Архитектура жилых районов', 'filipp.petrov@example.ru', '+79281234567'),
(119, 'Антон', 'Быков', '1978-05-22', 'Российская', 'Омский государственный технический университет', 21, 'Архитектура площадей', 'anton.bykov@example.ru', '+79811234567'),
(120, 'Мила', 'Антонова', '1995-03-19', 'Российская', 'Белгородский государственный национальный исследовательский университет', 4, 'Архитектура станционного комплекса', 'mila.antonova@example.ru', '+79411234567'),
(121, 'Александра', 'Болдырева', '1991-07-18', 'Российская', 'Московский государственный строительный университет', 9, 'Архитектура культурного наследия', 'alexandra.boldyreva@example.ru', '+79271234568'),
(122, 'Денис', 'Михеев', '1984-11-30', 'Российская', 'Уральский федеральный университет имени первого Президента России Б.Н. Ельцина', 16, 'Архитектура деловых комплексов', 'denis.mikheev@example.ru', '+79581234568'),
(123, 'Елена', 'Александрова', '1970-03-23', 'Российская', 'Самарский государственный университет', 30, 'Архитектура спортивных арен', 'elena.alexandrova@example.ru', '+79091234568'),
(124, 'Виктория', 'Сидорова', '1979-09-12', 'Российская', 'Нижегородский государственный архитектурно-строительный университет', 22, 'Архитектура театров', 'victoria.sidorova@example.ru', '+79781234568'),
(125, 'Анастасия', 'Голикова', '1983-07-09', 'Российская', 'Новосибирский государственный архитектурно-строительный университет', 17, 'Архитектура общественных центров', 'anastasia.golikova@example.ru', '+79541234568'),
(126, 'Максим', 'Жданов', '1987-05-22', 'Российская', 'Санкт-Петербургский политехнический университет', 13, 'Архитектура вокзалов', 'maxim.zhdanov@example.ru', '+79171234568'),
(127, 'Олег', 'Рябов', '1974-04-18', 'Российская', 'Белгородский государственный технологический университет', 25, 'Архитектура рекреационных объектов', 'oleg.ryabov@example.ru', '+79211234568'),
(128, 'Вера', 'Левина', '1985-08-26', 'Российская', 'Алтайский государственный университет', 15, 'Архитектура автовокзалов', 'vera.levina@example.ru', '+79311234568'),
(129, 'Сергей', 'Колесников', '1972-12-11', 'Российская', 'Томский государственный университет', 28, 'Архитектура торговых комплексов', 'sergey.kolesnikov@example.ru', '+79891234568'),
(130, 'Екатерина', 'Чернова', '1990-02-19', 'Российская', 'Тюменский государственный нефтегазовый университет', 10, 'Архитектура коммерческих зон', 'ekaterina.chernova@example.ru', '+79551234568'),
(131, 'Илья', 'Белов', '1989-06-03', 'Российская', 'Севастопольский государственный университет', 11, 'Архитектура детских учреждений', 'ilya.belov@example.ru', '+79721234568'),
(132, 'Любовь', 'Мартынова', '1980-03-25', 'Российская', 'Тамбовский государственный университет имени Г.Р. Державина', 19, 'Архитектура торговых галерей', 'lyubov.martynova@example.ru', '+79411234568'),
(133, 'Андрей', 'Осипов', '1986-09-09', 'Российская', 'Сибирский государственный университет', 14, 'Архитектура театров', 'andrey.osipov@example.ru', '+79971234568'),
(134, 'Ксения', 'Савельева', '1977-04-07', 'Российская', 'Южно-Уральский государственный университет', 22, 'Архитектура водных объектов', 'ksenia.saveleva@example.ru', '+79321234568'),
(135, 'Роман', 'Кузьмичев', '1984-01-13', 'Российская', 'Казанский государственный архитектурно-строительный университет', 16, 'Архитектура Бревенчатых домов', 'roman.kuzmichev@example.ru', '+79391234568'),
(136, 'Анна', 'Зайцев', '1992-12-21', 'Российская', 'Рязанский государственный агротехнологический университет', 6, 'Архитектура озеленения', 'anna.zaytsev@example.ru', '+79241234568'),
(137, 'Дмитрий', 'Козырев', '1976-02-11', 'Российская', 'Башкирский государственный педагогический университет имени М. Акмуллы', 24, 'Архитектура туннелей', 'dmitry.kozyrev@example.ru', '+79691234568'),
(138, 'Ольга', 'Быкова', '1981-08-10', 'Российская', 'Южно-Уральский государственный гуманитарно-педагогический университет', 18, 'Архитектура парков', 'olga.bykova@example.ru', '+79131234568'),
(139, 'Артем', 'Цветков', '1987-11-17', 'Российская', 'Челябинский государственный университет', 13, 'Архитектура бассейнов', 'artem.tsvetkov@example.ru', '+79141234568'),
(140, 'Ирина', 'Зорина', '1993-03-06', 'Российская', 'Самарский государственный университет путей сообщения', 7, 'Архитектура офисов', 'irina.zorina@example.ru', '+79851234568'),
(141, 'София', 'Васильева', '1978-01-09', 'Российская', 'Университет технологии и управления', 21, 'Архитектура общественного транспорта', 'sofia.vasilyeva@example.ru', '+79331234568'),
(142, 'Марина', 'Демина', '1989-10-15', 'Российская', 'Воронежский государственный архитектурно-строительный университет', 11, 'Архитектура жилищных комплексов', 'marina.demina@example.ru', '+79281234568'),
(143, 'Алиса', 'Емельянова', '1971-07-29', 'Российская', 'Санкт-Петербургский государственный университет', 25, 'Архитектура учебных заведений', 'alisa.emelyanova@example.ru', '+79801234568'),
(144, 'Михаил', 'Лапин', '1995-04-26', 'Российская', 'Красноярский государственный аграрный университет', 5, 'Архитектура гостиниц', 'mikhail.lapin@example.ru', '+79741234568'),
(145, 'Владимир', 'Логинов', '1968-10-30', 'Российская', 'Нижегородский государственный технический университет имени Р.Е. Алексеева', 32, 'Архитектура рынков', 'vladimir.loginov@example.ru', '+79231234568'),
(146, 'Андрей', 'Кабанов', '1988-06-14', 'Российская', 'Ростовский государственный университет путей сообщения', 12, 'Архитектура выставочных центров', 'andrey.kabanov@example.ru', '+79501234568'),
(147, 'Юлия', 'Черных', '1985-12-19', 'Российская', 'Белгородский государственный университет', 15, 'Архитектура студенческих городков', 'yulia.chernykh@example.ru', '+79061234568'),
(148, 'Алексей', 'Серебряков', '1991-09-03', 'Российская', 'Красноярский государственный институт искусств', 9, 'Архитектура садов', 'alexey.serebryakov@example.ru', '+79201234568'),
(149, 'Наталья', 'Копылова', '1979-11-19', 'Российская', 'Томский государственный университет систем управления и радиоэлектроники', 20, 'Архитектура критых рынков', 'natalia.kopylova@example.ru', '+79631234568'),
(150, 'Лев', 'Орлов', '1983-02-06', 'Российская', 'Саратовский государственный аграрный университет имени Н.И. Вавилова', 17, 'Архитектура спортивных сооружений', 'lev.orlov@example.ru', '+79311234568'),
(151, 'Егор', 'Тесленко', '1980-08-21', 'Российская', 'Южный федеральный университет', 19, 'Архитектура фудкортов', 'egor.teslenko@example.ru', '+79471234568'),
(152, 'Мария', 'Поликарпова', '1975-12-15', 'Российская', 'Санкт-Петербургский государственный электротехнический университет', 25, 'Архитектура досуговых зон', 'maria.polikarpova@example.ru', '+79561234568'),
(153, 'Родион', 'Петухов', '1986-06-01', 'Российская', 'Пензенский государственный технологический университет', 15, 'Архитектура метро', 'rodion.petukhov@example.ru', '+79871234568'),
(154, 'Вера', 'Селезнева', '1973-05-25', 'Российская', 'Байкальский государственный университет', 27, 'Архитектура спортивных комплексов', 'vera.selezneva@example.ru', '+79751234568'),
(155, 'Полина', 'Фомина', '1988-02-11', 'Российская', 'Балтийский федеральный университет имени Иммануила Канта', 11, 'Архитектура конгрессных центров', 'polina.fomina@example.ru', '+79181234568'),
(156, 'Антон', 'Мельников', '1992-09-27', 'Российская', 'Чувашский государственный университет имени И.Н. Ульянова', 7, 'Архитектура выставочных залов', 'anton.melnikov@example.ru', '+79451234568'),
(157, 'Оксана', 'Киселева', '1976-04-29', 'Российская', 'Южно-Российский государственный университет экономики и сервиса', 23, 'Архитектура промышленных зон', 'oksana.kiseleva@example.ru', '+79261234568'),
(158, 'Василиса', 'Курочкина', '1982-12-23', 'Российская', 'Кубанский государственный технологический университет', 17, 'Архитектура временных сооружений', 'vasilisa.kurochkina@example.ru', '+79861234568'),
(159, 'Илья', 'Лазарев', '1990-02-16', 'Российская', 'Тайвандский государственный университет исследований', 10, 'Архитектура культовых зданий', 'ilya.lazarev@example.ru', '+79351234568'),
(160, 'Маргарита', 'Яковлева', '1984-08-16', 'Российская', 'Кемеровский технологический институт пищевой промышленности', 16, 'Архитектура бассейнов', 'margarita.yakovleva@example.ru', '+79271234568'),
(161, 'Георгий', 'Минаев', '1975-06-14', 'Российская', 'Белгородский архитектурно-строительный колледж', 25, 'Архитектура kulturno-досуговых центров', 'georgy.minaev@example.ru', '+79581234568'),
(162, 'Артемий', 'Соловьев', '1997-12-08', 'Российская', 'Санкт-Петербургский государственный политехнический университет Петра Великого', 4, 'Архитектура плавательных комплексов', 'artemy.soloviev@example.ru', '+79161234568'),
(163, 'Виктория', 'Панфилова', '1992-04-22', 'Российская', 'Новосибирский государственный педагогический университет', 9, 'Архитектура музеев', 'victoria.panfilova@example.ru', '+79381234568'),
(164, 'Николай', 'Чистяков', '1981-11-04', 'Российская', 'Самарский национальный исследовательский университет имени академика С.П. Королева', 20, 'Архитектура туристических зон', 'nikolay.chistyakov@example.ru', '+79781234568'),
(165, 'Инна', 'Богданова', '1985-10-02', 'Российская', 'Московский архитектурный институт (Государственная академия)', 15, 'Архитектура почтовых зданий', 'inna.bogdanova@example.ru', '+79831234568'),
(166, 'Дмитрий', 'Герасименко', '1988-12-19', 'Российская', 'Саратвоский государственный технический университет имени Ю.А. Гагагина', 12, 'Архитектура медицинских центров', 'dmitriy.gerasimenko@example.ru', '+79951234568'),
(167, 'Александра', 'Мельникова', '1979-03-21', 'Российская', 'Тюменский государственный нефтегазовый университет', 21, 'Архитектура торговых площадок', 'alexandra.melnikova@example.ru', '+79291234568'),
(168, 'Давид', 'Тихомиров', '1991-01-29', 'Российская', 'Пензенский государственный правовой университет', 8, 'Архитектура художественных центров', 'david.tikhomirov@example.ru', '+79641234568'),
(169, 'Людмила', 'Кравченко', '1983-07-14', 'Российская', 'Южно-Уральский государственный университет', 15, 'Архитектура транспортных развязок', 'lyudmila.kravchenko@example.ru', '+79481234568'),
(170, 'Тимофей', 'Маслов', '1980-03-29', 'Российская', 'Сибирский федеральный университет', 20, 'Архитектура производственных комплексов', 'timofey.maslov@example.ru', '+79221234568'),
(171, 'Дарья', 'Фёдорова', '1982-09-12', 'Российская', 'Уральский государственный технический университет', 18, 'Архитектура концертных залов', 'darya.fedorova@example.ru', '+79711234568'),
(172, 'Анатолий', 'Лоскутов', '1978-04-18', 'Российская', 'Алтайский государственный технический университет имени И.И. Ползунова', 24, 'Архитектура спортивно-развлекательных зон', 'anatoly.loskutov@example.ru', '+79491234568'),
(173, 'Екатерина', 'Юсупова', '1990-06-05', 'Российская', 'Санкт-Петербургский государственный университет', 10, 'Архитектура административных комплексов', 'ekaterina.yusupova@example.ru', '+79191234568'),
(174, 'Алексей', 'Беляков', '1987-03-12', 'Российская', 'Пенза архитектурно-строительный колледж', 14, 'Архитектура выставок', 'alexey.belyakov@example.ru', '+79531234568'),
(175, 'Вероника', 'Семёнова', '1975-08-06', 'Российская', 'Липецкий государственный педагогический университет', 25, 'Архитектура торговых центров', 'veronika.semenova@example.ru', '+79381234568'),
(176, 'Константин', 'Беликов', '1988-07-18', 'Российская', 'Севастопольский государственный университет', 12, 'Архитектура мостов и тоннелей', 'konstantin.belikov@example.ru', '+79211234568'),
(177, 'Марьяна', 'Герасимова', '1986-01-20', 'Российская', 'Тюменский индустриальный университет', 15, 'Архитектура музеев', 'maryana.gerasimova@example.ru', '+79731234568'),
(178, 'Филипп', 'Артамонов', '1993-09-21', 'Российская', 'Кубанский государственный технологический университет', 7, 'Архитектура культурного наследия', 'philipp.artamonov@example.ru', '+79401234568'),
(179, 'Марина', 'Щукина', '1985-12-10', 'Российская', 'Пермский государственный аграрный университет', 16, 'Архитектура транспортных узлов', 'marina.schukina@example.ru', '+79331234568'),
(180, 'Игорь', 'Ермаков', '1974-01-11', 'Российская', 'Томский политехнический университет', 25, 'Архитектура выставочных залов', 'igor.ermakov@example.ru', '+79661234568'),
(181, 'Алена', 'Котова', '1980-08-26', 'Российская', 'Казанский национальный исследовательский технологический университет', 19, 'Архитектура автомобильных парковок', 'alena.kotova@example.ru', '+79141234568'),
(182, 'Ярослав', 'Королёв', '1988-02-17', 'Российская', 'Поволжская государственная академия физической культуры, спорта и туризма', 13, 'Архитектура строения', 'yaroslav.korolev@example.ru', '+79411234568'),
(183, 'Вадим', 'Чистяков', '1995-11-02', 'Российская', 'Новосибирский государственный технический университет', 5, 'Архитектура аквапарков', 'vadim.chistyakov@example.ru', '+79321234568'),
(184, 'Марина', 'Галкина', '1973-05-03', 'Российская', 'Кузбасский государственный технический университет имени Т.Ф. Горбачева', 27, 'Архитектура рынков', 'marina.galkina@example.ru', '+79021234568'),
(185, 'Владислав', 'Сорокин', '1982-06-07', 'Российская', 'Владимирский государственный университет имени Алекандра и Николая Столетовых', 18, 'Архитектура торгово-развлекательных комплексов', 'vladislav.sorokin@example.ru', '+79261234568'),
(186, 'Ольга', 'Кудряшова', '1991-01-01', 'Российская', 'Кемеровский государственный сельскохозяйственный институт', 9, 'Архитектура развлекательных мероприятий', 'olga.kudryashova@example.ru', '+79121234568'),
(187, 'Тамара', 'Яганова', '1980-04-14', 'Российская', 'Дальневосточный федеральный университет', 19, 'Архитектура торговых центров и павильонов', 'tamara.yaganova@example.ru', '+79851234568'),
(188, 'Александра', 'Титова', '1983-09-11', 'Российская', 'Башкирский государственный университет', 15, 'Архитектура деловых зон', 'alexandra.titova@example.ru', '+79261234568'),
(189, 'Виктор', 'Авдеев', '1979-08-15', 'Российская', 'Санкт-Петербургский государственный университет', 21, 'Архитектура концертных комплексов', 'victor.avdeev@example.ru', '+79551234568'),
(190, 'Сергей', 'Королёв', '1986-07-29', 'Российская', 'Московский государственный институт международных отношений (Университет)', 14, 'Архитектура автовокзалов', 'sergey.korolev@example.ru', '+79891234568'),
(191, 'Владимир', 'Тетерин', '1987-12-23', 'Российская', 'Саратовский национальный исследовательский государственный университет имени Н.Г. Чернышевского', 13, 'Архитектура торговых комплексов', 'vladimir.teterin@example.ru', '+79141234568'),
(192, 'Юлия', 'Соклова', '1977-05-09', 'Российская', 'Московский государственный технический университет имени Н.Э. Баумана', 23, 'Архитектура офисов и деловых центров', 'yulia.sokolova@example.ru', '+79151234568'),
(193, 'Дарья', 'Некрасова', '1982-02-25', 'Российская', 'Уральский государственный университет', 18, 'Архитектура культурных сооружений', 'darya.nekrassova@example.ru', '+79061234568'),
(194, 'Григорий', 'Виноградов', '1981-08-01', 'Российская', 'Тюменский индустриальный университет', 20, 'Архитектура административных зон', 'grigoriy.vinogradov@example.ru', '+79281234568'),
(195, 'Анастасия', 'Проворова', '1985-11-13', 'Российская', 'Южно-Российский государственный политехнический университет имени М.И. Платова', 15, 'Архитектура санаторно-курортных комплексов', 'anastasia.provorova@example.ru', '+79291234568'),
(196, 'Станислав', 'Лебедев', '1972-09-29', 'Российская', 'Омский государственный аграрный университет имени П.А. Столыпина', 28, 'Архитектура высших учебных заведений', 'stanislav.lebedev@example.ru', '+79751234568'),
(197, 'Галина', 'Беляева', '1980-11-20', 'Российская', 'Российская академия народного хозяйства и государственной службы при Президенте Российской Федерации', 20, 'Архитектура спортивных центров', 'galina.belyaeva@example.ru', '+79111234568'),
(198, 'Леонид', 'Лукин', '1989-06-04', 'Российская', 'Дагестанский государственный университет', 11, 'Архитектура подземных сооружений', 'leonid.lukin@example.ru', '+79681234568'),
(199, 'Юлия', 'Цветкова', '1994-06-06', 'Российская', 'Северный (Арктический) федеральный университет имени М.В. Ломоносова', 6, 'Архитектура малых архитектурных форм', 'yulia.tsvetkova@example.ru', '+79231234568'),
(200, 'Николай', 'Воронцов', '1992-12-12', 'Российская', 'Ростовский государственный строительный университет', 8, 'Архитектура развлекательных комплексов', 'nikolay.vorontsov@example.ru', '+79391234568'),
(201, 'Владислав', 'Карасев', '1983-03-21', 'Российская', 'Рязанский радиотехнический университет', 17, 'Архитектура парков и скверов', 'vladislav.karasev@example.ru', '+79561234569'),
(202, 'Эльвира', 'Филиппова', '1976-07-19', 'Российская', 'Пензенский государственный университет', 24, 'Архитектура досуговых зон', 'elvira.philippova@example.ru', '+79311234569'),
(203, 'Дмитрий', 'Алексеев', '1990-12-01', 'Российская', 'Самарский государственный архитектурно-строительный университет', 10, 'Архитектура образовательных учреждений', 'dmitry.alexeev@example.ru', '+79081234569'),
(204, 'Ольга', 'Никитина', '1985-05-07', 'Российская', 'Донской государственный технический университет', 15, 'Архитектура торговых точек', 'olga.nikitina@example.ru', '+79291234569'),
(205, 'Евгений', 'Кудряшов', '1972-11-16', 'Российская', 'Санкт-Петербургский политехнический университет', 28, 'Архитектура вокзалов и автобусных станций', 'evgeny.kudryashov@example.ru', '+79911234569'),
(206, 'Анна', 'Кравцова', '1982-10-23', 'Российская', 'Нижегородский государственный университет архитектуры и строительства', 19, 'Архитектура жилых комплексов', 'anna.kravtsova@example.ru', '+79851234569'),
(207, 'Александр', 'Романов', '1991-01-11', 'Российская', 'Владимирский государственный университет', 9, 'Архитектура культурных комплексов', 'alexander.romanov@example.ru', '+79431234569'),
(208, 'Светлана', 'Мельник', '1977-04-04', 'Российская', 'Тюменский государственный нефтегазовый университет', 23, 'Архитектура народных ремесел', 'svetlana.melnik@example.ru', '+79991234569'),
(209, 'Григорий', 'Базов', '1980-03-20', 'Российская', 'Казанский федеральный университет', 20, 'Архитектура культурных зон', 'grigory.bazov@example.ru', '+79661234569'),
(210, 'Вера', 'Виленская', '1995-02-02', 'Российская', 'Северо-Восточный федеральный университет имени М.К. Аммосова', 5, 'Архитектура транспортных систем', 'vera.vilenskaya@example.ru', '+79171234569'),
(211, 'Иван', 'Сысоев', '1987-09-09', 'Российская', 'Московский государственный технический университет имени Н.Э. Баумана', 14, 'Архитектура офисных помещений', 'ivan.sysoev@example.ru', '+79551234569'),
(212, 'Мария', 'Бурова', '1979-12-28', 'Российская', 'Южный федеральный университет', 21, 'Архитектура спортивных арен', 'maria.burova@example.ru', '+79391234569'),
(213, 'Николай', 'Гаврилов', '1984-11-07', 'Российская', 'РОССИЙСКИЙ ЭКОНОМИЧЕСКИЙ УНИВЕРСИТЕТ ИМ. Г.В. ПЛЕХАНОВА', 16, 'Архитектура торговых комплексов', 'nikolay.gavrilov@example.ru', '+79771234569'),
(214, 'Виктория', 'Давыдова', '1974-06-06', 'Российская', 'Алтайский государственный технический университет имени И.И. Ползунова', 26, 'Архитектура исторических зданий', 'victoria.davydova@example.ru', '+79921234569'),
(215, 'Ярослав', 'Осипов', '1982-09-30', 'Российская', 'Уральский государственный технический университет', 18, 'Архитектура загородных резиденций', 'yaroslav.osipov@example.ru', '+79251234569'),
(216, 'Елена', 'Миронова', '1973-05-18', 'Российская', 'Кузбасский государственный технический университет имени Т.Ф. Горбачева', 27, 'Архитектура образовательных центров', 'elena.mironova@example.ru', '+79321234569'),
(217, 'Максим', 'Поляков', '1992-02-22', 'Российская', 'Кабардино-Балкарский государственный университет', 8, 'Архитектура театров', 'maxim.polyakov@example.ru', '+79121234569'),
(218, 'Анастасия', 'Лебедева', '1990-08-14', 'Российская', 'Новороссийский государственный морской университет имени Ф.Ф. Ушакова', 10, 'Архитектура административных зданий', 'anastasia.lebedeva@example.ru', '+79661234569'),
(219, 'Денис', 'Тихонов', '1985-10-25', 'Российская', 'Уральский федеральный университет имени первого Президента России Б.Н. Ельцина', 15, 'Архитектура спортивных сооружений', 'denis.tihonov@example.ru', '+79261234569'),
(220, 'Юлия', 'Якимова', '1971-07-02', 'Российская', 'Курский государственный технологический университет', 29, 'Архитектура выставочных залов', 'yulia.yakimova@example.ru', '+79811234569'),
(221, 'Аркадий', 'Карпов', '1978-01-29', 'Российская', 'Донской государственный технический университет', 22, 'Архитектура морских сооружений', 'arkadiy.karpov@example.ru', '+79831234569'),
(222, 'Татьяна', 'Жукова', '1993-06-05', 'Российская', 'Пермский государственный национальный исследовательский политехнический университет', 7, 'Архитектура курортов', 'tatiana.zhukova@example.ru', '+79111234569'),
(223, 'Сергей', 'Зубов', '1989-11-12', 'Российская', 'Удмуртский государственный университет', 11, 'Архитектура бас-оздоровительных комплексов', 'sergey.zubov@example.ru', '+79721234569'),
(224, 'Оксана', 'Чижова', '1974-08-05', 'Российская', 'Московский государственный университет путей сообщения МИИТ', 26, 'Архитектура музеев', 'oksana.chizhova@example.ru', '+79601234569'),
(225, 'Алексей', 'Ермолин', '1988-12-24', 'Российская', 'Московский экономический институт', 12, 'Архитектура небоскребов', 'alexey.ermolin@example.ru', '+79381234569'),
(226, 'Лариса', 'Сазонова', '1982-01-15', 'Российская', 'Кубанский государственный аграрный университет имени И.Т. Трубилина', 19, 'Архитектура санаториев', 'larisa.sazonova@example.ru', '+79931234569'),
(227, 'Артем', 'Литвинов', '1990-03-19', 'Российская', 'Тюменский индустриальный университет', 10, 'Архитектура павильонов', 'artem.litvinov@example.ru', '+79461234569'),
(228, 'Валерия', 'Семенова', '1987-05-28', 'Российская', 'Тихоокеанский государственный университет', 14, 'Архитектура общежитий', 'valeria.semenova@example.ru', '+79671234569'),
(229, 'Константин', 'Михеев', '1970-04-09', 'Российская', 'Новосибирский национальный исследовательский государственный университет', 30, 'Архитектура мемориальных комплексов', 'konstantin.mikheev@example.ru', '+79881234569'),
(230, 'Ирина', 'Захарова', '1994-10-23', 'Российская', 'Северо-Кавказский федеральный университет', 6, 'Архитектура спортзалов', 'irina.zaharova@example.ru', '+79431234569'),
(231, 'Андрей', 'Буров', '1985-04-20', 'Российская', 'Южно-Уральский государственный университет имени В. П. Блюхера', 15, 'Архитектура транспортной инфраструктуры', 'andrey.burov@example.ru', '+79151234569'),
(232, 'Виктория', 'Ушакова', '1979-11-16', 'Российская', 'Тверской государственный университет', 21, 'Архитектура авиационных терминалов', 'victoria.ushakova@example.ru', '+79851234569'),
(233, 'Федор', 'Беляков', '1991-02-04', 'Российская', 'Южно-Российский государственный политехнический университет имени М.И. Платова', 9, 'Архитектура выставочных комплексов', 'fedor.belyakov@example.ru', '+79361234569'),
(234, 'Марина', 'Назарова', '1980-10-17', 'Российская', 'Нижегородский государственный педагогический университет имени Козьмы Минина', 19, 'Архитектура яхтенных клубов', 'marina.nazarova@example.ru', '+79231234569'),
(235, 'Геннадий', 'Панов', '1975-09-22', 'Российская', 'Московский государственный технический университет имени Б. С. Ершова', 24, 'Архитектура концертных площадок', 'gennadiy.panov@example.ru', '+79831234569'),
(236, 'Ольга', 'Котова', '1992-04-27', 'Российская', 'Санкт-Петербургский государственный университет аэрокосмического приборостроения', 8, 'Архитектура офисных зданий', 'olga.kotova@example.ru', '+79901234569'),
(237, 'Валентин', 'Афанасьев', '1986-06-15', 'Российская', 'Челябинский государственный педагогический университет', 14, 'Архитектура концертных залов', 'valentin.afanasyev@example.ru', '+79181234569'),
(238, 'Ксения', 'Громова', '1972-02-18', 'Российская', 'Северный (Арктический) федеральный университет имени М.В. Ломоносова', 28, 'Архитектура мостов и туннелей', 'ksenia.gromova@example.ru', '+79611234569'),
(239, 'Яна', 'Полянская', '1983-01-10', 'Российская', 'Уральский федеральный университет имени первого Президента России Б.Н. Ельцина', 17, 'Архитектура озеленения', 'yana.polyanskaya@example.ru', '+79281234569'),
(240, 'Михаил', 'Калугин', '1995-07-03', 'Российская', 'Санкт-Петербургский государственный университет культуры и искусств', 5, 'Архитектура гостиничных и туристических центров', 'mikhail.kalugin@example.ru', '+79491234569'),
(241, 'Елизавета', 'Гордеева', '1989-08-11', 'Российская', 'Казанский государственный архитектурно-строительный университет', 11, 'Архитектура концертных сооружений', 'elizaveta.gordeeva@example.ru', '+79521234569'),
(242, 'Лев', 'Козин', '1974-07-07', 'Российская', 'Оренбургский государственный университет', 26, 'Архитектура выставочных площадок', 'lev.kozin@example.ru', '+79351234569'),
(243, 'Валентина', 'Кузнецова', '1985-12-29', 'Российская', 'Иркутский государственный университет путей сообщения', 15, 'Архитектура научных центров', 'valentina.kuznetsova@example.ru', '+79721234569'),
(244, 'Денис', 'Сафонов', '1991-11-08', 'Российская', 'Донской государственный технический университет', 9, 'Архитектура спортивных комплексов', 'denis.safonov@example.ru', '+79941234569'),
(245, 'Софья', 'Тинякова', '1976-09-03', 'Российская', 'Московский государственный университет печати', 22, 'Архитектура развлекательных зон', 'sofya.tinyakova@example.ru', '+79131234569'),
(246, 'Андрей', 'Свиридов', '1983-04-12', 'Российская', 'Казанский национальный исследовательский технологический университет', 17, 'Архитектура детских и подростковых учреждений', 'andrey.sviridov@example.ru', '+79531234569'),
(247, 'Маргарита', 'Якушева', '1987-09-10', 'Российская', 'Приамурский государственный университет имени Шолохова', 13, 'Архитектура сельских посёлков и деревень', 'margarita.yakusheva@example.ru', '+79971234569'),
(248, 'Ирина', 'Богданова', '1971-06-20', 'Российская', 'Воронежский государственный аграрный университет имени Императора Петра I', 29, 'Архитектура районных административных зданий', 'irina.bogdanova@example.ru', '+79881234569'),
(249, 'Кирилл', 'Астахов', '1979-02-15', 'Российская', 'Северо-Кавказский федеральный университет', 21, 'Архитектура мусороперерабатывающих комплексов', 'kirill.astakhov@example.ru', '+79731234569'),
(250, 'Екатерина', 'Зимина', '1994-02-23', 'Российская', 'Московский государственный университет технологий и управления имени Г.К. Разумовского', 6, 'Архитектура общественных мест', 'ekaterina.zimina@example.ru', '+79431234569');


INSERT INTO Clients VALUES 
(1, 'Иван', 'Иванов', 'ООО "АрхПроект"', 'ivanov@archproject.ru', '+79161234567', 'ул. Ленина, д. 10', 'Москва', 'Россия', '101000'),
(2, 'Мария', 'Смирнова', 'ЗАО "СтройИнвест"', 'smirnova@stroiinvest.ru', '+79261234568', 'ул. Пушкина, д. 5', 'Санкт-Петербург', 'Россия', '190000'),
(3, 'Алексей', 'Козлов', 'ИП "Козлов и Партнеры"', 'kozlov@partners.ru', '+79361234569', 'Невский проспект, д. 21', 'Саратов', 'Россия', '410012'),
(4, 'Екатерина', 'Попова', 'ООО "ГрандСтрой"', 'popova@grandstroy.ru', '+79461234560', 'ул. Горького, д. 15', 'Тюмень', 'Россия', '625000'),
(5, 'Дмитрий', 'Соколов', 'АО "АртСтрой"', 'sokolov@artstroy.ru', '+79561234561', 'ул. Чехова, д. 3', 'Казань', 'Россия', '420000'),
(6, 'Анастасия', 'Сергеева', 'ООО "СтройПлюс"', 'sergeeva@stroyplus.ru', '+79661234562', 'ул. Дзержинского, д. 9', 'Новосибирск', 'Россия', '630000'),
(7, 'Михаил', 'Морозов', 'ИП "Морозов-ПРОЕКТ"', 'morozov@morozovproject.ru', '+79761234563', 'пр. Ленина, д. 11', 'Самара', 'Россия', '443000'),
(8, 'Елена', 'Васильева', 'ЗАО "АльфаСтрой"', 'vasilyeva@alfastroy.ru', '+79861234564', 'ул. Тверская, д. 14', 'Краснодар', 'Россия', '350000'),
(9, 'Андрей', 'Дмитриев', 'ООО "Проект-Решение"', 'dmitriev@project-solution.ru', '+79961234565', 'ул. Московская, д. 7', 'Воронеж', 'Россия', '394000'),
(10, 'Ольга', 'Белова', 'АО "ЭкоСтрой"', 'belova@ecostroy.ru', '+79011234566', 'ул. Советская, д. 19', 'Уфа', 'Россия', '450000'),
(11, 'Кирилл', 'Федоров', 'ИП "Федоров и Сыновья"', 'fedorov@fedorovsons.ru', '+79111234567', 'ул. Комсомольская, д. 22', 'Пермь', 'Россия', '614000'),
(12, 'Юлия', 'Волкова', 'ООО "ИнноваСтрой"', 'volkova@innovstroy.ru', '+79211234568', 'ул. Ленина, д. 10', 'Челябинск', 'Россия', '454000'),
(13, 'Олег', 'Соловьев', 'ЗАО "ТехСтрой"', 'soloviev@techstroy.ru', '+79311234569', 'ул. Карла Маркса, д. 13', 'Ростов-на-Дону', 'Россия', '344000'),
(14, 'Вера', 'Богданова', 'ООО "РегиСтрой"', 'bogdanova@registroy.ru', '+79411234560', 'ул. Ленина, д. 18', 'Омск', 'Россия', '644000'),
(15, 'Игорь', 'Мельников', 'АО "ПромСтрой"', 'melnikov@promstroy.ru', '+79511234561', 'ул. Пушкина, д. 8', 'Тольятти', 'Россия', '445000'),
(16, 'Анна', 'Григорьева', 'ИП "Григорьев и Партнеры"', 'grigorieva@partners.ru', '+79611234562', 'ул. Горького, д. 17', 'Барнаул', 'Россия', '656000'),
(17, 'Максим', 'Тихомиров', 'ООО "ТехПроект"', 'tikhomirov@techproject.ru', '+79711234563', 'ул. Крупской, д. 9', 'Ижевск', 'Россия', '426000'),
(18, 'Алина', 'Петрова', 'ЗАО "Строй-Сервис"', 'petrova@stroyservice.ru', '+79811234564', 'ул. Чехова, д. 4', 'Калининград', 'Россия', '236000'),
(19, 'Владимир', 'Крылов', 'ИП "Крылов и Ко"', 'krylov@krylovco.ru', '+79911234565', 'ул. Пушкина, д. 3', 'Рязань', 'Россия', '390000'),
(20, 'Светлана', 'Павлова', 'ООО "АрхБюро"', 'pavlova@archbureau.ru', '+90011234566', 'ул. Ленина, д. 15', 'Астрахань', 'Россия', '414000'),
(21, 'Василий', 'Савельев', 'АО "ДомСтрой"', 'saveliev@domstroy.ru', '+90111234567', 'ул. Московская, д. 20', 'Киров', 'Россия', '610000'),
(22, 'Алёна', 'Родионова', 'ИП "Родионова Строй"', 'rodionova@rodionova-stroy.ru', '+90211234568', 'ул. Ленина, д. 7', 'Пенза', 'Россия', '440000'),
(23, 'Сергей', 'Егоров', 'ООО "Проект-Студио"', 'egorov@projectstudio.ru', '+90311234569', 'ул. Карла Маркса, д. 14', 'Тула', 'Россия', '300000'),
(24, 'Татьяна', 'Жукова', 'ЗАО "СитиСтрой"', 'zhukova@sitistroi.ru', '+90411234560', 'ул. Чехова, д. 1', 'Ярославль', 'Россия', '150000'),
(25, 'Денис', 'Макаров', 'АО "МегаСтрой"', 'makarov@megastroy.ru', '+90511234561', 'ул. Ленина, д. 25', 'Иваново', 'Россия', '153000'),
(26, 'Лариса', 'Зайцева', 'ИП "Зайцева Групп"', 'zaitseva@zaytseva.ru', '+90611234562', 'ул. Тверская, д. 19', 'Брянск', 'Россия', '241000'),
(27, 'Павел', 'Сидоров', 'ООО "СтройТехника"', 'sidorov@stroytehnika.ru', '+90711234563', 'ул. Московская, д. 5', 'Кострома', 'Россия', '156000'),
(28, 'Наталья', 'Яковлева', 'ЗАО "ТерраСтрой"', 'yakovleva@terrastroy.ru', '+90811234564', 'ул. Ленина, д. 22', 'Владимир', 'Россия', '600000'),
(29, 'Владислав', 'Карпов', 'АО "УниверсалСтрой"', 'karpov@universalstroy.ru', '+90911234565', 'ул. Чехова, д. 11', 'Тверь', 'Россия', '170000'),
(30, 'Дарья', 'Колесникова', 'ИП "Колесникова и Ко"', 'kolesnikova@kolesnikovaco.ru', '+91011234566', 'ул. Горького, д. 6', 'Курск', 'Россия', '305000'),
(31, 'Артём', 'Андреев', 'ООО "ПроектТех"', 'andreev@projecttech.ru', '+91111234567', 'ул. Ленина, д. 16', 'Калуга', 'Россия', '248000'),
(32, 'Полина', 'Нестерова', 'ЗАО "АвангардСтрой"', 'nesterova@avangardstroy.ru', '+91211234568', 'ул. Советская, д. 18', 'Чебоксары', 'Россия', '428000'),
(33, 'Георгий', 'Тарасов', 'АО "ЦентрСтрой"', 'tarasov@centrestroy.ru', '+91311234569', 'ул. Московская, д. 2', 'Смоленск', 'Россия', '214000'),
(34, 'Евгения', 'Блинова', 'ООО "МодернСтрой"', 'blinova@modernstroy.ru', '+91411234560', 'ул. Ленина, д. 21', 'Дмитров', 'Россия', '141800'),
(35, 'Роман', 'Александров', 'ИП "Александров"', 'alexandrov@alexru.ru', '+91511234561', 'ул. Карла Маркса, д. 19', 'Тамбов', 'Россия', '392000'),
(36, 'Маргарита', 'Фомина', 'ЗАО "ЭлитСтрой"', 'fomina@elitstroy.ru', '+91611234562', 'пр. Ленина, д. 12', 'Балаково', 'Россия', '413800'),
(37, 'Степан', 'Петров', 'ООО "Инженер"', 'petrov@projektt.ru', '+91711234563', 'ул. Чехова, д. 13', 'Сыктывкар', 'Россия', '167000'),
(38, 'Оксана', 'Орлова', 'АО "Ориентир"', 'orlova@orientir.ru', '+91811234564', 'ул. Тверская, д. 23', 'Мурманск', 'Россия', '183000'),
(39, 'Григорий', 'Гусев', 'ЗАО "БудуСтрой"', 'gusev@budustroy.ru', '+91911234565', 'ул. Ленина, д. 4', 'Архангельск', 'Россия', '163000'),
(40, 'Жанна', 'Конева', 'ООО "СтройИнновация"', 'koneva@stroiinnovacia.ru', '+92011234566', 'ул. Московская, д. 9', 'Череповец', 'Россия', '162600'),
(41, 'Елизавета', 'Семёнова', 'ИП "Семёнова Групп"', 'semenova@semenova.ru', '+92111234567', 'ул. Чехова, д. 7', 'Таганрог', 'Россия', '347900'),
(42, 'Виталий', 'Ильин', 'АО "УралСтрой"', 'ilin@uralstroy.ru', '+92211234568', 'пр. Ленина, д. 6', 'Псков', 'Россия', '180000'),
(43, 'Алла', 'Шестакова', 'ООО "СтройТехнологии"', 'shestakova@stroyteh.ru', '+92311234569', 'ул. Ленина, д. 24', 'Вологда', 'Россия', '160000'),
(44, 'Галина', 'Сомова', 'ЗАО "СтройФинанс"', 'somova@stroyfin.ru', '+92411234560', 'ул. Горького, д. 14', 'Саратов', 'Россия', '410013'),
(45, 'Михаил', 'Харитонов', 'АО "РегионСтрой"', 'haritonov@regionstroy.ru', '+92511234561', 'ул. Пушкина, д. 9', 'Челябинск', 'Россия', '454008'),
(46, 'Виктория', 'Кузнецова', 'ИП "Кузнецова и К"', 'kuznecova@kenterprise.ru', '+92611234562', 'ул. Комсомольская, д. 21', 'Тюмень', 'Россия', '625019'),
(47, 'Ярослав', 'Мартынов', 'ООО "ТеремСтрой"', 'martynov@teremstroy.ru', '+92711234563', 'ул. Советская, д. 3', 'Петрозаводск', 'Россия', '185000'),
(48, 'Олеся', 'Шаповалова', 'ЗАО "ГарантСтрой"', 'shapovalova@garantstroy.ru', '+92811234564', 'ул. Карла Маркса, д. 29', 'Орел', 'Россия', '302000'),
(49, 'Вадим', 'Яшин', 'АО "Новый Дом"', 'yashin@newdom.ru', '+92911234565', 'ул. Московская, д. 12', 'Белгород', 'Россия', '308000'),
(50, 'Снежана', 'Куликова', 'ООО "СтройКомплекс"', 'kulikova@stroikomplex.ru', '+93011234566', 'ул. Ленина, д. 27', 'Томск', 'Россия', '634000'),
(51, 'Руслан', 'Комиссаров', 'АО "АРТ Строй"', 'komissarov@artstroy.ru', '+93111234567', 'ул. Горького, д. 8', 'Иваново', 'Россия', '153022'),
(52, 'София', 'Романова', 'ИП "Романов"', 'romanova@romanov.ru', '+93211234568', 'ул. Пушкина, д. 17', 'Кострома', 'Россия', '156013'),
(53, 'Артур', 'Титов', 'ООО "ИнтерСтрой"', 'titov@interstroy.ru', '+93311234569', 'ул. Ленина, д. 5', 'Старый Оскол', 'Россия', '309514'),
(54, 'Тимур', 'Раєвський', 'ЗАО "КубаньСтрой"', 'rayev@kubas.ru', '+93411234560', 'пр. Ленина, д. 31', 'Волгоград', 'Россия', '400001'),
(55, 'Мария', 'Рогозина', 'АО "БалтикСтрой"', 'rogozina@baltics.ru', '+93511234561', 'ул. Комсомольская, д. 6', 'Калининград', 'Россия', '236016'),
(56, 'Никита', 'Королев', 'ООО "Дом-Мастер"', 'korolev@dm.ru', '+93611234562', 'ул. Советская, д. 10', 'Тверь', 'Россия', '170007'),
(57, 'Вероника', 'Киселева', 'ИП "Киселева-ПРО"', 'kiseleva@prokis.ru', '+93711234563', 'ул. Московская, д. 8', 'Рязань', 'Россия', '390019'),
(58, 'Олег', 'Трифонов', 'ЗАО "Заводстрой"', 'trifonov@zavodstroy.ru', '+93811234564', 'ул. Чехова, д. 18', 'Екатеринбург', 'Россия', '620078'),
(59, 'Илона', 'Исаева', 'АО "Атлант"', 'isaeva@atlant.ru', '+93911234565', 'ул. Ленина, д. 20', 'Пенза', 'Россия', '440011'),
(60, 'Дмитрий', 'Павлов', 'ИП "Павлов-Девелопмент"', 'pavlov@pawdev.ru', '+94011234566', 'ул. Карла Маркса, д. 16', 'Казань', 'Россия', '420043'),
(61, 'Екатерина', 'Лазарева', 'ЗАО "КомплексСтрой"', 'lazareva@komplex.ru', '+94111234567', 'ул. Горького, д. 14', 'Челябинск', 'Россия', '454021'),
(62, 'Амина', 'Фролова', 'АО "Строй-Элит"', 'frolova@stroit.ru', '+94211234568', 'ул. Ленина, д. 23', 'Новосибирск', 'Россия', '630084'),
(63, 'Аким', 'Юдин', 'ООО "МодульСтрой"', 'yudin@modulstroi.ru', '+94311234569', 'ул. Пушкина, д. 19', 'Белгород', 'Россия', '308015'),
(64, 'Арсений', 'Уткин', 'ИП "Уткин и Компания"', 'utkin@ucompany.ru', '+94411234560', 'ул. Тверская, д. 27', 'Омск', 'Россия', '644073'),
(65, 'Мария', 'Чернышова', 'ЗАО "БазисСтрой"', 'chernyshova@bazis.ru', '+94511234561', 'ул. Московская, д. 14', 'Уфа', 'Россия', '450091'),
(66, 'Даниил', 'Токарев', 'АО "Строй Гарант"', 'tokarev@strgar.ru', '+94611234562', 'ул. Чехова, д. 10', 'Курск', 'Россия', '305009'),
(67, 'Злата', 'Дроздова', 'ООО "ТрансСтрой"', 'drozdova@transstroy.ru', '+94711234563', 'ул. Ленина, д. 30', 'Барнаул', 'Россия', '656056'),
(68, 'Игорь', 'Соловьев', 'ЗАО "СпектрСтрой"', 'solovyev@spectr.ru', '+94811234564', 'ул. Горького, д. 29', 'Томск', 'Россия', '634021'),
(69, 'Вероника', 'Быстрова', 'АО "ПремиумСтрой"', 'bistrova@premium.ru', '+94911234565', 'ул. Ленина, д. 1', 'Сочи', 'Россия', '354000'),
(70, 'Степан', 'Михайлов', 'ИП "Михайлов и Ко"', 'mihaylov@mikhay.ru', '+95011234566', 'ул. Пушкина, д. 24', 'Нижний Новгород', 'Россия', '603022'),
(71, 'Полина', 'Селезнёва', 'ЗАО "ОмегаСтрой"', 'selezneva@omega.ru', '+95111234567', 'ул. Московская, д. 22', 'Хабаровск', 'Россия', '680000'),
(72, 'Илья', 'Обухов', 'АО "СтройГрад"', 'obukhov@stroygrad.ru', '+95211234568', 'ул. Карла Маркса, д. 18', 'Улан-Удэ', 'Россия', '670000'),
(73, 'Ирина', 'Герасимова', 'ООО "АРХиТЕКТ"', 'gerasimova@architek.ru', '+95311234569', 'ул. Чехова, д. 27', 'Владивосток', 'Россия', '690091'),
(74, 'Сергей', 'Борисов', 'ИП "Борисов Групп"', 'borisov@borisgroup.ru', '+95411234560', 'ул. Ленина, д. 16', 'Ярославль', 'Россия', '150002'),
(75, 'Наталья', 'Малышева', 'ЗАО "ТехноСтрой"', 'malysheva@tekhstru.ru', '+95511234561', 'ул. Горького, д. 3', 'Астрахань', 'Россия', '414000'),
(76, 'Евгений', 'Ломакин', 'OOO "Петров и Ко"', 'lomakin@petiy.ru', '+95611234562', 'ул. Пушкина, д. 6', 'Иркутск', 'Россия', '664001'),
(77, 'Снежана', 'Хомякова', 'ИП "Хомякова и Ко"', 'khomyakova@khomru.ru', '+95711234563', 'ул. Ленина, д. 4', 'Пермь', 'Россия', '614081'),
(78, 'Даниил', 'Гаврилов', 'ЗАО "СтройГрупп"', 'gavrilov@stgroup.ru', '+95811234564', 'ул. Карла Маркса, д. 17', 'Челябинск', 'Россия', '454080'),
(79, 'Анжелика', 'Богданова', 'ООO "Архитект Строй"', 'bogdanova@arkhru.ru', '+95911234565', 'ул. Чехова, д. 5', 'Омск', 'Россия', '644010'),
(80, 'Глеб', 'Ермаков', 'АО "Строй Контакт"', 'ermakov@strru.ru', '+96011234566', 'ул. Ленина, д. 3', 'Санкт-Петербург', 'Россия', '190000'),
(81, 'Алена', 'Савина', 'ИП "Савина и С."', 'savina@savrus.ru', '+96111234567', 'ул. Горького, д. 22', 'Воронеж', 'Россия', '394000'),
(82, 'Антон', 'Фролов', 'ООO "Лэнд Строй"', 'frolov@landstr.ru', '+96211234568', 'ул. Московская, д. 10', 'Пенза', 'Россия', '440000'),
(83, 'Маркин', 'Южный', 'ЗАО "Блок Строй"', 'yujnii@blockstr.ru', '+96311234569', 'ул. Ленина, д. 14', 'Волгоград', 'Россия', '400001'),
(84, 'Валентина', 'Ершова', 'АО "Строй Успех"', 'ershova@strus.ru', '+96411234560', 'ул. Чехова, д. 20', 'Тольятти', 'Россия', '445000'),
(85, 'Ксения', 'Гладкова', 'ИП "Гладкова и Партнеры"', 'gladkova@gladk.ru', '+96511234561', 'ул. Карла Маркса, д. 24', 'Рязань', 'Россия', '390019'),
(86, 'Юрий', 'Фомин', 'ЗАО "Золотой Дом"', 'fomin@goldhome.ru', '+96611234562', 'ул. Пушкина, д. 16', 'Тула', 'Россия', '300012'),
(87, 'Дарина', 'Кабанова', 'ООO "Капитал Строй"', 'kabanova@capitalstr.ru', '+96711234563', 'ул. Ленина, д. 18', 'Краснодар', 'Россия', '350000'),
(88, 'Тимофей', 'Медведев', 'АО "ЭкспоСтрой"', 'medvedev@expostroy.ru', '+96811234564', 'ул. Горького, д. 2', 'Владимир', 'Россия', '600901'),
(89, 'Ангелина', 'Цаплина', 'ИП "Цаплина и Ко"', 'tsaplina@tsaplin.ru', '+96911234565', 'ул. Московская, д. 5', 'Ярославль', 'Россия', '150014'),
(90, 'Иван', 'Кондратьев', 'ООO "Строй Комплекс"', 'kondratev@stcom.ru', '+97011234566', 'ул. Ленина, д. 9', 'Курск', 'Россия', '305001'),
(91, 'Юлия', 'Викторовна', 'ЗАО "Все для строительства"', 'yuliya@allstr.ru', '+97111234567', 'ул. Чехова, д. 15', 'Новосибирск', 'Россия', '630000'),
(92, 'Феликс', 'Темирязев', 'АО "ПроектТрест"', 'temiryazev@projecttrust.ru', '+97211234568', 'ул. Карла Маркса, д. 2', 'Сургут', 'Россия', '628400'),
(93, 'Кирилл', 'Архипов', 'OOO "Строй концепт"', 'arkhipov@strcon.ru', '+97311234569', 'ул. Пушкина, д. 11', 'Чебоксары', 'Россия', '428000'),
(94, 'Елизавета', 'Глебова', 'ЗАО "АВЕН Строй"', 'glebova@avenstr.ru', '+97411234560', 'ул. Ленина, д. 7', 'Уфимка', 'Россия', '450000'),
(95, 'Лилия', 'Юдина', 'АО "Билдинг Проект"', 'yudina@buildproj.ru', '+97511234561', 'ул. Советская, д. 23', 'Киров', 'Россия', '612000'),
(96, 'Виктор', 'Быков', 'OOO "Строй-Альфа"', 'bykov@stralfa.ru', '+97611234562', 'ул. Горького, д. 4', 'Сызрань', 'Россия', '446015'),
(97, 'Светлана', 'Панова', 'ИП "Панова и Бизнес"', 'panova@pibus.ru', '+97711234563', 'ул. Ленина, д. 12', 'Мурманск', 'Россия', '183038'),
(98, 'Виталий', 'Румянцев', 'ЗАО "Новация Строй"', 'rumyantsev@innovation.ru', '+97811234564', 'ул. Карла Маркса, д. 3', 'Саранск', 'Россия', '430001'),
(99, 'Катерина', 'Белоусова', 'AO "Строй Сервис"', 'belousova@stser.ru', '+97911234565', 'ул. Московская, д. 26', 'Воронеж', 'Россия', '394048'),
(100, 'Максим', 'Сергеев', 'ООO "Строй Центр"', 'sergeev@strcenter.ru', '+98011234566', 'ул. Ленина, д. 10', 'Псков', 'Россия', '180004'),
(101, 'Галина', 'Короткова', 'ООО "Галина и Ко"', 'korotkova@galinaco.ru', '+98111234567', 'ул. Горького, д. 22', 'Сочи', 'Россия', '354051'),
(102, 'Денис', 'Васильев', 'AO "Васильстрой"', 'vasiliev@vasilstroy.ru', '+98211234568', 'пр. Ленина, д. 5', 'Череповец', 'Россия', '162611'),
(103, 'Лидия', 'Евдокимова', 'ЗАО "Евдокимов"', 'evdokimova@evdokimcorp.ru', '+98311234569', 'ул. Чехова, д. 3', 'Волжский', 'Россия', '404120'),
(104, 'Владлен', 'Гаврилов', 'ИП "Гаврилов и Братья"', 'gavrilov@brothers.ru', '+98411234560', 'ул. Московская, д. 22', 'Ковров', 'Россия', '601910'),
(105, 'Мария', 'Кочергина', 'OOO "Кочергина-Строй"', 'kocherina@stroykog.ru', '+98511234561', 'ул. Советская, д. 15', 'Кострома', 'Россия', '156520'),
(106, 'Людмила', 'Нефедова', 'АО "НефедГрупп"', 'nefedorova@nef.ru', '+98611234562', 'пр. Ленина, д. 3', 'Владимир', 'Россия', '600022'),
(107, 'Антон', 'Маслов', 'ООО "Маслов и Ко"', 'maslov@masru.ru', '+98711234563', 'ул. Пушкина, д. 11', 'Калининград', 'Россия', '236010'),
(108, 'Евгения', 'Федосеева', 'ЗАО "ФедоСтрой"', 'fedoseva@fstr.ru', '+98811234564', 'ул. Чапаева, д. 9', 'Рязань', 'Россия', '390021'),
(109, 'Виктор', 'Лавров', 'ООО "Лавр и Партнеры"', 'lavrov@lavrpart.ru', '+98911234565', 'ул. Горького, д. 16', 'Сызрань', 'Россия', '446041'),
(110, 'Татьяна', 'Мишина', 'АО "МишСтрой"', 'mishina@mishru.ru', '+99011234566', 'ул. Лесная, д. 28', 'Челябинск', 'Россия', '454080'),
(111, 'Максим', 'Рогов', 'ООО "Рогов"', 'rogov@rogovru.ru', '+99111234567', 'ул. Тверская, д. 30', 'Сургут', 'Россия', '628406'),
(112, 'Владимир', 'Блохин', 'ЗАО "БлохинПроект"', 'blokhin@proektser.ru', '+99211234568', 'ул. Ленина, д. 17', 'Киров', 'Россия', '610025'),
(113, 'Ольга', 'Тюрюмина', 'ИП "Тюрюмин и Со"', 'tyurimina@company.ru', '+99311234569', 'ул. Пушкина, д. 5', 'Пермь', 'Россия', '614013'),
(114, 'Филипп', 'Жуков', 'ООО "Жуков"', 'zhukov@juv.ru', '+99411234560', 'ул. Ленина, д. 9', 'Сочи', 'Россия', '354024'),
(115, 'Ирина', 'Шестакова', 'ЗАО "Шестакова Инвест"', 'shestakova@inv.ru', '+99511234561', 'ул. Московская, д. 21', 'Севастополь', 'Россия', '299011'),
(116, 'Виктория', 'Грекова', 'АО "Грекова Строй"', 'grekova@grekova.ru', '+99611234562', 'ул. Чехова, д. 15', 'Рязань', 'Россия', '390011'),
(117, 'Дмитрий', 'Назаров', 'ООО "Назаров-Дом"', 'nazarov@nazdom.ru', '+99711234563', 'ул. Ленина, д. 8', 'Орел', 'Россия', '302028'),
(118, 'Екатерина', 'Левашова', 'АО "Лева и Ко"', 'levashova@levco.ru', '+99811234564', 'ул. Советская, д. 7', 'Якутск', 'Россия', '677000'),
(119, 'Алексей', 'Сафонов', 'ООО "СафоновСтрой"', 'safonov@stroy.ru', '+99911234565', 'ул. Карла Маркса, д. 30', 'Екатеринбург', 'Россия', '620050'),
(120, 'Мария', 'Козаева', 'ИП "Козаева и Поляков"', 'kozaeva@pol.ru', '+99111234566', 'ул. Ленина, д. 23', 'Нижний Новгород', 'Россия', '603024'),
(121, 'Роман', 'Матвеев', 'ООО "МатвейСтрой"', 'matveev@strmat.ru', '+99211234567', 'ул. Горького, д. 25', 'Краснодар', 'Россия', '350015'),
(122, 'Алиса', 'Галкова', 'ЗАО "Галк Инвест"', 'galkova@littleb.ru', '+99311234568', 'пр. Ленина, д. 12', 'Смоленск', 'Россия', '214007'),
(123, 'Михаил', 'Елисеев', 'АО "Елисеева Ко"', 'eliseev@elisei.ru', '+99411234569', 'ул. Карла Маркса, д. 6', 'Хабаровск', 'Россия', '680013'),
(124, 'Зинаида', 'Богомолова', 'ООО "КлассСтрой"', 'bogomolova@klassru.ru', '+99511234560', 'ул. Ленина, д. 7', 'Владивосток', 'Россия', '690035'),
(125, 'Константин', 'Титов', 'ЗАО "Титово Строй"', 'titov@t-str.ru', '+99611234561', 'ул. Чехова, д. 28', 'Якутск', 'Россия', '677010'),
(126, 'Игорь', 'Платонов', 'ООО "Плато и Ко"', 'platonov@plat.ru', '+99711234562', 'ул. Советская, д. 31', 'Сочи', 'Россия', '354051'),
(127, 'Мария', 'Терентьева', 'ИП "Терентьева"', 'terenteva@mail.ru', '+99811234563', 'ул. Тверская, д. 19', 'Ижевск', 'Россия', '426035'),
(128, 'Елена', 'Кондратьева', 'АО "КондратРу"', 'kondrateva@kondrat.ru', '+99911234564', 'ул. Ленина, д. 12', 'Чита', 'Россия', '672000'),
(129, 'Илья', 'Смагин', 'ООО "СмагРест"', 'smagin@rest.ru', '+99111234565', 'ул. Московская, д. 18', 'Северодвинск', 'Россия', '164518'),
(130, 'Людмила', 'Черкасов', 'ЗАО "Черкас Строй"', 'cherkasov@cher.ru', '+99211234566', 'ул. Ленина, д. 9', 'Ставрополь', 'Россия', '355042'),
(131, 'Зоя', 'Каурова', 'ООО "Каур Инвест"', 'kaur@invest.ru', '+99311234567', 'ул. Горького, д. 4', 'Великий Новгород', 'Россия', '173025'),
(132, 'Анна', 'Кочеткова', 'АО "КочетИнвест"', 'kochetkova@invest.ru', '+99411234568', 'ул. Ленина, д. 13', 'Томск', 'Россия', '634045'),
(133, 'Игорь', 'Лапин', 'ИП "Лапин и Со"', 'lapin@lapin.ru', '+99511234569', 'ул. Чехова, д. 17', 'Улан-Удэ', 'Россия', '670012'),
(134, 'Дарья', 'Кузьмина', 'ЗАО "КузьмаГрупп"', 'kuzmina@kg.ru', '+99611234560', 'ул. Тверская, д. 2', 'Пермь', 'Россия', '614010'),
(135, 'Виктор', 'Щербаков', 'ООО "Щерба и Ко"', 'sherbakov@osto.ru', '+99711234561', 'ул. Советская, д. 14', 'Тверь', 'Россия', '170017'),
(136, 'Маргарита', 'Суслов', 'АО "СусловСтрой"', 'suslov@suslo.ru', '+99811234562', 'пр. Ленина, д. 11', 'Омск', 'Россия', '644070'),
(137, 'Николай', 'Лукашин', 'ИП "Лукашин и Ко"', 'lukashin@lok.ru', '+99911234563', 'ул. Ленина, д. 29', 'Калининград', 'Россия', '236041'),
(138, 'Галина', 'Юшкова', 'ООО "Юшкова и Компания"', 'yushkova@yukomp.ru', '+99111234564', 'ул. Чехова, д. 9', 'Уфа', 'Россия', '450092'),
(139, 'Валентина', 'Ефремова', 'ЗАО "Ефрем"', 'efremova@efrem.zagn.ru', '+99211234565', 'ул. Горького, д. 32', 'Новосибирск', 'Россия', '630101'),
(140, 'Игорь', 'Бычков', 'ООО "Бычков"', 'bychkov@bullrus.ru', '+99311234566', 'ул. Ленина, д. 18', 'Старый Оскол', 'Россия', '309501'),
(141, 'Татьяна', 'Зиновьев', 'ЗАО "ЗиновьевСтрой"', 'zinoviev@zinov.ru', '+99411234567', 'ул. Советская, д. 22', 'Саратов', 'Россия', '410071'),
(142, 'Кирилл', 'Васильев', 'ИП "Васильев"', 'vasiliev@vasilru.ru', '+99511234568', 'ул. Ленина, д. 9', 'Сочи', 'Россия', '354051'),
(143, 'Светлана', 'Рощина', 'АО "РощинаГрупп"', 'roshcina@grp.ru', '+99611234569', 'ул. Октябрьская, д. 11', 'Новокузнецк', 'Россия', '654041'),
(144, 'Лариса', 'Голубева', 'ООО "Голубев"', 'golubeva@golub.ru', '+99711234560', 'ул. Тверская, д. 15', 'Братск', 'Россия', '665710'),
(145, 'Игорь', 'Болдырев', 'ЗАО "Болдырев"', 'boldyrev@bolru.ru', '+99811234561', 'ул. Ленина, д. 24', 'Челябинск', 'Россия', '454021'),
(146, 'Марина', 'Шапиро', 'АО "Шапиро"', 'shapiro@shapiroru.ru', '+99911234562', 'ул. Советская, д. 10', 'Брянск', 'Россия', '241000'),
(147, 'Андрей', 'Цветков', 'ИП "Цветков"', 'cvetkov@cvet.ru', '+99111234563', 'ул. Ленина, д. 33', 'Муром', 'Россия', '602261'),
(148, 'Надежда', 'Вяткина', 'ООО "Вятки и Ко"', 'vyatkina@vyatco.ru', '+99211234564', 'ул. Пушкина, д. 1', 'Саранск', 'Россия', '430021'),
(149, 'Валерий', 'Любимова', 'ЗАО "Любимов и Партнеры"', 'lubimova@lubru.ru', '+99311234565', 'ул. Горького, д. 5', 'Липецк', 'Россия', '398034'),
(150, 'Ирина', 'Кулагина', 'АО "Кулагина"', 'kulagina@kula.ru', '+99411234566', 'ул. Ленина, д. 14', 'Тула', 'Россия', '300062'),
(151, 'Леонид', 'Гребешкова', 'ООO "Гребешкова"', 'grebeshkov@grebru.ru', '+99511234567', 'ул. Советская, д. 8', 'Владимир', 'Россия', '600019'),
(152, 'Мария', 'Токарева', 'ЗАО "Токарев и Ко"', 'tokareva@tokru.ru', '+99611234568', 'ул. Ленина, д. 6', 'Иваново', 'Россия', '153021'),
(153, 'Николай', 'Фокин', 'АО "Фокин"', 'fokin@fokru.ru', '+99711234569', 'ул. Московская, д. 12', 'Кемерово', 'Россия', '650066'),
(154, 'Оксана', 'Бурцева', 'OOO "Бурцева Инвест"', 'burtseva@buhru.ru', '+99811234560', 'ул. Горького, д. 31', 'Казань', 'Россия', '420032'),
(155, 'Сергей', 'Головин', 'ИП "Головин и К"', 'golovin@gol.ru', '+99911234561', 'ул. Ленина, д. 20', 'Ярославль', 'Россия', '150012'),
(156, 'Роман', 'Федулова', 'АО "Федулова и Ко"', 'fedulova@fedul.ru', '+99111234562', 'ул. Чапаева, д. 7', 'Волжский', 'Россия', '404118'),
(157, 'Ольга', 'Кабанова', 'ЗАО "КабановаГрупп"', 'kabanova@kbngroup.ru', '+99211234563', 'ул. Чехова, д. 8', 'Петропавловск', 'Россия', '683051'),
(158, 'Марина', 'Островская', 'ООO "Островская и Ко"', 'ostrovskaya@ostrovru.ru', '+99311234564', 'ул. Ленина, д. 10', 'Нальчик', 'Россия', '360004'),
(159, 'Павел', 'Царев', 'АО "Царев Строй"', 'carev@carev.ru', '+99411234565', 'пр. Космонавтов, д. 3', 'Тамбов', 'Россия', '392026'),
(160, 'Виталий', 'Игнатова', 'ООO "Игнатова"', 'ignatova@lig.ru', '+99511234566', 'ул. Тверская, д. 27', 'Новосибирск', 'Россия', '630049'),
(161, 'Мария', 'Горячев', 'ИП "Горячева и Со"', 'goryachev@goryar.ru', '+99611234567', 'ул. Пушкина, д. 29', 'Тверь', 'Россия', '170020'),
(162, 'Роман', 'Ковалёв', 'ЗАО "Ковалев"', 'kovalev@kov.ru', '+99711234568', 'ул. Ленина, д. 7', 'Красноярск', 'Россия', '660045'),
(163, 'Полина', 'Давыденко', 'АО "Давы и Партнеры"', 'davydenko@davpart.ru', '+99811234569', 'ул. Горького, д. 5', 'Архангельск', 'Россия', '163035'),
(164, 'Даниил', 'Третьяков', 'ООO "Третьяков"', 'tretyakov@trty.ru', '+99911234560', 'ул. Ленина, д. 26', 'Кострома', 'Россия', '156005'),
(165, 'Анна', 'Панина', 'ИП "Панина и К"', 'panina@panina.ru', '+99111234561', 'ул. Чехова, д. 18', 'Томск', 'Россия', '634042'),
(166, 'Василий', 'Смирнова', 'ЗАО "Смирнова"', 'smirnova@smir.ru', '+99211234562', 'пр. Ленина, д. 28', 'Саров', 'Россия', '607186'),
(167, 'Наталия', 'Лазарев', 'ООO "Лазарев и Ко"', 'lazarev@laza.ru', '+99311234563', 'ул. Тверская, д. 14', 'Барнаул', 'Россия', '656010'),
(168, 'Валерий', 'Архипова', 'ИП "Архипова и со"', 'arkhipova@arkru.ru', '+99411234564', 'ул. Красная, д. 11', 'Калуга', 'Россия', '248021'),
(169, 'Алексей', 'Веселова', 'АО "Веселова"', 'veselova@vesel.ru', '+99511234565', 'ул. Ленина, д. 15', 'Петрозаводск', 'Россия', '185005'),
(170, 'Ирина', 'Белякова', 'ООO "БелякСтрой"', 'belyakova@belstr.ru', '+99611234566', 'ул. Комсомольская, д. 18', 'Ульяновск', 'Россия', '432036'),
(171, 'Матвей', 'Григорьева', 'ЗАО "Григорьева"', 'grigorieva@grik.ru', '+99711234567', 'ул. Ленина, д. 18', 'Магнитогорск', 'Россия', '455008'),
(172, 'Тамара', 'Кудрявцева', 'АО "Кудривко"', 'kudryavtseva@kudr.ru', '+99811234568', 'ул. Тверская, д. 27', 'Липецк', 'Россия', '398024'),
(173, 'Эдуард', 'Лебедева', 'ООO "Лебеди и Ко"', 'lebedeva@leb.ru', '+99911234569', 'ул. Советская, д. 20', 'Бийск', 'Россия', '659300'),
(174, 'Марина', 'Ковалева', 'ИП "Ковали и партнеры"', 'kovaleva@kov.ru', '+99111234560', 'ул. Карла Маркса, д. 6', 'Иркутск', 'Россия', '664003'),
(175, 'Георгий', 'Воронков', 'АО "Воронков"', 'voronkov@vor.ru', '+99211234561', 'ул. Ленина, д. 23', 'Саранск', 'Россия', '430007'),
(176, 'Вероника', 'Гдекаева', 'ООO "Гдекаева и Со"', 'gdekaeva@gdeka.ru', '+99311234562', 'пр. Ленина, д. 19', 'Мелеуз', 'Россия', '453850'),
(177, 'Илья', 'Арзамасова', 'ЗАО "Арзамас"', 'arzamasov@arza.ru', '+99411234563', 'ул. Красная, д. 15', 'Казань', 'Россия', '420107'),
(178, 'Вадим', 'Зуева', 'АО "Зуева и Ко"', 'zueva@zuko.ru', '+99511234564', 'ул. Тверская, д. 10', 'Томск', 'Россия', '634040'),
(179, 'Марина', 'Наземнова', 'ИП "Наземов"', 'nazemnova@nazem.ru', '+99611234565', 'ул. Ленина, д. 14', 'Пенза', 'Россия', '440026'),
(180, 'Артур', 'Чижов', 'ООO "Чижов и Братья"', 'chizhov@chiz.ru', '+99711234566', 'ул. Московская, д. 27', 'Ярославль', 'Россия', '150019'),
(181, 'Алина', 'Горбачев', 'ЗАО "Горбачев и Ко"', 'gorbachev@gb.ru', '+99811234567', 'ул. Комсомольская, д. 29', 'Сочи', 'Россия', '354065'),
(182, 'Диана', 'Турчина', 'АО "ТурЧ. и Партнеры"', 'turchina@tp.ru', '+99911234568', 'ул. Чехова, д. 22', 'Санкт-Петербург', 'Россия', '197101'),
(183, 'Елизавета', 'Кузьмина', 'ООO "Кузьмина"', 'kuzmina@kuzi.ru', '+99111234569', 'ул. Тверская, д. 8', 'Уфа', 'Россия', '450078'),
(184, 'Фёдор', 'Горин', 'ИП "Горин и Со"', 'gorin@gori.ru', '+99211234560', 'ул. Ленина, д. 19', 'Хабаровск', 'Россия', '680051'),
(185, 'Сергей', 'Дашков', 'АО "Дашкова и Ко"', 'dashkov@dash.ru', '+99311234561', 'ул. Московская, д. 24', 'Петрозаводск', 'Россия', '185011'),
(186, 'Ольга', 'Долгополов', 'OOO "Долгополов и Братья"', 'dolgopolov@dlgr.ru', '+99411234562', 'ул. Советская, д. 5', 'Коломна', 'Россия', '140407'),
(187, 'Максим', 'Щапов', 'ИП "Щапов и Ко"', 'schapov@chap.ru', '+99511234563', 'ул. Ленина, д. 11', 'Саранск', 'Россия', '430031'),
(188, 'Вера', 'Журавлев', 'АО "Журавли"', 'juravlev@valoraddeture.ru', '+99611234564', 'пр. Ленина, д. 24', 'Новосибирск', 'Россия', '630017'),
(189, 'Валентин', 'Селезнёв', 'ООO "Селезнёв и Co"', 'seleznyov@seznam.ru', '+99711234565', 'ул. Октябрьская, д. 20', 'Нижний Новгород', 'Россия', '603035'),
(190, 'Вадим', 'Чернов', 'ЗАО "Чернов и Партнеры"', 'chernov@cherv.ru', '+99811234566', 'ул. Московская, д. 9', 'Люберцы', 'Россия', '140013'),
(191, 'Наталия', 'Кулакова', 'АО "Кулакова и Ко"', 'kulakova@kul.ru', '+99911234567', 'ул. Чехова, д. 29', 'Киров', 'Россия', '610047'),
(192, 'Юрий', 'Морозова', 'ООO "Морозов и Ко"', 'morozova@morozov.ru', '+99111234568', 'ул. Кирова, д. 23', 'Екатеринбург', 'Россия', '620077'),
(193, 'Зоя', 'Золотарев', 'ЗАО "ЗолотарьGroup"', 'zolotarev@zoogru.ru', '+99211234569', 'ул. Ленина, д. 34', 'Пермь', 'Россия', '614045'),
(194, 'Максим', 'Шилова', 'ИП "Шилова и Со"', 'shilova@sile.ru', '+99311234560', 'ул. Московская, д. 2', 'Смоленск', 'Россия', '214011'),
(195, 'Валерия', 'Гусакова', 'АО "Гусакова и Партнеры"', 'gusakova@gu.ru', '+99411234561', 'ул. Ленина, д. 9', 'Тула', 'Россия', '300003'),
(196, 'Марина', 'Никифорова', 'ООO "Никифорова Инвест"', 'nikiforova@nik.ru', '+99511234562', 'ул. Горького, д. 7', 'Братск', 'Россия', '665700'),
(197, 'Алексей', 'Колосова', 'ЗАО "Колосова"', 'kolosova@kol.ru', '+99611234563', 'ул. Чехова, д. 25', 'Санкт-Петербург', 'Россия', '198148'),
(198, 'Игорь', 'Новиков', 'ИП "Новик"', 'novikov@new.ru', '+99711234564', 'ул. Тверская, д. 20', 'Волгоград', 'Россия', '400002'),
(199, 'Елена', 'Негребецкий', 'ООO "Негребецкий и Братья"', 'negrebecki@neg.ru', '+99811234565', 'ул. Пушкина, д. 18', 'Сургут', 'Россия', '628416'),
(200, 'Евгений', 'Панов', 'ИП "Панов и Со"', 'panov@pano.ru', '+99911234566', 'ул. Советская, д. 13', 'Сарапул', 'Россия', '427950'),
(201, 'Александр', 'Пахомов', 'ООО "Пахомов и партнёры"', 'pakhomov@partners.ru', '+90021234567', 'ул. Тверская, д. 10', 'Москва', 'Россия', '101001'),
(202, 'Екатерина', 'Комарова', 'ЗАО "КомСтрой"', 'komarova@komstroy.ru', '+90021234568', 'ул. Советская, д. 5', 'Липецк', 'Россия', '398020'),
(203, 'Денис', 'Андреев', 'АО "Андреев и Ко"', 'andreev@andko.ru', '+90021234569', 'ул. Карла Маркса, д. 12', 'Рязань', 'Россия', '390029'),
(204, 'Полина', 'Веслова', 'ООО "Весёлый Дом"', 'veslova@veselydom.ru', '+90121234560', 'ул. Ленина, д. 16', 'Саратов', 'Россия', '410056'),
(205, 'Игорь', 'Белкин', 'ИП "Белкин и партнеры"', 'belkin@partners.ru', '+90121234561', 'ул. Пушкина, д. 8', 'Тверь', 'Россия', '170010'),
(206, 'Светлана', 'Шестакова', 'АО "Шестакова Инвест"', 'shestakova@invest.ru', '+90121234562', 'ул. Горького, д. 14', 'Кострома', 'Россия', '156006'),
(207, 'Ольга', 'Николаева', 'ЗАО "Никол Инвест"', 'nikolaeva@nikol.ru', '+90121234563', 'пр. Ленина, д. 11', 'Ярославль', 'Россия', '150044'),
(208, 'Максим', 'Соловьёв', 'ООО "Соловьёв Групп"', 'soloviev@solgrp.ru', '+90121234564', 'ул. Московская, д. 17', 'Томск', 'Россия', '634010'),
(209, 'Юлия', 'Ершова', 'АО "Ершов и Партнёры"', 'ershova@yershov.ru', '+90121234565', 'ул. Чехова, д. 23', 'Пермь', 'Россия', '614022'),
(210, 'Владимир', 'Федотов', 'ИП "Федотов и Ко"', 'fedotov@fedot.ru', '+90121234566', 'ул. Тверская, д. 4', 'Сочи', 'Россия', '354063'),
(211, 'Наталия', 'Афанасьева', 'ЗАО "АфанасьевСтрой"', 'afanasyeva@afanstroy.ru', '+90221234567', 'ул. Советская, д. 20', 'Тамбов', 'Россия', '392000'),
(212, 'Павел', 'Зайцев', 'ООО "Зайцев Групп"', 'zaytsev@zaytsev.ru', '+90221234568', 'пр. Ленина, д. 25', 'Красноярск', 'Россия', '660017'),
(213, 'Елизавета', 'Тарасова', 'АО "Тарасов и Ко"', 'tarasova@tasko.ru', '+90221234569', 'ул. Карла Маркса, д. 9', 'Иркутск', 'Россия', '664033'),
(214, 'Виктор', 'Куликов', 'ЗАО "КуликовСтрой"', 'kulikov@kulistr.ru', '+90221234560', 'ул. Пушкина, д. 25', 'Сургут', 'Россия', '628403'),
(215, 'Олеся', 'Медведева', 'ООО "Медведев Инвест"', 'medvedeva@medved.ru', '+90221234561', 'ул. Горького, д. 2', 'Владикавказ', 'Россия', '362015'),
(216, 'Анна', 'Воронцова', 'АО "Воронцов и Компания"', 'vorontsova@vonco.ru', '+90221234562', 'ул. Ленина, д. 31', 'Волгоград', 'Россия', '400074'),
(217, 'Алексей', 'Журавлёв', 'ЗАО "Журавль"', 'zhuravlyov@zhuru.ru', '+90321234563', 'ул. Тверская, д. 19', 'Нижний Новгород', 'Россия', '603028'),
(218, 'Марина', 'Капустина', 'ООО "Капустина и Ко"', 'kapustina@kapus.ru', '+90321234564', 'ул. Советская, д. 3', 'Южно-Сахалинск', 'Россия', '693023'),
(219, 'Степан', 'Новиков', 'АО "НовиковСтрой"', 'novikov@novstroy.ru', '+90321234565', 'пр. Ленина, д. 21', 'Пенза', 'Россия', '440066'),
(220, 'Кристина', 'Петрова', 'ЗАО "Петров и Партнеры"', 'petrova@petrov.ru', '+90321234566', 'ул. Карла Маркса, д. 27', 'Тула', 'Россия', '300001'),
(221, 'Андрей', 'Михайлов', 'ООО "Михайлов и Ко"', 'mikhailov@mikh.ru', '+90421234567', 'ул. Тверская, д. 11', 'Петрозаводск', 'Россия', '185019'),
(222, 'Дарья', 'Егорова', 'АО "Егорова и Партнеры"', 'egorova@egorovas.ru', '+90421234568', 'ул. Чехова, д. 12', 'Липецк', 'Россия', '398014'),
(223, 'Виталий', 'Григорьев', 'ЗАО "Григория"', 'grigoryev@grig.ru', '+90421234569', 'ул. Московская, д. 15', 'Магнитогорск', 'Россия', '455000'),
(224, 'Евгений', 'Панфилов', 'ООО "Панфилов и Ко"', 'panfilov@panfil.ru', '+90421234560', 'ул. Пушкина, д. 10', 'Сызрань', 'Россия', '446028'),
(225, 'Алина', 'Лебедева', 'АО "Лебедева и Ко"', 'lebedeva@leb.ru', '+90421234561', 'ул. Горького, д. 14', 'Киров', 'Россия', '610047'),
(226, 'Дмитрий', 'Киселёв', 'ЗАО "Киселев и Партнеры"', 'kiselev@kiselev.ru', '+90421234562', 'ул. Ленина, д. 8', 'Сочи', 'Россия', '354012'),
(227, 'Людмила', 'Ушакова', 'ООО "Ушакова и Ко"', 'ushakova@ushk.ru', '+90521234563', 'ул. Карла Маркса, д. 18', 'Каменск-Уральский', 'Россия', '623400'),
(228, 'Иван', 'Овчинников', 'АО "Овчинников и Партнеры"', 'ovchinnikov@ovch.ru', '+90521234564', 'пр. Ленина, д. 19', 'Уфа', 'Россия', '450021'),
(229, 'Екатерина', 'Васильева', 'ЗАО "Васильева Инвест"', 'vasileva@basilev.ru', '+90521234565', 'ул. Тверская, д. 6', 'Смоленск', 'Россия', '214007'),
(230, 'Максим', 'Белов', 'ООО "Белый Дом"', 'belov@beliydom.ru', '+90521234566', 'ул. Советская, д. 14', 'Брянск', 'Россия', '241050'),
(231, 'Дарья', 'Тебенькова', 'АО "Тебенькова Строй"', 'tebenkova@tybens.ru', '+90621234567', 'ул. Ленина, д. 22', 'Барнаул', 'Россия', '656049'),
(232, 'Вадим', 'Данилов', 'ИП "Данилов и Ко"', 'danilov@danru.ru', '+90621234568', 'ул. Горького, д. 1', 'Кемерово', 'Россия', '650021'),
(233, 'Тимур', 'Орлов', 'ЗАО "Орлов и Партнеры"', 'orlov@orl.ru', '+90621234569', 'ул. Пушкина, д. 4', 'Люберцы', 'Россия', '140007'),
(234, 'Светлана', 'Короткова', 'ООО "Короткова и Ко"', 'korotkova@korotkove.ru', '+90621234560', 'ул. Чехова, д. 7', 'Новокузнецк', 'Россия', '654041'),
(235, 'Арсений', 'Белов', 'АО "Белый Город"', 'belov@white.ru', '+90621234561', 'пр. Ленина, д. 5', 'Великий Новгород', 'Россия', '173000'),
(236, 'Маргарита', 'Лаврова', 'ЗАО "Лавров и Ко"', 'lavrov@lav.ru', '+90621234562', 'ул. Советская, д. 19', 'Норильск', 'Россия', '663301'),
(237, 'Ярослав', 'Павлов', 'ИП "Павлов и Партнеры"', 'pavlov@pavl.ru', '+90721234563', 'ул. Ленина, д. 15', 'Казань', 'Россия', '420032'),
(238, 'Ангелина', 'Рожкова', 'ООО "Рожков и Ко"', 'rozhkova@rozko.ru', '+90721234564', 'ул. Тверская, д. 23', 'Ульяновск', 'Россия', '432063'),
(239, 'Леонид', 'Кузнецов', 'ЗАО "Кузнец и Партнеры"', 'kuznetsov@kuznpar.ru', '+90721234565', 'ул. Карла Маркса, д. 22', 'Калуга', 'Россия', '248025'),
(240, 'Виктор', 'Веселов', 'АО "Веселый Бизнес"', 'veselov@business.ru', '+90721234566', 'ул. Ленина, д. 29', 'Петропавловск-Камчатский', 'Россия', '683921'),
(241, 'Ольга', 'Зайцева', 'ООО "Зайцев Дом"', 'zaytseva@zaydom.ru', '+90821234567', 'ул. Советская, д. 7', 'Красноярск', 'Россия', '660060'),
(242, 'Алексей', 'Виноградов', 'ЗАО "Виноградов и Ко"', 'vinogradov@vinogr.ru', '+90821234568', 'ул. Тверская, д. 9', 'Воронеж', 'Россия', '394036'),
(243, 'Юлия', 'Суханова', 'АО "Суханов и Партнеры"', 'sukhanova@suhanov.ru', '+90821234569', 'ул. Ленина, д. 3', 'Киров', 'Россия', '610017'),
(244, 'Илья', 'Гусев', 'ООО "Гусев и Ко"', 'gusev@gusko.ru', '+90821234560', 'ул. Чехова, д. 14', 'Ярославль', 'Россия', '150020'),
(245, 'Жанна', 'Пономарева', 'ЗАО "ПономаревСтрой"', 'ponomareva@ponom.ru', '+90821234561', 'ул. Московская, д. 13', 'Самара', 'Россия', '443013'),
(246, 'Виктория', 'Киселёва', 'АО "Киселев Инвест"', 'kiseleva@kiseli.ru', '+90921234562', 'ул. Ленина, д. 26', 'Томск', 'Россия', '634053'),
(247, 'Иван', 'Ефремов', 'ООО "Ефремов и Партнеры"', 'efremov@efre.ru', '+90921234563', 'ул. Горького, д. 10', 'Липецк', 'Россия', '398055'),
(248, 'Елизавета', 'Селиверстова', 'ЗАО "Селиверстов и Ко"', 'seliverstova@seli.ru', '+90921234564', 'ул. Карла Маркса, д. 16', 'Воронеж', 'Россия', '394009'),
(249, 'Владимир', 'Тимофеев', 'АО "Тимофеев и партнёры"', 'timofeev@timo.ru', '+90921234565', 'ул. Московская, д. 21', 'Благовещенск', 'Россия', '675000'),
(250, 'Ксения', 'Фролова', 'ООО "Фролов и Ко"', 'frolova@frol.ru', '+90921234566', 'ул. Советская, д. 28', 'Новокузнецк', 'Россия', '654034'),
(251, 'Данил', 'Щербаков', 'ЗАО "Щербаков Групп"', 'shcherbakov@yermakov.ru', '+91021234567', 'ул. Тверская, д. 12', 'Казань', 'Россия', '420015'),
(252, 'Олеся', 'Исаева', 'АО "Исаев и Партнеры"', 'isaeva@isae.ru', '+91021234568', 'ул. Ленина, д. 5', 'Кострома', 'Россия', '156010'),
(253, 'Антон', 'Чернов', 'ООО "Чернов и Ко"', 'chernov@chern.ru', '+91021234569', 'ул. Карла Маркса, д. 25', 'Красноярск', 'Россия', '660001'),
(254, 'Анна', 'Игнатова', 'ЗАО "ИгнатовСтрой"', 'ignatova@ignes.ru', '+91021234560', 'ул. Горького, д. 21', 'Челябинск', 'Россия', '454017'),
(255, 'Иван', 'Мельников', 'ООО "Мельник и Ко"', 'melnikov@melko.ru', '+91021234561', 'ул. Советская, д. 30', 'Рязань', 'Россия', '390040'),
(256, 'Эдуард', 'Петухов', 'АО "Петухов и Ко"', 'petukhov@pety.ru', '+91121234562', 'ул. Ленина, д. 18', 'Псков', 'Россия', '180017'),
(257, 'Олег', 'Фёдоров', 'ЗАО "Фёдоров и Партнеры"', 'fedorov@fed.ru', '+91121234563', 'пр. Ленина, д. 8', 'Москва', 'Россия', '101000'),
(258, 'Вера', 'Тихонова', 'АО "Тихонов и Ко"', 'tikhonova@tihko.ru', '+91121234564', 'ул. Московская, д. 4', 'Уфа', 'Россия', '450000'),
(259, 'Марина', 'Сидорова', 'ООО "Сидоров и Партнеры"', 'sidorova@sidor.ru', '+91121234565', 'ул. Тверская, д. 20', 'Чебоксары', 'Россия', '428000'),
(260, 'Степан', 'Антонов', 'ЗАО "Антонов Групп"', 'antonov@anto.ru', '+91121234566', 'ул. Пушкина, д. 31', 'Липецк', 'Россия', '398046'),
(261, 'Михаил', 'Филиппов', 'ООО "Филипп и Ко"', 'filippov@filiv.ru', '+91221234567', 'ул. Карла Маркса, д. 9', 'Екатеринбург', 'Россия', '620034'),
(262, 'Андрей', 'Баранов', 'АО "Баранов и Партнеры"', 'baranov@barn.ru', '+91221234568', 'ул. Советская, д. 24', 'Саранск', 'Россия', '430070'),
(263, 'Ирина', 'Громова', 'ЗАО "Громов и Ко"', 'gromova@gromko.ru', '+91221234569', 'ул. Горького, д. 16', 'Белгород', 'Россия', '308000'),
(264, 'Александра', 'Демина', 'ООО "Демин Групп"', 'demina@nem.ru', '+91221234560', 'пр. Ленина, д. 14', 'Иркутск', 'Россия', '664003'),
(265, 'Сергей', 'Александров', 'АО "Александровские"', 'alexandrov@ales.ru', '+91221234561', 'ул. Тверская, д. 25', 'Тольятти', 'Россия', '445000'),
(266, 'Кирилл', 'Павлов', 'ЗАО "Павлов и Ко"', 'pavlov@pavk.ru', '+91221234562', 'ул. Чапаева, д. 1', 'Киров', 'Россия', '610018'),
(267, 'Елизавета', 'Белоусова', 'ООО "Белоусов и Ко"', 'belousova@belous.ru', '+91321234563', 'ул. Ленина, д. 13', 'Астрахань', 'Россия', '414000'),
(268, 'Павел', 'Смирнов', 'ЗАО "Смирнов и Ко"', 'smirnov@smir.ru', '+91321234564', 'ул. Советская, д. 19', 'Владивосток', 'Россия', '690000'),
(269, 'Эльвира', 'Гончарова', 'АО "Гончаров и Партнеры"', 'goncharova@goncha.ru', '+91321234565', 'пр. Ленина, д. 20', 'Челябинск', 'Россия', '454080'),
(270, 'Наталья', 'Соловьева', 'ООО "Соловьев и Ко"', 'solovyova@solo.ru', '+91321234566', 'ул. Горького, д. 5', 'Улан-Удэ', 'Россия', '670000'),
(271, 'Дмитрий', 'Зайцев', 'ЗАО "Зайцев и и Ко"', 'zaitsev@za.ru', '+91421234567', 'ул. Карла Маркса, д. 11', 'Москва', 'Россия', '101000'),
(272, 'Дарья', 'Климова', 'АО "Климов и Партнеры"', 'klimova@klimo.ru', '+91421234568', 'ул. Чехова, д. 22', 'Екатеринбург', 'Россия', '620000'),
(273, 'Айрат', 'Голубев', 'ООО "Голубев и Ко"', 'golubev@golu.ru', '+91421234569', 'ул. Тверская, д. 17', 'Санкт-Петербург', 'Россия', '190000'),
(274, 'Олег', 'Черкасов', 'ЗАО "Черкасов Инвест"', 'cherkasov@cher.ru', '+91421234560', 'ул. Ленина, д. 8', 'Омск', 'Россия', '644000'),
(275, 'Марина', 'Евсеева', 'АО "Евсеев и Ко"', 'evseeva@evs.ru', '+91421234561', 'ул. Горького, д. 19', 'Воронеж', 'Россия', '394000'),
(276, 'Екатерина', 'Шершова', 'ООО "Шершов и ко"', 'shershova@shers.ru', '+91421234562', 'ул. Советская, д. 12', 'Калуга', 'Россия', '248000'),
(277, 'АЛЁна', 'Жукова', 'ЗАО "Жуков"', 'zhukova@zhuk.ru', '+91521234563', 'ул. Ленина, д. 20', 'Вологда', 'Россия', '160000'),
(278, 'Тимофей', 'Кузьмин', 'АО "КузьминСтрой"', 'kuzmin@kuzstr.ru', '+91521234564', 'ул. Чехова, д. 1', 'Череповец', 'Россия', '162600'),
(279, 'Дина', 'Петрова', 'ООО "ПетровоСтрой"', 'petrova@ps.ru', '+91521234565', 'ул. Ленина, д. 15', 'Петрозаводск', 'Россия', '185014'),
(280, 'Юлия', 'Маслова', 'АО "Маслов Инвест"', 'maslova@mass.ru', '+91521234566', 'ул. Карла Маркса, д. 1', 'Тюмень', 'Россия', '625000'),
(281, 'Владлена', 'Иванова', 'ИП "Иванова и Ко"', 'ivanova@ivans.ru', '+91621234567', 'ул. Ленина, д. 3', 'Самара', 'Россия', '443000'),
(282, 'Евдокия', 'Овчинникова', 'ЗАО "Овчинников и Ко"', 'ovchinnikova@ovch.ru', '+91621234568', 'ул. Советская, д. 9', 'Хабаровск', 'Россия', '680000'),
(283, 'Макар', 'Миронов', 'ООО "Миронов и Партнеры"', 'mironov@mi.ru', '+91621234569', 'ул. Горького, д. 20', 'Барнаул', 'Россия', '656000'),
(284, 'Инна', 'Кирилова', 'АО "Кирилова Инвест"', 'kirilova@kirilo.ru', '+91621234560', 'ул. Тверская, д. 6', 'Туапсе', 'Россия', '352800'),
(285, 'Константин', 'Тимофеев', 'ООО "Тимофеев Групп"', 'timofeev@tim.ru', '+91621234561', 'ул. Ленина, д. 7', 'Белгород', 'Россия', '308000'),
(286, 'Александра', 'Савельева', 'ЗАО "Савельев"', 'savelieva@sav.ru', '+91621234562', 'ул. Советская, д. 2', 'Новосибирск', 'Россия', '630000'),
(287, 'Василиса', 'Жигунова', 'ИП "Жигунова и Ко"', 'zhigunova@zhig.ru', '+91721234563', 'ул. Московская, д. 17', 'Севастополь', 'Россия', '299011'),
(288, 'Евгений', 'Суслов', 'ООО "Суслов и Партнеры"', 'suslov@suslo.ru', '+91721234564', 'ул. Ленина, д. 5', 'Подольск', 'Россия', '142100'),
(289, 'Маргарита', 'Минаева', 'ЗАО "Минаев и Ко"', 'minaieva@mina.ru', '+91721234565', 'ул. Карла Маркса, д. 24', 'Белгород', 'Россия', '308000'),
(290, 'Игнат', 'Аксенов', 'АО "Аксенов"', 'axsenov@axe.ru', '+91721234566', 'ул. Тверская, д. 18', 'Нижний Новгород', 'Россия', '603000'),
(291, 'Арина', 'Семенова', 'ООО "Семенов и Ко"', 'semenova@semen.ru', '+91821234567', 'ул. Ленина, д. 19', 'Киров', 'Россия', '610000'),
(292, 'Леон', 'Гайнуллин', 'ЗАО "Гайнуллин и Ко"', 'gainullin@gain.ru', '+91821234568', 'ул. Горького, д. 27', 'Курган', 'Россия', '640000'),
(293, 'Ксения', 'Капустина', 'АО "Капустин"', 'kapustina@kapust.ru', '+91821234569', 'ул. Карла Маркса, д. 12', 'Ульяновск', 'Россия', '432000'),
(294, 'Виктория', 'Самсонова', 'ООО "Самсонова и Ко"', 'samsonova@samso.ru', '+91821234560', 'ул. Советская, д. 17', 'Куйбышев', 'Россия', '446200'),
(295, 'Екатерина', 'Давыдова', 'ЗАО "Давыдова и Партнеры"', 'davyadova@dav.ru', '+91821234561', 'ул. Тверская, д. 9', 'Рязань', 'Россия', '390000'),
(296, 'Руслан', 'Долгов', 'ООО "Долгов и Партнеры"', 'dolgova@dolg.ru', '+91821234562', 'пр. Ленина, д. 10', 'Казань', 'Россия', '420000'),
(297, 'Татьяна', 'Зубкова', 'АО "Зубков"', 'zubkova@zub.ru', '+91821234563', 'ул. Горького, д. 12', 'СВалуйки', 'Россия', '309990'),
(298, 'Валентина', 'Лешкова', 'ЗАО "Лешков и Партнеры"', 'leshkovі@le.ru', '+91921234564', 'ул. Советская, д. 15', 'Волоколамск', 'Россия', '143600'),
(299, 'Дарина', 'Соколова', 'ООО "Соколов и Ко"', 'sokolova@sok.ru', '+91921234565', 'ул. Московская, д. 20', 'Наро-Фоминск', 'Россия', '143300'),
(300, 'Евгения', 'Вакула', 'АО "Вакула"', 'vakula@vaa.ru', '+91921234566', 'ул. Тверская, д. 11', 'Губкин', 'Россия', '309180'),
(301, 'Татьяна', 'Зотова', 'ООО "Зотова и Партнеры"', 'zotova@zotov.ru', '+92021234567', 'ул. Ленина, д. 12', 'Астрахань', 'Россия', '414000'),
(302, 'Денис', 'Сорокин', 'АО "СорокинСтрой"', 'sorokin@sorok.ru', '+92021234568', 'ул. Пушкина, д. 6', 'Тюмень', 'Россия', '625000'),
(303, 'Светлана', 'Григорьева', 'ЗАО "Григ Групп"', 'grigorieva@grig.ru', '+92021234569', 'ул. Московская, д. 15', 'Новосибирск', 'Россия', '630000'),
(304, 'Владимир', 'Исаев', 'ООО "Исаев Инвест"', 'isaev@is.ru', '+92121234560', 'ул. Тверская, д. 4', 'Казань', 'Россия', '420000'),
(305, 'Екатерина', 'Шилова', 'АО "Шилова и Ко"', 'shilova@shilova.ru', '+92121234561', 'ул. Чехова, д. 7', 'Пермь', 'Россия', '614000'),
(306, 'Андрей', 'Баранов', 'ЗАО "БарановСтрой"', 'baranov@bar.ru', '+92121234562', 'ул. Ленина, д. 10', 'Ярославль', 'Россия', '150000'),
(307, 'Людмила', 'Селиверстова', 'ООО "СелСтрой"', 'seliverstova@sel.ru', '+92121234563', 'ул. Советская, д. 9', 'Иркутск', 'Россия', '664000'),
(308, 'Сергей', 'Никитин', 'АО "Никитин и Ко"', 'nikitin@nik.ru', '+92121234564', 'ул. Пушкина, д. 11', 'Саратов', 'Россия', '410000'),
(309, 'Ольга', 'Рязанцева', 'ЗАО "РязаньГрупп"', 'ryazantseva@rya.ru', '+92121234565', 'ул. Карла Маркса, д. 14', 'Тула', 'Россия', '300000'),
(310, 'Игорь', 'Калашников', 'ООО "Калашников Строй"', 'kalashnikov@kal.ru', '+92121234566', 'ул. Горького, д. 3', 'Сочи', 'Россия', '354000'),
(311, 'Марина', 'Кузнецова', 'АО "Кузнецова и Партнеры"', 'kuznetsova@kuz.ru', '+92221234567', 'ул. Ленина, д. 23', 'Омск', 'Россия', '644000'),
(312, 'Алексей', 'Федотов', 'ЗАО "Федотов и Ко"', 'fedotov@fed.ru', '+92221234568', 'ул. Тверская, д. 29', 'Ульяновск', 'Россия', '432000'),
(313, 'Елена', 'Попова', 'ООО "ПопСтрой"', 'popova@pop.ru', '+92221234569', 'ул. Московская, д. 16', 'Калуга', 'Россия', '248000'),
(314, 'Роман', 'Морозов', 'АО "Морозов Инвест"', 'morozov@mor.ru', '+92221234560', 'ул. Чехова, д. 21', 'Кемерово', 'Россия', '650000'),
(315, 'Анна', 'Соловьёва', 'ЗАО "Соловьева и Ко"', 'soloveva@sol.ru', '+92221234561', 'ул. Карла Маркса, д. 5', 'Ставрополь', 'Россия', '355000'),
(316, 'Вера', 'Турова', 'ООО "Туров Групп"', 'turova@tur.ru', '+92221234562', 'ул. Горького, д. 7', 'Киров', 'Россия', '610000'),
(317, 'Артем', 'Грушин', 'АО "Грушин и Партнеры"', 'grushin@gru.ru', '+92221234563', 'ул. Советская, д. 27', 'Новокузнецк', 'Россия', '654000'),
(318, 'Кирилл', 'Мельников', 'ООО "МельниковСтрой"', 'melnikov@mel.ru', '+92221234564', 'ул. Ленина, д. 18', 'Уфа', 'Россия', '450000'),
(319, 'Дарья', 'Кошкина', 'АО "Кошкин Инвест"', 'koshkina@kos.ru', '+92221234565', 'ул. Пушкина, д. 13', 'Тверь', 'Россия', '170000'),
(320, 'Наталья', 'Гамова', 'ЗАО "Гамова и Ко"', 'gamova@gam.ru', '+92221234566', 'ул. Тверская, д. 22', 'Ижевск', 'Россия', '426000'),
(321, 'Максим', 'Павлов', 'ООО "Павлов и Ко"', 'pavlov@pav.ru', '+92321234567', 'ул. Чехова, д. 24', 'Петрозаводск', 'Россия', '185000'),
(322, 'Мария', 'Кирсанова', 'АО "Кирсанова и Партнеры"', 'kirsanova@kir.ru', '+92321234568', 'ул. Карла Маркса, д. 27', 'Кострома', 'Россия', '156000'),
(323, 'Станислав', 'Толстой', 'ЗАО "ТолстовСтрой"', 'tolstoy@tol.ru', '+92321234569', 'ул. Советская, д. 10', 'Тула', 'Россия', '300011'),
(324, 'Юлия', 'Евграфова', 'АО "Евграфова Инвест"', 'yevgrafova@yev.ru', '+92321234560', 'ул. Ленина, д. 16', 'Челябинск', 'Россия', '454000'),
(325, 'Олег', 'Ковалёв', 'ООО "Ковалёв и Ко"', 'kovalyov@kov.ru', '+92321234561', 'ул. Горького, д. 11', 'Саранск', 'Россия', '430000'),
(326, 'Злата', 'Игнатова', 'ЗАО "Игнатова и Партнеры"', 'ignatova@ign.ru', '+92321234562', 'ул. Тверская, д. 15', 'Архангельск', 'Россия', '163000'),
(327, 'Фёдор', 'Безруков', 'ООО "Безруков и Ко"', 'bezrukov@bez.ru', '+92321234563', 'ул. Чехова, д. 29', 'Пенза', 'Россия', '440000'),
(328, 'Нина', 'Прохорова', 'АО "ПрохоровСтрой"', 'prokhorova@pro.ru', '+92321234564', 'ул. Карла Маркса, д. 19', 'Сочи', 'Россия', '354000'),
(329, 'Евгений', 'Власов', 'ЗАО "Власов и Партнеры"', 'vlasov@vla.ru', '+92321234565', 'ул. Московская, д. 10', 'Владивосток', 'Россия', '690000'),
(330, 'Ирина', 'Подольская', 'ООО "Подоль Польза"', 'podolskaya@pod.ru', '+92321234566', 'ул. Ленина, д. 13', 'Тобольск', 'Россия', '626000'),
(331, 'Александр', 'Бирюков', 'АО "Бирюк Инвест"', 'biryukov@bir.ru', '+92421234567', 'ул. Советская, д. 6', 'Тюмень', 'Россия', '625000'),
(332, 'Лидия', 'Гусева', 'ЗАО "Гусев Строй"', 'guseva@gus.ru', '+92421234568', 'ул. Пушкина, д. 15', 'Пермь', 'Россия', '614000'),
(333, 'Виталий', 'Васильев', 'ООО "Васильев и Ко"', 'vasilyev@vas.ru', '+92421234569', 'ул. Горького, д. 19', 'Батайск', 'Россия', '346000'),
(334, 'Алиса', 'Шульгина', 'АО "Шульгина и Партнеры"', 'shulgina@shu.ru', '+92421234560', 'Ул. Тверская, д. 26', 'Карелия', 'Россия', '185000'),
(335, 'Михаил', 'Тихонов', 'ЗАО "ТихоновСтрой"', 'tikhonov@tih.ru', '+92421234561', 'ул. Карла Маркса, д. 20', 'Краснодар', 'Россия', '350000'),
(336, 'Вероника', 'Царькова', 'ООО "Царькова и Ко"', 'tsarkova@tsar.ru', '+92421234562', 'ул. Чехова, д. 17', 'Биробиджан', 'Россия', '679000'),
(337, 'Леонид', 'Давыдов', 'АО "Давыдов Плюс"', 'davyadov@dav.ru', '+92421234563', 'ул. Ленина, д. 22', 'Люберцы', 'Россия', '140000'),
(338, 'Оксана', 'Клементьев', 'ЗАО "Клементьев и Ко"', 'klementyev@kle.ru', '+92421234564', 'ул. Пушкина, д. 3', 'Махачкала', 'Россия', '367000'),
(339, 'Павел', 'Ларионов', 'ООО "ЛарионовИнвест"', 'larionov@lar.ru', '+92421234565', 'ул. Горького, д. 21', 'Орёл', 'Россия', '302000'),
(340, 'Екатерина', 'Маслова', 'АО "Маслов и Партнеры"', 'maslova@mas.ru', '+92421234566', 'ул. Тверская, д. 2', 'Новокузнецк', 'Россия', '654000'),
(341, 'Анна', 'Захарова', 'ООО "Захаров и Ко"', 'zaharova@zah.ru', '+92521234567', 'ул. Чехова, д. 18', 'Барнаул', 'Россия', '656000'),
(342, 'Вячеслав', 'Чижов', 'ЗАО "ЧижовСтрой"', 'chizhov@chi.ru', '+92521234568', 'ул. Карла Маркса, д. 13', 'Чебоксары', 'Россия', '428000'),
(343, 'Елена', 'Давыдова', 'АО "Давы и Ко"', 'davyadova@dav.ru', '+92521234569', 'ула. Ленина, д. 28', 'Курган', 'Россия', '640000'),
(344, 'Георгий', 'Зубарев', 'ООО "Зубар Строй"', 'zubarev@zub.ru', '+92521234560', 'ул. Советская, д. 5', 'Тамбов', 'Россия', '392000'),
(345, 'Татьяна', 'Кулиженко', 'ЗАО "Кулиженко и сыновья"', 'kulizhenko@kul.ru', '+92521234561', 'ул. Горького, д. 8', 'Волгоград', 'Россия', '400000'),
(346, 'Анна', 'Цветкова', 'ООО "Цветкова и Ко"', 'cvetkova@cvet.ru', '+92521234562', 'ул. Тверская, д. 10', 'Хабаровск', 'Россия', '680000'),
(347, 'Максим', 'Козлов', 'АО "Козлов Групп"', 'kozlov@koz.ru', '+92521234563', 'ул. Ленина, д. 25', 'Сибирск', 'Россия', '658000'),
(348, 'Егор', 'Миронов', 'ЗАО "МироновСтрой"', 'mironov@mir.ru', '+92521234564', 'ул. Карла Маркса, д. 6', 'Салехард', 'Россия', '629000'),
(349, 'Анастасия', 'Осипова', 'ООО "Осипова и Партнеры"', 'osipova@osi.ru', '+92521234565', 'ул. Чехова, д. 19', 'Курск', 'Россия', '305000'),
(350, 'Роман', 'Фомин', 'ЗАО "ФоминСтрой"', 'fomin@fom.ru', '+92521234566', 'ул. Пушкина, д. 12', 'Красноярск', 'Россия', '660000'),
(351, 'Ирина', 'Игнатьева', 'ООО "Игнатьев Инвест"', 'ignateva@ign.ru', '+92621234567', 'ул. Советская, д. 20', 'Калининград', 'Россия', '236000'),
(352, 'Олег', 'Васин', 'ЗАО "Васин и Ко"', 'vasin@vas.ru', '+92621234568', 'ул. Горького, д. 14', 'Сочи', 'Россия', '354000'),
(353, 'Марина', 'Галкина', 'АО "Галкина и Партнеры"', 'galkina@gal.ru', '+92621234569', 'ул. Тверская, д. 9', 'Тюмень', 'Россия', '625000'),
(354, 'Николай', 'Трофимов', 'ООО "Трофимов и Ко"', 'trofimov@tro.ru', '+92621234560', 'ул. Чехова, д. 23', 'Рязань', 'Россия', '390000'),
(355, 'Антонина', 'Овсянникова', 'ЗАО "Овсянников и Со"', 'ovsyannikova@ovs.ru', '+92621234561', 'ул. Карла Маркса, д. 17', 'Киїів', 'Россия', '610000'),
(356, 'Виктория', 'Котова', 'АО "Кот Инвест"', 'kotova@kot.ru', '+92621234562', 'ул. Ленина, д. 7', 'Таганрог', 'Россия', '347900'),
(357, 'Наталья', 'Пронин', 'ООО "Пронин и Партнеры"', 'pronin@pron.ru', '+92621234563', 'ул. Пушкина, д. 14', 'Владимир', 'Россия', '600000'),
(358, 'Григорий', 'Цорин', 'ЗАО "ЦоринСтрой"', 'tsorin@tso.ru', '+92621234564', 'ул. Карла Маркса, д. 8', 'Уфа', 'Россия', '450000'),
(359, 'Марина', 'Соколова', 'ООО "Сколов Инвест"', 'sokolova@sok.ru', '+92621234565', 'ул. Чехова, д. 20', 'Тольятти', 'Россия', '445000'),
(360, 'Алиса', 'Михайлова', 'ЗАО "Михаил и Ко"', 'mikhailova@mih.ru', '+92621234566', 'ул. Тверская, д. 5', 'Иваново', 'Россия', '153000'),
(361, 'Денис', 'Баширов', 'ООО "БаширСтрой"', 'bashirov@bash.ru', '+92721234567', 'ул. Ленина, д. 21', 'Йошкар-Ола', 'Россия', '424000'),
(362, 'Инна', 'Лапина', 'ЗАО "Лапин и Партнеры"', 'lapina@lap.ru', '+92721234568', 'ул. Советская, д. 11', 'Кострома', 'Россия', '156000'),
(363, 'Игорь', 'Трофимов', 'АО "ТрофимовСтрой"', 'trofimov@trof.ru', '+92721234569', 'ул. Чехова, д. 30', 'Ставрополь', 'Россия', '355000'),
(364, 'Анна', 'Карпова', 'ООО "КарповГрупп"', 'karpova@kar.ru', '+92721234560', 'ул. Пушкина, д. 9', 'Ростов-на-Дону', 'Россия', '344000'),
(365, 'Светлана', 'Осетрова', 'ЗАО "Осетр и Ко"', 'oset@os.ru', '+92721234561', 'ул. Карла Маркса, д. 11', 'Мирный', 'Россия', '678000'),
(366, 'Александр', 'Ветров', 'АО "Ветров и Компания"', 'vetrov@vet.ru', '+92721234562', 'ул. Ленина, д. 17', 'Южно-Сахалинск', 'Россия', '693000'),
(367, 'Надежда', 'Михеева', 'ООО "Михеев и Партнеры"', 'miheeva@mih.ru', '+92721234563', 'ул. Горького, д. 25', 'Анапа', 'Россия', '353440'),
(368, 'Ольга', 'Сербин', 'ЗАО "СербинГрупп"', 'serbin@ser.ru', '+92721234564', 'ул. Чехова, д. 6', 'Иркутск', 'Россия', '664000'),
(369, 'Тимур', 'Чайкин', 'ООО "Чайкин и Ко"', 'chaikin@cha.ru', '+92721234565', 'ул. Тверская, д. 28', 'Волжский', 'Россия', '404000'),
(370, 'Евгения', 'Турова', 'ЗАО "Турова и Партнеры"', 'turova@tur.ru', '+92721234566', 'ул. Ленина, д. 19', 'Норильск', 'Россия', '663300'),
(371, 'Роман', 'Лукин', 'ООО "ЛукинСтрой"', 'lukin@luk.ru', '+92821234567', 'ул. Карла Маркса, д. 22', 'Мурманск', 'Россия', '183000'),
(372, 'Анастасия', 'Бондаренко', 'АО "Бондаренко и Ко"', 'bondarenko@bon.ru', '+92821234568', 'ул. Московская, д. 14', 'Брянск', 'Россия', '241000'),
(373, 'Дмитрий', 'Павлов', 'ЗАО "Павлов Инвест"', 'pavlov@pav.ru', '+92821234569', 'ул. Чехова, д. 16', 'Новокузнецк', 'Россия', '654000'),
(374, 'Сергей', 'Артемьев', 'ООО "Артемьев и Партнеры"', 'artemyev@art.ru', '+92821234560', 'ул. Ленина, д. 12', 'Тамбов', 'Россия', '392000'),
(375, 'Елизавета', 'Трошкина', 'АО "ТрошкинСтрой"', 'troshkina@tro.ru', '+92821234561', 'ул. Пушкина, д. 17', 'Иваново', 'Россия', '153000'),
(376, 'Евгений', 'Горшков', 'ЗАО "Горшков Инвест"', 'gorshkov@gor.ru', '+92821234562', 'ул. Горького, д. 29', 'Сызрань', 'Россия', '446000'),
(377, 'Виктория', 'Якутова', 'ООО "Якутова и Ко"', 'yakutova@yak.ru', '+92821234563', 'ул. Карла Маркса, д. 24', 'Саратов', 'Россия', '410000'),
(378, 'Антон', 'Тетерин', 'АО "Тетерин Групп"', 'teterin@tet.ru', '+92821234564', 'ул. Советская, д. 13', 'Магнитогорск', 'Россия', '455000'),
(379, 'Юлия', 'Толкачева', 'ЗАО "Толкачев и Ко"', 'tolkacheva@tol.ru', '+92821234565', 'ул. Тверская, д. 9', 'Ульяновск', 'Россия', '432000'),
(380, 'Иван', 'Болдырев', 'ООО "Болдырев Инвест"', 'boldyrev@bol.ru', '+92821234566', 'ул. Чехова, д. 18', 'Анапа', 'Россия', '353440'),
(381, 'Людмила', 'Выборова', 'ЗАО "Выборова и Партнеры"', 'vyborova@vyb.ru', '+92921234567', 'ул. Ленина, д. 23', 'Калуга', 'Россия', '248000'),
(382, 'Сергей', 'Дмитриенко', 'АО "Дмитренко Инвест"', 'dmitrienko@dmi.ru', '+92921234568', 'ул. Пушкина, д. 8', 'Екатеринбург', 'Россия', '620000'),
(383, 'Алина', 'Грибовская', 'ООО "Грибов и Ко"', 'gribovskaya@gri.ru', '+92921234569', 'ул. Карла Маркса, д. 9', 'Тюмень', 'Россия', '625000'),
(384, 'Олег', 'Иванков', 'ЗАО "Иванков и Партнеры"', 'ivankov@iva.ru', '+92921234560', 'ул. Чехова, д. 14', 'Люберцы', 'Россия', '140000'),
(385, 'Екатерина', 'Чижова', 'АО "Чиж и Ко"', 'chizhova@chi.ru', '+92921234561', 'ул. Тверская, д. 3', 'Чебоксары', 'Россия', '428000'),
(386, 'Дмитрий', 'Єршов', 'ООО "Ершов Инвест"', 'ershov@ers.ru', '+92921234562', 'ул. Московская, д. 26', 'Хабаровск', 'Россия', '680000'),
(387, 'Марина', 'Топорова', 'ЗАО "ТопоровГрупп"', 'toporova@top.ru', '+92921234563', 'ул. Ленина, д. 10', 'Таганрог', 'Россия', '347900'),
(388, 'Алексей', 'Онацкая', 'АО "Онацкая Партнеры"', 'onakaya@ona.ru', '+92921234564', 'ул. Чехова, д. 1', 'Чита', 'Россия', '672000'),
(389, 'Светлана', 'Мальцева', 'ООО "Мальцев и Ко"', 'malteva@mal.ru', '+92921234565', 'ул. Карла Маркса, д. 8', 'Геленджик', 'Россия', '353460'),
(390, 'Ирина', 'Балашова', 'ЗАО "БалашовИнвест"', 'balashova@bal.ru', '+92921234566', 'ул. Тверская, д. 1', 'Владивосток', 'Россия', '690000'),
(391, 'Тимофей', 'Курочкин', 'ООО "КурочкинГрупп"', 'kurochkin@kur.ru', '+93021234567', 'ул. Горького, д. 2', 'Норильск', 'Россия', '663300'),
(392, 'Игорь', 'Шульгин', 'ЗАО "ШульгинСтрой"', 'shulgin@shu.ru', '+93021234568', 'ул. Ленина, д. 15', 'Ростов-на-Дону', 'Россия', '344000'),
(393, 'Анастасия', 'Кротова', 'АО "Кротова Инвест"', 'krotova@kro.ru', '+93021234569', 'ул. Пушкина, д. 19', 'Кострома', 'Россия', '156000'),
(394, 'Максим', 'Сладкова', 'ООО "Сладков и Ко"', 'sladkova@sla.ru', '+93021234560', 'ул. Карла Маркса, д. 12', 'Самара', 'Россия', '443000'),
(395, 'Юлия', 'Шталь', 'АО "ШтальСтрой"', 'stahl@sht.ru', '+93021234561', 'ул. Чехова, д. 5', 'Иваново', 'Россия', '153000'),
(396, 'Татьяна', 'Кольцова', 'ЗАО "Кольцов и Партнеры"', 'kolcova@kol.ru', '+93021234562', 'ул. Тверская, д. 7', 'Курск', 'Россия', '305000'),
(397, 'Артур', 'Калечин', 'ООО "КалечинГрупп"', 'kalechin@kal.ru', '+93021234563', 'ул. Ленина, д. 30', 'Воронеж', 'Россия', '394000'),
(398, 'Елена', 'Зинченко', 'ЗАО "Зинченко и Ко"', 'zinchenko@zin.ru', '+93021234564', 'ул. Горького, д. 16', 'Томск', 'Россия', '634000'),
(399, 'Денис', 'Мямлин', 'АО "МямлинСтрой"', 'myamlin@mya.ru', '+93021234565', 'ул. Пушкина, д. 13', 'Нижний Новгород', 'Россия', '603000'),
(400, 'Зоя', 'Котова', 'ООО "Котов и К"', 'kotova@kotovin.ru', '+93021234566', 'ул. Советская, д. 3', 'Саранск', 'Россия', '430000');


INSERT INTO Projects (ProjectID, ProjectName, StartDate, EndDate, Budget, Location, ArchitectID, Status, ClientID) VALUES
(101, 'Многоэтажный жилой комплекс "Невский"', '2024-01-15', '2026-05-20', 120000000.00, 'Санкт-Петербург', 231, 'Проектирование', 315),
(102, 'Торговый центр "Галерея"', '2023-11-01', '2025-04-30', 250000000.00, 'Москва', 105, 'Строительство', 206),
(103, 'Школа искусств "Артис"', '2023-12-05', '2024-12-10', 45000000.00, 'Казань', 177, 'Концепция', 176),
(104, 'Офисное здание "Скайлайн"', '2024-02-14', '2026-08-29', 180000000.00, 'Екатеринбург', 10, 'Закрыт', 127),
(105, 'Частная клиника "Здоровье"', '2023-10-01', '2025-02-15', 90000000.00, 'Новосибирск', 193, 'Проектирование', 24),
(106, 'Загородный клуб "Озерный"', '2023-11-20', '2025-07-25', 60000000.00, 'Сочи', 247, 'Строительство', 263),
(107, 'Музей современного искусства "Авангард"', '2024-03-03', '2025-12-18', 80000000.00, 'Санкт-Петербург', 167, 'Закрыт', 154),
(108, 'Коттеджный поселок "Дубрава"', '2023-09-10', '2024-11-22', 110000000.00, 'Ростов-на-Дону', 128, 'Концепция', 253),
(109, 'Бизнес-центр "Байкал"', '2024-01-11', '2025-10-05', 130000000.00, 'Иркутск', 104, 'Строительство', 256),
(110, 'Театр драмы "Сцена"', '2023-12-22', '2024-09-30', 70000000.00, 'Воронеж', 108, 'Проектирование', 38),
(111, 'Гостиничный комплекс "Берег"', '2024-04-05', '2025-11-17', 140000000.00, 'Калининград', 10, 'Закрыт', 202),
(112, 'Туристическая база "Природа"', '2023-10-15', '2024-10-10', 50000000.00, 'Краснодар', 101, 'Концепция', 278),
(113, 'Студенческий кампус "Университетский"', '2024-02-01', '2026-03-15', 160000000.00, 'Томск', 51, 'Строительство', 364),
(114, 'Экологическая ферма "Зеленый край"', '2023-11-10', '2025-01-20', 55000000.00, 'Самара', 24, 'Проектирование', 188),
(115, 'Завод по производству электроники "Техно"', '2024-06-01', '2025-06-30', 220000000.00, 'Новосибирск', 20, 'Закрыт', 243),
(116, 'Реконструкция аэропорта "Пулково"', '2023-08-20', '2025-08-25', 300000000.00, 'Санкт-Петербург', 189, 'Строительство', 262),
(117, 'Парк развлечений "Адреналин"', '2023-09-15', '2025-03-10', 180000000.00, 'Москва', 188, 'Проектирование', 49),
(118, 'Библиотечно-информационный центр "Книжный дом"', '2024-01-10', '2025-12-19', 90000000.00, 'Казань', 147, 'Концепция', 8),
(119, 'Гидропонный комплекс "Агро"', '2023-05-01', '2024-05-30', 75000000.00, 'Владивосток', 129, 'Строительство', 21),
(120, 'Футбольный стадион "Олимпийский"', '2024-03-22', '2026-05-01', 450000000.00, 'Сочи', 5, 'Закрыт', 283),
(121, 'Экспоцентр "Глобал"', '2023-07-01', '2025-09-12', 210000000.00, 'Екатеринбург', 132, 'Проектирование', 102),
(122, 'Академия технологий "Проэксперт"', '2023-11-11', '2024-12-01', 65000000.00, 'Челябинск', 27, 'Концепция', 87),
(123, 'Зоопарк "Дикая природа"', '2024-05-10', '2026-07-20', 200000000.00, 'Санкт-Петербург', 98, 'Строительство', 156),
(124, 'Научно-исследовательский институт "Инновация"', '2023-10-30', '2025-10-09', 120000000.00, 'Новосибирск', 97, 'Закрыт', 316),
(125, 'Спортивный комплекс "Спорт"', '2024-02-25', '2025-08-19', 100000000.00, 'Ростов-на-Дону', 2, 'Проектирование', 341),
(126, 'Центр творчества "Импульс"', '2023-12-29', '2024-12-15', 40000000.00, 'Тюмень', 191, 'Концепция', 68),
(127, 'Аквапарк "Водный мир"', '2024-06-05', '2025-12-25', 170000000.00, 'Калуга', 230, 'Строительство', 361),
(128, 'Технологический парк "Инновации"', '2023-09-11', '2024-09-11', 130000000.00, 'Уфа', 193, 'Закрыт', 284),
(129, 'Производственный комплекс "Машиностроение"', '2024-04-17', '2026-10-10', 250000000.00, 'Самара', 173, 'Проектирование', 73),
(130, 'Ресторанный дворик "Гурман"', '2023-11-22', '2025-04-15', 70000000.00, 'Краснодар', 56, 'Концепция', 58),
(131, 'Универсам "Покупка"', '2024-08-01', '2025-11-30', 115000000.00, 'Нижний Новгород', 246, 'Строительство', 237),
(132, 'Культурный центр "Новая волна"', '2023-07-02', '2024-12-31', 85000000.00, 'Пермь', 201, 'Закрыт', 185),
(133, 'Гольф-клуб "Зеленое поле"', '2024-03-15', '2025-09-25', 160000000.00, 'Сочи', 171, 'Проектирование', 131),
(134, 'Жилой квартал "Хороший выбор"', '2023-11-05', '2025-05-30', 300000000.00, 'Москва', 48, 'Концепция', 116),
(135, 'Урбанистический парк "Горизонт"', '2024-02-18', '2026-04-22', 240000000.00, 'Красноярск', 231, 'Строительство', 227),
(136, 'Детский образовательный центр "Сказка"', '2024-06-24', '2025-06-15', 50000000.00, 'Воронеж', 90, 'Закрыт', 252),
(137, 'Общежитие "Комфорт"', '2023-09-30', '2025-03-20', 90000000.00, 'Томск', 47, 'Проектирование', 308),
(138, 'Развлекательный центр "Веселая планета"', '2024-04-08', '2025-12-10', 150000000.00, 'Казань', 182, 'Концепция', 275),
(139, 'Фестиваль парк "Май"', '2023-10-12', '2024-10-05', 95000000.00, 'Санкт-Петербург', 109, 'Строительство', 363),
(140, 'Санаторий "Здоровье"', '2024-01-14', '2025-09-08', 180000000.00, 'Кисловодск', 107, 'Закрыт', 305),
(141, 'Киберспортивная арена "Победа"', '2023-11-30', '2025-06-01', 140000000.00, 'Екатеринбург', 186, 'Проектирование', 145),
(142, 'Автосалон "Лидер авто"', '2024-02-10', '2025-02-01', 60000000.00, 'Тюмень', 109, 'Концепция', 247),
(143, 'Ботанический сад "Флора"', '2023-12-25', '2024-12-31', 50000000.00, 'Краснодар', 192, 'Строительство', 164),
(144, 'Театр кукол "Марионетка"', '2024-05-20', '2025-10-12', 75000000.00, 'Москва', 185, 'Закрыт', 208),
(145, 'Винодельня "Бахус"', '2023-08-15', '2024-12-05', 30000000.00, 'Анапа', 30, 'Проектирование', 157),
(146, 'Планетарий "Звездное небо"', '2024-03-19', '2025-03-30', 120000000.00, 'Уфа', 222, 'Концепция', 61),
(147, 'Выставочный зал "Мастера"', '2023-07-10', '2024-05-20', 40000000.00, 'Пермь', 135, 'Строительство', 325),
(148, 'Бани и сауны "Пар"', '2024-06-15', '2025-01-05', 27000000.00, 'Нижний Новгород', 249, 'Закрыт', 363),
(149, 'Активити парк "Люди и тросы"', '2023-09-20', '2024-11-30', 75000000.00, 'Челябинск', 198, 'Проектирование', 359),
(150, 'Картинг-клуб "Быстрое колесо"', '2024-02-11', '2024-11-22', 65000000.00, 'Тюмень', 93, 'Концепция', 114),
(151, 'Скейт-парк "Гравитация"', '2023-11-12', '2025-06-10', 85000000.00, 'Казань', 201, 'Строительство', 236),
(152, 'Центр робототехники "Тех Мастер"', '2024-07-22', '2026-01-15', 150000000.00, 'Санкт-Петербург', 128, 'Закрыт', 386),
(153, 'Йога студия "Баланс"', '2023-12-08', '2024-09-28', 30000000.00, 'Москва', 205, 'Проектирование', 339),
(154, 'Тайм-кафе "Время чаепития"', '2024-03-31', '2025-01-21', 20000000.00, 'Владивосток', 235, 'Концепция', 8),
(155, 'Центр экстремальных видов спорта "Адреналин"', '2023-08-09', '2025-04-05', 120000000.00, 'Калининград', 129, 'Строительство', 17),
(156, 'Цирк-шапито "Веселый чемодан"', '2024-04-10', '2025-08-26', 85000000.00, 'Ростов-на-Дону', 191, 'Закрыт', 167),
(157, 'Кондитерская фабрика "Сладкие сны"', '2023-11-15', '2024-12-10', 70000000.00, 'Самара', 77, 'Проектирование', 162),
(158, 'Образовательный городской центр "Институт"', '2024-06-28', '2026-03-01', 160000000.00, 'Казань', 129, 'Концепция', 396),
(159, 'Филиал театрального института "Актер и зритель"', '2023-09-23', '2024-09-23', 50000000.00, 'Санкт-Петербург', 233, 'Строительство', 227),
(160, 'Айсберг-арена "Северный свет"', '2024-01-11', '2025-11-05', 200000000.00, 'Ярославль', 217, 'Закрыт', 332),
(161, 'Эколаборатория "Зеленая линия"', '2023-11-20', '2024-05-15', 35000000.00, 'Казанская', 226, 'Проектирование', 359),
(162, 'Океанариум "Подводный мир"', '2024-04-01', '2025-07-30', 300000000.00, 'Сочи', 111, 'Концепция', 180),
(163, 'Пиццерия "Итальянский уголок"', '2023-07-15', '2024-03-10', 15000000.00, 'Калуга', 44, 'Строительство', 307),
(164, 'Коворкинг "Рабочее место"', '2024-02-15', '2024-11-05', 50000000.00, 'Москва', 89, 'Закрыт', 380),
(165, 'Хотел "Звезда"', '2023-10-12', '2025-05-01', 100000000.00, 'Краснодар', 206, 'Проектирование', 70),
(166, 'Исторический музей "Век"', '2024-05-25', '2025-12-16', 80000000.00, 'Новосибирск', 170, 'Концепция', 36),
(167, 'Ветка метро "Северный поток"', '2023-11-30', '2025-11-01', 500000000.00, 'Москва', 176, 'Строительство', 236),
(168, 'Супермаркет "Универсал"', '2024-03-19', '2025-03-01', 125000000.00, 'Владивосток', 199, 'Закрыт', 95),
(169, 'Флористическая школа "Цвет"', '2023-09-05', '2024-06-15', 45000000.00, 'Уфа', 58, 'Проектирование', 46),
(170, 'Заповедник "Природный край"', '2024-01-20', '2026-08-10', 200000000.00, 'Иркутск', 5, 'Концепция', 177),
(171, 'Художественная галерея "Цветная палитра"', '2023-10-22', '2024-08-30', 70000000.00, 'Санкт-Петербург', 127, 'Строительство', 155),
(172, 'Тент-кафе "Быстрое питание"', '2024-04-15', '2025-10-01', 20000000.00, 'Ростов-на-Дону', 143, 'Закрыт', 234),
(173, 'Кондитерская "Сладкий миг"', '2023-11-28', '2024-12-18', 30000000.00, 'Москва', 16, 'Проектирование', 99),
(174, 'Технопарк "Инновации и технологии"', '2024-01-28', '2025-12-24', 150000000.00, 'Казань', 24, 'Концепция', 283),
(175, 'Детский сад "Солнечный зайчик"', '2023-08-16', '2024-08-04', 60000000.00, 'Тюмень', 157, 'Строительство', 154),
(176, 'Пешеходная улица "Престиж"', '2024-05-11', '2025-10-29', 50000000.00, 'Нижний Новгород', 36, 'Закрыт', 275),
(177, 'Музыкальная школа "Солист"', '2023-12-15', '2024-11-05', 40000000.00, 'Владивосток', 192, 'Проектирование', 103),
(178, 'Ледовый дворец "Северный сияние"', '2024-03-05', '2026-01-20', 250000000.00, 'Екатеринбург', 234, 'Концепция', 142),
(179, 'Универсам "Городок"', '2023-09-18', '2024-12-15', 75000000.00, 'Челябинск', 135, 'Строительство', 393),
(180, 'Скульптурный сад "Аллея"', '2024-06-05', '2025-09-01', 65000000.00, 'Пермь', 154, 'Закрыт', 115),
(181, 'Комплексный курорт "Южный берег"', '2023-11-22', '2025-07-02', 230000000.00, 'Сочи', 179, 'Проектирование', 152),
(182, 'Картинная галерея "Пейзаж"', '2024-02-17', '2025-02-28', 60000000.00, 'Воронеж', 245, 'Концепция', 11),
(183, 'Яхт-клуб "Чайка"', '2023-07-28', '2024-06-15', 80000000.00, 'Севастополь', 231, 'Строительство', 348),
(184, 'Центр авангардного искусства "Колорит"', '2024-04-22', '2025-11-11', 120000000.00, 'Самара', 100, 'Закрыт', 83),
(185, 'Филиал библиотеки "Чтение"', '2023-10-10', '2024-09-05', 55000000.00, 'Краснодар', 204, 'Проектирование', 387),
(186, 'Кинотеатр "Премьера"', '2024-05-12', '2025-12-18', 95000000.00, 'Москва', 60, 'Концепция', 157),
(187, 'Трамплинный комплекс "Высота"', '2023-08-01', '2025-08-20', 175000000.00, 'Омск', 21, 'Строительство', 196),
(188, 'Фитнес-клуб "Атлет"', '2024-02-13', '2025-07-22', 85000000.00, 'Калуга', 80, 'Закрыт', 333),
(189, 'Завод по переработке пластика "Вторсырье"', '2023-11-18', '2025-02-14', 220000000.00, 'Новокузнецк', 194, 'Проектирование', 256),
(190, 'Военно-патриотический комплекс "Патриот"', '2024-01-29', '2026-05-14', 145000000.00, 'Екатеринбург', 138, 'Концепция', 48),
(191, 'Концертный зал "Звезды"', '2023-08-22', '2025-11-12', 130000000.00, 'Санкт-Петербург', 45, 'Строительство', 68),
(192, 'Аквапарк "Волжские волны"', '2024-03-08', '2026-08-15', 180000000.00, 'Волгоград', 74, 'Закрыт', 79),
(193, 'Кинотеатр "Синема"', '2023-09-19', '2025-12-19', 95000000.00, 'Москва', 94, 'Проектирование', 400),
(194, 'Культурный центр "Мелодия"', '2024-05-22', '2025-05-05', 120000000.00, 'Казань', 231, 'Концепция', 277),
(195, 'Офисный комплекс "Бизнес Вершина"', '2023-11-27', '2025-11-24', 250000000.00, 'Екатеринбург', 17, 'Строительство', 305),
(196, 'Парк культуры и отдыха "Горский парк"', '2024-04-12', '2025-08-18', 140000000.00, 'Новосибирск', 162, 'Закрыт', 17),
(197, 'Медицинский центр "Здоровье плюс"', '2023-10-05', '2025-02-25', 180000000.00, 'Самара', 196, 'Проектирование', 395),
(198, 'Торговый комплекс "Центральный базар"', '2023-11-14', '2025-03-15', 90000000.00, 'Воронеж', 198, 'Концепция', 193),
(199, 'Галерея современного искусства "Авангард"', '2024-01-18', '2026-05-10', 220000000.00, 'Красноярск', 101, 'Строительство', 23),
(200, 'Пансионат "Лесная сказка"', '2023-08-20', '2025-09-20', 125000000.00, 'Кисловодск', 132, 'Закрыт', 36),
(201, 'Детская площадка "Радуга"', '2024-02-11', '2024-09-30', 35000000.00, 'Ростов-на-Дону', 90, 'Проектирование', 120),
(202, 'Центр восстановительной медицины "Реабилитация"', '2024-03-25', '2025-12-15', 100000000.00, 'Хабаровск', 228, 'Концепция', 305),
(203, 'Экологический центр "Природа"', '2023-09-01', '2025-01-20', 70000000.00, 'Омск', 183, 'Строительство', 364),
(204, 'Гостиница "Солнечный берег"', '2023-12-11', '2025-05-22', 165000000.00, 'Анапа', 43, 'Закрыт', 383),
(205, 'Образовательный центр "Школа будущего"', '2024-03-01', '2025-11-10', 150000000.00, 'Тула', 22, 'Проектирование', 283),
(206, 'Центр научных исследований "Технолог"', '2024-04-18', '2025-12-11', 180000000.00, 'Пермь', 205, 'Концепция', 156),
(207, 'Инновационный центр "Технополис"', '2023-07-11', '2024-12-01', 250000000.00, 'Уфа', 52, 'Строительство', 192),
(208, 'Спортивная арена "Рекорд"', '2024-06-05', '2026-08-30', 300000000.00, 'Сочи', 162, 'Закрыт', 301),
(209, 'Филармония "Музыка души"', '2023-10-09', '2025-03-29', 120000000.00, 'Краснодар', 51, 'Проектирование', 219),
(210, 'Бассейн "Океан"', '2023-11-30', '2025-05-10', 90000000.00, 'Тюмень', 14, 'Концепция', 7),
(211, 'Автотранспортный узел "Трасса"', '2024-01-23', '2026-06-16', 200000000.00, 'Ярославль', 96, 'Строительство', 102),
(212, 'Сад искусств "Творение"', '2023-12-01', '2024-11-05', 80000000.00, 'Иркутск', 63, 'Закрыт', 92),
(213, 'Театральная студия "Актер"', '2024-02-19', '2025-03-31', 55000000.00, 'Новосибирск', 164, 'Проектирование', 262),
(214, 'Центр конгрессов "Конференция"', '2024-05-08', '2025-10-20', 270000000.00, 'Москва', 118, 'Концепция', 152),
(215, 'Культурный парк "Наследие"', '2023-09-17', '2025-06-25', 160000000.00, 'Санкт-Петербург', 10, 'Строительство', 115),
(216, 'Информационный центр "Знание"', '2023-11-13', '2025-10-15', 175000000.00, 'Екатеринбург', 26, 'Закрыт', 49),
(217, 'Центр творчества "Фантазия"', '2024-01-05', '2025-05-01', 90000000.00, 'Казань', 101, 'Проектирование', 28),
(218, 'Цирковая школа "Арена"', '2024-03-27', '2026-01-12', 140000000.00, 'Владивосток', 126, 'Концепция', 28),
(219, 'Промышленный парк "Потенциал"', '2023-10-25', '2025-12-15', 220000000.00, 'Челябинск', 199, 'Строительство', 358),
(220, 'Центр отдыха "Панорама"', '2024-06-14', '2025-09-19', 135000000.00, 'Набережные Челны', 2, 'Закрыт', 162),
(221, 'Научно-исследовательский центр "Прогресс"', '2023-11-29', '2025-04-20', 150000000.00, 'Самара', 26, 'Проектирование', 216),
(222, 'Завод по сборке автомобилей "Авто"', '2023-09-26', '2025-11-18', 270000000.00, 'Калуга', 224, 'Концепция', 351),
(223, 'Культурный центр "Мировые традиции"', '2024-02-10', '2025-12-10', 145000000.00, 'Ростов-на-Дону', 150, 'Строительство', 336),
(224, 'Центр семейного отдыха "Праздник"', '2023-12-20', '2025-11-11', 185000000.00, 'Севастополь', 151, 'Закрыт', 4),
(225, 'Музыкальная оперная студия "Гармония"', '2024-04-14', '2026-06-29', 180000000.00, 'Мурманск', 187, 'Проектирование', 400),
(226, 'Салон выставок "Искусство"', '2024-01-17', '2025-04-15', 60000000.00, 'Астрахань', 35, 'Концепция', 391),
(227, 'Центр социальных услуг "Услуга"', '2023-10-27', '2025-09-05', 120000000.00, 'Пенза', 77, 'Строительство', 342),
(228, 'Парк водных развлечений "Водное царство"', '2023-12-18', '2025-07-15', 210000000.00, 'Волгоград', 168, 'Закрыт', 303),
(229, 'Учебный центр "Интеллект"', '2024-05-05', '2025-09-25', 125000000.00, 'Оренбург', 141, 'Проектирование', 168),
(230, 'Океанариум "Волны"', '2023-09-09', '2024-11-03', 140000000.00, 'Калининград', 229, 'Концепция', 186),
(231, 'Спортивный центр "Динамо"', '2024-02-21', '2026-07-10', 190000000.00, 'Владимир', 43, 'Строительство', 308),
(232, 'Центр исторических исследований "Новая эпоха"', '2023-11-25', '2025-10-14', 95000000.00, 'Новосибирск', 143, 'Закрыт', 35),
(233, 'Галерея старинного искусства "Антикварий"', '2024-01-07', '2025-07-08', 80000000.00, 'Москва', 227, 'Проектирование', 7),
(234, 'Парк активного отдыха "Аттракцион"', '2024-04-26', '2025-10-07', 160000000.00, 'Сочи', 250, 'Концепция', 368),
(235, 'Завод по производству игрушек "Мир детства"', '2023-10-01', '2025-05-25', 105000000.00, 'Барнаул', 39, 'Строительство', 116),
(236, 'Музыкальная школа "Соната"', '2023-09-15', '2024-12-22', 70000000.00, 'Иркутск', 73, 'Закрыт', 140),
(237, 'Центр аэрокосмических исследований "Космос"', '2024-03-15', '2025-06-01', 270000000.00, 'Томбс', 177, 'Проектирование', 62),
(238, 'Театр марионеток "Кукольный дом"', '2023-10-03', '2024-08-06', 50000000.00, 'Пермь', 103, 'Концепция', 85),
(239, 'Культурный конгресс-центр "Культпросвет"', '2024-06-25', '2026-01-21', 165000000.00, 'Екатеринбург', 199, 'Строительство', 344),
(240, 'Комплекс отдыха "Резиденция"', '2023-12-29', '2025-11-08', 260000000.00, 'Тула', 155, 'Закрыт', 4),
(241, 'Центр семейного досуга "Радость"', '2024-04-01', '2025-10-30', 185000000.00, 'Красноярск', 143, 'Проектирование', 379),
(242, 'Зоологический парк "Животный мир"', '2023-09-20', '2024-09-25', 230000000.00, 'Воронеж', 167, 'Концепция', 41),
(243, 'Кино-парк "ФильмСегодня"', '2024-02-28', '2025-10-22', 120000000.00, 'Саратов', 15, 'Строительство', 301),
(244, 'Культурный центр "Мировая сцена"', '2023-11-17', '2026-01-19', 135000000.00, 'Мурманск', 47, 'Закрыт', 39),
(245, 'Детский культурный центр "Золотая рыбка"', '2024-01-13', '2025-12-27', 145000000.00, 'Самара', 158, 'Проектирование', 226),
(246, 'Библиотека нового поколения "Чтение XXI"', '2023-10-10', '2024-12-10', 85000000.00, 'Челябинск', 36, 'Концепция', 192),
(247, 'Арт-центр "Северное сияние"', '2024-05-17', '2025-12-17', 180000000.00, 'Ярославль', 184, 'Строительство', 213),
(248, 'Центр молодых ученых "Наука"', '2023-11-22', '2025-09-12', 170000000.00, 'Казань', 220, 'Закрыт', 332),
(249, 'Спортивный центр "Чемпион"', '2024-01-16', '2025-05-14', 260000000.00, 'Пермь', 117, 'Проектирование', 320),
(250, 'Природный парк "Созвездие"', '2023-10-09', '2025-02-19', 100000000.00, 'Волгоград', 30, 'Концепция', 61),
(251, 'Городская больница "Здоровье"', '2024-04-08', '2026-06-23', 280000000.00, 'Купавна', 33, 'Строительство', 223),
(252, 'Центр по адаптации молодежи "Образование"', '2023-09-21', '2024-11-30', 96000000.00, 'Новокузнецк', 198, 'Закрыт', 190),
(253, 'Океанариум "Подводный мир"', '2024-03-20', '2025-07-20', 230000000.00, 'Брянск', 221, 'Проектирование', 228),
(254, 'Центр отдыха и туризма "Туризм клиенты"', '2023-11-29', '2025-11-29', 150000000.00, 'Краснодар', 70, 'Концепция', 96),
(255, 'Центр развития детей "Детство"', '2024-02-05', '2024-12-05', 90000000.00, 'Макарьев', 82, 'Строительство', 349),
(256, 'Учебный центр "Будущий уклад"', '2023-09-19', '2025-05-01', 120000000.00, 'Тюмень', 123, 'Закрыт', 352),
(257, 'Салон научно-практических достижений "Инновации"', '2024-01-23', '2025-05-23', 175000000.00, 'Астрахань', 209, 'Проектирование', 232),
(258, 'Культурный центр искусств "Современная сцена"', '2023-11-05', '2025-11-05', 160000000.00, 'Москва', 2, 'Концепция', 236),
(259, 'Центр школьного обучения "Эрудит"', '2024-02-19', '2024-12-19', 140000000.00, 'Красноярск', 221, 'Строительство', 23),
(260, 'Киномир "Открытый экран"', '2023-09-16', '2025-09-16', 125000000.00, 'Ярославль', 149, 'Закрыт', 331),
(261, 'Научно-информационный парк "Фундамент"', '2024-05-30', '2026-05-30', 190000000.00, 'Ростов-на-Дону', 71, 'Проектирование', 215),
(262, 'Театральный зал "Эмоция"', '2023-12-22', '2024-12-22', 85000000.00, 'Санкт-Петербург', 75, 'Концепция', 138),
(263, 'Центр медицинских инноваций "Медик"', '2024-03-14', '2026-03-14', 210000000.00, 'Екатеринбург', 187, 'Строительство', 140),
(264, 'Арт-центр "Фокус"', '2023-11-10', '2024-11-10', 89000000.00, 'Казань', 69, 'Закрыт', 284),
(265, 'Фестиваль электронной музыки "Звуки и бит"', '2024-01-12', '2025-12-12', 185000000.00, 'Краснодар', 25, 'Проектирование', 367),
(266, 'Центр промышленных разработок "Энергия"', '2023-10-12', '2025-10-12', 230000000.00, 'Тамбов', 51, 'Концепция', 240),
(267, 'Технопарк "Технологии и открытия"', '2024-05-22', '2026-05-22', 250000000.00, 'Новосибирск', 53, 'Строительство', 264),
(268, 'Культурный парк "Искусство возле"', '2023-11-25', '2025-06-25', 145000000.00, 'Москва', 173, 'Закрыт', 22),
(269, 'Центр развития бизнеса "Актив"', '2024-02-06', '2025-09-06', 160000000.00, 'Пермь', 157, 'Проектирование', 264),
(270, 'Выставочный зал "Авангард"', '2023-09-12', '2024-09-12', 95000000.00, 'Омск', 207, 'Концепция', 32),
(271, 'Музыкальная школа "Нота"', '2024-03-15', '2025-06-15', 73000000.00, 'Ялта', 178, 'Строительство', 210),
(272, 'Учебный центр робототехники "РобоШкола"', '2023-11-19', '2024-11-19', 120000000.00, 'Тула', 229, 'Закрыт', 356),
(273, 'Театральный проект "Таланты и поклонники"', '2024-05-20', '2026-05-20', 180000000.00, 'Казань', 85, 'Проектирование', 311),
(274, 'Центр художественного творчества "Креатив"', '2023-10-25', '2024-10-25', 110000000.00, 'Воронеж', 121, 'Концепция', 47),
(275, 'Музей современного искусства "Арт-галерея"', '2024-02-28', '2025-07-28', 170000000.00, 'Москва', 116, 'Строительство', 57),
(276, 'Культурно-исторический комплекс "Музей"', '2023-09-05', '2025-03-05', 145000000.00, 'Екатеринбург', 203, 'Закрыт', 158),
(277, 'Центр оздоровления "Здоровье сегодня"', '2024-03-24', '2026-06-24', 220000000.00, 'Новосибирск', 205, 'Проектирование', 207),
(278, 'Технический центр "Решение"', '2023-11-17', '2025-11-17', 165000000.00, 'Самара', 150, 'Концепция', 392),
(279, 'Городской планетарий "Пространство"', '2024-02-09', '2025-08-09', 145000000.00, 'Нижний Новгород', 87, 'Строительство', 169),
(280, 'Патриотический центр "Традиция"', '2023-10-21', '2024-10-21', 115000000.00, 'Санкт-Петербург', 235, 'Закрыт', 312),
(281, 'Технологический инкубатор "Старт"', '2023-12-30', '2025-12-30', 250000000.00, 'Сочи', 210, 'Проектирование', 130),
(282, 'Молодежный центр "Перспектива"', '2024-03-27', '2026-03-27', 130000000.00, 'Калуга', 173, 'Концепция', 163),
(283, 'Фитнес-центр "Энергия"', '2023-09-18', '2024-09-18', 95000000.00, 'Новокузнецк', 38, 'Строительство', 212),
(284, 'Арт-пространство "Идея"', '2024-01-25', '2026-01-25', 85000000.00, 'Владивосток', 87, 'Закрыт', 320),
(285, 'Детская площадка "Юный мир"', '2024-03-12', '2025-07-12', 50000000.00, 'Челябинск', 189, 'Проектирование', 220),
(286, 'Природный парк "Экозона"', '2023-09-14', '2025-06-14', 180000000.00, 'Тюмень', 202, 'Концепция', 186),
(287, 'Креативный центр "Наша цель"', '2024-02-24', '2025-05-24', 140000000.00, 'Санкт-Петербург', 226, 'Строительство', 92),
(288, 'Центр художественного развития "Культура"', '2024-06-02', '2026-09-02', 190000000.00, 'Екатеринбург', 24, 'Закрыт', 323),
(289, 'Научно-образовательный центр "Университет будущего"', '2023-11-15', '2025-11-15', 310000000.00, 'Москва', 204, 'Проектирование', 139),
(290, 'Центр народного творчества "Традиции"', '2024-01-06', '2025-10-06', 120000000.00, 'Казань', 244, 'Концепция', 202),
(291, 'Парк культуры и отдыха "Панорама гор"', '2023-09-30', '2025-07-31', 170000000.00, 'Краснодар', 207, 'Строительство', 330),
(292, 'Выставочный зал "Арт-экспо"', '2024-02-05', '2025-10-28', 95000000.00, 'Москва', 207, 'Концепция', 232),
(293, 'Промышленный парк "СССР"', '2023-11-01', '2025-11-01', 110000000.00, 'Саратов', 90, 'Строительство', 261),
(294, 'Театральный дом "Мельница"', '2024-03-10', '2026-03-10', 120000000.00, 'Пермь', 70, 'Закрыт', 22),
(295, 'Музыкальная академия "Соната и фальц"', '2023-10-15', '2024-10-15', 75000000.00, 'Ижевск', 40, 'Проектирование', 262),
(296, 'Центр научных достижений "Прогресс"', '2024-04-11', '2025-04-11', 130000000.00, 'Москва', 70, 'Концепция', 371),
(297, 'Летний театр "Под звездами"', '2023-12-02', '2025-12-02', 85000000.00, 'Ростов-на-Дону', 242, 'Строительство', 182),
(298, 'Молодежный центр "Будущее"', '2024-05-25', '2026-05-25', 140000000.00, 'Калуга', 158, 'Закрыт', 17),
(299, 'Фабрика мебели "Комфорт"', '2023-11-11', '2025-11-11', 110000000.00, 'Тверь', 78, 'Проектирование', 339),
(300, 'Туристический комплекс "Южные склоны"', '2024-03-19', '2026-03-19', 210000000.00, 'Сочи', 64, 'Концепция', 294),
(301, 'Футбольная академия "Талант"', '2023-10-07', '2025-10-07', 90000000.00, 'Саратов', 74, 'Строительство', 156),
(302, 'Архитектурный колледж "Вершина"', '2024-02-27', '2025-10-27', 125000000.00, 'Тула', 218, 'Закрыт', 380),
(303, 'Научно-исследовательский институт "Новая эра"', '2023-09-18', '2024-09-18', 150000000.00, 'Ярославль', 56, 'Проектирование', 1),
(304, 'Центр спортивной науки "Энергия"', '2024-01-04', '2025-01-04', 140000000.00, 'Калининград', 57, 'Концепция', 327),
(305, 'Сельскохозяйственный парк "Жизнь"', '2023-11-23', '2025-11-23', 95000000.00, 'Красноярск', 239, 'Строительство', 153),
(306, 'Медицинский центр "Надежда"', '2024-04-13', '2025-10-13', 110000000.00, 'Белгород', 136, 'Закрыт', 145),
(307, 'Образовательное учреждение "Луч"', '2023-12-06', '2025-12-06', 80000000.00, 'Уфа', 213, 'Проектирование', 272),
(308, 'Культурный центр "Традиции"', '2024-05-04', '2026-05-04', 200000000.00, 'Воронеж', 201, 'Концепция', 243),
(309, 'Картинная галерея "Вдохновение"', '2023-11-28', '2024-11-28', 65000000.00, 'Краснодар', 232, 'Строительство', 78),
(310, 'Спортивный зал "Титан"', '2024-02-09', '2026-02-09', 130000000.00, 'Владивосток', 126, 'Закрыт', 265),
(311, 'Школа танцев "Ритм"', '2023-09-13', '2025-09-13', 70000000.00, 'Волгоград', 214, 'Проектирование', 120),
(312, 'Развлекательный парк "Веселье"', '2024-03-29', '2026-03-29', 150000000.00, 'Сочи', 166, 'Концепция', 64),
(313, 'Центр йоги "Гармония"', '2023-10-12', '2025-10-12', 75000000.00, 'Рязань', 117, 'Строительство', 141),
(314, 'Торговый комплекс "Мир продуктов"', '2024-01-23', '2025-01-23', 85000000.00, 'Краснодар', 177, 'Закрыт', 206),
(315, 'Центр современного дизайна "Форма"', '2023-12-14', '2024-12-14', 95000000.00, 'Тюмень', 157, 'Проектирование', 250),
(316, 'Научно-технический парк "Изобретения"', '2024-04-21', '2025-10-21', 175000000.00, 'Новокузнецк', 217, 'Концепция', 200),
(317, 'Зоологический центр "Фауна"', '2023-10-02', '2025-10-02', 105000000.00, 'Барнаул', 32, 'Строительство', 60),
(318, 'Конференц-зал "Дискуссия"', '2024-03-17', '2026-03-17', 135000000.00, 'Тула', 6, 'Закрыт', 248),
(319, 'Фармацевтический центр "Здоровье"', '2023-09-09', '2025-09-09', 145000000.00, 'Екатеринбург', 72, 'Проектирование', 142),
(320, 'Культурный парк "Ретро"', '2024-01-14', '2025-01-14', 160000000.00, 'Санкт-Петербург', 241, 'Концепция', 364),
(321, 'Центр кинематографии "Пленка"', '2023-12-30', '2025-12-30', 95000000.00, 'Москва', 111, 'Строительство', 235),
(322, 'Физико-математический центр "Квант"', '2024-04-02', '2025-10-02', 170000000.00, 'Астрахань', 175, 'Закрыт', 117),
(323, 'Астрономический центр "Вселенная"', '2023-11-19', '2024-11-19', 90000000.00, 'Нижний Новгород', 102, 'Проектирование', 231),
(324, 'Автотрек "Быстрый круг"', '2024-03-14', '2026-03-14', 145000000.00, 'Ростов-на-Дону', 249, 'Концепция', 327),
(325, 'Кондитерский комбинат "Сладкий мир"', '2023-10-18', '2024-10-18', 65000000.00, 'Оренбург', 144, 'Строительство', 221),
(326, 'Центр литературного творчества "Мастер"', '2024-05-12', '2026-05-12', 95000000.00, 'Томск', 24, 'Закрыт', 23),
(327, 'Информационный парк "Свет"', '2023-12-16', '2025-12-16', 105000000.00, 'Воронеж', 165, 'Проектирование', 212),
(328, 'Центр детской фантазии "Мир"', '2024-04-24', '2026-04-24', 80000000.00, 'Челябинск', 85, 'Концепция', 83),
(329, 'Парковый комплекс "Райский уголок"', '2023-11-07', '2025-11-07', 115000000.00, 'Брянск', 120, 'Строительство', 38),
(330, 'Танцевальная студия "Движение"', '2024-03-04', '2026-03-04', 75000000.00, 'Севастополь', 229, 'Закрыт', 360),
(331, 'Образовательное учреждение "Престиж"', '2023-09-22', '2024-09-22', 95000000.00, 'Мурманск', 162, 'Проектирование', 131),
(332, 'Летний театр "Зеленая сцена"', '2024-01-28', '2026-01-28', 135000000.00, 'Омск', 39, 'Концепция', 266),
(333, 'Центр цифровых технологий "Цифра"', '2023-11-13', '2025-11-13', 145000000.00, 'Казань', 1, 'Строительство', 106),
(334, 'Культурная усадьба "Век"', '2024-03-30', '2026-03-30', 95000000.00, 'Ялта', 108, 'Закрыт', 100),
(335, 'Туристический отель "Уют"', '2023-10-24', '2025-10-24', 105000000.00, 'Владимир', 69, 'Проектирование', 185),
(336, 'Инновационный центр "Идея"', '2024-05-09', '2026-05-09', 225000000.00, 'Брянск', 58, 'Концепция', 298),
(337, 'Теплица "Свежесть"', '2023-09-10', '2024-09-10', 75000000.00, 'Кисловодск', 30, 'Строительство', 365),
(338, 'Зональная станция "Фиалка"', '2024-02-02', '2025-02-02', 90000000.00, 'Тамбов', 92, 'Закрыт', 384),
(339, 'Образовательный центр "Познание"', '2023-11-02', '2025-11-02', 195000000.00, 'Хабаровск', 165, 'Проектирование', 223),
(340, 'Парк развлечений "Светлая улица"', '2024-03-24', '2026-03-24', 185000000.00, 'Киров', 195, 'Концепция', 178),
(341, 'Коптильный завод "Дымок"', '2023-10-03', '2025-10-03', 75000000.00, 'Пенза', 43, 'Строительство', 202),
(342, 'Аграрный центр "Урожай"', '2024-02-12', '2025-02-12', 85000000.00, 'Магнитогорск', 168, 'Закрыт', 258),
(343, 'Музей истории "Наследие"', '2023-09-25', '2025-09-25', 99000000.00, 'Смоленск', 43, 'Проектирование', 180),
(344, 'Комплекс отдыха "Лагуна"', '2024-03-20', '2026-03-20', 165000000.00, 'Геленджик', 83, 'Концепция', 167),
(345, 'Яхтенная марина "Морская звезда"', '2023-11-14', '2025-11-14', 125000000.00, 'Севастополь', 107, 'Строительство', 314),
(346, 'Центр технологии "Лаборатория"', '2024-02-06', '2026-02-06', 145000000.00, 'Кострома', 66, 'Закрыт', 393),
(347, 'Научный комплекс "Дружба"', '2023-12-03', '2025-12-03', 115000000.00, 'Казань', 219, 'Проектирование', 253),
(348, 'Туристический центр "Сокол"', '2024-04-16', '2026-04-16', 135000000.00, 'Петрозаводск', 120, 'Концепция', 227),
(349, 'Центр искусств "Октава"', '2023-09-15', '2025-09-15', 75000000.00, 'Тюмень', 40, 'Строительство', 125),
(350, 'Технопарк "Футурос"', '2024-02-22', '2026-02-22', 125000000.00, 'Екатеринбург', 199, 'Закрыт', 296),
(351, 'Дом моды "Шик"', '2023-12-17', '2025-12-17', 95000000.00, 'Москва', 227, 'Проектирование', 230),
(352, 'Центр воздушных полетов "Крыло"', '2024-01-08', '2025-01-08', 230000000.00, 'Ростов-на-Дону', 22, 'Концепция', 207),
(353, 'Оздоровительный лагерь "Дружок"', '2023-10-04', '2025-10-04', 55000000.00, 'Владивосток', 180, 'Строительство', 371),
(354, 'Кулинарная школа "Гурман"', '2024-03-01', '2025-03-01', 85000000.00, 'Волгоград', 26, 'Закрыт', 184),
(355, 'Ткацкая фабрика "Ткань"', '2023-08-28', '2025-08-28', 65000000.00, 'Сочи', 47, 'Проектирование', 180),
(356, 'Школа искусств "Палитра"', '2024-02-26', '2026-02-26', 105000000.00, 'Краснодар', 228, 'Концепция', 132),
(357, 'Клуб здоровья "Спорт"', '2023-11-16', '2025-11-16', 145000000.00, 'Самара', 164, 'Строительство', 349),
(358, 'Театральная площадка "Сцена"', '2024-03-12', '2026-03-12', 85000000.00, 'Москва', 78, 'Закрыт', 301),
(359, 'Научный центр "Вектор"', '2023-09-06', '2025-09-06', 120000000.00, 'Санкт-Петербург', 74, 'Проектирование', 367),
(360, 'Общеобразовательное учреждение "Эрудит"', '2024-04-05', '2026-04-05', 90000000.00, 'Ижевск', 46, 'Концепция', 277),
(361, 'Проектное бюро "Град"', '2023-10-19', '2025-10-19', 95000000.00, 'Москва', 85, 'Строительство', 84),
(362, 'Резиденция "Усадьба"', '2024-02-15', '2025-02-15', 125000000.00, 'Барнаул', 122, 'Закрыт', 292),
(363, 'Библиотечно-информационный центр "Книга и слово"', '2023-11-09', '2025-11-09', 115000000.00, 'Челябинск', 249, 'Проектирование', 124),
(364, 'Музей техники "Колесо времени"', '2024-01-30', '2025-01-30', 95000000.00, 'Вологда', 1, 'Концепция', 136),
(365, 'Научный институт "Инициатива"', '2023-10-28', '2025-10-28', 145000000.00, 'Уфа', 205, 'Строительство', 288),
(366, 'Спортивный клуб "Фитнес"', '2024-03-07', '2026-03-07', 105000000.00, 'Калуга', 87, 'Закрыт', 257),
(367, 'Центр креативной индустрии "Создатель"', '2023-09-11', '2025-09-11', 120000000.00, 'Орел', 13, 'Проектирование', 296),
(368, 'Парк ботаники "Зелёная перспектива"', '2024-04-18', '2026-04-18', 150000000.00, 'Чебоксары', 171, 'Концепция', 400),
(369, 'Образовательный центр "Гармония"', '2023-11-15', '2025-11-15', 110000000.00, 'Казань', 119, 'Строительство', 343),
(370, 'Рекреационный лагерь "Весёлое лето"', '2024-03-18', '2026-03-18', 95000000.00, 'Сочи', 164, 'Закрыт', 31),
(371, 'Спортивный комплекс "Движение вперед"', '2023-09-08', '2025-09-08', 175000000.00, 'Мурманск', 38, 'Проектирование', 212),
(372, 'Центр научных открытий "Мир будущего"', '2024-01-10', '2025-01-10', 135000000.00, 'Волгоград', 223, 'Концепция', 39),
(373, 'Музыкально-театральный комплекс "Арт"', '2023-11-06', '2025-11-06', 120000000.00, 'Уфа', 61, 'Строительство', 240),
(374, 'Завод одежды "Мода"', '2024-05-06', '2026-05-06', 102000000.00, 'Псков', 229, 'Закрыт', 257),
(375, 'Центр медицинской науки "Исследователь"', '2023-09-07', '2025-09-07', 118000000.00, 'Барнаул', 233, 'Проектирование', 99),
(376, 'Экологический центр "ЭкоМир"', '2024-03-03', '2026-03-03', 132000000.00, 'Казань', 241, 'Концепция', 146),
(377, 'Завод роботов "Дроид"', '2023-10-29', '2025-10-29', 142000000.00, 'Вологда', 115, 'Строительство', 109),
(378, 'Культурный центр "Проект"', '2024-02-14', '2026-02-14', 92000000.00, 'Челябинск', 120, 'Закрыт', 180),
(379, 'Туристический курорт "Гора"', '2023-11-18', '2025-11-18', 180000000.00, 'Ижевск', 28, 'Проектирование', 44),
(380, 'Научный зал "Теория"', '2024-01-15', '2026-01-15', 107000000.00, 'Москва', 220, 'Концепция', 151),
(381, 'Фабрика парфюмерии "Аромат"', '2023-09-10', '2025-09-10', 112000000.00, 'Нижний Новгород', 126, 'Строительство', 387),
(382, 'Летний кинотеатр "Кино под небом"', '2024-03-08', '2026-03-08', 75000000.00, 'Краснодар', 34, 'Закрыт', 278),
(383, 'Торговый центр "Купол"', '2024-04-05', '2026-04-10', 195000000.00, 'Москва', 167, 'Проектирование', 150),
(384, 'Кинотеатр "Мегаплекс"', '2023-10-21', '2025-10-21', 90000000.00, 'Санкт-Петербург', 72, 'Строительство', 151),
(385, 'Парк развлечений "Веселый остров"', '2024-02-14', '2026-02-14', 230000000.00, 'Сочи', 37, 'Закрыт', 223),
(386, 'Спортивный стадион "Урал"', '2023-11-11', '2025-11-11', 350000000.00, 'Екатеринбург', 143, 'Концепция', 363),
(387, 'Культурный центр "Арт-миниатюра"', '2024-05-22', '2025-12-01', 140000000.00, 'Казань', 163, 'Проектирование', 265),
(388, 'Завод электронной техники "Техпро"', '2023-09-18', '2025-09-18', 260000000.00, 'Новосибирск', 5, 'Строительство', 81),
(389, 'Театр драмы "Свет души"', '2024-03-04', '2026-03-04', 180000000.00, 'Владивосток', 181, 'Закрыт', 59),
(390, 'Аквапарк "Водное веселье"', '2023-10-26', '2025-10-26', 210000000.00, 'Краснодар', 3, 'Концепция', 17),
(391, 'Музей науки "Эврика"', '2024-01-19', '2025-12-19', 240000000.00, 'Тюмень', 78, 'Проектирование', 32),
(392, 'Галерея современного искусства "Арт-пространство"', '2023-11-07', '2025-11-07', 150000000.00, 'Москва', 166, 'Строительство', 392),
(393, 'Картинг-центр "Скоростной мир"', '2024-02-28', '2026-02-28', 90000000.00, 'Челябинск', 140, 'Закрыт', 198),
(394, 'Центр музыкальных искусств "Соната"', '2024-06-13', '2025-12-13', 130000000.00, 'Омск', 144, 'Концепция', 90),
(395, 'Оздоровительный комплекс "Фитнес-центр"', '2023-09-17', '2025-09-17', 120000000.00, 'Иркутск', 118, 'Проектирование', 378),
(396, 'Кофейня "КофеТайм"', '2023-12-25', '2025-09-30', 45000000.00, 'Санкт-Петербург', 99, 'Строительство', 397),
(397, 'Библиотека "Знания поколения"', '2024-02-05', '2025-11-15', 85000000.00, 'Калуга', 204, 'Закрыт', 175),
(398, 'Центр йоги "Умиротворение"', '2023-10-03', '2025-10-03', 75000000.00, 'Москва', 64, 'Концепция', 52),
(399, 'Цирк "Удивительные создания"', '2024-03-15', '2026-03-15', 95000000.00, 'Томск', 248, 'Проектирование', 376),
(400, 'Экологический заповедник "Зеленый мир"', '2023-09-23', '2025-09-23', 200000000.00, 'Новокузнецк', 42, 'Строительство', 31),
(401, 'Центр креативных технологий "Идея"', '2024-01-20', '2025-11-20', 100000000.00, 'Брянск', 191, 'Закрыт', 75),
(402, 'Туристическая база "Лесной край"', '2023-11-02', '2025-11-02', 110000000.00, 'Сочи', 106, 'Концепция', 368),
(403, 'Курс по IT "IT-master"', '2024-02-13', '2026-02-13', 90000000.00, 'Пермь', 50, 'Проектирование', 148),
(404, 'Музей современного искусства "Творчество"', '2023-09-29', '2025-09-29', 86000000.00, 'Сочи', 118, 'Строительство', 292),
(405, 'Центр досуга и креатива "КультТур"', '2024-03-07', '2026-03-07', 160000000.00, 'Москва', 194, 'Закрыт', 278),
(406, 'Фабрика инноваций "ПромИнновации"', '2023-12-05', '2025-12-05', 130000000.00, 'Красноярск', 121, 'Концепция', 224),
(407, 'Городской парк развлечений "Оазис"', '2024-02-16', '2026-02-16', 250000000.00, 'Тула', 51, 'Проектирование', 3),
(408, 'Аквапарк "Ракета"', '2023-11-14', '2025-11-14', 200000000.00, 'Иваново', 128, 'Строительство', 263),
(409, 'Образовательный центр "Генератор идей"', '2024-01-29', '2025-11-29', 145000000.00, 'Спб', 143, 'Закрыт', 179),
(410, 'Фуд-корт "Гастроном"', '2023-09-29', '2025-09-29', 45000000.00, 'Владимир', 40, 'Концепция', 78),
(411, 'Центр искусства "Полет фантазии"', '2024-04-12', '2026-04-12', 190000000.00, 'Саратов', 103, 'Проектирование', 347),
(412, 'Завод строительных материалов "Камень"', '2023-10-06', '2025-10-06', 110000000.00, 'Чита', 200, 'Строительство', 138);


INSERT INTO Buildings VALUES 
(1, 'Башня Федерация', 371, 374.00, 95, 'Сталь и стекло', 2016, 'Современный', 'Офисы'),
(2, 'Лахта-центр', 156, 462.00, 87, 'Сталь и стекло', 2018, 'Современный', 'Офисы'),
(3, 'Эволюция Тауэр', 347, 255.00, 54, 'Сталь и стекло', 2015, 'Современный', 'Офисы'),
(4, 'Москва-Сити Башня Империя', 118, 239.00, 60, 'Сталь и стекло', 2011, 'Модерн', 'Офисы'),
(5, 'Башня Надежда', 199, 254.00, 59, 'Бетон и стекло', 2016, 'Современный', 'Жилой'),
(6, 'Кремль', 162, 28.00, 3, 'Кирпич', 1495, 'Русский', 'Правительственное'),
(7, 'Дом на Набережной', 317, 40.00, 12, 'Кирпич', 1931, 'Конструктивизм', 'Жилой'),
(8, 'Библиотека Ленина', 139, 40.00, 4, 'Бетон', 1922, 'Классический', 'Культурный'),
(9, 'Останкинская телебашня', 165, 540.00, 0, 'Сталь', 1967, 'Современный', 'Коммуникации'),
(10, 'МГУ Главный корпус', 122, 240.00, 36, 'Бетон и кирпич', 1953, 'Сталинская классика', 'Образовательный'),
(11, 'Большой театр', 363, 65.00, 10, 'Камень и кирпич', 1825, 'Классический', 'Культурный'),
(12, 'Собор Василия Блаженного', 364, 65.00, 2, 'Кирпич', 1561, 'Русский', 'Религиозный'),
(13, 'Петр I', 227, 98.00, 0, 'Бронза', 1997, 'Современный', 'Монумент'),
(14, 'Колокольня Ивана Великого', 160, 81.00, 3, 'Камень', 1600, 'Классический', 'Религиозный'),
(15, 'Здание Государственной Думы', 131, 55.00, 10, 'Камень и бетон', 1979, 'Современный', 'Правительственное'),
(16, 'Здание Сбербанка', 118, 109.00, 27, 'Сталь, стекло и бетон', 2007, 'Современный', 'Офисы'),
(17, 'Триумфальная арка', 245, 28.00, 0, 'Камень', 1968, 'Неоклассический', 'Монумент'),
(18, 'Здание Минэкономразвития', 286, 40.00, 12, 'Кирпич и бетон', 1996, 'Модерн', 'Правительственное'),
(19, 'Центр международной торговли', 146, 156.00, 34, 'Стекло, сталь и бетон', 1980, 'Современный', 'Офисы'),
(20, 'Коммерцбанк Тауэр', 386, 300.00, 47, 'Стекло и сталь', 1998, 'Современный', 'Офисы'),
(21, 'Новый Эрмитаж', 275, 30.00, 2, 'Камень и кирпич', 1852, 'Классический', 'Культурный'),
(22, 'Стрелка', 145, 80.00, 20, 'Стальной каркас', 2018, 'Современный', 'Офисы'),
(23, 'Офис РусГидро', 314, 130.00, 25, 'Бетон и стекло', 2010, 'Современный', 'Офисы'),
(24, 'Дом Правительства', 202, 119.00, 20, 'Кирпич и бетон', 1993, 'Современный', 'Правительственное'),
(25, 'Спасская башня', 205, 71.00, 4, 'Кирпич и дерево', 1491, 'Русский', 'Религиозный'),
(26, 'Эрмитаж', 366, 22.00, 3, 'Кирпич и камень', 1764, 'Классический', 'Культурный'),
(27, 'Здание Мэрии', 382, 48.00, 12, 'Кирпич и бетон', 1994, 'Советский модернизм', 'Правительственное'),
(28, 'Шуховская башня', 316, 150.00, 0, 'Сталь', 1922, 'Авангард', 'Коммуникации'),
(29, 'Коломенский дворец', 335, 33.00, 2, 'Дерево', 1667, 'Русский', 'Культурный'),
(30, 'Станция метро Площадь Революции', 393, 12.00, 1, 'Бетон и мрамор', 1938, 'Сталинская архитектура', 'Транспорт'),
(31, 'Кунсткамера', 290, 38.00, 2, 'Камень и кирпич', 1727, 'Барокко', 'Культурный'),
(32, 'Южный Тауэр', 372, 120.00, 28, 'Бетон и стекло', 2012, 'Современный', 'Офисы'),
(33, 'Медный всадник', 340, 12.00, 0, 'Бронза', 1782, 'Классический', 'Монумент'),
(34, 'Государственный университет на Урале', 257, 89.00, 21, 'Бетон и стекло', 2015, 'Современный', 'Образовательный'),
(35, 'Большой Обсерваторий', 273, 65.00, 10, 'Бетон и кирпич', 1846, 'Классический', 'Научный'),
(36, 'Украина', 148, 198.00, 34, 'Кирпич и бетон', 1957, 'Сталинская классика', 'Гостиница'),
(37, 'ЗИЛ', 353, 45.00, 8, 'Бетон и кирпич', 1924, 'Авангард', 'Производственный'),
(38, 'Стадион Лужники', 147, 53.00, 4, 'Бетон', 1956, 'Советский модернизм', 'Спортивный'),
(39, 'Пушкинский музей', 373, 22.00, 3, 'Камень и кирпич', 1912, 'Неоклассический', 'Культурный'),
(40, 'Здание ТАСС', 350, 50.00, 11, 'Стекло и бетон', 1977, 'Советский модернизм', 'Офисы'),
(41, 'Государственный Эрмитаж', 178, 22.00, 3, 'Камень и кирпич', 1764, 'Классический', 'Культурный'),
(42, 'Волгоградская плотина', 280, 18.00, 3, 'Бетон', 1960, 'Советский модернизм', 'Инфраструктурный'),
(43, 'ЦСКА Арена', 210, 49.00, 9, 'Бетон и стекло', 2015, 'Современный', 'Спортивный'),
(44, 'Белый дом', 177, 70.00, 20, 'Бетон и стекло', 1997, 'Современный', 'Офисы'),
(45, 'Казанский собор', 120, 71.00, 3, 'Кирпич', 1811, 'Классический', 'Религиозный'),
(46, 'Главный корпус РЖД', 303, 72.00, 18, 'Бетон и стекло', 2007, 'Современный', 'Офисы'),
(47, 'Пётр Великий', 364, 98.00, 0, 'Бронза', 1997, 'Современный', 'Монумент'),
(48, 'Третьяковская галерея', 304, 35.00, 3, 'Камень и кирпич', 1856, 'Русский', 'Культурный'),
(49, 'Федеральная башня', 120, 374.00, 95, 'Сталь и стекло', 2016, 'Современный', 'Офисы'),
(50, 'Космодрум Восточный', 266, 50.00, 15, 'Бетон и металл', 2016, 'Современный', 'Космический'),
(51, 'Медный всадник', 312, 12.00, 0, 'Бронза', 1782, 'Классический', 'Монумент'),
(52, 'Зенит-Арена', 324, 75.00, 7, 'Бетон и стекло', 2017, 'Современный', 'Спортивный'),
(53, 'Новая Голландия', 133, 8.00, 2, 'Кирпич', 1790, 'Классический', 'Культурный'),
(54, 'Газпром Тауэр', 167, 462.00, 87, 'Сталь и стекло', 2019, 'Современный', 'Офисы'),
(55, 'Роснефть Бизнес-Центр', 185, 105.00, 25, 'Бетон и стекло', 2011, 'Современный', 'Офисы'),
(56, 'Большой Кремлёвский дворец', 206, 47.00, 3, 'Кирпич и камень', 1849, 'Неоклассический', 'Правительственное'),
(57, 'Императорский мост', 111, 42.00, 0, 'Металл и бетон', 1916, 'Инженерный', 'Транспорт'),
(58, 'Тверская улица, дом 13', 158, 55.00, 14, 'Кирпич', 1940, 'Сталинская архитектура', 'Жилой'),
(59, 'Телебашня Шухова', 411, 148.00, 0, 'Сталь', 1922, 'Авангард', 'Коммуникации'),
(60, 'Дворец Советов', 324, 120.00, 20, 'Бетон и сталь', 1937, 'Советский модернизм', 'Культурный'),
(61, 'Центр Сахарова', 118, 38.00, 8, 'Бетон и стекло', 2005, 'Современный', 'Культурный'),
(62, 'Торговый дом ГУМ', 136, 30.00, 4, 'Кирпич и стекло', 1893, 'Неоготика', 'Коммерческий'),
(63, 'Санкт-Петербургская телебашня', 160, 310.00, 0, 'Сталь', 1962, 'Современный', 'Коммуникации'),
(64, 'Дом Наркомфина', 254, 33.00, 8, 'Бетон', 1930, 'Конструктивизм', 'Жилой'),
(65, 'Большой Меншиков дворец', 297, 28.00, 3, 'Камень и кирпич', 1727, 'Барокко', 'Культурный'),
(66, 'Смольный собор', 191, 93.00, 2, 'Кирпич и мрамор', 1835, 'Барокко', 'Религиозный'),
(67, 'Дом Зингера', 357, 41.00, 7, 'Кирпич и стекло', 1904, 'Ар-Нуво', 'Коммерческий'),
(68, 'Гостиница Космос', 134, 100.00, 25, 'Стекло и бетон', 1979, 'Советский модернизм', 'Гостиница'),
(69, 'Финансовый дом на Арбате', 137, 55.00, 16, 'Бетон, стекло и сталь', 2004, 'Современный', 'Офисы'),
(70, 'Екатеринбург Арена', 210, 45.00, 4, 'Бетон и стекло', 2011, 'Современный', 'Спортивный'),
(71, 'Дом Музыки', 253, 43.00, 9, 'Стекло и бетон', 2002, 'Современный', 'Культурный'),
(72, 'Пулковская обсерватория', 258, 26.00, 3, 'Камень и кирпич', 1839, 'Классический', 'Научный'),
(73, 'Институт медико-биологических проблем', 318, 36.00, 6, 'Бетон и стекло', 1973, 'Советский модернизм', 'Научный'),
(74, 'Новодевичий монастырь', 114, 72.00, 4, 'Камень и кирпич', 1524, 'Русский', 'Религиозный'),
(75, 'Павловский дворец', 247, 54.00, 2, 'Камень и кирпич', 1781, 'Классический', 'Культурный'),
(76, 'Здание Государственной Думы', 368, 55.00, 12, 'Камень и бетон', 1934, 'Советский модернизм', 'Правительственное'),
(77, 'Воронцовский дворец', 166, 42.00, 3, 'Кирпич и камень', 1785, 'Классический', 'Культурный'),
(78, 'Театр Мариинский', 335, 33.00, 5, 'Камень и кирпич', 1860, 'Неоклассический', 'Культурный'),
(79, 'Башня ОКО', 284, 338.00, 85, 'Бетон и стекло', 2016, 'Современный', 'Офисы'),
(80, 'Университет ИТМО', 248, 34.00, 8, 'Бетон и стекло', 1900, 'Неоклассический', 'Образовательный'),
(81, 'Арена Санкт-Петербург', 159, 77.00, 8, 'Бетон и стекло', 2011, 'Современный', 'Спортивный'),
(82, 'Петропавловская крепость', 322, 122.00, 5, 'Камень', 1703, 'Барокко', 'Культурный'),
(83, 'Драматический театр', 101, 45.00, 6, 'Камень и кирпич', 1956, 'Классический', 'Культурный'),
(84, 'Павильон Космос', 353, 40.00, 3, 'Бетон и стекло', 1954, 'Советская архитектура', 'Культурный'),
(85, 'Троице-Сергиева лавра', 119, 88.00, 4, 'Камень и кирпич', 1337, 'Русский', 'Религиозный'),
(86, 'Дворец культуры', 235, 46.00, 10, 'Бетон и стекло', 1961, 'Советский модернизм', 'Культурный'),
(87, 'Педагогический университет', 353, 38.00, 12, 'Бетон и стекло', 1957, 'Советская архитектура', 'Образовательный'),
(88, 'Саут-Сити Тауэр', 150, 140.00, 35, 'Стекло и сталь', 2006, 'Современный', 'Офисы'),
(89, 'Здание ВЭБ.РФ', 271, 45.00, 9, 'Бетон и стекло', 1988, 'Советский модернизм', 'Офисы'),
(90, 'Дом радио', 172, 40.00, 8, 'Бетон и стекло', 1964, 'Советский модернизм', 'Научный'),
(91, 'Жилой комплекс Ривьера', 134, 65.00, 16, 'Кирпич и стекло', 2017, 'Современный', 'Жилой'),
(92, 'Знаковый мост', 201, 38.00, 0, 'Сталь и бетон', 2018, 'Инженерный', 'Транспорт'),
(93, 'Церковь Спаса на крови', 371, 81.00, 3, 'Камень и кирпич', 1907, 'Русский', 'Религиозный'),
(94, 'Гостиница Красные холмы', 349, 95.00, 21, 'Бетон и стекло', 2010, 'Современный', 'Гостиница'),
(95, 'Ростокино акведук', 105, 15.00, 8, 'Кирпич', 1784, 'Классический', 'Инфраструктурный'),
(96, 'Станция метро Маяковская', 295, 8.00, 1, 'Мрамор и металл', 1938, 'Конструктивизм', 'Транспорт'),
(97, 'Московский планетарий', 214, 27.00, 5, 'Бетон и стекло', 1929, 'Классицизм', 'Культурный'),
(98, 'Здание Литературного института', 230, 30.00, 8, 'Кирпич и камень', 1938, 'Советский модернизм', 'Образовательный'),
(99, 'Останкинская телебашня', 378, 540.00, 0, 'Сталь', 1967, 'Современный', 'Коммуникации'),
(100, 'Дворец Республики', 224, 40.00, 7, 'Камень и стекло', 1980, 'Советский модернизм', 'Культурный'),
(101, 'Торговый центр Афимолл', 399, 129.00, 6, 'Стекло и бетон', 2011, 'Современный', 'Коммерческий'),
(102, 'Лужники Парк Арена', 165, 65.00, 5, 'Бетон и стекло', 2017, 'Современный', 'Спортивный'),
(103, 'Национальный музей', 186, 45.00, 3, 'Камень и кирпич', 1982, 'Модерн', 'Культурный'),
(104, 'Театр Кукольный', 407, 35.00, 2, 'Кирпич и стекло', 2005, 'Современный', 'Культурный'),
(105, 'Океанариум', 412, 70.00, 4, 'Стекло и бетон', 2013, 'Современный', 'Культурный'),
(106, 'Бизнес-Центр Москва', 143, 200.00, 50, 'Стекло и сталь', 2020, 'Современный', 'Офисы'),
(107, 'Гостиница Рэдиссон', 299, 100.00, 25, 'Бетон и стекло', 2016, 'Современный', 'Гостиница'),
(108, 'Спортивный комплекс Олимп', 253, 95.00, 8, 'Стекло и бетон', 2019, 'Современный', 'Спортивный'),
(109, 'Централ Парк Торговый комплекс', 144, 80.00, 10, 'Кирпич и стекло', 2015, 'Современный', 'Коммерческий'),
(110, 'Бизнес-Центр Смарт', 230, 150.00, 30, 'Стекло и бетон', 2018, 'Современный', 'Офисы'),
(111, 'Научный институт', 156, 50.00, 12, 'Бетон и стекло', 2000, 'Современный', 'Научный'),
(112, 'Гостиница Интерконтиненталь', 146, 120.00, 35, 'Бетон, стекло и кирпич', 2012, 'Современный', 'Гостиница'),
(113, 'Транспортный узел Краснолесье', 182, 25.00, 3, 'Бетон и металл', 2021, 'Инженерный', 'Транспорт'),
(114, 'Культурный центр Арена', 354, 90.00, 5, 'Бетон и стекло', 2019, 'Современный', 'Культурный'),
(115, 'Жилой комплекс Звезда', 301, 140.00, 40, 'Кирпич и стекло', 2017, 'Современный', 'Жилой'),
(116, 'Торгово-развлекательный центр Забава', 304, 55.00, 4, 'Бетон и стекло', 2010, 'Современный', 'Коммерческий'),
(117, 'Образовательный центр Высота', 234, 95.00, 20, 'Бетон и кирпич', 2014, 'Современный', 'Образовательный'),
(118, 'Медицинский институт', 365, 60.00, 15, 'Кирпич и стекло', 1998, 'Современный', 'Научный'),
(119, 'Центр искусств', 157, 45.00, 4, 'Камень и кирпич', 1985, 'Классический', 'Культурный'),
(120, 'Музей современного искусства', 228, 55.00, 3, 'Бетон и стекло', 2008, 'Современный', 'Культурный'),
(121, 'Гостиница Президент', 110, 110.00, 28, 'Стекло и сталь', 2022, 'Современный', 'Гостиница'),
(122, 'Центр делового мира', 280, 180.00, 45, 'Стекло и бетон', 2015, 'Современный', 'Офисы'),
(123, 'Торговый дом Меркурий', 377, 88.00, 8, 'Стекло и бетон', 2016, 'Современный', 'Коммерческий'),
(124, 'Эко-бизнес-центр', 374, 75.00, 18, 'Стекло и бетон', 2020, 'Экологичный', 'Офисы'),
(125, 'Спортивная арена Вихрь', 255, 92.00, 10, 'Бетон и стекло', 2023, 'Современный', 'Спортивный'),
(126, 'Школа будущего', 265, 60.00, 5, 'Бетон и стекло', 2011, 'Современный', 'Образовательный'),
(127, 'Абрамович Апартаменты', 201, 130.00, 35, 'Бетон и стекло', 2007, 'Современный', 'Жилой'),
(128, 'Технологический университет', 185, 70.00, 16, 'Кирпич и бетон', 2012, 'Современный', 'Образовательный'),
(129, 'Энергетический холдинг', 221, 150.00, 40, 'Стекло и бетон', 2014, 'Современный', 'Офисы'),
(130, 'Креатив Хаб', 305, 95.00, 20, 'Бетон и стекло', 2018, 'Современный', 'Культурный'),
(131, 'Гостиница Элит', 397, 118.00, 30, 'Стекло и бетон', 2016, 'Современный', 'Гостиница'),
(132, 'Дизайнерский центр', 246, 85.00, 22, 'Бетон и стекло', 2021, 'Современный', 'Офисы'),
(133, 'Транспортный хаб', 196, 37.00, 6, 'Бетон и металл', 2018, 'Инженерный', 'Транспорт'),
(134, 'Новое поколение бизнес-центр', 135, 160.00, 38, 'Стекло и сталь', 2015, 'Современный', 'Офисы'),
(135, 'Жилой комплекс Возрождение', 297, 150.00, 35, 'Кирпич и стекло', 2013, 'Современный', 'Жилой'),
(136, 'Музей науки', 315, 60.00, 3, 'Камень и стекло', 2012, 'Современный', 'Культурный'),
(137, 'Энергетический центр', 243, 105.00, 28, 'Стекло и бетон', 2018, 'Современный', 'Офисы'),
(138, 'Культура Арена', 346, 67.00, 5, 'Бетон и стекло', 2014, 'Современный', 'Культурный'),
(139, 'Телекоммуникационная башня', 407, 250.00, 0, 'Сталь', 2015, 'Современный', 'Коммуникации'),
(140, 'Зеленый квартал Шуваловский', 371, 140.00, 32, 'Кирпич и стекло', 2017, 'Современный', 'Жилой'),
(141, 'Деловой комплекс Севен', 151, 130.00, 30, 'Стекло и бетон', 2020, 'Современный', 'Офисы'),
(142, 'Научный институт Новатор', 249, 95.00, 24, 'Кирпич и стекло', 2012, 'Современный', 'Научный'),
(143, 'Торговый центр Арена', 310, 85.00, 5, 'Бетон и стекло', 2011, 'Современный', 'Коммерческий'),
(144, 'Гостиница Престиж', 152, 120.00, 29, 'Стекло и бетон', 2019, 'Современный', 'Гостиница'),
(145, 'Финансовый центр', 387, 125.00, 35, 'Стекло и бетон', 2023, 'Современный', 'Офисы'),
(146, 'Новая набережная', 102, 48.00, 6, 'Кирпич и бетон', 2015, 'Современный', 'Жилой'),
(147, 'Культурный центр Развитие', 309, 75.00, 4, 'Бетон и стекло', 2012, 'Современный', 'Культурный'),
(148, 'Учебный комплекс Академия', 148, 70.00, 15, 'Кирпич и стекло', 2017, 'Современный', 'Образовательный'),
(149, 'Элитный клуб', 404, 65.00, 10, 'Стекло и бетон', 2020, 'Современный', 'Культурный'),
(150, 'Центр Исследований', 375, 73.00, 6, 'Кирпич и стекло', 2015, 'Современный', 'Научный'),
(151, 'Высотный комплекс АйТи', 230, 280.00, 60, 'Стекло и сталь', 2021, 'Современный', 'Офисы'),
(152, 'Гостиница Ривьера', 377, 102.00, 24, 'Бетон и стекло', 2018, 'Современный', 'Гостиница'),
(153, 'Деловой мир', 308, 190.00, 48, 'Стекло и бетон', 2022, 'Современный', 'Офисы'),
(154, 'Экопарк Центральный', 136, 110.00, 28, 'Кирпич и стекло', 2020, 'Современный', 'Коммерческий'),
(155, 'Научный институт Авангард', 228, 40.00, 4, 'Кирпич и бетон', 2023, 'Современный', 'Научный'),
(156, 'Центр развития Стартап', 112, 50.00, 12, 'Бетон и стекло', 2019, 'Современный', 'Офисы'),
(157, 'Музей времени', 294, 30.00, 2, 'Камень и стекло', 2021, 'Современный', 'Культурный'),
(158, 'Резиденция Люкс', 411, 160.00, 35, 'Стекло и бетон', 2015, 'Современный', 'Жилой'),
(159, 'Южная башня', 280, 170.00, 42, 'Стекло и сталь', 2016, 'Современный', 'Офисы'),
(160, 'Медицинский центр', 159, 55.00, 3, 'Кирпич и стекло', 2014, 'Современный', 'Научный'),
(161, 'Завод Промышленный', 291, 58.00, 2, 'Металл и бетон', 1988, 'Советский модернизм', 'Производственный'),
(162, 'Арена Глобус', 183, 76.00, 9, 'Стекло и бетон', 2023, 'Современный', 'Спортивный'),
(163, 'Жилой квартал Аврора', 252, 135.00, 38, 'Кирпич и стекло', 2019, 'Современный', 'Жилой'),
(164, 'Центр инноваций', 354, 85.00, 12, 'Бетон и стекло', 2018, 'Современный', 'Научный'),
(165, 'Министерство экономики', 228, 100.00, 25, 'Бетон и стекло', 2016, 'Современный', 'Правительственное'),
(166, 'Торговый комплекс Миллениум', 351, 78.00, 5, 'Бетон и стекло', 2021, 'Современный', 'Коммерческий'),
(167, 'Ноев ковчег', 284, 300.00, 60, 'Стекло и бетон', 2022, 'Современный', 'Гостиница'),
(168, 'Культурный центр Вдохновение', 295, 95.00, 6, 'Бетон и стекло', 2020, 'Современный', 'Культурный'),
(169, 'Дом науки', 182, 110.00, 30, 'Кирпич и стекло', 2017, 'Современный', 'Научный'),
(170, 'Компания Выхлоп', 312, 65.00, 5, 'Металл и бетон', 1980, 'Советский модернизм', 'Производственный'),
(171, 'Парк Маяк', 403, 40.00, 2, 'Камень и стекло', 2004, 'Современный', 'Культурный'),
(172, 'Образовательный институт', 332, 120.00, 32, 'Кирпич и стекло', 2015, 'Современный', 'Образовательный'),
(173, 'Гостиница Северная звезда', 350, 99.00, 24, 'Бетон и стекло', 2019, 'Современный', 'Гостиница'),
(174, 'Центр торгового партнерства', 173, 115.00, 28, 'Стекло и бетон', 2018, 'Современный', 'Коммерческий'),
(175, 'Технологический парк', 123, 105.00, 20, 'Кирпич и стекло', 2016, 'Экологичный', 'Офисы'),
(176, 'Культурный парк', 355, 80.00, 4, 'Бетон и стекло', 2023, 'Современный', 'Культурный'),
(177, 'Наукоемкий центр', 225, 90.00, 15, 'Стекло и бетон', 2021, 'Современный', 'Научный'),
(178, 'Дворец искусств', 136, 150.00, 40, 'Бетон и стекло', 2020, 'Современный', 'Культурный'),
(179, 'Жилой комплекс Прайд', 276, 140.00, 36, 'Кирпич и стекло', 2017, 'Современный', 'Жилой'),
(180, 'Академия наук', 222, 125.00, 29, 'Кирпич и стекло', 2015, 'Современный', 'Научный'),
(181, 'Технополис', 218, 170.00, 45, 'Стекло и бетон', 2019, 'Современный', 'Офисы'),
(182, 'Национальная школа архитектуры', 316, 60.00, 15, 'Кирпич и стекло', 2018, 'Современный', 'Образовательный'),
(183, 'Зеленая волна', 198, 98.00, 8, 'Бетон и стекло', 2023, 'Современный', 'Жилой'),
(184, 'Центр искусств Галерея', 184, 85.00, 5, 'Стекло и бетон', 2022, 'Современный', 'Культурный'),
(185, 'Мегаполис', 390, 200.00, 50, 'Стекло и сталь', 2017, 'Современный', 'Офисы'),
(186, 'Промышленный парк', 356, 90.00, 10, 'Металл и бетон', 1986, 'Советский модернизм', 'Производственный'),
(187, 'Бизнес центр Меркурий', 306, 155.00, 37, 'Стекло и бетон', 2018, 'Современный', 'Офисы'),
(188, 'Олимпийская деревня', 117, 92.00, 9, 'Бетон и стекло', 2020, 'Современный', 'Жилой'),
(189, 'Школа Академия', 281, 80.00, 18, 'Кирпич и стекло', 2019, 'Современный', 'Образовательный'),
(190, 'Башня Солнца', 247, 130.00, 30, 'Стекло и сталь', 2016, 'Современный', 'Офисы'),
(191, 'Клиника Альфа', 127, 60.00, 3, 'Стекло и бетон', 2015, 'Современный', 'Научный'),
(192, 'Гостиница Всемирная', 354, 150.00, 35, 'Стекло и бетон', 2013, 'Современный', 'Гостиница'),
(193, 'Центр экологических решений', 397, 70.00, 5, 'Кирпич и стекло', 2014, 'Современный', 'Научный'),
(194, 'Школа Мира', 356, 72.00, 14, 'Кирпич и стекло', 2011, 'Современный', 'Образовательный'),
(195, 'Органический парк', 116, 90.00, 4, 'Бетон и стекло', 2021, 'Классический', 'Культурный'),
(196, 'Архитектурный комплекс', 154, 57.00, 6, 'Камень и бетон', 2017, 'Современный', 'Научный'),
(197, 'Центр перспективных исследований', 127, 115.00, 25, 'Бетон и стекло', 2019, 'Современный', 'Научный'),
(198, 'Жилой дом Светлый', 402, 105.00, 27, 'Кирпич и стекло', 2016, 'Современный', 'Жилой'),
(199, 'Бизнес-центр Плюс', 106, 118.00, 28, 'Стекло и бетон', 2022, 'Современный', 'Офисы'),
(200, 'Торговый меня', 401, 78.00, 6, 'Кирпич и стекло', 2015, 'Современный', 'Коммерческий'),
(201, 'Дом бизнесмена Зеленского', 199, 150.00, 40, 'Стекло и бетон', 2023, 'Современный', 'Жилой'),
(202, 'Офис Газпром', 175, 350.00, 70, 'Стекло и сталь', 2021, 'Современный', 'Офисы'),
(203, 'Культурный центр Муза', 395, 75.00, 5, 'Бетон и стекло', 2020, 'Современный', 'Культурный'),
(204, 'Научный комплекс Эверест', 167, 180.00, 50, 'Бетон и кирпич', 2022, 'Современный', 'Научный'),
(205, 'Жилой квартал Солнечный', 208, 140.00, 32, 'Кирпич и стекло', 2023, 'Современный', 'Жилой'),
(206, 'Гостиничный комплекс Миротворец', 196, 125.00, 28, 'Стекло и бетон', 2021, 'Современный', 'Гостиница'),
(207, 'Бизнес-центр Империал', 154, 155.00, 35, 'Бетон и стекло', 2022, 'Экологичный', 'Офисы'),
(208, 'Культурный хаб Артиллерия', 301, 95.00, 10, 'Камень и стекло', 2023, 'Классический', 'Культурный'),
(209, 'Комплекс Иркутск', 272, 108.00, 30, 'Стекло и металл', 2020, 'Современный', 'Офисы'),
(210, 'Деловой центр Максимум', 168, 190.00, 45, 'Стекло и бетон', 2021, 'Современный', 'Офисы'),
(211, 'Торговый дом Гармония', 358, 70.00, 8, 'Бетон и стекло', 2020, 'Экологичный', 'Коммерческий'),
(212, 'Центр искусств Экспрессия', 177, 80.00, 20, 'Стекло и бетон', 2023, 'Современный', 'Культурный'),
(213, 'Жилой комплекс Парк Тихий', 394, 130.00, 38, 'Бетон и стекло', 2022, 'Современный', 'Жилой'),
(214, 'Гостиница Комфорт', 258, 85.00, 25, 'Кирпич и стекло', 2021, 'Современный', 'Гостиница'),
(215, 'Технопарк Альянс', 173, 170.00, 42, 'Стекло и бетон', 2021, 'Современный', 'Офисы'),
(216, 'Образовательный центр Интеграция', 135, 65.00, 16, 'Бетон и стекло', 2020, 'Современный', 'Образовательный'),
(217, 'Научный институт Прорыв', 403, 140.00, 30, 'Кирпич и стекло', 2022, 'Современный', 'Научный'),
(218, 'Креативный кластер Инновация', 113, 95.00, 12, 'Стекло и бетон', 2023, 'Современный', 'Культурный'),
(219, 'Промышленный центр Рост', 102, 155.00, 40, 'Металл и бетон', 2022, 'Советский модернизм', 'Производственный'),
(220, 'Городской парк Жилья', 357, 160.00, 45, 'Кирпич и бетон', 2022, 'Современный', 'Жилой'),
(221, 'Лаборатория Физики', 196, 90.00, 10, 'Бетон и стекло', 2023, 'Современный', 'Научный'),
(222, 'Грандиозный небоскрёб', 313, 250.00, 65, 'Стекло и сталь', 2023, 'Современный', 'Офисы'),
(223, 'Экологический парк', 334, 60.00, 4, 'Дерево и бетон', 2020, 'Экологичный', 'Культурный'),
(224, 'Университетская башня', 193, 100.00, 28, 'Стекло и сталь', 2021, 'Современный', 'Образовательный'),
(225, 'Бизнес-центр Лидер', 210, 185.00, 43, 'Стекло и бетон', 2022, 'Современный', 'Офисы'),
(226, 'Центр научных открытий', 118, 85.00, 15, 'Бетон и стекло', 2023, 'Современный', 'Научный'),
(227, 'Торгово-развлекательный центр', 390, 75.00, 6, 'Кирпич и стекло', 2022, 'Современный', 'Коммерческий'),
(228, 'Литературный музей', 128, 55.00, 3, 'Камень и стекло', 2020, 'Классический', 'Культурный'),
(229, 'Центр дизайна', 126, 125.00, 28, 'Бетон и стекло', 2021, 'Современный', 'Офисы'),
(230, 'Новое ателье', 252, 40.00, 2, 'Стекло и металл', 2023, 'Классический', 'Коммерческий'),
(231, 'Гостиница Звезда', 158, 115.00, 32, 'Стекло и бетон', 2022, 'Современный', 'Гостиница'),
(232, 'Научный центр Инноватор', 347, 145.00, 38, 'Кирпич и стекло', 2023, 'Современный', 'Научный'),
(233, 'Культурный дом науки', 281, 90.00, 7, 'Камень и стекло', 2021, 'Современный', 'Культурный'),
(234, 'Театр Видение', 137, 60.00, 5, 'Бетон и стекло', 2022, 'Современный', 'Культурный'),
(235, 'Киноцентр Мечта', 400, 95.00, 8, 'Стекло и бетон', 2023, 'Современный', 'Культурный'),
(236, 'Инженерный город', 331, 120.00, 35, 'Кирпич и бетон', 2021, 'Современный', 'Коммерческий'),
(237, 'Гостиничный комплекс Радуга', 131, 110.00, 30, 'Бетон и стекло', 2022, 'Современный', 'Гостиница'),
(238, 'Галерея искусства', 170, 70.00, 20, 'Камень и стекло', 2023, 'Классический', 'Культурный'),
(239, 'Резиденция Академика', 359, 135.00, 40, 'Стекло и бетон', 2021, 'Современный', 'Жилой'),
(240, 'Торговый комплекс Сфера', 273, 140.00, 38, 'Бетон и стекло', 2022, 'Экологичный', 'Коммерческий'),
(241, 'Фитнес-центр Вершина', 157, 45.00, 5, 'Кирпич и стекло', 2023, 'Современный', 'Спортивный'),
(242, 'Научный музей Лабиринт', 325, 60.00, 10, 'Стекло и кирпич', 2020, 'Современный', 'Научный'),
(243, 'Образовательный комплекс Лидер', 109, 108.00, 28, 'Камень и стекло', 2021, 'Современный', 'Образовательный'),
(244, 'Гостиница Южный причал', 338, 125.00, 35, 'Стекло и бетон', 2022, 'Современный', 'Гостиница'),
(245, 'Науковедение Центр', 153, 115.00, 25, 'Бетон и стекло', 2023, 'Современный', 'Научный'),
(246, 'Торговый дом Авеню', 365, 90.00, 8, 'Кирпич и стекло', 2021, 'Современный', 'Коммерческий'),
(247, 'Центр культурного обмена', 256, 80.00, 20, 'Камень и стекло', 2020, 'Современный', 'Культурный'),
(248, 'Жилой хаб Радость', 343, 105.00, 30, 'Стекло и бетон', 2021, 'Современный', 'Жилой'),
(249, 'Бизнес-центр Плаза', 202, 155.00, 40, 'Кирпич и стекло', 2022, 'Современный', 'Офисы'),
(250, 'Офисы Про', 404, 120.00, 25, 'Стекло и бетон', 2023, 'Экологичный', 'Офисы'),
(251, 'Культурный дворец Искусство', 175, 85.00, 10, 'Бетон и стекло', 2022, 'Современный', 'Культурный'),
(252, 'Гостиница Радость', 412, 110.00, 32, 'Стекло и бетон', 2021, 'Современный', 'Гостиница'),
(253, 'Комплекс Изумруд', 359, 130.00, 33, 'Кирпич и стекло', 2020, 'Современный', 'Жилой'),
(254, 'Центр инноваций Новатор', 135, 75.00, 12, 'Бетон и стекло', 2023, 'Современный', 'Научный'),
(255, 'Рыночный дом Титан', 129, 65.00, 5, 'Стекло и бетон', 2021, 'Современный', 'Коммерческий'),
(256, 'Инженерное высотное здание', 304, 165.00, 40, 'Стекло и сталь', 2022, 'Современный', 'Коммуникации'),
(257, 'Образовательный центр Феникс', 267, 140.00, 30, 'Бетон и стекло', 2021, 'Современный', 'Образовательный'),
(258, 'Технополис Новое кольцо', 228, 150.00, 42, 'Стекло и бетон', 2020, 'Современный', 'Офисы'),
(259, 'Жилой квартал Спокойствие', 207, 120.00, 25, 'Кирпич и стекло', 2023, 'Экологичный', 'Жилой'),
(260, 'Центр научного развития', 148, 175.00, 45, 'Стекло и бетон', 2022, 'Современный', 'Научный'),
(261, 'Гастрономический центр Гастро Мир', 335, 70.00, 10, 'Камень и стекло', 2020, 'Современный', 'Культурный'),
(262, 'Культурный парк Радужный', 200, 82.00, 13, 'Стекло и бетон', 2021, 'Классический', 'Культурный'),
(263, 'Арена звездного спорта', 201, 90.00, 20, 'Бетон и стекло', 2022, 'Современный', 'Спортивный'),
(264, 'Жилой комплекс Централ Парк', 224, 160.00, 40, 'Кирпич и стекло', 2023, 'Современный', 'Жилой'),
(265, 'Школа Искусств', 137, 92.00, 18, 'Бетон и стекло', 2020, 'Современный', 'Образовательный'),
(266, 'Научный центр ПРО Сила', 347, 110.00, 25, 'Кирпич и стекло', 2021, 'Современный', 'Научный'),
(267, 'Гостиничный комплекс Свет', 256, 105.00, 30, 'Стекло и бетон', 2022, 'Современный', 'Гостиница'),
(268, 'Бизнес-клуб Эконом', 212, 120.00, 20, 'Кирпич и стекло', 2023, 'Современный', 'Офисы'),
(269, 'Центр запретного искусства', 140, 67.00, 8, 'Бетон и стекло', 2020, 'Современный', 'Культурный'),
(270, 'Инновационный хаб развития', 116, 135.00, 33, 'Стекло и бетон', 2021, 'Экологичный', 'Научный'),
(271, 'Комплекс Клуб Верена', 404, 85.00, 15, 'Кирпич и стекло', 2022, 'Современный', 'Жилой'),
(272, 'Бизнес-центр Лидер Медиа', 317, 145.00, 36, 'Бетон и стекло', 2023, 'Современный', 'Офисы'),
(273, 'Научное место Лаб', 136, 125.00, 24, 'Стекло и бетон', 2020, 'Классический', 'Научный'),
(274, 'Гостиница Стиль', 169, 120.00, 32, 'Бетон и стекло', 2021, 'Современный', 'Гостиница'),
(275, 'Промышленный парк Вектор', 187, 160.00, 45, 'Кирпич и бетон', 2022, 'Советский модернизм', 'Научный'),
(276, 'Центр Исследование Мощность', 381, 100.00, 25, 'Стекло и бетон', 2023, 'Современный', 'Научный'),
(277, 'Торговый дом Вояж', 258, 75.00, 5, 'Кирпич и стекло', 2020, 'Современный', 'Коммерческий'),
(278, 'Высотный дом Прогресс', 130, 158.00, 39, 'Кирпич и стекло', 2021, 'Современный', 'Жилой'),
(279, 'Лофт-студия Золотая груша', 181, 55.00, 8, 'Бетон и стекло', 2022, 'Классический', 'Культурный'),
(280, 'Сельскохозяйственный хаб', 280, 90.00, 15, 'Камень и стекло', 2023, 'Совершенный', 'Культурный'),
(281, 'Медицинский центр надежда', 123, 78.00, 18, 'Кирпич и стекло', 2020, 'Современный', 'Научный'),
(282, 'Центр туризма Вояж', 341, 105.00, 30, 'Стекло и бетон', 2021, 'Современный', 'Туристический'),
(283, 'Центр астрономии', 240, 98.00, 20, 'Камень и стекло', 2022, 'Классический', 'Научный'),
(284, 'Креативная лаборатория', 217, 58.00, 12, 'Бетон и стекло', 2023, 'Экологичный', 'Научный'),
(285, 'Детский центр Знаний', 248, 75.00, 6, 'Кирпич и стекло', 2020, 'Современный', 'Образовательный'),
(286, 'Культурный центр Мудрость', 184, 82.00, 13, 'Стекло и бетон', 2021, 'Экологичный', 'Культурный'),
(287, 'Спортивный комплекс Сила', 357, 100.00, 28, 'Камень и стекло', 2022, 'Современный', 'Спортивный'),
(288, 'Жилой блок Гора', 286, 120.00, 36, 'Кирпич и стекло', 2023, 'Экологичный', 'Жилой'),
(289, 'Архитектурный парк Палитра', 291, 67.00, 10, 'Бетон и стекло', 2020, 'Современный', 'Культурный'),
(290, 'Гостиница Морская', 188, 105.00, 30, 'Стекло и бетон', 2021, 'Современный', 'Гостиница'),
(291, 'Образовательный центр Зенит', 363, 95.00, 14, 'Кирпич и стекло', 2022, 'Экологичный', 'Образовательный'),
(292, 'Торгово-деловой хаб Успех', 393, 150.00, 40, 'Стекло и бетон', 2023, 'Современный', 'Офисы'),
(293, 'Музыкальный театр Гранд', 254, 90.00, 12, 'Камень и стекло', 2020, 'Современный', 'Культурный'),
(294, 'Универсальный центр X', 269, 85.00, 10, 'Кирпич и стекло', 2021, 'Экологичный', 'Жилой'),
(295, 'Культурная зона Лукоморье', 272, 64.00, 10, 'Стекло и бетон', 2022, 'Классический', 'Культурный'),
(296, 'Научный парк Парадигма', 371, 125.00, 28, 'Кирпич и стекло', 2023, 'Современный', 'Научный'),
(297, 'Торговый комплекс Z', 368, 138.00, 38, 'Бетон и стекло', 2020, 'Современный', 'Коммерческий'),
(298, 'Промышленно-инновационный узел', 275, 160.00, 45, 'Металл и бетон', 2021, 'Советский модернизм', 'Промышленный'),
(299, 'ГДЦ Арт', 344, 90.00, 16, 'Бетон и кирпич', 2022, 'Экологичный', 'Офисы'),
(300, 'Лаборатория Импульс', 327, 106.00, 30, 'Стекло и бетон', 2023, 'Современный', 'Научный'),
(301, 'Культурный центр Эра', 406, 85.00, 8, 'Бетон и стекло', 2023, 'Современный', 'Культурный'),
(302, 'Высотка Светлый Храм', 147, 310.00, 77, 'Стекло и сталь', 2022, 'Современный', 'Офисы'),
(303, 'Комплекс Мировидение', 197, 88.00, 18, 'Стекло и бетон', 2021, 'Современный', 'Культурный'),
(304, 'Резиденция Амур', 388, 130.00, 36, 'Кирпич и стекло', 2023, 'Современный', 'Жилой'),
(305, 'Эко-дом Гармония', 104, 60.00, 5, 'Кирпич и бетон', 2020, 'Экологичный', 'Жилой'),
(306, 'Торговый центр Импульс', 320, 140.00, 38, 'Бетон и стекло', 2021, 'Современный', 'Коммерческий'),
(307, 'Башня Научная Вершина', 299, 220.00, 55, 'Стекло и бетон', 2022, 'Современный', 'Офисы'),
(308, 'Аквапарк Волна', 219, 78.00, 8, 'Металл и стекло', 2023, 'Современный', 'Развлекательный'),
(309, 'Инновационный центр Гига', 212, 95.00, 20, 'Кирпич и бетон', 2023, 'Современный', 'Научный'),
(310, 'Жилой блок Мирный', 108, 120.00, 30, 'Бетон и стекло', 2020, 'Экологичный', 'Жилой'),
(311, 'Центр Деметра', 358, 105.00, 28, 'Кирпич и стекло', 2021, 'Современный', 'Культурный'),
(312, 'Гостиница Парадиз', 360, 146.00, 32, 'Стекло и бетон', 2022, 'Современный', 'Гостиница'),
(313, 'Торговый хвост Дельта', 305, 155.00, 40, 'Бетон и стекло', 2023, 'Экологичный', 'Коммерческий'),
(314, 'Научный комплекс Гамма', 181, 98.00, 18, 'Стекло и бетон', 2020, 'Современный', 'Научный'),
(315, 'Здоровье Палас', 131, 122.00, 35, 'Кирпич и стекло', 2021, 'Современный', 'Медицинский'),
(316, 'Культурный хаб Зенит', 155, 84.00, 12, 'Кирпич и бетон', 2022, 'Современный', 'Культурный'),
(317, 'Университетский центр Арион', 231, 132.00, 30, 'Стекло и бетон', 2023, 'Экологичный', 'Образовательный'),
(318, 'Башня Галактика', 155, 252.00, 70, 'Стекло и сталь', 2021, 'Современный', 'Офисы'),
(319, 'Океанический хоум Бета', 250, 110.00, 28, 'Камень и стекло', 2023, 'Современный', 'Культурный'),
(320, 'Дискавери Центр', 351, 102.00, 26, 'Кирпич и стекло', 2021, 'Экологичный', 'Научный'),
(321, 'Недалеко казино Лазурный берег', 126, 145.00, 38, 'Бетон и стекло', 2022, 'Современный', 'Развлекательный'),
(322, 'Транспортный узел Инфинити', 204, 75.00, 10, 'Стекло и металл', 2023, 'Инженерный', 'Транспорт'),
(323, 'Жилищный хаб Оптимум', 131, 135.00, 33, 'Стекло и бетон', 2020, 'Современный', 'Жилой'),
(324, 'Мегамолл Дубль', 155, 165.00, 42, 'Кирпич и стекло', 2021, 'Современный', 'Коммерческий'),
(325, 'Образовательный центр Космос', 273, 90.00, 18, 'Бетон и стекло', 2023, 'Современный', 'Образовательный'),
(326, 'Эко-парк Эксплорер', 288, 85.00, 8, 'Стекло и бетон', 2022, 'Экологичный', 'Культурный'),
(327, 'Промышленный центр Гравита', 348, 140.00, 36, 'Кирпич и стекло', 2023, 'Современный', 'Промышленный'),
(328, 'Научный Узел Гранд', 120, 122.00, 30, 'Бетон и стекло', 2020, 'Современный', 'Научный'),
(329, 'Коммерческий Центр Планета', 305, 97.00, 24, 'Стекло и бетон', 2023, 'Современный', 'Коммерческий'),
(330, 'Авангард Башня Миллениум', 281, 255.00, 67, 'Стекло и сталь', 2021, 'Современный', 'Офисы'),
(331, 'Усовершенствованный центр Энергия', 192, 202.00, 50, 'Кирпич и стекло', 2022, 'Современный', 'Научный'),
(332, 'Жильё Апекс', 161, 132.00, 34, 'Стекло и бетон', 2023, 'Современный', 'Жилой'),
(333, 'Научный институт Титан', 336, 10.00, 60, 'Стекло и бетон', 2020, 'Экологичный', 'Научный'),
(334, 'Креативный квартал Призма', 238, 75.00, 14, 'Стекло и бетон', 2023, 'Современный', 'Культурный'),
(335, 'Сейф-хотел Алмаз', 184, 228.00, 55, 'Кирпич и стекло', 2021, 'Современный', 'Гостиница'),
(336, 'Экспо-центр Лидер', 373, 145.00, 40, 'Стекло и бетон', 2023, 'Современный', 'Коммерческий'),
(337, 'Живопись Центр Вдохновение', 309, 81.00, 8, 'Кирпич и стекло', 2022, 'Современный', 'Культурный'),
(338, 'Небоскреб Этажи', 203, 280.00, 80, 'Стекло и сталь', 2023, 'Современный', 'Офисы'),
(339, 'Технополис Инновации', 403, 198.00, 50, 'Стекло и бетон', 2020, 'Экологичный', 'Научный'),
(340, 'Комплекс Чистое небо', 158, 155.00, 45, 'Кирпич и бетон', 2021, 'Современный', 'Жилой'),
(341, 'Рекреационный парк Оазис', 105, 70.00, 6, 'Стекло и бетон', 2022, 'Современный', 'Культурный'),
(342, 'Ярмарка Фокус', 296, 105.00, 20, 'Кирпич и стекло', 2023, 'Современный', 'Коммерческий'),
(343, 'Центр медицинских технологий Умница', 230, 117.00, 29, 'Бетон и стекло', 2020, 'Современный', 'Медицинский'),
(344, 'Материнский ландшафтный отель', 148, 115.00, 25, 'Кирпич и стекло', 2022, 'Экологичный', 'Гостиница'),
(345, 'Активные технологии Энергетика', 146, 170.00, 65, 'Стекло и бетон', 2023, 'Современный', 'Научный'),
(346, 'Зодчество Центр', 287, 88.00, 18, 'Кирпич и стекло', 2021, 'Современный', 'Культурный'),
(347, 'Эко-зона Северный ветер', 157, 98.00, 12, 'Стекло и бетон', 2022, 'Экологичный', 'Культурный'),
(348, 'Инженерное сооружение Альфа', 297, 175.00, 50, 'Кирпич и стекло', 2023, 'Современный', 'Промышленный'),
(349, 'Научная станция Южный мост', 228, 138.00, 40, 'Стекло и бетон', 2021, 'Экологичный', 'Научный'),
(350, 'Командный центр Горизонт', 244, 190.00, 65, 'Кирпич и стекло', 2022, 'Современный', 'Научный'),
(351, 'Гелий Бизнес Дом', 129, 185.00, 48, 'Стекло и бетон', 2023, 'Современный', 'Офисы'),
(352, 'Центр искусств Спектр', 172, 67.00, 14, 'Кирпич и стекло', 2020, 'Современный', 'Культурный'),
(353, 'Университетский кампус Ньютон', 223, 160.00, 40, 'Стекло и бетон', 2021, 'Экологичный', 'Образовательный'),
(354, 'Промышленный хаб Спутник', 265, 122.00, 30, 'Кирпич и стекло', 2022, 'Советский модернизм', 'Производственный'),
(355, 'Культурный центр Мечта', 313, 90.00, 10, 'Стекло и бетон', 2023, 'Современный', 'Культурный'),
(356, 'Инновационный парк Виктория', 239, 108.00, 20, 'Кирпич и стекло', 2020, 'Экологичный', 'Жилой'),
(357, 'Торговый двор Алькасар', 257, 150.00, 34, 'Бетон и стекло', 2021, 'Современный', 'Коммерческий'),
(358, 'Технопарк Неон', 344, 115.00, 27, 'Стекло и бетон', 2022, 'Экологичный', 'Научный'),
(359, 'Восточный Холл Ринка', 222, 90.00, 18, 'Кирпич и стекло', 2023, 'Современный', 'Культурный'),
(360, 'Палладий Инновации', 305, 140.00, 45, 'Стекло и бетон', 2020, 'Экологичный', 'Научный'),
(361, 'Omega Tower', 182, 205.00, 55, 'Стекло и сталь', 2021, 'Современный', 'Офисы'),
(362, 'Пятиметровый пляж', 178, 130.00, 38, 'Бетон и стекло', 2022, 'Современный', 'Развлекательный'),
(363, 'Промышленный центр Зет', 130, 85.00, 10, 'Кирпич и стекло', 2023, 'Советский модернизм', 'Промышленный'),
(364, 'Учебный центр Гена', 197, 110.00, 25, 'Кирпич и стекло', 2020, 'Современный', 'Образовательный'),
(365, 'Центр архитекторов Арка', 114, 72.00, 6, 'Кирпич и стекло', 2021, 'Современный', 'Культурный'),
(366, 'Эко-дом Пан', 253, 140.00, 40, 'Кирпич и бетон', 2022, 'Экологичный', 'Жилой'),
(367, 'Торговый центр Успех', 127, 120.00, 28, 'Стекло и бетон', 2023, 'Современный', 'Коммерческий'),
(368, 'Арена Триумф', 333, 77.00, 15, 'Кирпич и стекло', 2020, 'Современный', 'Спортивный'),
(369, 'Гостиничный комплекс Небо', 142, 150.00, 40, 'Стекло и бетон', 2021, 'Современный', 'Гостиница'),
(370, 'Энергетический дом Удар', 351, 160.00, 45, 'Кирпич и стекло', 2022, 'Современный', 'Научный'),
(371, 'Деловой центр Легион', 136, 180.00, 50, 'Стекло и бетон', 2023, 'Современный', 'Офисы'),
(372, 'Технополис Жара', 215, 89.00, 22, 'Кирпич и стекло', 2020, 'Современный', 'Научный'),
(373, 'Комплекс Уральский Узел', 246, 113.00, 28, 'Стекло и бетон', 2021, 'Современный', 'Научный'),
(374, 'Лаборатория Фаза', 209, 98.00, 20, 'Кирпич и стекло', 2022, 'Современный', 'Научный'),
(375, 'Городской Плацдарм', 401, 75.00, 18, 'Кирпич и стекло', 2023, 'Современный', 'Жилой'),
(376, 'Бизнес Парк Модель', 135, 125.00, 30, 'Кирпич и стекло', 2020, 'Экологичный', 'Офисы'),
(377, 'Образовательный центр Триггер', 255, 97.00, 22, 'Кирпич и стекло', 2021, 'Современный', 'Образовательный'),
(378, 'Научный центр Лор', 393, 115.00, 25, 'Стекло и бетон', 2022, 'Современный', 'Научный'),
(379, 'Торговый центр Глобус', 240, 102.00, 26, 'Стекло и бетон', 2023, 'Экологичный', 'Коммерческий'),
(380, 'Культурный центр Ритм', 304, 85.00, 12, 'Кирпич и стекло', 2021, 'Современный', 'Культурный'),
(381, 'Эволюция Центр Искусств', 401, 180.00, 38, 'Бетон и кирпич', 2021, 'Современный', 'Культурный'),
(382, 'Промышленный парк Авангард', 239, 150.00, 35, 'Стекло и бетон', 2022, 'Советский модернизм', 'Промышленный'),
(383, 'Учебный центр Перспектива', 256, 120.00, 30, 'Кирпич и стекло', 2020, 'Современный', 'Образовательный'),
(384, 'Жилой комплекс Зодчий', 191, 100.00, 28, 'Кирпич и стекло', 2021, 'Современный', 'Жилой'),
(385, 'Торговый дом Глобус', 211, 75.00, 12, 'Стекло и бетон', 2023, 'Современный', 'Коммерческий'),
(386, 'Научное учреждение Лира', 215, 102.00, 26, 'Кирпич и стекло', 2020, 'Современный', 'Научный'),
(387, 'Образовательный узел Гармония', 227, 125.00, 30, 'Кирпич и стекло', 2021, 'Экологичный', 'Образовательный'),
(388, 'Гостиница Белый Медведь', 154, 150.00, 38, 'Стекло и бетон', 2022, 'Современный', 'Гостиница'),
(389, 'Культурный квартал Время', 187, 180.00, 40, 'Кирпич и стекло', 2023, 'Современный', 'Культурный'),
(390, 'Энергетический парк Солнце', 405, 200.00, 45, 'Стекло и бетон', 2020, 'Современный', 'Научный'),
(391, 'Центр искусств Паллада', 117, 85.00, 12, 'Кирпич и стекло', 2021, 'Современный', 'Культурный'),
(392, 'Лаборатория Атом', 267, 102.00, 26, 'Бетон и стекло', 2022, 'Современный', 'Научный'),
(393, 'Промышленный хаб Метрополис', 267, 150.00, 35, 'Стекло и кирпич', 2023, 'Современный', 'Промышленный'),
(394, 'Образовательный центр Арена', 387, 120.00, 30, 'Кирпич и стекло', 2020, 'Современный', 'Образовательный'),
(395, 'Торговый комплекс Планета', 392, 75.00, 12, 'Стекло и бетон', 2021, 'Современный', 'Коммерческий'),
(396, 'Культурное пространство Классика', 117, 180.00, 40, 'Кирпич и стекло', 2022, 'Современный', 'Культурный'),
(397, 'Гостиница Престиж', 152, 150.00, 38, 'Кирпич и стекло', 2023, 'Современный', 'Гостиница'),
(398, 'Энергетический узел Сила', 169, 100.00, 28, 'Стекло и бетон', 2020, 'Современный', 'Научный'),
(399, 'Научный центр Альфа', 375, 200.00, 45, 'Кирпич и стекло', 2021, 'Современный', 'Научный'),
(400, 'Жилой квартал Надежда', 251, 120.00, 30, 'Стекло и бетон', 2022, 'Современный', 'Жилой');


INSERT INTO Suppliers (SupplierID, SupplierName, ContactName, Email, PhoneNumber, Address, City, Country, PostalCode) VALUES
(1, 'ООО "АрхСтройГрупп"', 'Иван Иванов', 'ivan.ivanov@arxstroigroup.ru', '+7-495-555-01-23', 'ул. Строителей, д. 23', 'Москва', 'Россия', '123456'),
(2, 'ЗАО "ТехноПроект"', 'Петр Петров', 'petr.petrov@tehnopro.ru', '+7-812-333-44-55', 'пр. Невский, д. 15', 'Санкт-Петербург', 'Россия', '191186'),
(3, 'ООО "ЭкоСтрой"', 'Сергей Сергеев', 'sergey.sergeev@eco-stroy.ru', '+7-343-555-77-88', 'ул. Ленина, д. 87', 'Екатеринбург', 'Россия', '620075'),
(4, 'ОАО "ПроектИндустрия"', 'Алексей Алексеев', 'alexei.alexeev@proind.ru', '+7-383-444-55-66', 'пр. Карла Маркса, д. 54', 'Новосибирск', 'Россия', '630078'),
(5, 'ООО "АрхДизайн"', 'Мария Мариянова', 'maria.marianova@archdesign.ru', '+7-812-111-22-33', 'ул. Рубинштейна, д. 12', 'Санкт-Петербург', 'Россия', '191025'),
(6, 'ЗАО "ИнжинСтрой"', 'Дмитрий Дмитриев', 'dmitry.dmitriev@inzistroi.ru', '+7-495-222-77-88', 'ул. Академическая, д. 28', 'Москва', 'Россия', '117279'),
(7, 'ООО "ПроектБюро"', 'Елена Еленова', 'elena.elenova@proekt.ru', '+7-343-888-99-00', 'ул. Малышева, д. 26', 'Екатеринбург', 'Россия', '620014'),
(8, 'ОАО "ГеоТех"', 'Анна Аннова', 'anna.annova@geotech.ru', '+7-383-666-11-22', 'ул. Красный проспект, д. 19', 'Новосибирск', 'Россия', '630099'),
(9, 'ООО "ЭнергоСтрой"', 'Игорь Игорев', 'igor.igorev@enerstroy.ru', '+7-495-999-55-66', 'ул. Народная, д. 39', 'Москва', 'Россия', '101000'),
(10, 'ЗАО "АрхиМастер"', 'Ксения Ксенова', 'ksenia.ksenova@archimaster.ru', '+7-812-234-56-78', 'ул. Жуковского, д. 45', 'Санкт-Петербург', 'Россия', '191014'),
(11, 'ООО "СтройМонолит"', 'Андрей Андреев', 'andrey.andreev@stmonolit.ru', '+7-812-567-89-00', 'ул. Марата, д. 7', 'Санкт-Петербург', 'Россия', '191025'),
(12, 'ОАО "КонстрактПро"', 'Наталья Натальева', 'natalia.nataleva@konstruct.ru', '+7-495-777-88-99', 'ул. Профсоюзная, д. 91', 'Москва', 'Россия', '117279'),
(13, 'ООО "ДомСтрой"', 'Виктор Викторов', 'victor.victorov@domstroy.ru', '+7-343-444-66-77', 'ул. Мамина-Сибиряка, д. 105', 'Екатеринбург', 'Россия', '620075'),
(14, 'ЗАО "АрхКонтакт"', 'Ольга Ольгова', 'olga.olgova@archcontact.ru', '+7-383-333-44-55', 'ул. Достоевского, д. 7', 'Новосибирск', 'Россия', '630007'),
(15, 'ООО "ИнноСтрой"', 'Михаил Михайлов', 'mikhail.mikhailov@innostroy.ru', '+7-495-888-00-11', 'ул. Бумажная, д. 10', 'Москва', 'Россия', '101000'),
(16, 'ОАО "ПроектПарус"', 'Александра Александрова', 'alexandra.alexandrova@proparus.ru', '+7-812-665-44-33', 'ул. Восстания, д. 37', 'Санкт-Петербург', 'Россия', '191123'),
(17, 'ООО "ДизайнСтрой"', 'Федор Федоров', 'fedor.fedorov@deignstroy.ru', '+7-812-112-22-33', 'ул. Большая Морская, д. 15', 'Санкт-Петербург', 'Россия', '191186'),
(18, 'ЗАО "ГеоПроект"', 'Екатерина Катерина', 'ekaterina.katerina@geoproy.ru', '+7-343-111-22-33', 'ул. Пушкина, д. 27', 'Екатеринбург', 'Россия', '620014'),
(19, 'ООО "АрхИнженерия"', 'Владимир Владимиров', 'vladimir.vladimirov@archengineer.ru', '+7-383-222-33-44', 'ул. Ленина, д. 18', 'Новосибирск', 'Россия', '630078'),
(20, 'ОАО "ТехСтройСистем"', 'Татьяна Татьянова', 'tatiana.tatianova@techstroy.ru', '+7-495-123-45-67', 'ул. Солянка, д. 99', 'Москва', 'Россия', '121069'),
(21, 'ООО "ЭкоПроект"', 'Николай Николаев', 'nikolay.nikolaev@ecoproject.ru', '+7-812-777-22-44', 'ул. Сенная, д. 42', 'Санкт-Петербург', 'Россия', '190000'),
(22, 'ЗАО "БудКомплекс"', 'Марина Маринова', 'marina.marinova@budcomplex.ru', '+7-343-234-56-77', 'ул. Антонова-Овсеенко, д. 7', 'Екатеринбург', 'Россия', '620075'),
(23, 'ООО "АрхСовет"', 'Виктория Викторова', 'victoria.viktorova@archsovet.ru', '+7-383-876-55-44', 'ул. Свердлова, д. 41', 'Новосибирск', 'Россия', '630132'),
(24, 'ОАО "ИнноваСтрой"', 'Артем Артемов', 'artem.artemov@innovastroy.ru', '+7-495-333-66-99', 'ул. Арбат, д. 22', 'Москва', 'Россия', '119019'),
(25, 'ООО "ДомиПро"', 'Юлия Юлиева', 'julia.julieva@domipro.ru', '+7-812-111-22-33', 'ул. Казанская, д. 24', 'Санкт-Петербург', 'Россия', '191186'),
(26, 'ЗАО "СнабСтрой"', 'Владислав Владиславов', 'vladislav.vladislavov@snaustr.ru', '+7-343-987-65-43', 'ул. Куйбышева, д. 2', 'Екатеринбург', 'Россия', '620075'),
(27, 'ООО "ПроектТех"', 'Анастасия Анасова', 'anastasia.anasova@proektekh.ru', '+7-383-111-22-22', 'ул. Московская, д. 60', 'Новосибирск', 'Россия', '630099'),
(28, 'ОАО "ГрандСтрой"', 'Денис Денисов', 'denis.denisov@grandstroy.ru', '+7-495-444-55-55', 'ул. Моховая, д. 15', 'Москва', 'Россия', '125009'),
(29, 'ООО "ДизайнКомпани"', 'Ирина Ириновна', 'irina.rininovna@designcom.ru', '+7-812-444-77-88', 'ул. Адмиралтейская, д. 29', 'Санкт-Петербург', 'Россия', '190000'),
(30, 'ЗАО "СтройТехГрупп"', 'Константин Константинов', 'konstantin.konstantinov@sttechgroup.ru', '+7-343-333-66-77', 'ул. Ленина, д. 50', 'Екатеринбург', 'Россия', '620007'),
(31, 'ООО "ЭкспоСтрой"', 'Антон Антонов', 'anton.antonov@expstroy.ru', '+7-383-100-10-10', 'ул. Станиславского, д. 22', 'Новосибирск', 'Россия', '630014'),
(32, 'ОАО "ИнжГрад"', 'Надежда Надеждина', 'nadezda.nadezhdina@ingrad.ru', '+7-495-678-54-32', 'ул. Садовая, д. 74', 'Москва', 'Россия', '123242'),
(33, 'ООО "СтройПроКампани"', 'Александр Александрович', 'alexandr.alexander@stroy comp.ru', '+7-812-322-55-66', 'ул. Миллионная, д. 12', 'Санкт-Петербург', 'Россия', '191186'),
(34, 'ЗАО "АрхиИнж"', 'Евгений Евгеньевич', 'evgeny.evgenievich@archiengin.ru', '+7-343-456-45-45', 'ул. Ленина, д. 20', 'Екатеринбург', 'Россия', '620075'),
(35, 'ООО "ПроектМонтаж"', 'Раиса Раисовна', 'raisa.raisovna@projektmont.ru', '+7-383-544-33-22', 'ул. Челюскинцев, д. 98', 'Новосибирск', 'Россия', '630099'),
(36, 'ОАО "СтройЭксперт"', 'Тимур Тимурович', 'timur.timurovich@stroyexpert.ru', '+7-495-876-54-31', 'пр. Мира, д. 35', 'Москва', 'Россия', '129223'),
(37, 'ООО "АрхКонтур"', 'Роман Романович', 'roman.romanovitch@arch contour.ru', '+7-812-998-77-11', 'ул. Чехова, д. 25', 'Санкт-Петербург', 'Россия', '190068'),
(38, 'ЗАО "ИнноТехКом"', 'Эдуард Эдуардович', 'eduard.eduardovich@intetechcom.ru', '+7-343-544-33-55', 'ул. Белинского, д. 5', 'Екатеринбург', 'Россия', '620026'),
(39, 'ООО "ДизайнТехнолог"', 'Вадим Вадимович', 'vadim.vadimov@designteh.ru', '+7-383-623-87-11', 'ул. Францика, д. 12', 'Новосибирск', 'Россия', '630132'),
(40, 'ОАО "СтройИнновация"', 'Геннадий Геннадиевич', 'gennadiy.gennad@styinnovation.ru', '+7-495-144-88-66', 'ул. Мясницкая, д. 4', 'Москва', 'Россия', '101000'),
(41, 'ООО "АльфаСтрой"', 'Виктор Викторович', 'victor.viktorovich@alfabuild.ru', '+7-495-612-34-56', 'ул. Крестьянская, д. 3', 'Москва', 'Россия', '101000'),
(42, 'ЗАО "ГипроТех"', 'Александра Григорьевна', 'alexandra.grigorevna@giprotech.ru', '+7-812-999-33-44', 'ул. Новинская, д. 9', 'Санкт-Петербург', 'Россия', '191186'),
(43, 'ООО "ЭнергоПлюс"', 'Василий Васильев', 'vasiliy.vasilev@energoplus.ru', '+7-343-717-22-33', 'ул. Восточная, д. 31', 'Екатеринбург', 'Россия', '620025'),
(44, 'ОАО "ТехИнженер"', 'Макар Макаров', 'makar.makarov@techengineer.ru', '+7-383-921-11-22', 'ул. Джержинского, д. 10', 'Новосибирск', 'Россия', '630087'),
(45, 'ООО "КапСтрой"', 'Елизавета Михайлова', 'elizaveta.mikhailova@kapstroy.ru', '+7-495-333-55-77', 'ул. Савельева, д. 18', 'Москва', 'Россия', '101000'),
(46, 'ЗАО "СеверПроект"', 'Даниил Данилов', 'danil.danilov@severproject.ru', '+7-812-222-77-66', 'ул. Длинная, д. 25', 'Санкт-Петербург', 'Россия', '191186'),
(47, 'ООО "ПромТех"', 'Георгий Георгиев', 'georgiy.georgiev@promtech.ru', '+7-343-555-44-33', 'ул. Среднемичуринская, д. 16', 'Екатеринбург', 'Россия', '620075'),
(48, 'ОАО "ЦентрСтрой"', 'Зинаида Зиновьевна', 'zina.zinaida@centerstroy.ru', '+7-383-646-64-64', 'ул. Научный, д. 5', 'Новосибирск', 'Россия', '630099'),
(49, 'ООО "ТехноКонтакт"', 'Юрий Юрьевич', 'yury.yurievich@technocontact.ru', '+7-495-609-23-11', 'ул. Васильева, д. 13', 'Москва', 'Россия', '125009'),
(50, 'ЗАО "АрхиДекор"', 'Филипп Филиппов', 'philip.philipov@archdecor.ru', '+7-812-567-88-99', 'ул. Космонавтов, д. 7', 'Санкт-Петербург', 'Россия', '191117'),
(51, 'ООО "АртПроект"', 'Софья Софиевна', 'sofia.sofieva@artproject.ru', '+7-343-987-65-42', 'ул. Екатерининская, д. 98', 'Екатеринбург', 'Россия', '620075'),
(52, 'ОАО "ГеоБур"', 'Платон Платонов', 'platon.platonov@geobur.ru', '+7-383-919-33-11', 'ул. Горная, д. 9', 'Новосибирск', 'Россия', '630087'),
(53, 'ООО "СитиСтрой"', 'Эдуард Эдуардович', 'eduard.eduardovich@сitistroy.ru', '+7-495-228-77-22', 'ул. Парусников, д. 54', 'Москва', 'Россия', '127000'),
(54, 'ЗАО "ТехБуилд"', 'Ефрем Ефремов', 'efrem.efremov@techbuild.ru', '+7-812-876-12-34', 'ул. Воронежская, д. 68', 'Санкт-Петербург', 'Россия', '190068'),
(55, 'ООО "ИндустрияПроект"', 'Галина Галина', 'galina.galina@industryproject.ru', '+7-343-213-44-11', 'ул. Крылова, д. 80', 'Екатеринбург', 'Россия', '620150'),
(56, 'ОАО "УмисСтрой"', 'Людмила Иванова', 'lyudmila.ivanova@umistroy.ru', '+7-383-764-93-21', 'ул. Загоснова, д. 26', 'Новосибирск', 'Россия', '630071'),
(57, 'ООО "Эковид"', 'Илья Ильич', 'ilya.ilich@ecovid.ru', '+7-495-988-77-55', 'ул. Тверская, д. 9', 'Москва', 'Россия', '123242'),
(58, 'ЗАО "Фундамент"', 'Юлиан Юльевич', 'julian.julevich@foundation.ru', '+7-812-654-22-89', 'ул. Дворцовая, д. 33', 'Санкт-Петербург', 'Россия', '191014'),
(59, 'ООО "ПроСтрой"', 'Захар Захаров', 'zahar.zaharov@prostroy.ru', '+7-343-894-32-11', 'ул. Сибирская, д. 12', 'Екатеринбург', 'Россия', '620151'),
(60, 'ОАО "ГрадСтрой"', 'Лея Ловский', 'lea.levsky@gradstroy.ru', '+7-383-745-61-79', 'ул. Энтузиастов, д. 88', 'Новосибирск', 'Россия', '630099'),
(61, 'ООО "ХоумПроект"', 'Ахмед Ахмедов', 'ahmed.ahmedov@homeproject.ru', '+7-495-357-88-45', 'ул. Елизаветинская, д. 9', 'Москва', 'Россия', '123005'),
(62, 'ЗАО "Геомиф"', 'Гавриил Гаврилов', 'gavrill.gavrilov@geomif.ru', '+7-812-778-98-21', 'ул. Декабристов, д. 77', 'Санкт-Петербург', 'Россия', '191186'),
(63, 'ООО "КрепостьСтрой"', 'Дарья Даровская', 'darya.darovsk@crepost.ru', '+7-343-736-11-45', 'ул. Бажова, д. 52', 'Екатеринбург', 'Россия', '620076'),
(64, 'ОАО "ЗапСтройТех"', 'Олег Олегович', 'oleg.olegovich@zapstroitech.ru', '+7-383-657-22-44', 'ул. Энергетиков, д. 30', 'Новосибирск', 'Россия', '630048'),
(65, 'ООО "СолнечныйДом"', 'Радислав Радиславов', 'radislav.radislavov@solardom.ru', '+7-495-999-11-77', 'ул. Смоленская, д. 27', 'Москва', 'Россия', '103000'),
(66, 'ЗАО "ИваТехПан"', 'Кира Кириллова', 'kira.kirilova@ivatech.ru', '+7-812-789-55-23', 'ул. Лабораторная, д. 57', 'Санкт-Петербург', 'Россия', '191025'),
(67, 'ООО "ПромКомп"', 'Роман Романов', 'roman.romanov@promcomp.ru', '+7-343-562-33-72', 'ул. Манежная, д. 23', 'Екатеринбург', 'Россия', '620012'),
(68, 'ОАО "МонолитПроект"', 'Алексей Алексин', 'alexey.aleksin@monolitproj.ru', '+7-383-632-78-54', 'ул. Вокзальная, д. 48', 'Новосибирск', 'Россия', '630032'),
(69, 'ООО "КомпактСити"', 'Влада Волкова', 'vlada.volkova@compactcity.ru', '+7-495-873-99-33', 'ул. Гагарина, д. 10', 'Москва', 'Россия', '101000'),
(70, 'ЗАО "СтройГрупп"', 'Филипп Сергеев', 'philip.sergeev@stroygroup.ru', '+7-812-696-66-90', 'ул. Ленина, д. 71', 'Санкт-Петербург', 'Россия', '191186'),
(71, 'ООО "СлавДом"', 'Иммануил Иванов', 'immanuel.ivanov@slavdom.ru', '+7-343-432-12-23', 'ул. Политехническая, д. 17', 'Екатеринбург', 'Россия', '620144'),
(72, 'ОАО "РитмСтрой"', 'Семен Семенович', 'semen.seminov@ritmstroy.ru', '+7-383-329-11-55', 'ул. Комсомольская, д. 29', 'Новосибирск', 'Россия', '630100'),
(73, 'ООО "ЭнергоТех"', 'Дарья Дмитриева', 'daria.dmitrieva@energotech.ru', '+7-495-441-21-74', 'ул. Алексеевская, д. 44', 'Москва', 'Россия', '123154'),
(74, 'ЗАО "ВестаЛайн"', 'Евдоким Евдокимов', 'evdokim.evdokimov@vestaline.ru', '+7-812-243-88-20', 'ул. Невельская, д. 67', 'Санкт-Петербург', 'Россия', '190086'),
(75, 'ООО "ЭкоДевелопмент"', 'Аслан Азаматов', 'aslan.azamatov@ecodevelopment.ru', '+7-343-555-88-49', 'ул. Карьерная, д. 90', 'Екатеринбург', 'Россия', '620033'),
(76, 'ОАО "РосСтандарт"', 'Зинаида Захарова', 'zinaida.zakharova@rosstand.ru', '+7-383-292-29-83', 'ул. Татарская, д. 39', 'Новосибирск', 'Россия', '630091'),
(77, 'ООО "ДекорЭкс"', 'Юлиан Юлиев', 'julian.juliev@decorex.ru', '+7-495-361-72-81', 'ул. Нанотехнологий, д. 15', 'Москва', 'Россия', '123071'),
(78, 'ЗАО "ТехИнвест"', 'Константин Константинов', 'konstantin.konstantinov@techinvest.ru', '+7-812-341-19-82', 'ул. Лунная, д. 8', 'Санкт-Петербург', 'Россия', '190123'),
(79, 'ООО "МеталлКомпани"', 'Иосиф Иосифов', 'iosif.iosifov@metallcom.ru', '+7-343-343-61-40', 'ул. Крепкая, д. 72', 'Екатеринбург', 'Россия', '620115'),
(80, 'ОАО "ТехСтроительно"', 'Ангелина Ангелова', 'angelina.angelova@techbuilder.ru', '+7-383-453-78-37', 'ул. Черняховского, д. 61', 'Новосибирск', 'Россия', '630075'),
(81, 'ООО "СтройСейв"', 'Гавриил Гаврилов', 'gavril.gavrilov@stroysave.ru', '+7-495-221-33-66', 'ул. Ростова, д. 7', 'Москва', 'Россия', '105187'),
(82, 'ЗАО "СтройМастер"', 'Валерий Валерьев', 'valery.valerev@stroymaster.ru', '+7-812-641-21-84', 'ул. Косая, д. 18', 'Санкт-Петербург', 'Россия', '191175'),
(83, 'ООО "ГорТех"', 'Артемий Артемов', 'artemi.artemov@gortech.ru', '+7-343-788-29-55', 'ул. Тележная, д. 6', 'Екатеринбург', 'Россия', '620050'),
(84, 'ОАО "СвязьПроект"', 'Геннадий Геннадьевич', 'gennady.genadevich@svyazproject.ru', '+7-383-554-45-69', 'ул. Никитская, д. 3', 'Новосибирск', 'Россия', '630135'),
(85, 'ООО "Кормак"', 'Мария Михайловна', 'mariya.mikhalovna@cormac.ru', '+7-495-366-23-11', 'ул. Громова, д. 50', 'Москва', 'Россия', '103182'),
(86, 'ЗАО "ТранСтрой"', 'Андрей Андреевич', 'andrey.andreevich@transtroy.ru', '+7-812-976-32-14', 'ул. Баррикадная, д. 29', 'Санкт-Петербург', 'Россия', '191049'),
(87, 'ООО "СибИнженерия"', 'Оксана Окунская', 'oksana.okunskaya@sibeng.ru', '+7-343-444-34-56', 'ул. Комсеевизорская, д. 90', 'Екатеринбург', 'Россия', '620087'),
(88, 'ОАО "ПромТехСнаб"', 'Пелагея Петровна', 'pelageya.petrovna@promtechsnav.ru', '+7-383-333-77-12', 'ул. Дельфельда, д. 19', 'Новосибирск', 'Россия', '630046'),
(89, 'ООО "Технострой"', 'Юрий Юрьевич', 'yuriy.yurevich@technosroy.ru', '+7-495-254-37-32', 'ул. Крюкова, д. 69', 'Москва', 'Россия', '125045'),
(90, 'ЗАО "ЭлектроТех"', 'Захар Захарьевич', 'zahar.zaharevich@electrotekh.ru', '+7-812-642-99-89', 'ул. Зареченская, д. 15', 'Санкт-Петербург', 'Россия', '190104'),
(91, 'ООО "ТехноДизайн"', 'Юлиан Юрьевич', 'julian.yurievich@technodesign.ru', '+7-343-765-56-71', 'ул. Энергетиков, д. 62', 'Екатеринбург', 'Россия', '620008'),
(92, 'ОАО "СтройМат"', 'Людмила Павловна', 'lyudmila.pavlovna@stroymat.ru', '+7-383-987-78-90', 'ул. Ясная, д. 13', 'Новосибирск', 'Россия', '630001'),
(93, 'ООО "АвангардСтрой"', 'Валерия Валерьевна', 'valeria.valerevna@avangardstroy.ru', '+7-495-522-44-88', 'ул. Бутаковская, д. 11', 'Москва', 'Россия', '105064'),
(94, 'ЗАО "ДомПроект"', 'Петр Петрович', 'petr.petrovich@domproject.ru', '+7-812-521-34-54', 'ул. Чайковского, д. 43', 'Санкт-Петербург', 'Россия', '190008'),
(95, 'ООО "ГеоТек"', 'Лидия Лидиевна', 'lidiya.lidievna@geotek.ru', '+7-343-222-55-66', 'ул. Механическая, д. 60', 'Екатеринбург', 'Россия', '620077'),
(96, 'ОАО "СантехБор"', 'Марфа Марковна', 'marfa.markovna@santehbor.ru', '+7-383-221-88-55', 'ул. Черемуховая, д. 71', 'Новосибирск', 'Россия', '630020'),
(97, 'ООО "ИнвестСтройКомпани"', 'Ирина Ивановна', 'irina.ivanovna@invc.ru', '+7-495-876-34-33', 'ул. Землянской Город, д. 120', 'Москва', 'Россия', '101020'),
(98, 'ЗАО "ДизайнМастер"', 'Антон Антонович', 'anton.antonovich@designmaster.ru', '+7-812-313-99-55', 'ул. Юбилейная, д. 22', 'Санкт-Петербург', 'Россия', '191196'),
(99, 'ООО "Мастеркласс"', 'Марина Мариановна', 'marina.marianovna@masterklass.ru', '+7-343-879-45-56', 'ул. Аппаратная, д. 16', 'Екатеринбург', 'Россия', '620034'),
(100, 'ОАО "ЮникСтрой"', 'Глеб Глебович', 'gleb.glebovich@unikstroy.ru', '+7-383-745-67-34', 'ул. Крейсерская, д. 58', 'Новосибирск', 'Россия', '630014'),
(101, 'ООО "ЗодчийБуд"', 'Геннадий Гаврилов', 'gennadiy.gavrilov@zodchiybud.ru', '+7-495-326-55-49', 'ул. Бауэра, д. 14', 'Москва', 'Россия', '123450'),
(102, 'ЗАО "РосАрхи"', 'Ольга Оленьевна', 'olga.olenyevna@rosarchi.ru', '+7-812-687-76-08', 'ул. Противоточная, д. 7', 'Санкт-Петербург', 'Россия', '192048'),
(103, 'ООО "ПрофТех"', 'Григорий Григорьев', 'gregory.grigorev@proftech.ru', '+7-343-560-89-33', 'ул. Вересаева, д. 32', 'Екатеринбург', 'Россия', '620055'),
(104, 'ОАО "СтройСпектр"', 'Дарина Дарковна', 'darina.darkovna@stroysp.ru', '+7-383-713-56-79', 'ул. Курортная, д. 16', 'Новосибирск', 'Россия', '630158'),
(105, 'ООО "ГелиосПро"', 'Ростислав Романович', 'rostislav.romanovich@heliospro.ru', '+7-495-537-77-37', 'ул. Печенегская, д. 4', 'Москва', 'Россия', '101156'),
(106, 'ЗАО "ДрайвКомпани"', 'Юрий Юрьевич', 'yuriy.yuryev@drivecom.ru', '+7-812-356-78-67', 'ул. Историческая, д. 39', 'Санкт-Петербург', 'Россия', '190008'),
(107, 'ООО "КурьерБилд"', 'Амвросий Авдеев', 'amvrosiy.avdeev@courierbuild.ru', '+7-343-313-89-22', 'ул. Луговая, д. 49', 'Екатеринбург', 'Россия', '620045'),
(108, 'ОАО "ТехСвет"', 'Василиса Вистрова', 'vassilisa.vistrova@techsvet.ru', '+7-383-765-87-76', 'ул. Утренний луч, д. 3', 'Новосибирск', 'Россия', '630003'),
(109, 'ООО "ЛайтКомпани"', 'Альберт Антонов', 'albert.antonov@lightcom.ru', '+7-495-662-11-87', 'ул. Заречная, д. 25', 'Москва', 'Россия', '125371'),
(110, 'ЗАО "КристаллСтрой"', 'Флоренция Федоровна', 'florence.fedovna@kriststroy.ru', '+7-812-884-33-22', 'ул. Преподобная, д. 19', 'Санкт-Петербург', 'Россия', '191064'),
(111, 'ООО "ГлобалПроект"', 'Сусанна Семенова', 'susanna.sergeeva@globalprj.ru', '+7-343-562-11-22', 'ул. Коломенская, д. 8', 'Екатеринбург', 'Россия', '620032'),
(112, 'ОАО "ЭкоГрунт"', 'Феликс Феликсович', 'felix.felixovich@ecogrunt.ru', '+7-383-645-29-73', 'ул. Гринава, д. 10', 'Новосибирск', 'Россия', '630040'),
(113, 'ООО "ТехКомплекс"', 'Зиновий Зиновьев', 'zinoviy.zinoviev@techcomplex.ru', '+7-495-345-67-09', 'ул. Чкалова, д. 23', 'Москва', 'Россия', '103111'),
(114, 'ЗАО "ФениксСтрой"', 'Денис Денисов', 'denis.denisov@phoenixbuild.ru', '+7-812-223-33-89', 'ул. Архангельская, д. 12', 'Санкт-Петербург', 'Россия', '191040'),
(115, 'ООО "Артустрий"', 'Роман Романов', 'roman.romanov@artustry.ru', '+7-343-871-45-79', 'ул. Вершининская, д. 19', 'Екатеринбург', 'Россия', '620056'),
(116, 'ОАО "Синтек"', 'Олег Олегович', 'oleg.olegovich@sintek.ru', '+7-383-446-55-24', 'ул. Потемкинская, д. 7', 'Новосибирск', 'Россия', '630008'),
(117, 'ООО "НеоСтрой"', 'Борис Борисов', 'boris.borisov@neostroy.ru', '+7-495-709-22-43', 'ул. Соборная, д. 44', 'Москва', 'Россия', '103321'),
(118, 'ЗАО "КруизСтрой"', 'Глафира Глафировна', 'glafira.glafiovna@cruisbuild.ru', '+7-812-579-99-30', 'ул. Речная, д. 9', 'Санкт-Петербург', 'Россия', '191090'),
(119, 'ООО "Углесфера"', 'Екатерина Екатеринична', 'ekaterina.ekaterinichna@coalsphere.ru', '+7-343-636-76-67', 'ул. Баженова, д. 84', 'Екатеринбург', 'Россия', '620048'),
(120, 'ОАО "СамСтрой"', 'Степан Степанов', 'stepan.stepanov@sambuilds.ru', '+7-383-445-65-89', 'ул. Промышленная, д. 78', 'Новосибирск', 'Россия', '630104'),
(121, 'ООО "ФескоСтрой"', 'Ахилия Ахаренова', 'ahilja.aharionova@fescostroy.ru', '+7-495-518-99-32', 'ул. Зоряновская, д. 55', 'Москва', 'Россия', '123071'),
(122, 'ЗАО "БазисКомпани"', 'Савва Саввенков', 'savva.savvenkov@baziskom.ru', '+7-812-338-41-69', 'ул. Счастливых, д. 28', 'Санкт-Петербург', 'Россия', '191048'),
(123, 'ООО "ДомИнвест"', 'Геннадий Геннадинов', 'gennady.genadinov@dminvest.ru', '+7-343-734-98-29', 'ул. Мимоза, д. 34', 'Екатеринбург', 'Россия', '620003'),
(124, 'ОАО "Тандем"', 'Зоя Захарова', 'zoya.zaharova@tandem.ru', '+7-383-222-48-63', 'ул. Стройсоюзная, д. 41', 'Новосибирск', 'Россия', '630098'),
(125, 'ООО "СказСтрой"', 'Феликс Федоров', 'felix.fedorov@skazstroy.ru', '+7-495-232-56-47', 'ул. Аландская, д. 84', 'Москва', 'Россия', '101001'),
(126, 'ЗАО "РеспектКомпани"', 'Степанида Степанова', 'stepanida.stepanova@respectcom.ru', '+7-812-222-32-66', 'ул. Верхошовская, д. 14', 'Санкт-Петербург', 'Россия', '191006'),
(127, 'ООО "БогемаСтрой"', 'Каллиста Каллистина', 'callista[@]callistina@bohemstroy.ru', '+7-343-661-23-44', 'ул. Степана, д. 99', 'Екатеринбург', 'Россия', '620067'),
(128, 'ОАО "НатурСтрой"', 'Злата Златова', 'zlata.zlatova@naturstroy.ru', '+7-383-567-21-54', 'ул. Генерала, д. 12', 'Новосибирск', 'Россия', '630046'),
(129, 'ООО "АстериксСтрой"', 'Арсений Арсентьев', 'arseniy.arsentyev@asteriks.ru', '+7-495-234-76-54', 'ул. Лужайная, д. 21', 'Москва', 'Россия', '123512'),
(130, 'ЗАО "КолоритКомпани"', 'Афанасий Афанасов', 'afanasiy.afanasov@kolorit.ru', '+7-812-549-87-12', 'ул. Красивый вид, д. 15', 'Санкт-Петербург', 'Россия', '191064'),
(131, 'ООО "КовчегПро"', 'Леонид Леонидов', 'leonid.leonidov@kovchegpro.ru', '+7-343-655-67-92', 'ул. Высокая, д. 31', 'Екатеринбург', 'Россия', '620049'),
(132, 'ОАО "Энергострой"', 'Евдокия Евдокимова', 'evdokia.evdokimova@energostroy.ru', '+7-383-121-64-87', 'ул. Григорьевская, д. 26', 'Новосибирск', 'Россия', '630010'),
(133, 'ООО "ЗагородныйУсадьба"', 'Глеб Глебов', 'gleb.glebov@zagorod.ru', '+7-495-546-99-86', 'ул. Изумрудная, д.11', 'Москва', 'Россия', '123321'),
(134, 'ЗАО "ТериМастер"', 'Герман Германов', 'german.germanov@terimaster.ru', '+7-812-482-22-66', 'ул. Брянцева, д.4', 'Санкт-Петербург', 'Россия', '191036'),
(135, 'ООО "СветоТех"', 'Анатолий Анатольевич', 'anatoliy.anatolyevich@svetoteck.ru', '+7-343-123-45-87', 'ул. Архипова, д.18', 'Екатеринбург', 'Россия', '620050'),
(136, 'ОАО "ЛидерКомпани"', 'Максим Максимович', 'maxim.maximovich@lidercom.ru', '+7-383-654-34-92', 'ул. Курчатова, д. 22', 'Новосибирск', 'Россия', '630012'),
(137, 'ООО "ИстокСтрой"', 'Кристина Кристиновна', 'kristina.kristinovna@istokstroy.ru', '+7-495-678-32-21', 'бул. Железная, д. 8', 'Москва', 'Россия', '123487'),
(138, 'ЗАО "ТехПроект"', 'Дарий Дарьевич', 'dariy.daryevich@techproject.ru', '+7-812-888-77-22', 'аллея Советов, д. 91', 'Санкт-Петербург', 'Россия', '191059'),
(139, 'ООО "СтройПроКиев"', 'Михаил Михайловский', 'mikhail.mikhailovsky@stroyki.ru', '+7-343-909-33-11', 'ул. Сумская, д.17', 'Екатеринбург', 'Россия', '620020'),
(140, 'ОАО "Проект-Декор"', 'Гаврила Гаврилович', 'gavril.gavrilovich@projectdecor.ru', '+7-383-891-55-22', 'ул. Солотвинская, д.19', 'Новосибирск', 'Россия', '630036'),
(141, 'ООО "ТопСтрой"', 'Вячеслав Вячеславов', 'vyacheslav.vyacheslavov@topstroy.ru', '+7-495-739-21-73', 'ул. Шверника, д. 15', 'Москва', 'Россия', '101000'),
(142, 'ЗАО "БетаИнж"', 'Александр Александров', 'alexandr.alexandrov@betainj.ru', '+7-812-338-19-76', 'ул. Комсомольская, д. 33', 'Санкт-Петербург', 'Россия', '191186'),
(143, 'ООО "ЖарСервис"', 'Иван Иванов', 'ivan.ivanov@jservices.ru', '+7-343-987-57-45', 'ул. Победы, д. 50', 'Екатеринбург', 'Россия', '620077'),
(144, 'ОАО "НоваТех"', 'Юлия Юльева', 'yulia.yuleva@novatech.ru', '+7-383-783-97-55', 'ул. Правая, д. 22', 'Новосибирск', 'Россия', '630001'),
(145, 'ООО "Крона"', 'Светлана Светлова', 'svetlana.svetlova@krona.ru', '+7-495-839-24-88', 'ул. Цветочная, д. 13', 'Москва', 'Россия', '101000'),
(146, 'ЗАО "ИндустрТех"', 'Максим Максимыч', 'maxim.maximov@industru.ru', '+7-812-342-78-53', 'ул. Товарная, д. 19', 'Санкт-Петербург', 'Россия', '191186'),
(147, 'ООО "ПроектДор"', 'Артем Артемович', 'artem.artemovich@proektdor.ru', '+7-343-997-89-46', 'ул. Баумана, д. 10', 'Екатеринбург', 'Россия', '620012'),
(148, 'ОАО "СтальПром"', 'Кирилл Кузьмин', 'kirill.kuzmin@stalprom.ru', '+7-383-667-45-90', 'ул. Ломоносова, д. 40', 'Новосибирск', 'Россия', '630099'),
(149, 'ООО "ГипроПроект"', 'Анна Аннова', 'anna.annova@gipoproject.ru', '+7-495-708-67-46', 'ул. Заводская, д. 5', 'Москва', 'Россия', '105187'),
(150, 'ЗАО "ТехНастрой"', 'Элина Элина', 'elina.elina@technastroi.ru', '+7-812-333-56-34', 'ул. Культурная, д. 8', 'Санкт-Петербург', 'Россия', '191015'),
(151, 'ООО "СтальГрад"', 'Марк Маркович', 'mark.markovich@stalgrad.ru', '+7-343-909-72-60', 'ул. Министерская, д. 88', 'Екатеринбург', 'Россия', '620107'),
(152, 'ОАО "ЦентрПро"', 'Валентин Валентинович', 'valentin.valentovich@centrpro.ru', '+7-383-922-45-34', 'ул. Старорусская, д. 99', 'Новосибирск', 'Россия', '630054'),
(153, 'ООО "Домострой"', 'Галина Галиева', 'galina.galieva@domostroi.ru', '+7-495-261-78-91', 'ул. Кутузова, д. 1', 'Москва', 'Россия', '101999'),
(154, 'ЗАО "ГрадПроект"', 'Лариса Ларисовна', 'larisa.larisovna@gradproject.ru', '+7-812-472-45-71', 'ул. Петрозаводская, д. 27', 'Санкт-Петербург', 'Россия', '191157'),
(155, 'ООО "Футура"', 'Степан Степанович', 'stepan.stepanovich@futur.ru', '+7-343-847-67-45', 'ул. Тагильская, д. 78', 'Екатеринбург', 'Россия', '620078'),
(156, 'ОАО "Зодчий"', 'Юрий Юрьев', 'yuriy.yurev@zodch.ru', '+7-383-978-54-31', 'ул. Короткая, д. 18', 'Новосибирск', 'Россия', '630078'),
(157, 'ООО "СтройМастер"', 'Фотомас Фомич', 'fotomas.fomich@stroymaster.ru', '+7-495-149-45-78', 'ул. Чеховская, д. 88', 'Москва', 'Россия', '101024'),
(158, 'ЗАО "СстКазнь"', 'Владимир Владимирович', 'vladimir.vladimirov@sstkazn.ru', '+7-812-791-94-23', 'ул. Балканская, д. 43', 'Санкт-Петербург', 'Россия', '191022'),
(159, 'ООО "ФорТех"', 'Виолетта Виолеттова', 'violetta.violettova@fortech.ru', '+7-343-563-23-88', 'ул. Лисая Гора, д. 92', 'Екатеринбург', 'Россия', '620052'),
(160, 'ОАО "ЗодИнвест"', 'Абрамов Абрам', 'abramov.abram@zodinvest.ru', '+7-383-591-88-78', 'ул. Ленина, д. 85', 'Новосибирск', 'Россия', '630164'),
(161, 'ООО "ТехБизнес"', 'Тимур Тимуров', 'timur.timurov@techbusiness.ru', '+7-495-599-34-22', 'ул. Кронвальская, д. 84', 'Москва', 'Россия', '105005'),
(162, 'ЗАО "ДизайнТех"', 'Руслан Русланов', 'ruslan.ruslanov@dizteh.ru', '+7-812-738-57-91', 'ул. Северная, д. 99', 'Санкт-Петербург', 'Россия', '191036'),
(163, 'ООО "КронаСервис"', 'Лариса Лариосенко', 'larisa.lariosenko@kronaservice.ru', '+7-343-589-87-90', 'ул. Красная Армия, д. 34', 'Екатеринбург', 'Россия', '620032'),
(164, 'ОАО "ЦивилТек"', 'Дарья Дарьева', 'darya.daryeva@civiltec.ru', '+7-383-978-11-67', 'ул. Калинина, д. 46', 'Новосибирск', 'Россия', '630005'),
(165, 'ООО "ПромГрупп"', 'Азарий Азававович', 'azariy.azavavov@promgroup.ru', '+7-495-477-89-98', 'ул. Петровская, д. 63', 'Москва', 'Россия', '101000'),
(166, 'ЗАО "Архдиз"', 'Данила Данилович', 'danila.danilovich@arhdiz.ru', '+7-812-838-15-69', 'ул. Рашпилевская, д. 21', 'Санкт-Петербург', 'Россия', '191168'),
(167, 'ООО "РекСтрой"', 'Мария Марияновна', 'maria.marianovna@rekstroy.ru', '+7-343-987-55-44', 'ул. Мирная', 'Екатеринбург', 'Россия', '620045'),
(168, 'ОАО "ЗАОГрад"', 'Георгий Георгиевич', 'georgiy.georgievich@zaograd.ru', '+7-383-927-31-28', 'ул. Лебедева, д. 75', 'Новосибирск', 'Россия', '630032'),
(169, 'ООО "ЭнергоРесурс"', 'Людмила Львовна', 'liudmila.lyvovna@energors.ru', '+7-495-888-77-66', 'ул. Союзная, д. 55', 'Москва', 'Россия', '101007'),
(170, 'ЗАО "БилдТех"', 'Анатолий Анатольевич', 'anatoliy.anatolievich@bildtek.ru', '+7-812-675-33-45', 'ул. Надежды, д. 59', 'Санкт-Петербург', 'Россия', '191064'),
(171, 'ООО "ГипроТрест"', 'Анна Антонова', 'anna.antonova@giprotresh.ru', '+7-343-305-44-66', 'ул. Пушкинская, д. 23', 'Екатеринбург', 'Россия', '620101'),
(172, 'ОАО "ТехТрест"', 'Варвара Варваровна', 'varvara.varvarovna@techtresh.ru', '+7-383-831-12-43', 'ул. Победы, д. 60', 'Новосибирск', 'Россия', '630012'),
(173, 'ООО "ЛандшафтПро"', 'Павел Павлов', 'pavel.pavlov@landshaftpro.ru', '+7-495-343-67-88', 'ул. Кирова, д. 19', 'Москва', 'Россия', '105064'),
(174, 'ЗАО "ЭлДом"', 'Федор Федорович', 'fedor.fedorovich@eldom.ru', '+7-812-902-64-21', 'ул. Листопад, д. 51', 'Санкт-Петербург', 'Россия', '191088'),
(175, 'ООО "ЗаказТех"', 'Татьяна Татьяновна', 'tatiana.tatianovna@zakazteh.ru', '+7-343-333-85-29', 'ул. Степанова, д. 90', 'Екатеринбург', 'Россия', '620014'),
(176, 'ОАО "ЭкспоСтрой"', 'Надежда Надеждина', 'nadezhda.nadezhdina@expostroy.ru', '+7-383-723-65-31', 'ул. Заречная, д. 60', 'Новосибирск', 'Россия', '630023'),
(177, 'ООО "ТрекСити"', 'Геннадий Геннадиев', 'gennadiy.gennadiev@trekcity.ru', '+7-495-327-29-13', 'ул. Кремлёвская, д. 5', 'Москва', 'Россия', '125009'),
(178, 'ЗАО "ЕвроБилдинг"', 'Светлана Светличная', 'svetlana.svetlichnaya@eurobuild.ru', '+7-812-888-59-47', 'ул. Старо-Балканская, д. 47', 'Санкт-Петербург', 'Россия', '191015'),
(179, 'ООО "АльфаТех"', 'Руслан Русланович', 'ruslan.ruslanovich@alfatech.ru', '+7-343-699-54-19', 'ул. Ботаническая, д. 80', 'Екатеринбург', 'Россия', '620017'),
(180, 'ОАО "ГазСтрой"', 'Ксения Ксеньева', 'ksenia.kseneva@gazstroy.ru', '+7-383-762-46-55', 'ул. Чкалова, д. 112', 'Новосибирск', 'Россия', '630079'),
(181, 'ООО "ОкноКомплект"', 'Маргарита Маргаритова', 'margarita.margaritova@oknocomp.ru', '+7-495-688-77-45', 'ул. Патриотическая, д. 3', 'Москва', 'Россия', '103012'),
(182, 'ЗАО "СТО-Град"', 'Евгений Евгеньев', 'evgeniy.evgeniev@stograd.ru', '+7-812-234-67-24', 'ул. Ломаноносова, д. 29', 'Санкт-Петербург', 'Россия', '191052'),
(183, 'ООО "АренаТех"', 'Максим Максимов', 'maxim.maximov@arenatech.ru', '+7-343-777-51-23', 'ул. Техника, д. 14', 'Екатеринбург', 'Россия', '620077'),
(184, 'ОАО "ТехПлюс"', 'Дмитрий Дмитрович', 'dmitriy.dmitrovich@techplus.ru', '+7-383-978-98-44', 'ул. Смоленская, д. 77', 'Новосибирск', 'Россия', '630034'),
(185, 'ООО "ДомПроКамп"', 'Алексей Алексин', 'alexey.aleksin@domproramp.ru', '+7-495-222-45-78', 'ул. Светлая, д. 33', 'Москва', 'Россия', '123456'),
(186, 'ЗАО "ТехЭктор"', 'Ольга Ольгова', 'olga.olgova@techrector.ru', '+7-812-943-97-33', 'ул. Молодёжная, д. 42', 'Санкт-Петербург', 'Россия', '191073'),
(187, 'ООО "НашДомТех"', 'Игорь Игоревич', 'igor.igorevich@nashdomtech.ru', '+7-343-347-78-34', 'ул. Терешковская, д. 50', 'Екатеринбург', 'Россия', '620091'),
(188, 'ОАО "ГрадоСтрой"', 'Василиса Васильева', 'vasilisa.vasileva@gradostroy.ru', '+7-383-756-42-16', 'ул. Центральная, д. 20', 'Новосибирск', 'Россия', '630067'),
(189, 'ООО "ВегаДекор"', 'Николай Николаевич', 'nikolay.nikolaevich@vegadecor.ru', '+7-495-312-25-69', 'ул. Энтузиастов, д. 39', 'Москва', 'Россия', '103056'),
(190, 'ЗАО "ТроицТех"', 'Варвар Васильевич', 'varvar.vasilevich@troictech.ru', '+7-812-967-77-44', 'ул. Фрунзе, д. 18', 'Санкт-Петербург', 'Россия', '191096'),
(191, 'ООО "ИнвеСпец"', 'Петр Петрович', 'petr.petrovich@invetrspets.ru', '+7-343-618-34-56', 'ул. Царское Село, д. 11', 'Екатеринбург', 'Россия', '620055'),
(192, 'ОАО "МонолитСпец"', 'Елена Еленова', 'elena.elenova@monospec.ru', '+7-383-772-34-78', 'ул. Строительная, д. 13', 'Новосибирск', 'Россия', '630015'),
(193, 'ООО "ГипроСев"', 'Георгий Георгиевевич', 'georgiy.georgievich@giprosev.ru', '+7-495-962-76-54', 'ул. Невская, д. 60', 'Москва', 'Россия', '105098'),
(194, 'ЗАО "ЕвроПласт"', 'Даниил Данилов', 'danil.danilov@europlast.ru', '+7-812-473-23-97', 'ул. Монца, д. 22', 'Санкт-Петербург', 'Россия', '191025'),
(195, 'ООО "ПаркПлюс"', 'Оксана Окс разумна', 'oksana.oksrazumnа@parkplus.ru', '+7-343-621-88-77', 'ул. Академическая, д. 15', 'Екатеринбург', 'Россия', '620011'),
(196, 'ОАО "ОрионСити"', 'Денис Денисов', 'denis.denisov@orionsity.ru', '+7-383-422-31-34', 'ул. Котовский, д. 28', 'Новосибирск', 'Россия', '630076'),
(197, 'ООО "Индуструм"', 'Вера Верина', 'vera.verina@industrom.ru', '+7-495-904-12-45', 'ул. Гагарина, д. 74', 'Москва', 'Россия', '103241'),
(198, 'ЗАО "ДзержИркенТех"', 'Тимофей Тимофеев', 'timofey.timofeev@dzerjirken.ru', '+7-812-654-77-89', 'ул. Иркуцкая, д. 98', 'Санкт-Петербург', 'Россия', '191078'),
(199, 'ООО "ПроектЭксперт"', 'Филипп Филиппович', 'philip.philipovich@projektex.ru', '+7-343-581-44-39', 'ул. Театральная, д. 72', 'Екатеринбург', 'Россия', '620126'),
(200, 'ОАО "Гранит"', 'Илья Ильин', 'ilya.ilin@granit.ru', '+7-383-987-21-84', 'ул. Симферопольская, д. 91', 'Новосибирск', 'Россия', '630065'),
(201, 'ООО "ТехКомплекс-Решения"', 'Анатолий Анатольевич', 'anatoliy.anatolyevich@techcomp.ru', '+7-495-111-22-33', 'ул. Воронова, д. 15', 'Москва', 'Россия', '101000'),
(202, 'ЗАО "СевероСтрой"', 'Сергей Сергеевич', 'sergey.sergeevich@severstroy.ru', '+7-812-444-55-66', 'ул. Мозговая, д. 78', 'Санкт-Петербург', 'Россия', '191186'),
(203, 'ООО "СтройИнвест"', 'Михаил Михайлович', 'mikhail.mikhailovich@stroyinvest.ru', '+7-343-555-66-77', 'ул. Парковая, д. 56', 'Екатеринбург', 'Россия', '620075'),
(204, 'ОАО "ИнститутПроект"', 'Анна Ивановна', 'anna.ivanovna@instituteproject.ru', '+7-383-888-99-00', 'пер. Диссертационный, д. 12', 'Новосибирск', 'Россия', '630090'),
(205, 'ООО "АрхСалон"', 'Лариса Дмитриевна', 'larisa.dmitrievna@arhsalon.ru', '+7-495-210-32-42', 'ул. Новослободская, д. 25', 'Москва', 'Россия', '127055'),
(206, 'ЗАО "СтройМатериалы"', 'Ольга Олеговна', 'olga.olegovna@stmat.ru', '+7-812-320-57-67', 'ул. Краснополянская, д. 47', 'Санкт-Петербург', 'Россия', '191028'),
(207, 'ООО "ТехПроект"', 'Игорь Игоревич', 'igor.igorovich@techproject.ru', '+7-343-665-76-87', 'ул. Малый Урал, д. 8', 'Екатеринбург', 'Россия', '620063'),
(208, 'ОАО "ГородСтройСнаб"', 'Людмила Людмиловна', 'lyudmila.lyudmilovna@citysupply.ru', '+7-383-210-31-41', 'ул. Сельскохозяйственная, д. 11', 'Новосибирск', 'Россия', '630089'),
(209, 'ООО "АкадемСтрой"', 'Борис Борисович', 'boris.borisovich@acadstroy.ru', '+7-495-374-56-68', 'ул. Карпова, д. 9', 'Москва', 'Россия', '104091'),
(210, 'ЗАО "ГидроТех"', 'Евгений Евгеньев', 'evgeniy.evgenyev@gidrotech.ru', '+7-812-480-90-10', 'ул. Передовая, д. 6', 'Санкт-Петербург', 'Россия', '191076'),
(211, 'ООО "ПромКомплекс"', 'Павел Павлович', 'pavel.pavlovich@promcomplex.ru', '+7-343-723-45-56', 'ул. Заводская, д. 18', 'Екатеринбург', 'Россия', '620045'),
(212, 'ОАО "ТехноАльянс"', 'Ганна Григорьевна', 'ganna.grigoryevna@techalliance.ru', '+7-383-654-78-89', 'ул. Череповецкая, д. 10', 'Новосибирск', 'Россия', '630068'),
(213, 'ООО "ЭкоТех"', 'Анатолий Аванович', 'anatoliy.avanovich@ecotech.ru', '+7-495-472-78-90', 'ул. Советская, д. 33', 'Москва', 'Россия', '105062'),
(214, 'ЗАО "ПроектЭко"', 'Екатерина Константиновна', 'ekaterina.konstantinovna@projecteco.ru', '+7-812-354-43-52', 'ул. Лесная, д. 70', 'Санкт-Петербург', 'Россия', '191043'),
(215, 'ООО "УралСтрой"', 'Иван Иванович', 'ivan.ivanovich@uralstroy.ru', '+7-343-665-54-65', 'ул. Горнорабочих, д. 21б', 'Екатеринбург', 'Россия', '620000'),
(216, 'ОАО "ИнноваИнженер"', 'Пётр Петрович', 'petr.petrovich@innotech.ru', '+7-383-231-81-91', 'ул. Горбунова, д. 22', 'Новосибирск', 'Россия', '630029'),
(217, 'ООО "НаноСтрой"', 'Марина Мариновна', 'marina.marinovna@nanostroy.ru', '+7-495-789-34-56', 'ул. Полковника, д. 46', 'Москва', 'Россия', '107273'),
(218, 'ЗАО "СтройГрад"', 'Роман Романович', 'roman.romanovich@stroygrad.ru', '+7-812-343-90-12', 'ул. Учительская, д. 29', 'Санкт-Петербург', 'Россия', '191195'),
(219, 'ООО "ЭнергоСистем"', 'Александр Александрович', 'alexander.alexandrovich@energosystem.ru', '+7-343-933-23-34', 'ул. Серова, д. 44', 'Екатеринбург', 'Россия', '620003'),
(220, 'ОАО "АльянсСтрой"', 'Татьяна Татьяноколдовна', 'tatiana.tatyana@aliansstroy.ru', '+7-383-542-99-90', 'ул. Липовая, д. 3', 'Новосибирск', 'Россия', '630060'),
(221, 'ООО "ПрестижСтрой"', 'Филипп Филлипович', 'philip.philippovich@prestigstroy.ru', '+7-495-490-50-51', 'ул. Александровская, д. 81', 'Москва', 'Россия', '104055'),
(222, 'ЗАО "ТехноИндустрия"', 'Аркадий Аркадиевич', 'arkadiy.arkadievich@technoindustrie.ru', '+7-812-471-61-61', 'ул. Гребенкина, д. 53', 'Санкт-Петербург', 'Россия', '191021'),
(223, 'ООО "ИнноваТех"', 'Георгий Георгиевич', 'georgiy.georgievich@innovatech.ru', '+7-343-344-78-79', 'ул. Гагарина, д. 67', 'Екатеринбург', 'Россия', '620035'),
(224, 'ОАО "ГипроГаз"', 'Николай Николаевич', 'nikolay.nikolaevich@giprogas.ru', '+7-383-781-46-87', 'ул. Каменная, д. 45', 'Новосибирск', 'Россия', '630077'),
(225, 'ООО "УралИнжГрупп"', 'Виктор Викторович', 'victor.victorovich@uralgroup.ru', '+7-495-218-78-40', 'ул. Ленинградская, д. 12', 'Москва', 'Россия', '105064'),
(226, 'ЗАО "ГеоПроект"', 'Эдуард Эдуардович', 'eduard.eduardovich@geoproject.ru', '+7-812-268-32-37', 'ул. Вавилова, д. 8', 'Санкт-Петербург', 'Россия', '191044'),
(227, 'ООО "ТехноДеталь"', 'Сергей Сергеевич', 'sergey.sergeevich@technodetal.ru', '+7-343-741-13-14', 'ул. Жукова, д. 80', 'Екатеринбург', 'Россия', '620050'),
(228, 'ОАО "АльфаСтрой"', 'Антонина Антоновна', 'antonina.antonovna@alfabuild.ru', '+7-383-832-71-72', 'ул. Фадеева, д. 6', 'Новосибирск', 'Россия', '630259'),
(229, 'ООО "ГидроМонтаж"', 'Оксана Олеговна', 'oksana.olegovna@hydromontage.ru', '+7-495-440-88-89', 'ул. Чкалова, д. 23', 'Москва', 'Россия', '101203'),
(230, 'ЗАО "СветТех"', 'Владислав Владиславович', 'vladislav.vladislavovich@svettech.ru', '+7-812-576-22-23', 'ул. Ветеранов, д. 38', 'Санкт-Петербург', 'Россия', '191115'),
(231, 'ООО "ТорговыйДом"', 'Евгений Евгеньевич', 'evgeniy.evgenyevich@tradehouse.ru', '+7-343-123-90-91', 'ул. Дубовая, д. 40', 'Екатеринбург', 'Россия', '620022'),
(232, 'ОАО "СтройТехСервис"', 'Анна Анатольевна', 'anna.anatolyevna@stroitech.ru', '+7-383-832-73-74', 'ул. Толстого, д. 45', 'Новосибирск', 'Россия', '630064'),
(233, 'ООО "ЛандшафтДизайн"', 'Маргарита Маргаритовна', 'margarita.margaritovna@landdesign.ru', '+7-495-765-34-35', 'ул. Парковая, д. 31', 'Москва', 'Россия', '107061'),
(234, 'ЗАО "АвтоматикаСтрой"', 'Егор Егорович', 'egor.egorovich@avto-stroy.ru', '+7-812-967-54-57', 'ул. Комсомольская, д. 10', 'Санкт-Петербург', 'Россия', '191036'),
(235, 'ООО "ЭкоИнж"', 'Галина Галичина', 'galina.galichina@ecoinj.ru', '+7-343-572-45-46', 'ул. Спортивная, д. 18', 'Екатеринбург', 'Россия', '620145'),
(236, 'ОАО "ТехноПарк"', 'Юлия Юрьевна', 'yulia.yuryevna@technopark.ru', '+7-383-653-45-44', 'ул. Локомотивная, д. 68', 'Новосибирск', 'Россия', '630002'),
(237, 'ООО "ИнженерныеСети"', 'Павел Павлович', 'pavel.pavlovich@engineernetworks.ru', '+7-495-773-32-33', 'пер. Больничный, д. 14', 'Москва', 'Россия', '105065'),
(238, 'ЗАО "ГруппаКомпаний"', 'Валентина Валентиновна', 'valentina.valentinovna@group.com.ru', '+7-812-863-77-78', 'ул. Театральная, д. 7', 'Санкт-Петербург', 'Россия', '191127'),
(239, 'ООО "НижСтрой"', 'Богдан Богданович', 'bogdan.bogdanovich@nizstroy.ru', '+7-343-275-63-62', 'ул. Ясная, д. 47', 'Екатеринбург', 'Россия', '620034'),
(240, 'ОАО "ТехИнжРесурс"', 'Зинаида Зинаида', 'zinaida.zinaida@techresurs.ru', '+7-383-472-41-40', 'ул. Южная, д. 17', 'Новосибирск', 'Россия', '630057'),
(241, 'ООО "ТехническийСоюз"', 'Стефания Стефановна', 'stefaniia.stefanovna@techunion.ru', '+7-495-234-23-28', 'ул. Минская, д. 1', 'Москва', 'Россия', '104005'),
(242, 'ЗАО "МастерСтрой"', 'Арсений Арсеньевич', 'arseniy.arsenevich@masterstroy.ru', '+7-812-275-56-59', 'ул. Красногорская, д. 24', 'Санкт-Петербург', 'Россия', '191002'),
(243, 'ООО "ПроТех"', 'Тимур Тимурович', 'timur.timurovich@protech.ru', '+7-343-234-78-79', 'ул. Ленина, д. 99-21', 'Екатеринбург', 'Россия', '620000'),
(244, 'ОАО "Градостроитель"', 'Олег Олегович', 'oleg.olegovich@urbandev.ru', '+7-383-123-67-89', 'ул. Короткая, д. 6', 'Новосибирск', 'Россия', '630030'),
(245, 'ООО "ГипроБур"', 'Карина Карина', 'karina.karina@giprobur.ru', '+7-495-444-34-53', 'ул. Геологическая, д. 53', 'Москва', 'Россия', '105067'),
(246, 'ЗАО "Орбита"', 'Артём Артёмов', 'artem.artemov@orbita-zap.ru', '+7-812-976-89-90', 'ул. Малиненко, д. 8', 'Санкт-Петербург', 'Россия', '191054'),
(247, 'ООО "СтройСвязь"', 'Захар Захаров', 'zahar.zaharov@stroysvyaz.ru', '+7-343-123-67-77', 'ул. Закритеев, д. 35', 'Екатеринбург', 'Россия', '620021'),
(248, 'ОАО "ЕвроКонтакт"', 'Феофан Феофан', 'feofan.feofan@evrokcont.ru', '+7-383-242-53-44', 'ул. Сосновая, д. 26', 'Новосибирск', 'Россия', '630025'),
(249, 'ООО "ТехноГрад"', 'Федор Федорович', 'fedor.fedorovich@tehnograd.ru', '+7-495-668-45-44', 'ул. Камчатская, д. 90', 'Москва', 'Россия', '105368'),
(250, 'ЗАО "Интеграл"', 'Виктория Викторовна', 'victoria.viktorovna@integral.ru', '+7-812-657-85-84', 'пр. Науки, д. 18', 'Санкт-Петербург', 'Россия', '191083'),
(251, 'ООО "ПромСтрой"', 'Елена Елена рассветы', 'elena.elena@promstroy.ru', '+7-343-781-77-76', 'ул. Колевая, д. 81', 'Екатеринбург', 'Россия', '620161'),
(252, 'ОАО "Терра"', 'Даниил Данилов', 'danil.danilov@terra.ru', '+7-383-706-65-64', 'ул. Территория, д. 30', 'Новосибирск', 'Россия', '630042'),
(253, 'ООО "ЛайнСервис"', 'Зои Зоенкова', 'zoi.zoenkova@line-serv.ru', '+7-495-809-56-55', 'ул. Верхняя, д. 49', 'Москва', 'Россия', '105045'),
(254, 'ЗАО "ЭнергоГрупп"', 'Ефим Ефимович', 'efim.efimovich@energroup.ru', '+7-812-777-88-89', 'ул. Комсомольская, д. 53', 'Санкт-Петербург', 'Россия', '191148'),
(255, 'ООО "Острота"', 'Алина Алинова', 'alina.aliovna@last.ru', '+7-343-786-37-38', 'ул. Дороги, д. 39', 'Екатеринбург', 'Россия', '620109'),
(256, 'ОАО "НППСистемы"', 'Филиппина Филипповна', 'philipina.philipovna@np-system.ru', '+7-383-812-47-46', 'ул. Ольгинская, д. 44', 'Новосибирск', 'Россия', '630089'),
(257, 'ООО "ЦСП"', 'Аристархова Аристаровна', 'aristarxova.aristorovna@cst-rus.ru', '+7-495-734-73-74', 'пр. Дружбы, д. 50', 'Москва', 'Россия', '127330'),
(258, 'ЗАО "Глобал"', 'Степан Степанович', 'stepan.stepanovich@globalbat.ru', '+7-812-685-62-61', 'ул. Бакманская, д. 70', 'Санкт-Петербург', 'Россия', '191012'),
(259, 'ООО "ЭнергияСевер"', 'Александра Алексеевна', 'alexandra.alexeina@energia-sev.ru', '+7-343-675-28-29', 'ул. Инженерная, д. 18', 'Екатеринбург', 'Россия', '620065'),
(260, 'ОАО "ХолдингСервис"', 'Виталия Виталиевна', 'vitalia.vitalievna@holdservice.ru', '+7-383-611-22-14', 'ул. Полковая, д. 158', 'Новосибирск', 'Россия', '630158'),
(261, 'ООО "ФермоПроект"', 'Октябрина Октябрьевна', 'oktyabrian.oktyabrevna@phermaproject.ru', '+7-495-255-22-33', 'ул. Беляева, д. 58', 'Москва', 'Россия', '127272'),
(262, 'ЗАО "Компаньон"', 'Екатерина Екатеринова', 'ekaterina.ekaterinova@companion.ru', '+7-812-774-71-71', 'ул. Пролетарская, д. 86', 'Санкт-Петербург', 'Россия', '191011'),
(263, 'ООО "КомфортСтрой"', 'Кирилл Кириллович', 'kiril.kirilov@komfortstroy.ru', '+7-343-738-78-77', 'ул. Белоярская, д. 32', 'Екатеринбург', 'Россия', '620020'),
(264, 'ОАО "Оборудование"', 'Елизавета Ельзарова', 'elizaveta.elzarova@equipment.ru', '+7-383-272-24-23', 'ул. Сибирская, д. 70', 'Новосибирск', 'Россия', '630064'),
(265, 'ООО "СтройИнвест"', 'Артемий Артем', 'artemy.artemov@investpro.ru', '+7-495-723-23-56', 'ул. Кудревская, д. 52', 'Москва', 'Россия', '104096'),
(266, 'ЗАО "СеверСтройПодряд"', 'Юлия Юрьевна', 'yuliya.yuria@sevrsp.ru', '+7-812-834-86-87', 'ул. Пионерская, д. 1', 'Санкт-Петербург', 'Россия', '191062'),
(267, 'ООО "ТехКонсталл"', 'Анжела Андреевна', 'angela.andreyevna@tehfrastr.trans', '+7-343-486-44-43', 'ул. Маяковская, д. 11', 'Екатеринбург', 'Россия', '620087'),
(268, 'ОАО "ПроектЗавод"', 'Иван Иванович', 'ivan.ivanovich@buildfactory.ru', '+7-383-228-97-95', 'ул. Рабочая, д. 61', 'Новосибирск', 'Россия', '630082'),
(269, 'ООО "Универсал"', 'Фаина Файродзен', 'faina.faina@universal-stroy.ru', '+7-495-354-35-34', 'ул. Томская, д. 33', 'Москва', 'Россия', '103456'),
(270, 'ЗАО "ЭнергоЦентр"', 'Дмитрий Дмитриевич', 'dmitriy.dmitrievich@energycenter.ru', '+7-812-574-73-72', 'ул. Компрессорная, д. 37', 'Санкт-Петербург', 'Россия', '191096'),
(271, 'ООО "СпецКомп"', 'Арсений Арсеньевич', 'arseniy.arsenevich@componenents.ru', '+7-343-244-79-81', 'ул. Лобанова, д. 7', 'Екатеринбург', 'Россия', '620010'),
(272, 'ОАО "Мираж"', 'Марина Мариновна', 'marina.marinovna@mirage.ru', '+7-383-485-75-76', 'ул. Балтийская, д. 96', 'Новосибирск', 'Россия', '630153'),
(273, 'ООО "ЦентрСервис"', 'Петр Петрович', 'petr.petrovich@centrservice.ru', '+7-495-488-86-85', 'ул. Соленая, д. 111', 'Москва', 'Россия', '104512'),
(274, 'ЗАО "РемПроект"', 'Олег Олегович', 'oleg.olegovich@reproject.ru', '+7-812-423-25-22', 'ул. Туристская, д. 2', 'Санкт-Петербург', 'Россия', '191019'),
(275, 'ООО "ИнжГрупп"', 'Клавдия Клавдиино', 'klavidia.klaviena@enggroup.ru', '+7-343-461-68-69', 'ул. Приморская, д. 36', 'Екатеринбург', 'Россия', '620042'),
(276, 'ОАО "РемСтрой"', 'Ефим Ефимович', 'efim.efimovich@remstroi.ru', '+7-383-658-86-85', 'ул. Попова, д. 90', 'Новосибирск', 'Россия', '630075'),
(277, 'ООО "Лофт"', 'Оксана Оксана', 'oksana.oksana@loftspb.ru', '+7-495-834-84-87', 'ул. Цветочная, д. 55', 'Москва', 'Россия', '101705'),
(278, 'ЗАО "Северный Пешо"', 'Тимур Тимурович', 'timur.timurovich@peshonorth.ru', '+7-812-295-31-47', 'ул. Малиновая, д. 5', 'Санкт-Петербург', 'Россия', '191194'),
(279, 'ООО "Пивовар"', 'Антонина Антоновна', 'antonina.antonovana@brew.ru', '+7-343-943-72-76', 'ул. Полтавская, д. 47', 'Екатеринбург', 'Россия', '620125'),
(280, 'ОАО "Рутрак"', 'Георгий Георгиевич', 'georgiy.georgiev@rutrack.ru', '+7-383-938-52-58', 'ул. Ардачийская, д. 21', 'Новосибирск', 'Россия', '630173'),
(281, 'ООО "СтройГен"', 'Катерина Катечкина', 'kate.katechkina@stroygen.ru', '+7-495-365-87-67', 'ул. Скобелева, д. 58', 'Москва', 'Россия', '107145'),
(282, 'ЗАО "СтройМакс"', 'Эдуард Эдуардович', 'eduard.eduardovich@stroimax.ru', '+7-812-866-44-37', 'ул. Засадиновская, д. 12', 'Санкт-Петербург', 'Россия', '191047'),
(283, 'ООО "ПроКоллектив"', 'Екатерина Екатеринина', 'ekaterina.ekaterinina@prokcollective.ru', '+7-343-123-43-29', 'ул. Визуалтовичей, д. 115', 'Екатеринбург', 'Россия', '620000'),
(284, 'ОАО "АдвиксTek"', 'Авансов Авраам', 'avantur.avram@advixtech.ru', '+7-383-266-78-28', 'ул. Билибильдердерское, д. 68', 'Новосибирск', 'Россия', '630067'),
(285, 'ООО "БухенКом"', 'Юлия Юрьевна', 'yulia.y.sal3000_act@bohumcom.ru', '+7-495-298-97-36', 'ул. Канабис, д. 94', 'Москва', 'Россия', '104076'),
(286, 'ЗАО "СпецШварка"', 'Виталий Витовский', 'vitaliy.vitovsky@specshvarka.ru', '+7-812-342-65-37', 'ул. Калининский, д. 34', 'Санкт-Петербург', 'Россия', '191090'),
(287, 'ООО "ИнноваСто"', 'Олег Олегович', 'oleg.olegovich@innovasto.ru', '+7-343-265-76-87', 'ул. Москальское шоссе, д. 128', 'Екатеринбург', 'Россия', '620067'),
(288, 'ОАО "СтройГрадСервис"', 'Анатолий Анатольевич', 'anatoliy.anatolyevich@stroygs.ru', '+7-383-876-69-45', 'ул. Тревожная, д. 71', 'Новосибирск', 'Россия', '630169'),
(289, 'ООО "ТорговыйДом"', 'Стефан Стапанин', 'stef.stepan.stapanin@tradedom.ru', '+7-495-234-98-96', 'бул. Санкт-Петербургский, д. 11', 'Москва', 'Россия', '104098'),
(290, 'ЗАО "КредитСити"', 'Юлия Юрьевна', 'yulia.yulia@creditcity.ru', '+7-812-234-88-87', 'ул. Тихонова, д. 21', 'Санкт-Петербург', 'Россия', '191082'),
(291, 'ООО "ПромЛуч"', 'Леонид Леонидович', 'leonid.leonidovich@prom-luch.ru', '+7-343-954-32-76', 'ул. Источника, д. 17', 'Екатеринбург', 'Россия', '620174'),
(292, 'ОАО "КомпасСдатчик"', 'Фёдор Фёдорович', 'fedor.fedorovich@kompass.ru', '+7-383-737-45-85', 'д. Каменная слобода, д. 19', 'Новосибирск', 'Россия', '630284'),
(293, 'ООО "БазисПроект"', 'Денис Денисович', 'denis.denysovitch@basisproject.ru', '+7-495-750-56-56', 'ул. Стандерская, д. 146', 'Москва', 'Россия', '103655'),
(294, 'ЗАО "ВергилийСтрой"', 'Денисова Дионисий', 'denisova.denisiy@habTeam.ru', '+7-812-545-43-12', 'ул. Минералов, д. 21', 'Санкт-Петербург', 'Россия', '191171'),
(295, 'ООО "КитРус"', 'Феоктист Феоктистович', 'feok.fevok@kitsru.ru', '+7-343-564-78-34', 'пер. Деревянный, д. 4', 'Екатеринбург', 'Россия', '620150'),
(296, 'ОАО "ТВЕРДЬ"', 'Ксения Ксюхина', 'ksenia.ksyu@solid.ru', '+7-383-788-32-89', 'ул. Крабов, д. 68', 'Новосибирск', 'Россия', '630186'),
(297, 'ООО "ПланетаРус"', 'Светозар Светозаров', 'svet.svet@terra-ru.ru', '+7-495-342-54-67', 'оз. Индустриальное, д. 51', 'Москва', 'Россия', '103420'),
(298, 'ЗАО "ВДНХПромторг"', 'Пелагия Пелаговна', 'pelag.pelagm@fleref.ru', '+7-812-233-90-24', 'ул. Клебанова, д. 130', 'Санкт-Петербург', 'Россия', '191076'),
(299, 'ООО "ЭкоТерра"', 'Станислава Станиславовна', 'stanis.stan.err2002@ecoterra.ru', '+7-343-777-44-44', 'ул. Зимняя, д. 188', 'Екатеринбург', 'Россия', '620084'),
(300, 'ОАО "ТехАртЭксперт"', 'Павел Павлович', 'pavlo@texarteks.ru', '+7-383-674-48-79', 'ул. Лазурная, д. 57', 'Новосибирск', 'Россия', '630058');


INSERT INTO Materials VALUES 
(101, 'Цемент', 215, 450.00, 400, 'кг', 7, 9),
(102, 'Арматура', 143, 620.00, 350, 'шт', 5, 8),
(103, 'Кирпич', 199, 15.50, 2000, 'шт', 3, 9),
(104, 'Песок', 221, 600.00, 3000, 'кг', 2, 7),
(105, 'Щебень', 191, 850.00, 1500, 'кг', 4, 8),
(106, 'Бетон', 152, 5600.00, 100, 'куб.м', 6, 9),
(107, 'Известь', 115, 340.00, 1200, 'кг', 5, 8),
(108, 'Гравий', 93, 480.00, 2000, 'кг', 4, 7),
(109, 'Плиты перекрытия', 292, 560.00, 300, 'шт', 10, 9),
(110, 'Теплоизоляция', 61, 900.00, 500, 'кг', 12, 7),
(111, 'Фанера', 247, 1200.00, 250, 'лист', 5, 8),
(112, 'Металлопрокат', 277, 780.00, 600, 'кг', 8, 9),
(113, 'Деревянные балки', 160, 230.00, 400, 'шт', 6, 7),
(114, 'Гипсокартон', 92, 350.00, 130, 'лист', 3, 9),
(115, 'Штукатурка', 101, 1200.00, 300, 'кг', 2, 8),
(116, 'Гидроизоляция', 213, 460.00, 170, 'л', 5, 9),
(117, 'Краска', 129, 260.00, 100, 'л', 3, 7),
(118, 'Электропроводка', 246, 150.00, 560, 'м', 9, 8),
(119, 'Окна', 184, 3900.00, 50, 'шт', 15, 9),
(120, 'Двери', 117, 4200.00, 70, 'шт', 12, 9),
(121, 'Ламинат', 89, 800.00, 140, 'кв.м', 6, 8),
(122, 'Керамическая плитка', 137, 700.00, 300, 'кв.м', 8, 9),
(123, 'Обои', 265, 400.00, 500, 'рул', 4, 8),
(124, 'Сантехника', 104, 5000.00, 60, 'компл', 20, 9),
(125, 'Кровельные материалы', 283, 650.00, 200, 'кв.м', 7, 8),
(126, 'Мел', 123, 120.00, 300, 'кг', 5, 9),
(127, 'Трубы', 237, 900.00, 120, 'шт', 10, 7),
(128, 'Замки', 67, 300.00, 150, 'шт', 2, 8),
(129, 'Светильники', 143, 1600.00, 80, 'шт', 12, 9),
(130, 'Кабель', 245, 90.00, 4000, 'м', 5, 9),
(131, 'Брус', 90, 1300.00, 60, 'шт', 8, 7),
(132, 'Инструменты', 221, 25000.00, 10, 'компл', 30, 8),
(133, 'Противопожарные двери', 120, 4500.00, 10, 'шт', 15, 9),
(134, 'Эпоксидный клей', 208, 300.00, 100, 'л', 3, 8),
(135, 'Раствор', 126, 950.00, 200, 'кг', 3, 9),
(136, 'Антисептик', 219, 60.00, 700, 'л', 2, 7),
(137, 'Силиконовый герметик', 104, 120.00, 240, 'л', 7, 8),
(138, 'Обшивка', 8, 1100.00, 180, 'кв.м', 9, 9),
(139, 'Кровельные саморезы', 297, 500.00, 1500, 'шт', 5, 8),
(140, 'Вентилируемые фасады', 179, 1800.00, 50, 'кв.м', 20, 9),
(141, 'Металлические профили', 244, 730.00, 560, 'м', 10, 9),
(142, 'Дренажные системы', 114, 2500.00, 40, 'компл', 18, 8),
(143, 'Красители для бетона', 171, 90.00, 1000, 'л', 6, 7),
(144, 'Декоративный камень', 169, 2100.00, 30, 'кв.м', 25, 9),
(145, 'Минеральная вата', 256, 550.00, 200, 'кг', 12, 8),
(146, 'Стеклохолст', 41, 360.00, 300, 'рул', 4, 8),
(147, 'Спецодежда', 18, 12000.00, 50, 'компл', 30, 9),
(148, 'Брусчатка', 4, 45.00, 5000, 'шт', 7, 8),
(149, 'Оконные откосы', 287, 550.00, 120, 'шт', 10, 9),
(150, 'Сайдинг', 162, 350.00, 240, 'кв.м', 11, 9),
(151, 'Светодиодные лампы', 273, 320.00, 220, 'шт', 10, 8),
(152, 'Металлические двери', 25, 6500.00, 80, 'шт', 15, 9),
(153, 'Балконные системы', 216, 7200.00, 40, 'компл', 18, 9),
(154, 'Подоконники', 21, 1800.00, 140, 'шт', 8, 8),
(155, 'Алюминиевые профили', 13, 620.00, 500, 'м', 7, 8),
(156, 'Каучуковые покрытия', 81, 940.00, 80, 'кв.м', 9, 9),
(157, 'Газобетон', 107, 4500.00, 60, 'куб.м', 15, 9),
(158, 'Утяжеленный цемент', 279, 470.00, 500, 'кг', 6, 9),
(159, 'Декоративная штукатурка', 141, 1350.00, 200, 'кг', 4, 9),
(160, 'Пластиковые панели', 218, 450.00, 300, 'кв.м', 10, 8),
(161, 'Винтовые сваи', 265, 1500.00, 100, 'шт', 14, 9),
(162, 'Декоративные обои', 65, 750.00, 150, 'рул', 5, 9),
(163, 'Клинкерная плитка', 4, 1800.00, 250, 'кв.м', 8, 9),
(164, 'Натяжные потолки', 260, 900.00, 60, 'кв.м', 12, 9),
(165, 'Лестничные марши', 175, 2500.00, 20, 'компл', 20, 9),
(166, 'Теплый пол', 111, 1600.00, 50, 'кв.м', 7, 9),
(167, 'Гипсовая лепнина', 45, 450.00, 80, 'шт', 5, 9),
(168, 'Фасадные панели', 92, 2400.00, 30, 'кв.м', 18, 9),
(169, 'Фиброцементные панели', 1, 1500.00, 120, 'кв.м', 15, 9),
(170, 'Сланцевые плитки', 3, 2000.00, 90, 'кв.м', 25, 9),
(171, 'Самовыравнивающаяся смесь', 133, 550.00, 200, 'кг', 2, 9),
(172, 'Поребрик', 121, 80.00, 700, 'шт', 9, 8),
(173, 'Кованые изделия', 242, 1700.00, 40, 'шт', 15, 9),
(174, 'Ландшафтные материалы', 175, 1300.00, 50, 'компл', 21, 9),
(175, 'Пеноблоки', 44, 3200.00, 100, 'куб.м', 10, 8),
(176, 'Паркетная доска', 47, 2400.00, 200, 'кв.м', 8, 9),
(177, 'Художественное стекло', 274, 3500.00, 30, 'кв.м', 12, 9),
(178, 'Интерьерный текстиль', 185, 1100.00, 50, 'компл', 14, 9),
(179, 'Системы полива', 36, 2500.00, 15, 'компл', 20, 9),
(180, 'Натуральный камень', 110, 2700.00, 45, 'кв.м', 25, 9),
(181, 'Декоративные балки', 1, 1200.00, 60, 'кв.м', 9, 9),
(182, 'Термопанели', 51, 1800.00, 80, 'кв.м', 13, 9),
(183, 'Звукоизоляционные панели', 70, 800.00, 150, 'кв.м', 12, 9),
(184, 'Жалюзи', 164, 700.00, 200, 'шт', 15, 9),
(185, 'Заборы из сетки рабица', 141, 650.00, 500, 'м', 7, 8),
(186, 'Гидроизол', 269, 580.00, 100, 'кг', 6, 9),
(187, 'Пенополистирол', 13, 720.00, 200, 'кв.м', 3, 9),
(188, 'Телекоммуникационные кабели', 68, 200.00, 3000, 'м', 4, 9),
(189, 'Газовые котлы', 13, 55000.00, 15, 'шт', 22, 9),
(190, 'Система вентиляции', 279, 12000.00, 8, 'компл', 25, 9),
(191, 'Металлические сетки', 99, 100.00, 1000, 'м', 5, 8),
(192, 'ОСП плиты', 141, 420.00, 400, 'кв.м', 7, 9),
(193, 'Укрывной материал', 262, 300.00, 100, 'рул', 9, 8),
(194, 'Клей для плитки', 276, 280.00, 300, 'кг', 2, 9),
(195, 'Пробковое покрытие', 230, 1600.00, 70, 'кв.м', 6, 8),
(196, 'Тротуарная плитка', 143, 55.00, 7000, 'шт', 5, 9),
(197, 'Перегородки', 226, 2000.00, 40, 'шт', 12, 9),
(198, 'Фасадные краски', 41, 750.00, 600, 'л', 10, 9),
(199, 'Плодородный грунт', 93, 300.00, 1500, 'кг', 3, 8),
(200, 'Жидкие гвозди', 212, 100.00, 500, 'л', 2, 9),
(201, 'Декоративный кирпич', 19, 2500.00, 150, 'шт', 10, 9),
(202, 'Термозащитная пленка', 67, 375.00, 400, 'кв.м', 7, 9),
(203, 'Изоляционные панели', 137, 850.00, 300, 'кв.м', 8, 8),
(204, 'Акриловая краска', 89, 600.00, 250, 'л', 5, 9),
(205, 'Каменная плитка', 192, 2200.00, 90, 'кв.м', 12, 9),
(206, 'Элементы гидроизоляции', 117, 320.00, 350, 'кг', 4, 8),
(207, 'Зеркальные панели', 135, 1500.00, 60, 'кв.м', 9, 9),
(208, 'Кабель-каналы', 98, 120.00, 1000, 'м', 6, 8),
(209, 'Гранитная плитка', 69, 2700.00, 70, 'кв.м', 14, 9),
(210, 'Бамбуковые обои', 275, 500.00, 200, 'рул', 8, 8),
(211, 'Перлитовая штукатурка', 192, 1400.00, 300, 'кг', 6, 9),
(212, 'Трехслойные трубы', 80, 1800.00, 100, 'шт', 15, 9),
(213, 'Клей для обоев', 115, 150.00, 400, 'л', 3, 8),
(214, 'Декоративная мраморная крошка', 289, 950.00, 500, 'кг', 10, 9),
(215, 'Изоляционная вата', 198, 650.00, 200, 'кг', 5, 9),
(216, 'Теплоотражающая пленка', 98, 475.00, 300, 'кв.м', 9, 8),
(217, 'Мозаика', 279, 1250.00, 100, 'кв.м', 8, 9),
(218, 'Водонепроницаемый цемент', 55, 620.00, 350, 'кг', 10, 9),
(219, 'Паропроницаемая мембрана', 42, 280.00, 600, 'кв.м', 4, 9),
(220, 'Текстурные пленки', 119, 1100.00, 250, 'кв.м', 7, 8),
(221, 'Синтетический каучук', 112, 850.00, 300, 'кг', 5, 9),
(222, 'Металлическая арматура', 187, 750.00, 400, 'шт', 6, 8),
(223, 'Антигравийная мастика', 36, 1100.00, 200, 'л', 3, 9),
(224, 'Декоративная керамика', 246, 1300.00, 150, 'шт', 7, 8),
(225, 'Полистирольные панели', 103, 900.00, 200, 'кв.м', 4, 9),
(226, 'Перфорированная сталь', 175, 1700.00, 60, 'шт', 10, 9),
(227, 'Декоративные решетки', 150, 420.00, 500, 'шт', 8, 8),
(228, 'Электрические кабели', 195, 180.00, 3000, 'м', 5, 9),
(229, 'Армированные блоки', 282, 3500.00, 80, 'куб.м', 12, 9),
(230, 'Модульные ковры', 231, 1100.00, 100, 'кв.м', 6, 8),
(231, 'Качественная обшивка', 153, 2400.00, 50, 'кв.м', 9, 9),
(232, 'Дренажные трубы', 145, 750.00, 200, 'м', 5, 8),
(233, 'Искусственный газон', 238, 700.00, 150, 'кв.м', 3, 9),
(234, 'Паркет из лиственницы', 73, 2600.00, 120, 'кв.м', 10, 9),
(235, 'Герметики для дерева', 8, 550.00, 400, 'л', 4, 8),
(236, 'Фиброцементные фасады', 110, 1800.00, 90, 'кв.м', 8, 9),
(237, 'Мозаичные плиты', 143, 2300.00, 60, 'шт', 12, 9),
(238, 'Акустические панели', 20, 1500.00, 70, 'кв.м', 6, 9),
(239, 'Стеклянные перегородки', 270, 2700.00, 40, 'кв.м', 13, 9),
(240, 'Жидкий шелк', 300, 120.00, 300, 'л', 2, 8),
(241, 'Теплоизоляционные блоки', 80, 750.00, 250, 'шт', 7, 9),
(242, 'Кабельные вводы', 27, 200.00, 1200, 'шт', 4, 8),
(243, 'Газовые баллоны', 154, 1350.00, 50, 'шт', 15, 9),
(244, 'Армирующие составы', 51, 1050.00, 200, 'кг', 6, 8),
(245, 'Антикоррозийная краска', 254, 950.00, 150, 'л', 8, 9),
(246, 'Теплоизоляционные мембраны', 124, 650.00, 300, 'кв.м', 10, 8),
(247, 'Светозащитные оконные пленки', 67, 1300.00, 100, 'кв.м', 5, 9),
(248, 'Декоративные рамы', 277, 750.00, 80, 'шт', 9, 8),
(249, 'Изоляция для труб', 13, 450.00, 400, 'м', 3, 9),
(250, 'Наплавляемая кровля', 162, 2200.00, 70, 'кв.м', 12, 9),
(251, 'Кварцевый песок', 76, 325.00, 600, 'кг', 7, 9),
(252, 'Суперпрочные блоки', 125, 3600.00, 60, 'куб.м', 16, 9),
(253, 'Трансформаторные кабели', 128, 280.00, 400, 'м', 4, 8),
(254, 'Полированное стекло', 113, 2500.00, 30, 'кв.м', 13, 9),
(255, 'Звукоизоляционная вата', 238, 580.00, 150, 'кг', 6, 9),
(256, 'Ламинированные панели', 119, 670.00, 300, 'шт', 8, 8),
(257, 'Антифрикцинные покрытия', 9, 980.00, 200, 'л', 2, 9),
(258, 'Плата конструкционная', 220, 1200.00, 80, 'шт', 9, 9),
(259, 'Качество контролируемые двери', 182, 4900.00, 40, 'шт', 10, 9),
(260, 'Покрытия против плесени', 90, 680.00, 300, 'л', 11, 8),
(261, 'Декоративные плиты', 13, 900.00, 100, 'кв.м', 6, 9),
(262, 'Чешуйчатая изоляция', 267, 550.00, 400, 'кг', 4, 8),
(263, 'Полипропиленовые трубы', 295, 1800.00, 150, 'шт', 8, 9),
(264, 'Газобетонные блоки', 282, 3200.00, 90, 'куб.м', 12, 8),
(265, 'Гидроизоляторы', 89, 700.00, 500, 'кг', 3, 9),
(266, 'Термостойкие панели', 269, 800.00, 200, 'шт', 7, 9),
(267, 'Транспортировочные настилы', 37, 1500.00, 60, 'шт', 10, 8),
(268, 'Декоративная облицовка', 75, 2100.00, 70, 'кв.м', 8, 9),
(269, 'Жаропрочная краска', 27, 690.00, 150, 'л', 4, 9),
(270, 'Клеевые составы', 1, 240.00, 300, 'л', 6, 8),
(271, 'Гвалвавные штукатурки', 45, 750.00, 200, 'кг', 11, 9),
(272, 'Изоляционная лента', 3, 90.00, 1200, 'м', 5, 8),
(273, 'Алюминиевые плиты', 239, 1300.00, 100, 'шт', 7, 9),
(274, 'Виброизоляционные мембраны', 21, 580.00, 250, 'кв.м', 9, 9),
(275, 'Тротуарная плитка', 142, 60.00, 4000, 'шт', 8, 9),
(276, 'Декоративные конструкции', 190, 1100.00, 80, 'кв.м', 6, 9),
(277, 'Плиты влагостойкие', 246, 420.00, 600, 'кв.м', 4, 8),
(278, 'Гипоаллергенные покрытия', 256, 1100.00, 50, 'шт', 10, 9),
(279, 'Декоративный щебень', 178, 950.00, 200, 'кг', 3, 9),
(280, 'Панели из МДФ', 232, 650.00, 100, 'кв.м', 7, 8),
(281, 'Ткань для жалюзи', 70, 350.00, 400, 'рул', 9, 9),
(282, 'Гипсовые смеси', 128, 520.00, 150, 'кг', 12, 8),
(283, 'Бетонные балки', 188, 4200.00, 60, 'шт', 7, 9),
(284, 'Арматурные сетки', 62, 590.00, 300, 'м', 8, 8),
(285, 'Декоративные керамогранитные плиты', 91, 3200.00, 70, 'кв.м', 5, 9),
(286, 'Гидрофобные растворы', 50, 740.00, 150, 'л', 3, 9),
(287, 'Акустическая плитка', 152, 1100.00, 200, 'шт', 6, 8),
(288, 'Звукоизоляционные подложки', 127, 900.00, 120, 'кв.м', 10, 9),
(289, 'Раздвижные межкомнатные двери', 158, 5000.00, 50, 'шт', 12, 9),
(290, 'Гармонизированные подвесные потолки', 23, 1700.00, 80, 'кв.м', 4, 9),
(291, 'Асфальт', 206, 2500.00, 500, 'куб.м', 9, 9),
(292, 'Герметики для швов', 77, 220.00, 300, 'л', 8, 9),
(293, 'Битумные мастики', 211, 680.00, 150, 'кг', 6, 9),
(294, 'Фасадная штукатурка', 31, 950.00, 250, 'кг', 7, 8),
(295, 'Плитка для бассейнов', 69, 2100.00, 70, 'кв.м', 4, 9),
(296, 'Пеностекло', 32, 1300.00, 200, 'куб.м', 10, 9),
(297, 'Лестничные ограждения', 46, 4500.00, 40, 'компл', 6, 8),
(298, 'Промышленное освещение', 43, 1600.00, 100, 'шт', 12, 9),
(299, 'Мраморная крошка', 237, 850.00, 80, 'кг', 3, 9),
(300, 'Резиновые покрытия', 107, 1200.00, 70, 'кв.м', 11, 8),
(301, 'Кухонные модули', 271, 3200.00, 20, 'шт', 5, 9),
(302, 'Сантехнические трубы', 39, 180.00, 1000, 'м', 6, 8),
(303, 'Аналоги натяжных потолков', 277, 850.00, 150, 'кв.м', 9, 8),
(304, 'Щиты дирижаблей', 214, 4500.00, 10, 'шт', 14, 9),
(305, 'Неоновые вывески', 195, 5000.00, 5, 'шт', 12, 9),
(306, 'Креативные двери', 97, 4800.00, 15, 'шт', 10, 9),
(307, 'Вазоны для растений', 210, 800.00, 30, 'шт', 4, 8),
(308, 'Керамические элементы', 124, 1200.00, 200, 'шт', 5, 9),
(309, 'Оштукатуренные стены', 10, 325.00, 400, 'кв.м', 7, 8),
(310, 'Фермы строительные', 275, 1300.00, 90, 'шт', 9, 9),
(311, 'Гидроизоляционные пленки', 115, 850.00, 600, 'кв.м', 5, 8),
(312, 'Полосы капельного полива', 287, 1000.00, 100, 'шт', 8, 9),
(313, 'Кожаные покрытия', 183, 1500.00, 50, 'кв.м', 3, 9),
(314, 'Теплосберегающие системы', 27, 7500.00, 10, 'компл', 6, 9),
(315, 'Строительные леса', 24, 3200.00, 15, 'компл', 11, 9),
(316, 'Домашние саунные кабины', 283, 6900.00, 5, 'компл', 15, 9),
(317, 'Свежие подвесные трапы', 267, 800.00, 100, 'шт', 4, 8),
(318, 'Полимерные композиты', 77, 1600.00, 80, 'кг', 7, 9),
(319, 'Изоляционные окна', 18, 5400.00, 30, 'шт', 10, 9),
(320, 'Зеркальная плитка', 32, 2400.00, 50, 'кв.м', 5, 9),
(321, 'Инфракрасные лампы', 57, 230.00, 400, 'шт', 9, 8),
(322, 'Энергосберегающие жалюзи', 160, 1200.00, 50, 'шт', 7, 8),
(323, 'Паркетные покрытия', 132, 2700.00, 150, 'кв.м', 11, 9),
(324, 'Декоративные ролеты', 190, 900.00, 70, 'шт', 6, 8),
(325, 'Армированные плиты', 194, 3400.00, 100, 'куб.м', 13, 9),
(326, 'Светодиодные экраны', 288, 4500.00, 20, 'шт', 14, 9),
(327, 'Эпоксидные покрытия', 161, 500.00, 300, 'л', 4, 9),
(328, 'Брусчатка из известняка', 95, 60.00, 5000, 'шт', 5, 8),
(329, 'Ковры с фракцией', 155, 1800.00, 50, 'кв.м', 8, 9),
(330, 'Подшипниковые зароды', 187, 750.00, 400, 'шт', 7, 8),
(331, 'Декоративные скамейки', 299, 4200.00, 20, 'шт', 12, 9),
(332, 'Тактильная плитка', 102, 550.00, 600, 'кв.м', 6, 8),
(333, 'Конструкции из ДСП', 146, 900.00, 150, 'шт', 9, 9),
(334, 'Вентилирующие панели', 91, 2100.00, 70, 'кв.м', 8, 9),
(335, 'Композитные трубы', 110, 2500.00, 80, 'шт', 11, 9),
(336, 'Антикоррозийные составы', 232, 700.00, 300, 'л', 3, 9),
(337, 'Сотовый поликарбонат', 14, 3400.00, 90, 'шт', 10, 9),
(338, 'Метизные изделия', 191, 180.00, 500, 'шт', 5, 8),
(339, 'Текстиль с жаккардом', 155, 1300.00, 70, 'кв.м', 7, 9),
(340, 'Ферментационные котлы', 51, 2500.00, 50, 'куб.м', 14, 9),
(341, 'Антибактериальные панели', 285, 550.00, 200, 'кв.м', 5, 9),
(342, 'Термоизолирующие трубопроводы', 197, 700.00, 300, 'шт', 9, 8),
(343, 'Энергосберегающие покрытия', 287, 1600.00, 100, 'кв.м', 7, 9),
(344, 'Светоотражающие мембраны', 91, 350.00, 500, 'кг', 3, 9),
(345, 'Полимерное стекло', 117, 1450.00, 80, 'кв.м', 12, 9),
(346, 'Водонепроницаемая плитка', 126, 2300.00, 100, 'шт', 8, 9),
(347, 'Металлическая сетка', 228, 80.00, 700, 'м', 4, 8),
(348, 'Акустические покрытия', 240, 1000.00, 120, 'кв.м', 10, 9),
(349, 'Технопаркет', 201, 2750.00, 60, 'кв.м', 6, 9),
(350, 'Ветровые панели', 169, 1800.00, 50, 'шт', 3, 9),
(351, 'Текстильные обои', 25, 670.00, 300, 'рул', 8, 9),
(352, 'Тентовые конструкции', 93, 3200.00, 30, 'шт', 15, 9),
(353, 'Рекламные стенды', 203, 850.00, 50, 'шт', 11, 9),
(354, 'Поливочные трубы', 167, 1900.00, 200, 'м', 9, 8),
(355, 'Противопожарные шторы', 10, 6500.00, 20, 'шт', 10, 9),
(356, 'Антимикробные пленки', 299, 450.00, 400, 'кв.м', 7, 9),
(357, 'Декоративный полиуретан', 1, 1200.00, 150, 'шт', 5, 9),
(358, 'Металлические конструкции', 92, 3300.00, 40, 'шт', 13, 9),
(359, 'Легкие конструкции', 262, 900.00, 100, 'кв.м', 8, 9),
(360, 'Теплоаккумулирующие панели', 220, 500.00, 300, 'кг', 6, 9),
(361, 'Изолирующие покрытия', 208, 800.00, 150, 'кв.м', 10, 9),
(362, 'Декоративные пленки', 9, 290.00, 600, 'м', 4, 8),
(363, 'Противоскользящие покрытия', 158, 1450.00, 80, 'шт', 3, 9),
(364, 'Звукоизоляционные смеси', 27, 850.00, 120, 'кг', 9, 8),
(365, 'Ультрафиолетовые лампы', 79, 230.00, 300, 'шт', 4, 9),
(366, 'Ферромагнитные изделия', 14, 1800.00, 60, 'шт', 12, 9),
(367, 'Водяные насосы', 141, 1200.00, 50, 'шт', 10, 9),
(368, 'Рентгенозащитные панели', 294, 4300.00, 40, 'шт', 13, 9),
(369, 'Пленки с фотоэлементами', 65, 2800.00, 100, 'кв.м', 8, 9),
(370, 'Растительные изоляционные плиты', 32, 750.00, 200, 'кг', 5, 9),
(371, 'Металлические цилиндры', 176, 1500.00, 90, 'шт', 7, 9),
(372, 'Электроизолирующие ленты', 119, 190.00, 400, 'м', 3, 8),
(373, 'Гравитационные панели', 13, 2200.00, 70, 'кв.м', 6, 9),
(374, 'Ландшафтные светильники', 275, 2000.00, 50, 'шт', 12, 9),
(375, 'Светорассеивающие покрытия', 68, 1750.00, 80, 'кв.м', 11, 8),
(376, 'Уличные лавочки', 266, 4300.00, 20, 'шт', 9, 9),
(377, 'Акриловые кубы', 151, 2100.00, 60, 'шт', 8, 9),
(378, 'Радиоактивные экраны', 180, 5000.00, 15, 'шт', 14, 9),
(379, 'Светопропускающие пленки', 266, 350.00, 300, 'кв.м', 4, 8),
(380, 'Антиаллергенные смеси', 293, 620.00, 400, 'кг', 5, 9),
(381, 'Электростанции на солнечных батареях', 55, 75000.00, 2, 'компл', 16, 9),
(382, 'Углеродные пластины', 289, 3200.00, 30, 'шт', 7, 9),
(383, 'Очистные установки', 147, 15000.00, 5, 'компл', 13, 9),
(384, 'Тепловизоры', 54, 12500.00, 8, 'шт', 10, 9),
(385, 'Водные фильтры', 115, 320.00, 200, 'шт', 4, 9),
(386, 'Микроволновые системы', 54, 8500.00, 6, 'шт', 12, 9),
(387, 'Звуковые барьеры', 271, 5400.00, 15, 'кв.м', 9, 8),
(388, 'Ветрозащиты', 4, 1400.00, 100, 'шт', 11, 9),
(389, 'Матрицы светодиодные', 293, 6400.00, 25, 'шт', 13, 9),
(390, 'Барометрические датчики', 166, 2400.00, 50, 'шт', 6, 9),
(391, 'Полистирольные плиты', 40, 750.00, 300, 'шт', 8, 9),
(392, 'Алюминиевые переборки', 144, 2600.00, 70, 'шт', 7, 9),
(393, 'Противоударные пленки', 133, 450.00, 500, 'кв.м', 3, 9),
(394, 'Декоративные полотна', 21, 850.00, 400, 'кв.м', 5, 8),
(395, 'Теплоизоляционные матрасы', 151, 950.00, 120, 'шт', 9, 9),
(396, 'Асбестоцементные листы', 251, 210.00, 700, 'шт', 4, 8),
(397, 'Ароматизированные кирпичи', 76, 3500.00, 50, 'шт', 11, 9),
(398, 'Стеклотканевые панели', 135, 1600.00, 60, 'шт', 10, 9),
(399, 'Теплосчетчики', 165, 8000.00, 10, 'шт', 14, 9),
(400, 'Электростанции на угле', 239, 120000.00, 2, 'компл', 20, 9),
(401, 'Инфракрасные обогреватели', 243, 4500.00, 20, 'шт', 10, 9),
(402, 'Жаропрочные кирпичи', 139, 700.00, 200, 'шт', 8, 9),
(403, 'Гибкие шланги', 230, 300.00, 500, 'м', 5, 8),
(404, 'Утеплитель для стен', 38, 150.00, 1000, 'кв.м', 6, 9),
(405, 'Радиаторные панели', 47, 1200.00, 80, 'шт', 9, 8),
(406, 'Алюминиевые профили для гипсокартона', 68, 490.00, 400, 'м', 4, 9),
(407, 'Каменная вата', 8, 650.00, 120, 'кг', 5, 9),
(408, 'Тросы для крепления', 67, 380.00, 300, 'м', 3, 9),
(409, 'Кирпич силикатный', 271, 800.00, 250, 'шт', 12, 8),
(410, 'Уличные светильники', 300, 2200.00, 60, 'шт', 14, 9),
(411, 'Декоративные панели из ПВХ', 227, 430.00, 300, 'кв.м', 7, 8),
(412, 'Изоляция труб', 187, 320.00, 400, 'м', 6, 9),
(413, 'Рулонные шторы', 230, 900.00, 100, 'шт', 4, 9),
(414, 'Лак для дерева', 205, 500.00, 150, 'л', 5, 8),
(415, 'Металлическая фурнитура', 94, 140.00, 800, 'шт', 10, 9),
(416, 'Декоративные панели под камень', 274, 1100.00, 50, 'кв.м', 9, 8),
(417, 'Рельсы для потолков', 243, 300.00, 200, 'м', 7, 9),
(418, 'Самоклеящиеся обои', 219, 850.00, 60, 'рул', 6, 8),
(419, 'Теплопроводящие пасты', 193, 200.00, 100, 'кг', 5, 9),
(420, 'Керамическая черепица', 241, 1700.00, 40, 'кв.м', 8, 9),
(421, 'Ударопрочные стекла', 21, 2800.00, 30, 'кв.м', 11, 9),
(422, 'Минеральные плиты', 212, 450.00, 500, 'кг', 10, 9),
(423, 'Клей для паркета', 123, 300.00, 200, 'л', 4, 9),
(424, 'Термоусадочные трубки', 35, 200.00, 400, 'м', 5, 8),
(425, 'Декоративные нишы', 226, 720.00, 150, 'шт', 9, 9),
(426, 'Металлические шпалеры', 9, 2300.00, 50, 'кв.м', 7, 9),
(427, 'Гидравлические насосы', 287, 1800.00, 20, 'шт', 8, 9),
(428, 'Ландшафтные плитки', 72, 1500.00, 70, 'кв.м', 6, 9),
(429, 'Облицовочные камешки', 20, 180.00, 1000, 'кг', 4, 9),
(430, 'Акустические экраны', 91, 2800.00, 50, 'кв.м', 12, 9),
(431, 'Декоративные бордюры', 97, 400.00, 400, 'м', 5, 8),
(432, 'Мастика для швов', 94, 750.00, 150, 'л', 6, 9),
(433, 'Композитные полы', 37, 1200.00, 80, 'кв.м', 10, 9),
(434, 'Теплосберегающие пленки', 116, 350.00, 300, 'кв.м', 3, 9),
(435, 'Раздвижные перегородки', 83, 2200.00, 40, 'шт', 14, 9),
(436, 'Виброустойчивые покрытия', 108, 1300.00, 100, 'кв.м', 8, 9),
(437, 'Полимерные изделия', 41, 600.00, 200, 'шт', 4, 9),
(438, 'Керамическая напольная плитка', 56, 1500.00, 70, 'кв.м', 9, 9),
(439, 'Резиновые коврики', 273, 350.00, 300, 'шт', 6, 9),
(440, 'Теплоизоляционная обшивка', 131, 950.00, 120, 'кв.м', 7, 9),
(441, 'Декоративные потолочные плитки', 106, 800.00, 150, 'кв.м', 5, 9),
(442, 'Жалюзи из бамбука', 264, 1200.00, 50, 'шт', 6, 9),
(443, 'Изоляционные стекла', 98, 1700.00, 40, 'кв.м', 11, 9),
(444, 'Гидроизолирующие покрытия', 22, 220.00, 500, 'л', 4, 9),
(445, 'Акриловые эмульсии', 27, 175.00, 200, 'л', 3, 9),
(446, 'Клеевые материалы', 175, 300.00, 400, 'л', 8, 8),
(447, 'Декоративный гравий', 80, 500.00, 300, 'кг', 6, 9),
(448, 'Утеплительные пленки', 241, 290.00, 600, 'кв.м', 5, 8),
(449, 'Настенные панели', 15, 1300.00, 60, 'шт', 7, 9),
(450, 'Антикоррозионные растворы', 269, 900.00, 80, 'л', 4, 9),
(451, 'Энергосберегающие устройства', 144, 5000.00, 30, 'шт', 10, 9),
(452, 'Каркасные конструкции', 127, 3200.00, 20, 'шт', 11, 9),
(453, 'Акустические волны', 224, 1400.00, 50, 'кв.м', 7, 9),
(454, 'Изоляционные лаки', 165, 220.00, 500, 'л', 3, 9),
(455, 'Декоративные вставки', 32, 700.00, 300, 'шт', 9, 9),
(456, 'Тепловые модули', 285, 2000.00, 40, 'компл', 8, 9),
(457, 'Краски для фасадов', 6, 950.00, 100, 'л', 6, 9),
(458, 'Текстильные панели', 206, 1300.00, 70, 'кв.м', 5, 8),
(459, 'Перегородки из стекла', 18, 2100.00, 30, 'шт', 11, 9),
(460, 'Водоотталкивающие смеси', 282, 850.00, 200, 'л', 4, 9),
(461, 'Алюминиевые трубы', 41, 1500.00, 80, 'шт', 7, 9),
(462, 'Декоративные бруски', 267, 600.00, 400, 'шт', 6, 9),
(463, 'Прозрачные мембраны', 167, 900.00, 120, 'кв.м', 3, 9),
(464, 'Утеплительные плиты', 120, 740.00, 150, 'кг', 4, 9),
(465, 'Металлические заборы', 285, 2500.00, 60, 'шт', 10, 9),
(466, 'Фасады из кирпича', 235, 3200.00, 40, 'кв.м', 12, 9),
(467, 'Огнеупорные листы', 135, 2700.00, 100, 'шт', 8, 9),
(468, 'Керамические обои', 206, 1400.00, 200, 'рул', 5, 8),
(469, 'Антикоррозионные лаки', 89, 720.00, 400, 'л', 6, 9),
(470, 'Стальные балки', 62, 3800.00, 50, 'шт', 10, 9),
(471, 'Декоративная штукатурка с фактурой', 285, 1200.00, 200, 'кг', 4, 9),
(472, 'Теплоизоляционные маты', 297, 700.00, 150, 'шт', 3, 9),
(473, 'Композиционные материалы', 212, 1500.00, 80, 'кв.м', 9, 9),
(474, 'Ультратонкие мембраны', 130, 650.00, 500, 'м', 5, 9),
(475, 'Фасадные панели из ПВХ', 197, 850.00, 250, 'кв.м', 8, 9),
(476, 'Огнестойкие покрытия', 137, 1200.00, 100, 'л', 4, 9),
(477, 'Металлопластиковые окна', 276, 3500.00, 30, 'шт', 10, 9),
(478, 'Системы безопасности', 11, 7500.00, 20, 'компл', 12, 9),
(479, 'Звукоизоляционные мембраны', 216, 950.00, 400, 'кв.м', 7, 9),
(480, 'Клеевые смеси для бетона', 34, 400.00, 300, 'кг', 5, 8),
(481, 'Корпуса из пластика', 15, 1100.00, 60, 'шт', 4, 9),
(482, 'Крыши из черепицы', 109, 3000.00, 40, 'кв.м', 12, 9),
(483, 'Акустические потолки', 104, 1000.00, 50, 'кв.м', 6, 9),
(484, 'Экологичные обои', 54, 650.00, 200, 'рул', 8, 9),
(485, 'Антистатические покрытия', 193, 700.00, 80, 'шт', 7, 9),
(486, 'Шумоизоляционные панели', 26, 900.00, 70, 'кв.м', 9, 9),
(487, 'Декоративные балки для крыши', 280, 2200.00, 90, 'шт', 5, 8),
(488, 'Интерьерные молдинги', 48, 1500.00, 100, 'шт', 6, 9),
(489, 'Гладкие фасадные покрытия', 88, 3600.00, 150, 'кв.м', 11, 9),
(490, 'Керамические окна', 253, 2500.00, 40, 'шт', 10, 9),
(491, 'Зеркальные обои', 265, 900.00, 200, 'кв.м', 8, 9),
(492, 'Композитные двери', 289, 1700.00, 40, 'шт', 9, 9),
(493, 'Стены из гипсокартона', 201, 6000.00, 50, 'кв.м', 12, 9),
(494, 'Световодоволоконные панели', 229, 4500.00, 30, 'кв.м', 6, 9),
(495, 'Энергоэффективные окна', 136, 5800.00, 20, 'шт', 10, 9),
(496, 'Гидрофобные пленки', 64, 720.00, 100, 'кв.м', 7, 9),
(497, 'Металлические карнизы', 136, 1500.00, 400, 'шт', 8, 9),
(498, 'Акустические прокладки', 60, 1400.00, 250, 'кв.м', 5, 9),
(499, 'Изолирующие ленты', 299, 100.00, 1200, 'м', 4, 8),
(500, 'Тканевые потолки', 209, 2900.00, 150, 'кв.м', 7, 9);


INSERT INTO Contracts (ContractID, ProjectID, ClientID, ContractDate, Amount, Terms, Duration, PaymentSchedule) VALUES
(201, 205, 197, '2023-01-15', 150000.00, 'Срочный проект', 12, 'Ежемесячно'),
(202, 111, 306, '2023-02-20', 200000.00, 'Проект по строительству', 24, 'Ежеквартально'),
(203, 387, 160, '2023-03-10', 250000.00, 'Разработка ПО', 18, 'Каждые полгода'),
(204, 378, 260, '2023-04-05', 300000.00, 'Консультационные услуги', 6, 'Ежемесячно'),
(205, 402, 206, '2023-05-25', 350000.00, 'Маркетинговая стратегия', 9, 'После завершения'),
(206, 277, 46, '2023-06-15', 120000.00, 'Дизайнерские услуги', 3, 'Ежемесячно'),
(207, 207, 313, '2023-07-20', 450000.00, 'Инженерное проектирование', 36, 'Ежегодно'),
(208, 302, 26, '2023-08-10', 500000.00, 'Управленческий консалтинг', 24, 'Ежеквартально'),
(209, 159, 318, '2023-09-05', 600000.00, 'Аудиторские услуги', 6, 'После завершения'),
(210, 129, 14, '2023-10-25', 275000.00, 'Обучение персонала', 18, 'Каждые полгода'),
(211, 411, 275, '2023-11-15', 75000.00, 'Клининговые услуги', 2, 'Ежемесячно'),
(212, 388, 75, '2023-12-20', 80000.00, 'Ремонт офиса', 3, 'После завершения'),
(213, 402, 130, '2023-11-10', 195000.00, 'Закупка оборудования', 12, 'Ежеквартально'),
(214, 174, 150, '2023-08-15', 900000.00, 'Строительные работы', 24, 'Ежегодно'),
(215, 371, 102, '2023-09-25', 110000.00, 'Техническое обслуживание', 6, 'Ежемесячно'),
(216, 189, 36, '2023-10-15', 850000.00, 'Поставка программного обеспечения', 12, 'Каждые полгода'),
(217, 181, 110, '2023-04-02', 950000.00, 'Инфраструктурные проекты', 36, 'Ежегодно'),
(218, 291, 343, '2023-05-12', 130000.00, 'Маркетинговые исследования', 9, 'После завершения'),
(219, 217, 44, '2023-07-01', 470000.00, 'Разработка сайта', 5, 'Ежемесячно'),
(220, 152, 169, '2023-06-22', 620000.00, 'Корпоративные услуги', 18, 'Ежеквартально'),
(221, 256, 119, '2023-09-12', 540000.00, 'Анализ данных', 8, 'Каждые полгода'),
(222, 131, 42, '2023-03-03', 160000.00, 'Программы лояльности', 3, 'Ежемесячно'),
(223, 269, 174, '2023-02-11', 720000.00, 'Управление персоналом', 24, 'Ежегодно'),
(224, 383, 21, '2023-01-20', 310000.00, 'Обучающие программы', 10, 'После завершения'),
(225, 354, 39, '2023-07-19', 520000.00, 'Исследования и разработки', 14, 'Ежеквартально'),
(226, 301, 73, '2023-09-23', 410000.00, 'Экологические программы', 6, 'Каждые полгода'),
(227, 320, 215, '2023-05-29', 185000.00, 'Системы безопасности', 18, 'Ежемесячно'),
(228, 386, 6, '2023-07-30', 92000.00, 'Гостиничные услуги', 1, 'После завершения'),
(229, 239, 167, '2023-08-18', 196000.00, 'Закупка мебели', 2, 'Ежемесячно'),
(230, 379, 249, '2023-06-05', 310000.00, 'Обслуживание vs', 4, 'Ежеквартально'),
(231, 148, 324, '2023-10-12', 710000.00, 'Капитальный ремонт', 6, 'Ежегодно'),
(232, 231, 323, '2023-11-24', 250000.00, 'Страхование', 12, 'Ежемесячно'),
(233, 352, 124, '2023-12-17', 145000.00, 'Логистические услуги', 16, 'Каждые полгода'),
(234, 389, 137, '2023-01-08', 430000.00, 'Перевозка грузов', 19, 'Ежемесячно'),
(235, 305, 30, '2023-03-16', 590000.00, 'Телекоммуникационные услуги', 5, 'После завершения'),
(236, 283, 239, '2023-04-21', 165000.00, 'Оптимизация процессов', 18, 'Ежеквартально'),
(237, 367, 282, '2023-05-11', 72000.00, 'Услуги переводчика', 4, 'Каждые полгода'),
(238, 139, 341, '2023-08-13', 985000.00, 'Управление проектами', 30, 'Ежегодно'),
(239, 181, 129, '2023-10-07', 765000.00, 'Финансовое консультирование', 24, 'Ежеквартально'),
(240, 218, 143, '2023-02-14', 678000.00, 'HR-консультирование', 15, 'После завершения'),
(241, 387, 340, '2023-06-18', 89000.00, 'Юридическая помощь', 3, 'Ежемесячно'),
(242, 158, 392, '2023-04-19', 450000.00, 'Услуги оценщика', 11, 'Каждые полгода'),
(243, 223, 276, '2023-07-06', 300000.00, 'Услуги дизайнера интерьера', 6, 'Ежеквартально'),
(244, 407, 224, '2023-05-15', 925000.00, 'Корпоративные исследования', 30, 'Ежегодно'),
(245, 151, 245, '2023-09-16', 41000.00, 'Бухгалтерские услуги', 1, 'Ежеквартально'),
(246, 215, 276, '2023-07-25', 170000.00, 'Исследования и инновации', 18, 'После завершения'),
(247, 117, 56, '2023-11-03', 270000.00, 'Экологический консалтинг', 15, 'Каждые полгода'),
(248, 352, 218, '2023-03-22', 820000.00, 'Долгосрочные инвестиции', 36, 'Ежегодно'),
(249, 371, 189, '2023-08-28', 61000.00, 'Техническая поддержка', 3, 'Ежемесячно'),
(250, 223, 57, '2023-12-02', 785000.00, 'Международные перевозки', 24, 'Ежеквартально'),
(251, 184, 116, '2023-10-25', 135000.00, 'Информационные технологии', 12, 'После завершения'),
(252, 350, 318, '2023-09-11', 480000.00, 'Бизнес-разведка', 5, 'Ежеквартально'),
(253, 287, 12, '2023-01-28', 155000.00, 'Семинары и тренинги', 6, 'Каждые полгода'),
(254, 150, 226, '2023-11-22', 265000.00, 'Автоматизация процессов', 24, 'Ежегодно'),
(255, 233, 197, '2023-06-09', 615000.00, 'Консультации по стратегии', 18, 'Ежеквартально'),
(256, 137, 235, '2023-05-18', 58000.00, 'Переводческие услуги', 2, 'Ежемесячно'),
(257, 385, 275, '2023-04-08', 730000.00, 'Брендинговая стратегия', 9, 'После завершения'),
(258, 261, 128, '2023-09-14', 510000.00, 'Инновационные решения', 20, 'Ежеквартально'),
(259, 245, 47, '2023-03-17', 145000.00, 'Финансовые операции', 8, 'Каждые полгода'),
(260, 136, 376, '2023-08-30', 970000.00, 'Системная интеграция', 36, 'Ежегодно'),
(261, 340, 135, '2023-01-23', 130000.00, 'Социальные исследования', 5, 'Ежемесячно'),
(262, 410, 303, '2023-10-16', 710000.00, 'Управление качеством', 14, 'После завершения'),
(263, 118, 254, '2023-05-21', 95000.00, 'Патентные услуги', 3, 'Ежеквартально'),
(264, 174, 142, '2023-08-24', 680000.00, 'Медиа поддержка', 18, 'Каждые полгода'),
(265, 382, 318, '2023-07-13', 435000.00, 'Энергетическое проектирование', 22, 'Ежегодно'),
(266, 224, 223, '2023-03-29', 225000.00, 'Транспортные услуги', 12, 'Ежеквартально'),
(267, 165, 362, '2023-06-03', 490000.00, 'Телекоммуникационная поддержка', 7, 'После завершения'),
(268, 163, 349, '2023-04-13', 335000.00, 'Доставка товаров', 10, 'Каждые полгода'),
(269, 330, 81, '2023-09-04', 220000.00, 'Обратная логистика', 6, 'Ежемесячно'),
(270, 182, 251, '2023-08-07', 90000.00, 'Блокчейн консультации', 1, 'После завершения'),
(271, 101, 77, '2023-07-02', 500000.00, 'Исследование рынка', 9, 'Ежеквартально'),
(272, 409, 156, '2023-05-08', 240000.00, 'Квалификационные программы', 24, 'Ежегодно'),
(273, 118, 111, '2023-04-04', 175000.00, 'Услуги инноваций', 14, 'После завершения'),
(274, 251, 58, '2023-06-06', 305000.00, 'Имиджевые услуги', 10, 'Каждые полгода'),
(275, 321, 51, '2023-11-17', 400000.00, 'Поддержка продуктов', 6, 'Ежеквартально'),
(276, 401, 78, '2023-10-17', 690000.00, 'Облачные решения', 18, 'Ежемесячно'),
(277, 271, 343, '2023-09-06', 540000.00, 'Цифровая трансформация', 20, 'После завершения'),
(278, 327, 366, '2023-07-23', 320000.00, 'Социальные исследования', 12, 'Ежегодно'),
(279, 105, 143, '2023-08-22', 810000.00, 'Логистические стратегии', 36, 'Ежеквартально'),
(280, 180, 342, '2023-06-25', 93000.00, 'Аудит безопасности', 6, 'Каждые полгода'),
(281, 184, 232, '2023-11-20', 225000.00, 'Корпоративные сервисы', 9, 'После завершения'),
(282, 179, 152, '2023-12-29', 75000.00, 'Туристические услуги', 2, 'Ежемесячно'),
(283, 296, 84, '2023-03-03', 730000.00, 'Стратегическое планирование', 18, 'Ежеквартально'),
(284, 184, 21, '2023-01-27', 665000.00, 'Мониторинг рынка', 24, 'Ежегодно'),
(285, 153, 143, '2023-02-09', 510000.00, 'Обучение за рубежом', 17, 'После завершения'),
(286, 130, 277, '2023-05-14', 610000.00, 'Системы управления', 14, 'Каждые полгода'),
(287, 345, 216, '2023-04-19', 485000.00, 'Услуги SEO', 8, 'Ежемесячно'),
(288, 217, 285, '2023-06-28', 750000.00, 'Энергоэффективные решения', 20, 'Ежеквартально'),
(289, 357, 77, '2023-07-31', 495000.00, 'Банковские услуги', 10, 'После завершения'),
(290, 119, 393, '2023-10-02', 295000.00, 'Услуги маркетинга', 12, 'Каждые полгода'),
(291, 294, 184, '2023-08-21', 425000.00, 'Персональные ассистенты', 3, 'Ежемесячно'),
(292, 209, 36, '2023-09-19', 69000.00, 'Юридические консультации', 1, 'Ежеквартально'),
(293, 245, 350, '2023-11-27', 580000.00, 'Обслуживание клиентов', 20, 'Ежегодно'),
(294, 353, 183, '2023-12-21', 99000.00, 'Рекламные услуги', 4, 'После завершения'),
(295, 206, 358, '2023-03-13', 170000.00, 'Управление цепями поставок', 7, 'Каждые полгода'),
(296, 160, 49, '2023-05-09', 805000.00, 'Пенсионные консультации', 36, 'Ежеквартально'),
(297, 184, 80, '2023-01-16', 250000.00, 'Анализ потребителей', 2, 'Ежемесячно'),
(298, 227, 185, '2023-02-22', 930000.00, 'Биотехнологические проекты', 25, 'Ежегодно'),
(299, 349, 26, '2023-07-28', 560000.00, 'Телемедицинские услуги', 15, 'После завершения'),
(300, 148, 216, '2023-10-30', 705000.00, 'Разработка приложений', 24, 'Ежеквартально'),
(301, 265, 386, '2023-01-05', 275000.00, 'Программы поддержки бизнеса', 12, 'Ежемесячно'),
(302, 205, 322, '2023-02-18', 690000.00, 'Партнёрские программы', 18, 'Ежеквартально'),
(303, 162, 127, '2023-03-27', 420000.00, 'Социальные инициативы', 24, 'Каждые полгода'),
(304, 106, 398, '2023-04-15', 530000.00, 'Цифровые решения', 15, 'После завершения'),
(305, 262, 227, '2023-05-22', 340000.00, 'Медиа планирование', 10, 'Ежеквартально'),
(306, 113, 241, '2023-06-30', 150000.00, 'Реклама в СМИ', 8, 'Ежегодно'),
(307, 168, 163, '2023-07-12', 600000.00, 'Энергетические программы', 30, 'Ежемесячно'),
(308, 263, 346, '2023-08-14', 320000.00, 'Бизнес консалтинг', 11, 'Каждые полгода'),
(309, 146, 124, '2023-09-01', 770000.00, 'Кадровые политики', 16, 'Ежеквартально'),
(310, 105, 337, '2023-10-11', 880000.00, 'Управление рисками', 20, 'После завершения'),
(311, 285, 163, '2023-01-03', 94000.00, 'Сотрудничество с ВУЗами', 3, 'Ежегодно'),
(312, 140, 163, '2023-02-25', 120000.00, 'Образовательные услуги', 14, 'Ежемесячно'),
(313, 358, 394, '2023-03-19', 350000.00, 'Курсы повышения квалификации', 12, 'После завершения'),
(314, 118, 387, '2023-04-07', 560000.00, 'Финансовые советы', 18, 'Ежеквартально'),
(315, 204, 48, '2023-05-26', 470000.00, 'Интернет маркетинг', 9, 'Каждые полгода'),
(316, 137, 114, '2023-06-15', 680000.00, 'Оптовые поставки', 22, 'Ежемесячно'),
(317, 289, 106, '2023-07-21', 420000.00, 'Техническая поддержка', 6, 'Ежеквартально'),
(318, 165, 258, '2023-08-30', 930000.00, 'Аналитические услуги', 24, 'После завершения'),
(319, 225, 386, '2023-09-07', 110000.00, 'Автоматизация бизнеса', 8, 'Ежегодно'),
(320, 275, 325, '2023-10-18', 370000.00, 'Обслуживание серверов', 7, 'Ежеквартально'),
(321, 204, 363, '2023-01-12', 52000.00, 'Корпоративное обучение', 5, 'Ежегодно'),
(322, 210, 142, '2023-02-06', 310000.00, 'Стратегическое планирование', 9, 'Ежеквартально'),
(323, 265, 88, '2023-03-24', 490000.00, 'Рекрутинг', 3, 'После завершения'),
(324, 300, 267, '2023-04-17', 830000.00, 'Стратегии диверсификации', 15, 'Ежемесячно'),
(325, 296, 297, '2023-05-31', 61000.00, 'Консалтинг по налогам', 24, 'Ежеквартально'),
(326, 206, 176, '2023-06-01', 720000.00, 'Оптимизация продаж', 33, 'Каждые полгода'),
(327, 210, 262, '2023-07-18', 540000.00, 'Платежные системы', 13, 'Ежегодно'),
(328, 402, 240, '2023-08-03', 150000.00, 'Управление активами', 4, 'Ежеквартально'),
(329, 407, 158, '2023-09-29', 260000.00, 'Управление информацией', 8, 'Ежемесячно'),
(330, 166, 240, '2023-10-06', 830000.00, 'Веб-разработка', 19, 'После завершения'),
(331, 326, 148, '2023-01-15', 310000.00, 'Криминалистические услуги', 14, 'Ежемесячно'),
(332, 189, 181, '2023-02-27', 560000.00, 'Консультирование по устойчивости', 23, 'Ежегодно'),
(333, 131, 275, '2023-03-18', 435000.00, 'Антикризисное управление', 24, 'Ежеквартально'),
(334, 379, 19, '2023-04-10', 180000.00, 'Законодательные консультации', 5, 'После завершения'),
(335, 288, 9, '2023-05-19', 730000.00, 'Маркетинг в соцсетях', 21, 'Ежемесячно'),
(336, 102, 224, '2023-06-21', 670000.00, 'Аутсорсинг ИТ', 13, 'Ежеквартально'),
(337, 320, 147, '2023-07-10', 92000.00, 'Консультации по инвестициям', 12, 'Ежегодно'),
(338, 171, 107, '2023-08-16', 800000.00, 'Финансовый аудит', 6, 'Каждые полгода'),
(339, 258, 352, '2023-09-22', 290000.00, 'Мониторинг эффективности', 5, 'Ежеквартально'),
(340, 121, 345, '2023-10-29', 480000.00, 'Управление релокацией', 8, 'После завершения'),
(341, 274, 230, '2023-01-18', 595000.00, 'Долговое консультирование', 7, 'Ежегодно'),
(342, 295, 276, '2023-02-20', 130000.00, 'Рекламные кампании', 2, 'Ежеквартально'),
(343, 212, 334, '2023-03-08', 605000.00, 'Брендинговые консультации', 24, 'Ежемесячно'),
(344, 158, 263, '2023-04-02', 210000.00, 'Цифровой маркетинг', 6, 'После завершения'),
(345, 216, 322, '2023-05-11', 150000.00, 'Событийный менеджмент', 4, 'Ежегодно'),
(346, 118, 334, '2023-06-19', 770000.00, 'Управление репутацией', 11, 'Ежеквартально'),
(347, 381, 400, '2023-07-05', 320000.00, 'Автоматизация процессов', 9, 'Каждые полгода'),
(348, 259, 301, '2023-08-11', 940000.00, 'Агентские услуги', 19, 'После завершения'),
(349, 244, 268, '2023-09-20', 83000.00, 'Финансовое планирование', 12, 'Ежеквартально'),
(350, 254, 77, '2023-10-15', 670000.00, 'Экспертное мнение', 14, 'Ежемесячно'),
(351, 220, 162, '2023-01-25', 430000.00, 'Комплаенс услуги', 20, 'Ежегодно'),
(352, 246, 225, '2023-02-05', 250000.00, 'Корпоративные решения', 10, 'Ежеквартально'),
(353, 179, 256, '2023-03-14', 750000.00, 'Кадровый аудит', 3, 'Ежегодно'),
(354, 152, 119, '2023-04-12', 590000.00, 'Электронные услуги', 9, 'Ежеквартально'),
(355, 321, 358, '2023-05-30', 80000.00, 'Охрана труда', 24, 'После завершения'),
(356, 259, 29, '2023-06-28', 710000.00, 'Развитие бизнеса', 18, 'Ежегодно'),
(357, 158, 50, '2023-07-14', 220000.00, 'Поддержка пользовательских сервисов', 30, 'Ежеквартально'),
(358, 353, 287, '2023-08-29', 490000.00, 'Проектное финансирование', 13, 'Ежемесячно'),
(359, 297, 39, '2023-09-16', 160000.00, 'Торговые операции', 22, 'Ежеквартально'),
(360, 199, 363, '2023-10-03', 480000.00, 'Государственные закупки', 8, 'Ежегодно'),
(361, 251, 379, '2023-01-24', 950000.00, 'Связи с общественностью', 19, 'Ежеквартально'),
(362, 229, 259, '2023-02-28', 740000.00, 'Разработка стратегий', 5, 'После завершения'),
(363, 221, 79, '2023-03-05', 87000.00, 'Управление платформами', 7, 'Ежегодно'),
(364, 185, 54, '2023-04-30', 590000.00, 'Тренды и инновации', 17, 'Ежеквартально'),
(365, 306, 44, '2023-05-06', 660000.00, 'Предсказательная аналитика', 12, 'Ежегодно'),
(366, 120, 225, '2023-06-24', 230000.00, 'Системы безопасности', 16, 'Ежеквартально'),
(367, 140, 362, '2023-07-22', 560000.00, 'Техническое обслуживание', 14, 'После завершения'),
(368, 359, 152, '2023-08-09', 490000.00, 'Долгосрочное планирование', 34, 'Ежегодно'),
(369, 136, 28, '2023-09-30', 93000.00, 'Электронные закупки', 26, 'Каждые полгода'),
(370, 171, 72, '2023-10-21', 880000.00, 'Маркетинговые исследования', 18, 'Ежеквартально'),
(371, 193, 64, '2023-01-26', 470000.00, 'Открытие новых рынков', 28, 'Ежегодно'),
(372, 179, 127, '2023-02-12', 72000.00, 'Связи с инвесторами', 15, 'Ежеквартально'),
(373, 257, 268, '2023-03-06', 610000.00, 'Управление индивидуальностью', 37, 'Ежегодно'),
(374, 284, 346, '2023-04-22', 390000.00, 'Социальные медиа', 10, 'После завершения'),
(375, 259, 210, '2023-05-02', 300000.00, 'Мобильные объявления', 14, 'Ежеквартально'),
(376, 248, 201, '2023-06-26', 705000.00, 'Цифровая реклама', 6, 'Ежегодно'),
(377, 265, 87, '2023-07-15', 210000.00, 'Управление программой', 22, 'Ежеквартально'),
(378, 107, 360, '2023-08-25', 800000.00, 'Консультации по аренде', 12, 'После завершения'),
(379, 293, 181, '2023-09-13', 125000.00, 'Материальные поставки', 23, 'Ежегодно'),
(380, 387, 294, '2023-10-08', 670000.00, 'Консалтинг по эффективности', 9, 'Ежеквартально'),
(381, 373, 271, '2023-01-30', 630000.00, 'Разработка приложений', 18, 'Ежегодно'),
(382, 306, 139, '2023-02-24', 390000.00, 'ИТ стратегии', 16, 'Ежеквартально'),
(383, 393, 155, '2023-03-11', 610000.00, 'Консультации по ИТ', 7, 'После завершения'),
(384, 199, 237, '2023-04-26', 740000.00, 'Облако и виртуализация', 12, 'Ежеквартально'),
(385, 411, 62, '2023-05-16', 270000.00, 'Разработка программного обеспечения', 5, 'Ежемесячно'),
(386, 330, 35, '2023-06-14', 820000.00, 'Информационная безопасность', 15, 'Ежегодно'),
(387, 344, 219, '2023-07-09', 95000.00, 'Разработка KPI', 4, 'Ежеквартально'),
(388, 162, 240, '2023-08-19', 510000.00, 'Консультации по продажам', 11, 'После завершения'),
(389, 308, 119, '2023-09-09', 415000.00, 'Сеть и инфраструктура', 25, 'Ежегодно'),
(390, 375, 261, '2023-10-19', 365000.00, 'Услуги управления', 4, 'Каждые полгода'),
(391, 131, 203, '2023-01-10', 82000.00, 'Консультации по логистике', 20, 'Ежеквартально'),
(392, 341, 70, '2023-02-13', 450000.00, 'Системные обновления', 14, 'После завершения'),
(393, 323, 220, '2023-03-23', 330000.00, 'Кибербезопасность', 8, 'Ежеквартально'),
(394, 120, 72, '2023-04-25', 920000.00, 'Системная интеграция', 7, 'Ежегодно'),
(395, 241, 296, '2023-05-23', 68000.00, 'Бизнес-планирование', 9, 'Ежеквартально'),
(396, 262, 233, '2023-06-16', 58000.00, 'Связь и коммуникации', 30, 'Каждые полгода'),
(397, 128, 270, '2023-07-11', 770000.00, 'Консалтинг по управлению', 21, 'Ежеквартально'),
(398, 207, 374, '2023-08-01', 64000.00, 'Консультации по ИТ', 10, 'Ежегодно'),
(399, 336, 119, '2023-09-21', 490000.00, 'Цифровые операции', 26, 'Каждые полгода'),
(400, 269, 370, '2023-10-05', 760000.00, 'Цифровая трансформация', 17, 'Ежеквартально'),
(401, 116, 378, '2023-01-04', 115000.00, 'Консалтинг по стратегии', 12, 'Каждые полгода'),
(402, 149, 291, '2023-02-15', 85000.00, 'Бухгалтерская отчетность', 4, 'После завершения'),
(403, 164, 34, '2023-03-26', 920000.00, 'Инженерные решения', 18, 'Ежегодно'),
(404, 143, 147, '2023-04-13', 490000.00, 'Консультирование по экспорту', 7, 'Ежеквартально'),
(405, 176, 352, '2023-05-20', 540000.00, 'Интернет услуги', 30, 'Ежемесячно'),
(406, 263, 19, '2023-06-18', 135000.00, 'Управление проектами', 6, 'После завершения'),
(407, 319, 343, '2023-07-04', 675000.00, 'Экологический аудит', 14, 'Ежеквартально'),
(408, 203, 302, '2023-08-27', 270000.00, 'Мобильные приложения', 5, 'Ежегодно'),
(409, 403, 137, '2023-09-15', 310000.00, 'Консультирование по инвестициям', 22, 'Ежеквартально'),
(410, 372, 299, '2023-10-24', 75000.00, 'Бренды и маркетинг', 3, 'Ежегодно'),
(411, 341, 161, '2023-11-20', 850000.00, 'Оптовая торговля', 16, 'Ежемесячно'),
(412, 303, 62, '2023-12-18', 490000.00, 'Креативные услуги', 6, 'После завершения'),
(413, 361, 284, '2023-01-29', 87000.00, 'Консалтинг по логистике', 8, 'Ежеквартально'),
(414, 307, 335, '2023-02-08', 630000.00, 'Услуги по безопасности', 15, 'Ежегодно'),
(415, 323, 2, '2023-03-16', 320000.00, 'Образовательные программы', 12, 'Ежеквартально'),
(416, 353, 339, '2023-04-20', 150000.00, 'Технические услуги', 24, 'Каждые полгода'),
(417, 295, 216, '2023-05-28', 76000.00, 'Спортивные мероприятия', 10, 'После завершения'),
(418, 397, 293, '2023-06-17', 55000.00, 'Общественные проекты', 9, 'Ежемесячно'),
(419, 391, 154, '2023-07-03', 970000.00, 'Научные исследования', 36, 'Ежегодно'),
(420, 151, 370, '2023-08-05', 485000.00, 'Компьютерный консалтинг', 23, 'Ежеквартально'),
(421, 336, 4, '2023-09-17', 410000.00, 'Туристические предложения', 30, 'Ежеквартально'),
(422, 169, 169, '2023-10-12', 320000.00, 'Бизнес-инновации', 25, 'После завершения'),
(423, 246, 164, '2023-11-08', 520000.00, 'Телемаркетинг', 14, 'Ежеквартально'),
(424, 232, 372, '2023-12-01', 140000.00, 'Цифровая фотография', 18, 'Ежегодно'),
(425, 316, 313, '2023-01-31', 490000.00, 'Туристическая отрасль', 8, 'После завершения'),
(426, 187, 341, '2023-02-20', 92000.00, 'Биоразнообразие', 3, 'Ежемесячно'),
(427, 398, 329, '2023-03-01', 600000.00, 'Энергоменеджмент', 9, 'Ежегодно'),
(428, 127, 215, '2023-04-14', 315000.00, 'Автономная энергетика', 11, 'Ежеквартально'),
(429, 185, 97, '2023-05-09', 68000.00, 'Объекты инфраструктуры', 15, 'После завершения'),
(430, 184, 70, '2023-06-02', 890000.00, 'Управление ресурсами', 27, 'Ежеквартально'),
(431, 116, 146, '2023-07-16', 72000.00, 'Кино и телевидение', 5, 'Ежеквартально'),
(432, 384, 189, '2023-08-08', 750000.00, 'Консультации по маркетингу', 13, 'Ежемесячно'),
(433, 168, 129, '2023-09-03', 330000.00, 'Управление связями', 7, 'Ежегодно'),
(434, 352, 146, '2023-10-10', 88000.00, 'Медиа планирование', 2, 'После завершения'),
(435, 245, 75, '2023-11-02', 545000.00, 'Строительные технологии', 11, 'Каждые полгода'),
(436, 243, 378, '2023-12-11', 210000.00, 'Архитектурное проектирование', 18, 'Ежеквартально'),
(437, 387, 274, '2023-01-14', 79000.00, 'Арт и дизайн', 6, 'После завершения'),
(438, 343, 28, '2023-02-21', 640000.00, 'Консультации по PR', 20, 'Ежеквартально'),
(439, 186, 255, '2023-03-25', 370000.00, 'Дизайнерские решения', 14, 'Ежегодно'),
(440, 389, 82, '2023-04-04', 125000.00, 'Юридические консультации', 12, 'Ежемесячно'),
(441, 155, 69, '2023-05-29', 500000.00, 'Энергосбережение', 22, 'Ежеквартально'),
(442, 174, 343, '2023-06-12', 270000.00, 'Менеджмент качества', 9, 'После завершения'),
(443, 355, 328, '2023-07-28', 199000.00, 'Проектирование интерфейсов', 19, 'Ежеквартально'),
(444, 215, 8, '2023-08-17', 280000.00, 'Выставки и конференции', 21, 'Ежегодно'),
(445, 268, 93, '2023-09-28', 420000.00, 'Экологические исследования', 18, 'Ежемесячно'),
(446, 371, 317, '2023-10-09', 98000.00, 'Бизнес-анализ', 8, 'После завершения'),
(447, 317, 148, '2023-11-19', 67000.00, 'Компании развития', 16, 'Ежеквартально'),
(448, 144, 374, '2023-12-26', 630000.00, 'Инвестиционные проекты', 13, 'Ежегодно'),
(449, 212, 26, '2023-01-02', 285000.00, 'Геоинформационные системы', 5, 'Ежеквартально'),
(450, 296, 228, '2023-02-11', 930000.00, 'Контакт-центры', 26, 'Ежемесячно'),
(451, 298, 21, '2023-03-30', 765000.00, 'Планирование и управление', 4, 'После завершения'),
(452, 319, 222, '2023-04-21', 150000.00, 'Отраслевые исследования', 24, 'Каждые полгода'),
(453, 201, 211, '2023-05-08', 660000.00, 'Административные услуги', 17, 'Ежеквартально'),
(454, 338, 365, '2023-06-27', 375000.00, 'Маркетинговая поддержка', 7, 'Ежегодно'),
(455, 293, 76, '2023-07-27', 54000.00, 'Выставочные технологии', 3, 'Ежеквартально'),
(456, 361, 210, '2023-08-12', 67000.00, 'Коучинг', 8, 'Ежемесячно'),
(457, 137, 50, '2023-09-24', 970000.00, 'Цифровые инновации', 20, 'После завершения'),
(458, 135, 198, '2023-10-04', 740000.00, 'Реставрация', 10, 'Ежегодно'),
(459, 184, 45, '2023-11-10', 195000.00, 'Анализ рисков', 6, 'Ежеквартально'),
(460, 288, 61, '2023-12-07', 320000.00, 'Технические инновации', 15, 'Ежегодно'),
(461, 199, 222, '2023-01-21', 570000.00, 'Планирование бизнеса', 18, 'Ежеквартально'),
(462, 155, 398, '2023-02-02', 625000.00, 'Культурные проекты', 22, 'Ежегодно'),
(463, 157, 232, '2023-03-12', 180000.00, 'Энергетическое обновление', 11, 'Ежеквартально'),
(464, 368, 360, '2023-04-16', 710000.00, 'Аналитика и исследования', 12, 'После завершения'),
(465, 170, 215, '2023-05-07', 380000.00, 'Логистика и транспорт', 16, 'Ежемесячно'),
(466, 365, 285, '2023-06-10', 445000.00, 'Социальная работа', 14, 'Ежегодно'),
(467, 147, 10, '2023-07-24', 81000.00, 'Экологический мониторинг', 17, 'Ежеквартально'),
(468, 172, 338, '2023-08-04', 940000.00, 'Финансовое контро', 23, 'Ежемесячно'),
(469, 206, 116, '2023-09-08', 440000.00, 'Управление данными', 11, 'После завершения'),
(470, 384, 142, '2023-10-22', 145000.00, 'Цифровое планирование', 13, 'Ежеквартально'),
(471, 291, 49, '2023-11-26', 59000.00, 'Инжиниринг', 10, 'Ежегодно'),
(472, 311, 267, '2023-12-03', 200000.00, 'Телекоммуникационная интеграция', 29, 'Каждые полгода'),
(473, 281, 278, '2023-01-13', 360000.00, 'Самостоятельная розробок', 21, 'Ежемесячно'),
(474, 126, 73, '2023-02-26', 460000.00, 'Маркетинговое исследование', 18, 'Ежегодно'),
(475, 183, 80, '2023-03-28', 275000.00, 'Услуги дистрибуции', 3, 'Ежеквартально'),
(476, 157, 384, '2023-04-01', 85000.00, 'Автоматизация настроек', 19, 'Ежемесячно'),
(477, 251, 321, '2023-05-12', 510000.00, 'Оценка хранилищ', 22, 'Ежегодно'),
(478, 340, 238, '2023-06-20', 310000.00, 'Адаптация контента', 5, 'После завершения'),
(479, 383, 39, '2023-07-17', 61000.00, 'Обслуживание приложений', 7, 'Ежемесячно'),
(480, 337, 391, '2023-08-31', 980000.00, 'Генерация идей', 16, 'Ежеквартально'),
(481, 278, 355, '2023-09-02', 73000.00, 'Дизайнерские концепции', 6, 'Каждые полгода'),
(482, 265, 333, '2023-10-28', 690000.00, 'Электронное обучение', 17, 'Ежеквартально'),
(483, 388, 5, '2023-11-30', 83000.00, 'Автоматизация данных', 30, 'После завершения'),
(484, 262, 338, '2023-12-15', 590000.00, 'Стратегическое консультирование', 20, 'Ежемесячно'),
(485, 344, 119, '2023-01-22', 810000.00, 'Облачные архитектуры', 4, 'Ежегодно'),
(486, 261, 26, '2023-02-19', 470000.00, 'Обучение ИТ', 18, 'После завершения'),
(487, 225, 367, '2023-03-22', 63000.00, 'Цифровая платформа', 5, 'Ежемесячно'),
(488, 249, 279, '2023-04-24', 530000.00, 'Управление ресурсами', 11, 'Ежегодно'),
(489, 192, 378, '2023-05-25', 380000.00, 'Консультирование по экологии', 13, 'Ежеквартально'),
(490, 214, 256, '2023-06-07', 89000.00, 'Оперативное планирование', 28, 'Ежемесячно'),
(491, 331, 351, '2023-07-08', 110000.00, 'Поддержка пользователей и сервисов', 22, 'Ежегодно'),
(492, 168, 288, '2023-08-20', 220000.00, 'Полный комплекс услуг', 12, 'После завершения'),
(493, 122, 96, '2023-09-25', 460000.00, 'Менеджмент преобразования', 9, 'Ежеквартально'),
(494, 324, 136, '2023-10-20', 720000.00, 'Энергетическая безопасность', 6, 'После завершения'),
(495, 251, 307, '2023-11-28', 350000.00, 'Антимонопольное регулирование', 3, 'Ежегодно'),
(496, 359, 315, '2023-12-09', 560000.00, 'Маркетинг влияния', 15, 'Ежеквартально'),
(497, 158, 197, '2023-01-06', 705000.00, 'Анализ цепи поставок', 32, 'Ежемесячно'),
(498, 376, 20, '2023-02-23', 69000.00, 'Финансовое администрирование', 8, 'Ежегодно'),
(499, 258, 157, '2023-03-21', 760000.00, 'Финансовая аналитика', 24, 'После завершения'),
(500, 223, 211, '2023-04-23', 210000.00, 'Закупочная деятельность', 17, 'Ежемесячно'),
(501, 389, 321, '2023-01-07', 620000.00, 'Техническая интеграция', 11, 'Ежеквартально'),
(502, 242, 34, '2023-02-03', 345000.00, 'Энергетическое планирование', 18, 'Ежегодно'),
(503, 378, 207, '2023-03-15', 250000.00, 'Дизайн и архитектура', 12, 'После завершения'),
(504, 361, 393, '2023-04-09', 840000.00, 'Образовательные инициативы', 24, 'Ежеквартально'),
(505, 260, 356, '2023-05-03', 295000.00, 'Индустриальные проекты', 30, 'Ежемесячно'),
(506, 388, 134, '2023-06-11', 100000.00, 'Электронные платежи', 6, 'Ежеквартально'),
(507, 401, 364, '2023-07-07', 320000.00, 'Продвижение брэндов', 22, 'Ежегодно'),
(508, 383, 39, '2023-08-06', 470000.00, 'Картографические услуги', 14, 'После завершения'),
(509, 411, 287, '2023-09-29', 75000.00, 'Психологические услуги', 13, 'Ежеквартально'),
(510, 346, 244, '2023-10-14', 530000.00, 'Управление проектом', 11, 'Ежегодно'),
(511, 191, 113, '2023-11-04', 160000.00, 'Услуги венчурного капитала', 9, 'Ежемесячно'),
(512, 384, 341, '2023-12-13', 450000.00, 'Анализ рисков', 21, 'Ежеквартально'),
(513, 392, 184, '2023-01-09', 59000.00, 'Услуги психолога', 8, 'Ежегодно'),
(514, 164, 247, '2023-02-04', 670000.00, 'Консультации по юриспруденции', 7, 'После завершения'),
(515, 102, 338, '2023-03-09', 710000.00, 'Разработка программ', 5, 'Ежеквартально'),
(516, 259, 84, '2023-04-28', 940000.00, 'Производственные системы', 27, 'Ежегодно'),
(517, 107, 119, '2023-05-05', 225000.00, 'Экономическая разведка', 19, 'Ежемесячно'),
(518, 328, 126, '2023-06-13', 380000.00, 'Современные технологии', 18, 'Ежеквартально'),
(519, 384, 97, '2023-07-29', 110000.00, 'Финансовые решения', 10, 'Ежегодно'),
(520, 325, 69, '2023-08-02', 485000.00, 'Информационные услуги', 16, 'После завершения'),
(521, 184, 11, '2023-09-18', 320000.00, 'Публичные события', 12, 'Ежеквартально'),
(522, 224, 264, '2023-10-01', 750000.00, 'Техническая поддержка', 20, 'Ежегодно'),
(523, 117, 156, '2023-11-25', 99000.00, 'Косметические продукты', 4, 'Ежемесячно'),
(524, 130, 25, '2023-12-04', 820000.00, 'Сельскохозяйственные проекты', 5, 'После завершения'),
(525, 269, 7, '2023-01-27', 660000.00, 'Туристическое консультирование', 18, 'Ежеквартально'),
(526, 223, 186, '2023-02-17', 375000.00, 'Ответственное лидерство', 9, 'Ежегодно'),
(527, 353, 359, '2023-03-20', 690000.00, 'Креативная реклама', 3, 'Ежеквартально'),
(528, 386, 299, '2023-04-27', 310000.00, 'Конференции и симпозиумы', 15, 'После завершения'),
(529, 329, 212, '2023-05-24', 250000.00, 'Проектные группы', 22, 'Ежемесячно'),
(530, 168, 93, '2023-06-22', 900000.00, 'Имущественные сделки', 7, 'Ежеквартально'),
(531, 169, 167, '2023-07-31', 270000.00, 'Программные системы', 21, 'Ежегодно'),
(532, 109, 335, '2023-08-24', 300000.00, 'Управление контрактами', 29, 'После завершения'),
(533, 239, 54, '2023-09-10', 465000.00, 'Транснациональные проекты', 11, 'Ежеквартально'),
(534, 232, 224, '2023-10-13', 80000.00, 'Научно-исследовательские проекты', 14, 'Ежегодно'),
(535, 297, 286, '2023-11-14', 500000.00, 'Глобальные инициативы', 24, 'Ежемесячно'),
(536, 137, 348, '2023-12-28', 71000.00, 'Социальные программы', 8, 'После завершения'),
(537, 202, 89, '2023-01-11', 250000.00, 'Закупка оборудования', 6, 'Ежеквартально'),
(538, 128, 130, '2023-02-22', 92000.00, 'Творческая разработка', 10, 'Ежегодно'),
(539, 138, 208, '2023-03-05', 820000.00, 'Центры компетенции', 12, 'Ежеквартально'),
(540, 349, 293, '2023-04-23', 195000.00, 'Исследование услуг', 30, 'После завершения'),
(541, 263, 5, '2023-05-21', 345000.00, 'Банковские технологии', 21, 'Ежегодно'),
(542, 212, 326, '2023-06-08', 88000.00, 'Обслуживание сетей', 17, 'Ежеквартально'),
(543, 218, 39, '2023-07-06', 63000.00, 'Аудит сетевых услуг', 25, 'После завершения'),
(544, 219, 186, '2023-08-26', 590000.00, 'Координация взаимодействия', 19, 'Ежегодно'),
(545, 278, 180, '2023-09-25', 420000.00, 'Управление связями', 13, 'Ежеквартально'),
(546, 266, 258, '2023-10-23', 97000.00, 'Инфраструктурные проекты', 23, 'После завершения'),
(547, 226, 345, '2023-11-09', 70000.00, 'Контроль выполнения', 16, 'Ежегодно'),
(548, 341, 208, '2023-12-06', 520000.00, 'Коммуникации', 22, 'Каждые полгода'),
(549, 404, 40, '2023-01-08', 390000.00, 'Издательские услуги', 8, 'Ежеквартально'),
(550, 244, 294, '2023-02-16', 450000.00, 'Патентные услуги', 6, 'После завершения'),
(551, 291, 302, '2023-03-10', 115000.00, 'Тендерное консультирование', 9, 'Ежеквартально'),
(552, 277, 90, '2023-04-29', 275000.00, 'Отраслевые стандарты', 12, 'После завершения'),
(553, 354, 99, '2023-05-18', 850000.00, 'Кадровая работа', 18, 'Ежегодно'),
(554, 399, 318, '2023-06-15', 730000.00, 'Лицензирование услуг', 5, 'Ежеквартально'),
(555, 321, 200, '2023-07-13', 490000.00, 'Анализ рынка', 13, 'Ежегодно'),
(556, 144, 7, '2023-08-23', 310000.00, 'Стратегическое консультирование', 31, 'Ежемесячно'),
(557, 351, 346, '2023-09-22', 770000.00, 'Научные экспертизы', 11, 'Ежеквартально'),
(558, 288, 47, '2023-10-30', 150000.00, 'Брендинговые исследования', 14, 'Ежегодно'),
(559, 102, 394, '2023-11-18', 295000.00, 'Социальная ответственность', 10, 'Ежеквартально'),
(560, 118, 27, '2023-12-16', 375000.00, 'Управление культурой', 19, 'После завершения'),
(561, 354, 353, '2023-01-19', 680000.00, 'Управленческие инициативы', 20, 'Ежегодно'),
(562, 273, 240, '2023-02-10', 85000.00, 'Финансовое структурирование', 7, 'Ежеквартально'),
(563, 245, 239, '2023-03-14', 640000.00, 'Дистрибуция продуктов', 21, 'Ежегодно'),
(564, 116, 147, '2023-04-08', 420000.00, 'Производственная кооперация', 13, 'Ежеквартально'),
(565, 261, 381, '2023-05-30', 105000.00, 'Аналитика данных', 10, 'После завершения'),
(566, 219, 232, '2023-06-04', 215000.00, 'Геологическая разведка', 22, 'Ежеквартально'),
(567, 208, 359, '2023-07-20', 775000.00, 'Социальная активность', 30, 'Ежемесячно'),
(568, 267, 371, '2023-08-29', 120000.00, 'Связь с партнерами', 6, 'Ежегодно'),
(569, 307, 115, '2023-09-11', 590000.00, 'Креативные инициативы', 15, 'Ежемесячно'),
(570, 115, 276, '2023-10-26', 540000.00, 'Планы устойчивого развития', 29, 'После завершения'),
(571, 210, 165, '2023-11-15', 495000.00, 'Академическая поддержка', 17, 'Ежеквартально'),
(572, 148, 38, '2023-12-10', 345000.00, 'Инновационные программы', 30, 'Ежегодно'),
(573, 292, 42, '2023-01-20', 265000.00, 'Цифровые исследования', 23, 'Каждые полгода'),
(574, 237, 105, '2023-02-13', 81000.00, 'Компетенции', 8, 'Ежеквартально'),
(575, 398, 344, '2023-03-29', 490000.00, 'Учебные проекты', 14, 'После завершения'),
(576, 270, 383, '2023-04-15', 92000.00, 'Сообщественные инициативы', 31, 'Ежеквартально'),
(577, 396, 327, '2023-05-31', 415000.00, 'Экологические инновации', 12, 'Ежегодно'),
(578, 193, 222, '2023-06-05', 540000.00, 'Управление цепями поставок', 18, 'Ежеквартально'),
(579, 211, 332, '2023-07-26', 480000.00, 'Маркетинговые отношения', 26, 'Ежегодно'),
(580, 194, 34, '2023-08-30', 93000.00, 'Курсы повышения квалификации', 28, 'После завершения'),
(581, 274, 170, '2023-09-01', 700000.00, 'Энергетическая сохранность', 9, 'Ежемесячно'),
(582, 266, 54, '2023-10-27', 560000.00, 'Операционные анализы', 24, 'Ежеквартально'),
(583, 260, 11, '2023-11-22', 330000.00, 'Научные проекты', 5, 'Ежегодно'),
(584, 407, 30, '2023-12-06', 350000.00, 'Сервисное обслуживание', 11, 'После завершения'),
(585, 303, 110, '2023-01-17', 41000.00, 'Юридические консультации', 7, 'Ежеквартально'),
(586, 259, 332, '2023-02-14', 515000.00, 'Управление рисками', 25, 'Ежегодно'),
(587, 211, 284, '2023-03-07', 250000.00, 'Услуги аутсорсинга', 14, 'Ежеквартально'),
(588, 202, 51, '2023-04-25', 920000.00, 'Внутрифирменное развитие', 30, 'Ежегодно'),
(589, 226, 80, '2023-05-30', 650000.00, 'Компьютерные технологии', 20, 'Ежеквартально'),
(590, 212, 152, '2023-06-19', 80000.00, 'Современные технологии', 17, 'Ежегодно'),
(591, 393, 325, '2023-07-21', 99000.00, 'Управление информацией', 9, 'После завершения'),
(592, 217, 70, '2023-08-15', 130000.00, 'Психологическая поддержка', 13, 'Ежеквартально'),
(593, 113, 342, '2023-09-27', 65000.00, 'Бизнес обучение', 29, 'Ежегодно'),
(594, 354, 390, '2023-10-31', 495000.00, 'Проектное планирование', 19, 'Ежеквартально'),
(595, 281, 141, '2023-11-11', 370000.00, 'Цифровая безопасность', 13, 'Ежегодно'),
(596, 374, 373, '2023-12-09', 105000.00, 'Обслуживание ИТ систем', 6, 'Ежеквартально'),
(597, 202, 207, '2023-01-14', 280000.00, 'Менеджмент изменений', 8, 'После завершения'),
(598, 142, 64, '2023-02-18', 56000.00, 'Тренировочные курсы', 16, 'Ежеквартально'),
(599, 225, 393, '2023-03-26', 150000.00, 'Управление знаниями', 22, 'Ежемесячно'),
(600, 321, 300, '2023-04-05', 71000.00, 'Анализ и прогнозы', 23, 'Ежеквартально');


INSERT INTO Employees (EmployeeID, FirstName, LastName, Position, HireDate, Salary, DepartmentID, Email, PhoneNumber) VALUES 
(101, 'Алексей', 'Иванов', 'Архитектор', '2015-03-12', 75000.50, 385, 'alexei.ivanov@company.ru', '+79210000001'),
(102, 'Мария', 'Петрова', 'Дизайнер', '2016-07-19', 60000.00, 333, 'maria.petrova@company.ru', '+79210000002'),
(103, 'Игорь', 'Смирнов', 'Проектировщик', '2014-05-22', 71000.75, 406, 'igor.smirnov@company.ru', '+79210000003'),
(104, 'Екатерина', 'Кузнецова', 'Инженер', '2012-11-05', 80000.00, 255, 'ekaterina.kuznetsova@company.ru', '+79210000004'),
(105, 'Дмитрий', 'Соколов', 'Конструктор', '2018-09-14', 67000.25, 464, 'dmitry.sokolov@company.ru', '+79210000005'),
(106, 'Елена', 'Попова', 'Менеджер', '2019-01-23', 55000.00, 112, 'elena.popova@company.ru', '+79210000006'),
(107, 'Сергей', 'Лебедев', 'Техник', '2017-12-13', 64000.50, 333, 'sergey.lebedev@company.ru', '+79210000007'),
(108, 'Анна', 'Козлова', 'Бухгалтер', '2015-04-10', 59000.00, 382, 'anna.kozlova@company.ru', '+79210000008'),
(109, 'Владимир', 'Новиков', 'Планировщик', '2020-08-21', 73000.30, 277, 'vladimir.novikov@company.ru', '+79210000009'),
(110, 'Наталья', 'Морозова', 'Специалист', '2013-06-17', 80000.60, 170, 'natalia.morozova@company.ru', '+79210000010'),
(111, 'Максим', 'Павлов', 'Сметчик', '2011-03-25', 72000.40, 459, 'maxim.pavlov@company.ru', '+79210000011'),
(112, 'Ирина', 'Семенова', 'Координатор', '2010-05-30', 55000.30, 293, 'irina.semenova@company.ru', '+79210000012'),
(113, 'Андрей', 'Голубев', 'Инженер', '2018-02-14', 77000.20, 143, 'andrey.golubev@company.ru', '+79210000013'),
(114, 'Алла', 'Михайлова', 'Дизайнер', '2019-06-19', 60000.80, 260, 'alla.mikhailova@company.ru', '+79210000014'),
(115, 'Борис', 'Трошин', 'Проектировщик', '2014-09-15', 71000.90, 355, 'boris.troshin@company.ru', '+79210000015'),
(116, 'Вероника', 'Никифорова', 'Инженер', '2017-11-04', 80500.00, 300, 'veronika.nikiforova@company.ru', '+79210000016'),
(117, 'Юрий', 'Федоров', 'Конструктор', '2012-12-10', 67500.25, 224, 'yuri.fedorov@company.ru', '+79210000017'),
(118, 'Надежда', 'Орлова', 'Менеджер', '2016-02-21', 55500.00, 300, 'nadezhda.orlova@company.ru', '+79210000018'),
(119, 'Роман', 'Зайцев', 'Техник', '2015-03-03', 64500.50, 156, 'roman.zaicev@company.ru', '+79210000019'),
(120, 'Ольга', 'Белоусова', 'Бухгалтер', '2013-07-09', 59500.00, 196, 'olga.belousova@company.ru', '+79210000020'),
(121, 'Василий', 'Климов', 'Планировщик', '2017-08-23', 73500.30, 265, 'vasily.klimov@company.ru', '+79210000021'),
(122, 'Наталия', 'Астафьева', 'Специалист', '2011-04-13', 81000.60, 290, 'natalia.astafeva@company.ru', '+79210000022'),
(123, 'Александр', 'Кузьмин', 'Сметчик', '2010-01-19', 72500.40, 164, 'alexander.kuzmin@company.ru', '+79210000023'),
(124, 'Антонина', 'Панфилова', 'Координатор', '2019-03-28', 55500.30, 356, 'antonina.panfilova@company.ru', '+79210000024'),
(125, 'Виктор', 'Филатов', 'Инженер', '2014-02-15', 77500.20, 211, 'victor.filatov@company.ru', '+79210000025'),
(126, 'Дарья', 'Крылова', 'Дизайнер', '2018-07-25', 61000.80, 105, 'daria.krylova@company.ru', '+79210000026'),
(127, 'Константин', 'Панов', 'Проектировщик', '2012-10-08', 72000.90, 134, 'konstantin.panov@company.ru', '+79210000027'),
(128, 'Галина', 'Гордеева', 'Инженер', '2016-11-01', 81000.00, 497, 'galina.gordeeva@company.ru', '+79210000028'),
(129, 'Виталий', 'Фролов', 'Конструктор', '2011-12-21', 68000.25, 166, 'vitaliy.frolov@company.ru', '+79210000029'),
(130, 'Татьяна', 'Ивашкина', 'Менеджер', '2015-02-08', 56000.00, 485, 'tatiana.ivashkina@company.ru', '+79210000030'),
(131, 'Леонид', 'Коротков', 'Техник', '2017-05-19', 65000.50, 184, 'leonid.korotkov@company.ru', '+79210000031'),
(132, 'Жанна', 'Шестакова', 'Бухгалтер', '2019-09-30', 60500.00, 328, 'zhanna.shestakova@company.ru', '+79210000032'),
(133, 'Николай', 'Романов', 'Планировщик', '2020-06-11', 74500.30, 437, 'nikolay.romanov@company.ru', '+79210000033'),
(134, 'Светлана', 'Щукина', 'Специалист', '2013-08-17', 82000.60, 383, 'svetlana.shukina@company.ru', '+79210000034'),
(135, 'Владислав', 'Горюнов', 'Сметчик', '2014-01-15', 73500.40, 384, 'vladislav.goryunov@company.ru', '+79210000035'),
(136, 'Евгения', 'Чумакова', 'Координатор', '2019-02-27', 56500.30, 448, 'evgenia.chumakova@company.ru', '+79210000036'),
(137, 'Аркадий', 'Зуев', 'Инженер', '2018-04-12', 78500.20, 368, 'arkadiy.zuev@company.ru', '+79210000037'),
(138, 'Нина', 'Крючкова', 'Дизайнер', '2017-10-18', 62000.80, 197, 'nina.kryuchkova@company.ru', '+79210000038'),
(139, 'Вячеслав', 'Широков', 'Проектировщик', '2016-07-23', 73000.90, 255, 'vyacheslav.shirokov@company.ru', '+79210000039'),
(140, 'Лилия', 'Терентьева', 'Инженер', '2013-11-28', 81500.00, 317, 'lilia.terentyeva@company.ru', '+79210000040'),
(141, 'Кирилл', 'Князев', 'Конструктор', '2015-12-16', 68500.25, 282, 'kirill.knyazev@company.ru', '+79210000041'),
(142, 'Евдокия', 'Ермакова', 'Менеджер', '2011-02-05', 57000.00, 299, 'evdokia.ermakova@company.ru', '+79210000042'),
(143, 'Григорий', 'Буров', 'Техник', '2019-05-29', 66000.50, 283, 'grigory.burov@company.ru', '+79210000043'),
(144, 'Алина', 'Жукова', 'Бухгалтер', '2014-09-30', 61500.00, 338, 'alina.zhukova@company.ru', '+79210000044'),
(145, 'Денис', 'Селезнев', 'Планировщик', '2017-06-20', 75500.30, 249, 'denis.seleznev@company.ru', '+79210000045'),
(146, 'Инна', 'Фомина', 'Специалист', '2012-08-13', 83000.60, 407, 'ina.fomina@company.ru', '+79210000046'),
(147, 'Павел', 'Катышев', 'Сметчик', '2016-01-15', 74500.40, 462, 'pavel.katyshev@company.ru', '+79210000047'),
(148, 'Римма', 'Кулагина', 'Координатор', '2018-02-22', 57500.30, 104, 'rimma.kulagina@company.ru', '+79210000048'),
(149, 'Ярослав', 'Кушнарёв', 'Инженер', '2017-03-14', 79500.20, 451, 'yaroslav.kushnarev@company.ru', '+79210000049'),
(150, 'Ксения', 'Якушова', 'Дизайнер', '2019-07-29', 63000.80, 248, 'ksenia.yakushova@company.ru', '+79210000050'),
(151, 'Фёдор', 'Рубцов', 'Проектировщик', '2012-11-11', 74000.90, 219, 'fedor.rubtsov@company.ru', '+79210000051'),
(152, 'Юлия', 'Шарова', 'Инженер', '2013-12-19', 82000.00, 307, 'yulia.sharova@company.ru', '+79210000052'),
(153, 'Филипп', 'Маркелов', 'Конструктор', '2015-01-29', 69500.25, 180, 'philipp.markelov@company.ru', '+79210000053'),
(154, 'Дина', 'Игнатьева', 'Менеджер', '2010-03-18', 58000.00, 291, 'dina.ignatieva@company.ru', '+79210000054'),
(155, 'Эдуард', 'Тюрин', 'Техник', '2016-04-20', 67000.50, 480, 'eduard.tyurin@company.ru', '+79210000055'),
(156, 'Агата', 'Каширина', 'Бухгалтер', '2013-09-10', 62500.00, 119, 'agata.kashirina@company.ru', '+79210000056'),
(157, 'Юрий', 'Рачков', 'Планировщик', '2014-05-01', 76500.30, 434, 'yuri.rachkov@company.ru', '+79210000057'),
(158, 'Оксана', 'Задорнова', 'Специалист', '2011-10-25', 84000.60, 486, 'oksana.zadornova@company.ru', '+79210000058'),
(159, 'Антон', 'Устинов', 'Сметчик', '2012-07-16', 75500.40, 425, 'anton.ustinov@company.ru', '+79210000059'),
(160, 'Вероника', 'Нагиевская', 'Координатор', '2019-12-01', 58500.30, 363, 'veronika.nagievskaya@company.ru', '+79210000060'),
(161, 'Станислав', 'Дроздов', 'Инженер', '2015-02-27', 80500.20, 451, 'stanislav.drozdov@company.ru', '+79210000061'),
(162, 'Алиса', 'Нефёдова', 'Дизайнер', '2018-03-30', 64000.80, 157, 'alicia.nefydova@company.ru', '+79210000062'),
(163, 'Дамир', 'Веснин', 'Проектировщик', '2012-04-15', 75000.90, 203, 'damir.vesnin@company.ru', '+79210000063'),
(164, 'Аделина', 'Быстрова', 'Инженер', '2017-06-23', 82500.00, 186, 'adelina.bystrova@company.ru', '+79210000064'),
(165, 'Никита', 'Баринов', 'Конструктор', '2016-09-09', 70500.25, 144, 'nikita.barinov@company.ru', '+79210000065'),
(166, 'Анфиса', 'Филиппова', 'Менеджер', '2013-11-29', 59000.00, 244, 'anfisa.filippova@company.ru', '+79210000066'),
(167, 'Альберт', 'Громов', 'Техник', '2014-01-18', 68000.50, 469, 'albert.gromov@company.ru', '+79210000067'),
(168, 'Тамара', 'Кратова', 'Бухгалтер', '2010-05-12', 63500.00, 268, 'tamara.kratova@company.ru', '+79210000068'),
(169, 'Виталий', 'Терешин', 'Планировщик', '2011-08-25', 77500.30, 154, 'vitaliy.tereskin@company.ru', '+79210000069'),
(170, 'Милена', 'Кабанова', 'Специалист', '2015-07-19', 85000.60, 226, 'milena.kabanova@company.ru', '+79210000070'),
(171, 'Валентин', 'Ромашин', 'Сметчик', '2018-02-10', 76500.40, 453, 'valentin.romashin@company.ru', '+79210000071'),
(172, 'Лиза', 'Замятина', 'Координатор', '2012-03-16', 59500.30, 321, 'liza.zamyatina@company.ru', '+79210000072'),
(173, 'Тимофей', 'Цветков', 'Инженер', '2019-09-27', 81500.20, 332, 'timofey.tsvetkov@company.ru', '+79210000073'),
(174, 'Валерия', 'Аверьянова', 'Дизайнер', '2016-07-07', 65000.80, 378, 'valeria.averyanova@company.ru', '+79210000074'),
(175, 'Ростислав', 'Головин', 'Проектировщик', '2017-10-19', 76000.90, 358, 'rostislav.golovin@company.ru', '+79210000075'),
(176, 'Елизавета', 'Агафонова', 'Инженер', '2013-01-08', 83000.00, 450, 'elizabeth.agafonova@company.ru', '+79210000076'),
(177, 'Семен', 'Любимов', 'Конструктор', '2012-07-19', 71500.25, 168, 'semen.liubimov@company.ru', '+79210000077'),
(178, 'Алиса', 'Тетерина', 'Менеджер', '2014-12-29', 60000.00, 425, 'alisa.teterina@company.ru', '+79210000078'),
(179, 'Елисей', 'Суриков', 'Техник', '2018-02-17', 69000.50, 189, 'elisey.surikov@company.ru', '+79210000079'),
(180, 'Олеся', 'Грязнова', 'Бухгалтер', '2013-08-05', 64500.00, 476, 'olesya.griaznova@company.ru', '+79210000080'),
(181, 'Арсений', 'Верещагин', 'Планировщик', '2019-05-02', 78500.30, 239, 'arseniy.vereshchagin@company.ru', '+79210000081'),
(182, 'Мадина', 'Шакурова', 'Специалист', '2012-03-24', 86000.60, 471, 'madina.shakurova@company.ru', '+79210000082'),
(183, 'Даниил', 'Константинов', 'Сметчик', '2014-10-12', 77500.40, 175, 'danil.konstantinov@company.ru', '+79210000083'),
(184, 'Алла', 'Чижова', 'Координатор', '2011-01-30', 60500.30, 148, 'alla.chizova@company.ru', '+79210000084'),
(185, 'Евгений', 'Крутолев', 'Инженер', '2016-03-27', 82500.20, 277, 'evgeniy.krutolev@company.ru', '+79210000085'),
(186, 'Диана', 'Тюлева', 'Дизайнер', '2010-11-16', 66000.80, 422, 'diana.tyuleva@company.ru', '+79210000086'),
(187, 'Олег', 'Федотов', 'Проектировщик', '2013-06-11', 77000.90, 293, 'oleg.fedotov@company.ru', '+79210000087'),
(188, 'Кира', 'Антипова', 'Инженер', '2017-09-14', 83500.00, 416, 'kira.antipova@company.ru', '+79210000088'),
(189, 'Илья', 'Герасимов', 'Конструктор', '2018-04-08', 72500.25, 254, 'ilya.gerasimov@company.ru', '+79210000089'),
(190, 'Юлия', 'Сотникова', 'Менеджер', '2012-07-31', 61000.00, 417, 'yulia.sotnikova@company.ru', '+79210000090'),
(191, 'Глеб', 'Озерников', 'Техник', '2014-11-19', 70000.50, 495, 'gleb.ozernikov@company.ru', '+79210000091'),
(192, 'Кристина', 'Мальцева', 'Бухгалтер', '2010-05-25', 65500.00, 336, 'kristina.maltseva@company.ru', '+79210000092'),
(193, 'Руслан', 'Куликов', 'Планировщик', '2019-06-09', 79500.30, 204, 'ruslan.kulikov@company.ru', '+79210000093'),
(194, 'Элеонора', 'Юматова', 'Специалист', '2015-10-04', 87000.60, 337, 'eleonora.yumatova@company.ru', '+79210000094'),
(195, 'Кирилл', 'Царёв', 'Сметчик', '2013-12-22', 78500.40, 168, 'kirill.tsarev@company.ru', '+79210000095'),
(196, 'Элина', 'Аникина', 'Координатор', '2011-02-10', 61500.30, 253, 'elina.anikina@company.ru', '+79210000096'),
(197, 'Леонид', 'Ёршов', 'Инженер', '2017-04-24', 83500.20, 209, 'leonid.ershov@company.ru', '+79210000097'),
(198, 'Арина', 'Шабанова', 'Дизайнер', '2018-03-14', 67000.80, 417, 'arina.shabanova@company.ru', '+79210000098'),
(199, 'Макар', 'Головачёв', 'Проектировщик', '2016-08-07', 78000.90, 128, 'makar.golovachev@company.ru', '+79210000099'),
(200, 'Артемий', 'Басаргин', 'Специалист', '2019-05-10', 87500.00, 228, 'artemiy.basargin@company.ru', '+79210000100'),
(201, 'Ольга', 'Соловьева', 'Архитектор', '2015-09-12', 76500.50, 200, 'olga.solovieva@company.ru', '+79210000101'),
(202, 'Петр', 'Ильин', 'Дизайнер', '2018-07-19', 61000.00, 470, 'petr.ilin@company.ru', '+79210000102'),
(203, 'Антон', 'Козловский', 'Проектировщик', '2014-11-23', 72000.75, 488, 'anton.kozlovsky@company.ru', '+79210000103'),
(204, 'Анастасия', 'Гусева', 'Инженер', '2015-10-05', 81000.00, 314, 'anastasia.guseva@company.ru', '+79210000104'),
(205, 'Лидия', 'Тарасова', 'Конструктор', '2015-03-14', 68500.25, 320, 'lidija.tarasova@company.ru', '+79210000105'),
(206, 'Денис', 'Мартынов', 'Менеджер', '2020-11-23', 57000.00, 365, 'denis.martynov@company.ru', '+79210000106'),
(207, 'Светлана', 'Колобова', 'Техник', '2015-10-13', 65000.50, 307, 'svetlana.kolobova@company.ru', '+79210000107'),
(208, 'Юлия', 'Лисина', 'Бухгалтер', '2018-01-10', 60500.00, 186, 'yulia.lisina@company.ru', '+79210000108'),
(209, 'Маргарита', 'Гаврилова', 'Планировщик', '2016-09-21', 73500.30, 469, 'margarita.gavrilova@company.ru', '+79210000109'),
(210, 'Роман', 'Никольский', 'Специалист', '2012-06-17', 82000.60, 112, 'roman.nikolsky@company.ru', '+79210000110'),
(211, 'Виктор', 'Корнеев', 'Сметчик', '2014-04-25', 72500.40, 150, 'victor.korneev@company.ru', '+79210000111'),
(212, 'Артем', 'Марьинский', 'Координатор', '2017-02-28', 56000.30, 266, 'artem.maryinsky@company.ru', '+79210000112'),
(213, 'Кирилл', 'Александров', 'Инженер', '2018-08-14', 77500.20, 279, 'kirill.aleksandrov@company.ru', '+79210000113'),
(214, 'Дарья', 'Фирсова', 'Дизайнер', '2014-12-19', 62000.80, 450, 'dariya.firsova@company.ru', '+79210000114'),
(215, 'Егор', 'Фомичев', 'Проектировщик', '2015-01-15', 71000.90, 415, 'egor.fomichev@company.ru', '+79210000115'),
(216, 'Надежда', 'Базарова', 'Инженер', '2020-01-04', 80500.00, 390, 'nadezda.bazarova@company.ru', '+79210000116'),
(217, 'Борис', 'Сизов', 'Конструктор', '2012-02-10', 69500.25, 438, 'boris.sizov@company.ru', '+79210000117'),
(218, 'Олена', 'Терехова', 'Менеджер', '2015-12-21', 58000.00, 338, 'olena.terekhova@company.ru', '+79210000118'),
(219, 'Георгий', 'Разин', 'Техник', '2013-08-05', 67000.50, 177, 'georgiy.razin@company.ru', '+79210000119'),
(220, 'Елена', 'Щеглова', 'Бухгалтер', '2015-10-12', 61500.00, 247, 'elena.shcheglova@company.ru', '+79210000120'),
(221, 'Максим', 'Южин', 'Планировщик', '2018-03-20', 76500.30, 280, 'maksim.yuzhin@company.ru', '+79210000121'),
(222, 'София', 'Выжигина', 'Специалист', '2014-04-13', 83000.60, 326, 'sofia.vyzhigina@company.ru', '+79210000122'),
(223, 'Александр', 'Квитко', 'Сметчик', '2015-05-15', 74500.40, 329, 'alexander.kvitko@company.ru', '+79210000123'),
(224, 'Иван', 'Букин', 'Координатор', '2010-07-22', 57500.30, 152, 'ivan.bukin@company.ru', '+79210000124'),
(225, 'Михаил', 'Сугачев', 'Инженер', '2015-11-30', 78500.20, 496, 'mikhail.sugachev@company.ru', '+79210000125'),
(226, 'Евгения', 'Малышева', 'Дизайнер', '2018-11-24', 63000.80, 385, 'evgenia.malysheva@company.ru', '+79210000126'),
(227, 'Анастасия', 'Вихрова', 'Проектировщик', '2017-06-18', 74000.90, 400, 'anastasia.vihrova@company.ru', '+79210000127'),
(228, 'Галина', 'Невская', 'Инженер', '2016-01-19', 82000.00, 242, 'galina.nevskaya@company.ru', '+79210000128'),
(229, 'Оксана', 'Сокова', 'Конструктор', '2012-05-1', 70500.25, 480, 'oksana.sokova@company.ru', '+79210000129'),
(230, 'Илья', 'Миллер', 'Менеджер', '2019-04-10', 59000.00, 416, 'ilya.miller@company.ru', '+79210000130'),
(231, 'Раиса', 'Зорина', 'Техник', '2016-12-19', 68000.50, 205, 'raisa.zorina@company.ru', '+79210000131'),
(232, 'Ольга', 'Маркова', 'Бухгалтер', '2015-05-15', 62500.00, 222, 'olga.markova@company.ru', '+79210000132'),
(233, 'Евгений', 'Листов', 'Планировщик', '2014-11-21', 77000.30, 464, 'evgeniy.listov@company.ru', '+79210000133'),
(234, 'Ирина', 'Галкина', 'Специалист', '2011-07-25', 84000.60, 122, 'irina.galkina@company.ru', '+79210000134'),
(235, 'Виктория', 'Павлова', 'Сметчик', '2015-08-16', 77500.40, 445, 'viktoria.pavlova@company.ru', '+79210000135'),
(236, 'Сергей', 'Громов', 'Координатор', '2015-12-11', 58500.30, 252, 'sergey.gromov@company.ru', '+79210000136'),
(237, 'Виктор', 'Руднев', 'Инженер', '2012-02-27', 81500.20, 480, 'victor.rudnev@company.ru', '+79210000137'),
(238, 'Людмила', 'Бушина', 'Дизайнер', '2014-04-30', 64000.80, 148, 'ludmila.bushina@company.ru', '+79210000138'),
(239, 'Геннадий', 'Золотов', 'Проектировщик', '2013-06-15', 75000.90, 139, 'gennadiy.zolotov@company.ru', '+79210000139'),
(240, 'Сергей', 'Филиппов', 'Инженер', '2017-04-02', 82500.00, 334, 'sergey.filippov@company.ru', '+79210000140'),
(241, 'Юлия', 'Краева', 'Конструктор', '2019-01-19', 70500.25, 108, 'yulia.kraeva@company.ru', '+79210000141'),
(242, 'Радмила', 'Новая', 'Менеджер', '2012-11-29', 59000.00, 396, 'radmila.novaya@company.ru', '+79210000142'),
(243, 'Алиса', 'Шнякина', 'Техник', '2016-7-15', 68000.50, 433, 'alisa.shnyakina@company.ru', '+79210000143'),
(244, 'Эльвира', 'Ершова', 'Бухгалтер', '2021-01-01', 62500.00, 341, 'elvira.ershova@company.ru', '+79210000144'),
(245, 'Георгий', 'Носиков', 'Планировщик', '2018-04-09', 76000.30, 160, 'georgiy.nosikov@company.ru', '+79210000145'),
(246, 'Анна', 'Каблукова', 'Специалист', '2011-10-10', 85000.60, 149, 'anna.kablukova@company.ru', '+79210000146'),
(247, 'Семен', 'Иванов', 'Сметчик', '2015-02-15', 76500.40, 236, 'semen.ivanov@company.ru', '+79210000147'),
(248, 'Кристина', 'Большакова', 'Координатор', '2014-03-03', 59500.30, 262, 'kristina.bolshakova@company.ru', '+79210000148'),
(249, 'Тамара', 'Царева', 'Инженер', '2013-09-19', 81500.20, 252, 'tamara.tsareva@company.ru', '+79210000149'),
(250, 'Руслан', 'Грачкин', 'Дизайнер', '2018-09-30', 65000.80, 484, 'ruslan.grachkin@company.ru', '+79210000150'),
(251, 'Иван', 'Минин', 'Проектировщик', '2018-03-12', 76000.90, 250, 'ivan.minin@company.ru', '+79210000151'),
(252, 'Ольга', 'Афанасьева', 'Инженер', '2019-03-23', 83000.00, 359, 'olga.afanaseva@company.ru', '+79210000152'),
(253, 'Вера', 'Левина', 'Конструктор', '2017-10-28', 70500.25, 202, 'vera.levina@company.ru', '+79210000153'),
(254, 'Андрей', 'Гаврилов', 'Менеджер', '2010-10-30', 60000.00, 155, 'andrey.gavrilov@company.ru', '+79210000154'),
(255, 'Павел', 'Никитин', 'Техник', '2014-09-17', 69000.50, 202, 'pavel.nikitin@company.ru', '+79210000155'),
(256, 'Эвелина', 'Орлова', 'Бухгалтер', '2013-10-05', 64500.00, 154, 'evelina.orlova@company.ru', '+79210000156'),
(257, 'Матвей', 'Волков', 'Планировщик', '2015-11-22', 78500.30, 462, 'matvey.volkov@company.ru', '+79210000157'),
(258, 'Ираида', 'Мясникова', 'Специалист', '2011-01-24', 86000.60, 243, 'iraida.myasnikova@company.ru', '+79210000158'),
(259, 'Заур', 'Захаров', 'Сметчик', '2010-07-02', 77500.40, 250, 'zaur.zaharov@company.ru', '+79210000159'),
(260, 'Татьяна', 'Суворова', 'Координатор', '2015-06-30', 60500.30, 447, 'tatiana.suvorova@company.ru', '+79210000160'),
(261, 'Захар', 'Мучин', 'Инженер', '2013-06-27', 84500.20, 409, 'zahar.muchin@company.ru', '+79210000161'),
(262, 'Юлия', 'Архипова', 'Дизайнер', '2020-02-28', 67000.80, 368, 'yulia.arkhipova@company.ru', '+79210000162'),
(263, 'Ярослав', 'Колышкин', 'Проектировщик', '2010-07-08', 77000.90, 486, 'yaroslav.kolyshkin@company.ru', '+79210000163'),
(264, 'Катерина', 'Романова', 'Инженер', '2015-11-29', 83500.00, 367, 'katerina.romanova@company.ru', '+79210000164'),
(265, 'Клара', 'Щедрина', 'Конструктор', '2011-01-10', 72500.25, 417, 'klara.sheddrina@company.ru', '+79210000165'),
(266, 'Армен', 'Галустян', 'Менеджер', '2015-01-31', 61000.00, 114, 'armen.galustyan@company.ru', '+79210000166'),
(267, 'Albina', 'Виноградова', 'Техник', '2016-12-19', 70000.50, 399, 'albina.vinogradova@company.ru', '+79210000167'),
(268, 'Жанна', 'Теплова', 'Бухгалтер', '2011-05-25', 65500.00, 160, 'zhanna.teplova@company.ru', '+79210000168'),
(269, 'Герман', 'Чеботарев', 'Планировщик', '2014-11-09', 79500.30, 268, 'german.chebotarev@company.ru', '+79210000169'),
(270, 'Инесса', 'Васильева', 'Специалист', '2016-10-04', 87500.60, 271, 'inessa.vasileva@company.ru', '+79210000170'),
(271, 'Ефрем', 'Новожилов', 'Сметчик', '2014-12-22', 79500.40, 334, 'efrem.novozhilov@company.ru', '+79210000171'),
(272, 'Василина', 'Сафонова', 'Координатор', '2019-02-10', 63500.30, 195, 'vasilina.safonova@company.ru', '+79210000172'),
(273, 'Валерий', 'Игрин', 'Инженер', '2019-06-24', 82500.20, 458, 'valeriy.igrin@company.ru', '+79210000173'),
(274, 'Мира', 'Ширакава', 'Дизайнер', '2010-07-14', 68000.80, 312, 'mira.shirakava@company.ru', '+79210000174'),
(275, 'Иван', 'Петрунин', 'Проектировщик', '2017-12-09', 80000.90, 239, 'ivan.petrunin@company.ru', '+79210000175'),
(276, 'Римма', 'Крылова', 'Инженер', '2013-01-28', 83500.00, 312, 'rimma.krylova@company.ru', '+79210000176'),
(277, 'Андрей', 'Ланской', 'Конструктор', '2013-05-07', 73500.25, 115, 'andrey.lanskoiy@company.ru', '+79210000177'),
(278, 'Геннадий', 'Шведов', 'Менеджер', '2016-02-19', 62000.00, 399, 'gennadiy.shvedov@company.ru', '+79210000178'),
(279, 'Тимофей', 'Марцынкевич', 'Техник', '2014-06-17', 71000.50, 129, 'timofey.marcynkevich@company.ru', '+79210000179'),
(280, 'Светлана', 'Краузер', 'Бухгалтер', '2015-11-10', 66500.00, 204, 'svetlana.krauzer@company.ru', '+79210000180'),
(281, 'Элла', 'Козлинская', 'Планировщик', '2016-09-13', 80500.30, 485, 'ella.kozlinskaya@company.ru', '+79210000181'),
(282, 'Константин', 'Глинкин', 'Специалист', '2019-04-04', 88000.60, 470, 'konstantin.glinkin@company.ru', '+79210000182'),
(283, 'Виктория', 'Антипова', 'Сметчик', '2015-02-21', 80500.40, 192, 'viktoria.antipova@company.ru', '+79210000183'),
(284, 'Аглая', 'Викулова', 'Координатор', '2010-10-03', 64500.30, 155, 'aglaya.vikulova@company.ru', '+79210000184'),
(285, 'Николай', 'Бурцев', 'Инженер', '2014-08-19', 83500.20, 480, 'nikolay.burtsev@company.ru', '+79210000185'),
(286, 'Анна', 'Канушкина', 'Дизайнер', '2011-04-16', 69000.80, 447, 'anna.kanushkina@company.ru', '+79210000186'),
(287, 'Павел', 'Дубровин', 'Проектировщик', '2019-09-19', 81000.90, 215, 'pavel.dubrovin@company.ru', '+79210000187'),
(288, 'Иван', 'Моисеев', 'Инженер', '2012-03-12', 84000.00, 184, 'ivan.moiseev@company.ru', '+79210000188'),
(289, 'Яна', 'Высоцкая', 'Конструктор', '2011-11-03', 74500.25, 338, 'yana.vysotskaya@company.ru', '+79210000189'),
(290, 'Владимир', 'Кронес', 'Менеджер', '2014-03-08', 63000.00, 454, 'vladimir.krones@company.ru', '+79210000190'),
(291, 'Лада', 'Михайля', 'Техник', '2012-04-15', 72000.50, 294, 'lada.mihayla@company.ru', '+79210000191'),
(292, 'Марина', 'Фасенко', 'Бухгалтер', '2015-10-05', 67500.00, 154, 'marina.fasenko@company.ru', '+79210000192'),
(293, 'Марк', 'Самойлович', 'Планировщик', '2015-06-21', 81500.30, 289, 'mark.samoylovich@company.ru', '+79210000193'),
(294, 'Ника', 'Иваночко', 'Специалист', '2014-01-04', 89000.60, 166, 'nika.ivanochko@company.ru', '+79210000194'),
(295, 'Максим', 'Исаев', 'Сметчик', '2013-06-06', 81500.40, 186, 'maksim.isaev@company.ru', '+79210000195'),
(296, 'Динара', 'Рахимова', 'Координатор', '2016-05-22', 65500.30, 462, 'dinara.rahimova@company.ru', '+79210000196'),
(297, 'Анатолий', 'Кожин', 'Инженер', '2015-07-24', 84500.20, 245, 'anatoliy.kozhin@company.ru', '+79210000197'),
(298, 'Элина', 'Гусакова', 'Дизайнер', '2013-08-21', 70000.80, 299, 'elina.gusakova@company.ru', '+79210000198'),
(299, 'Лев', 'Курицын', 'Проектировщик', '2012-01-12', 82000.90, 490, 'lev.kuritsyn@company.ru', '+79210000199'),
(300, 'Энгель', 'Щеглов', 'Инженер', '2019-07-20', 84500.00, 283, 'engel.shcheglov@company.ru', '+79210000200'),
(301, 'Надежда', 'Кудряшова', 'Архитектор', '2017-05-03', 78500.50, 341, 'nadezhda.kudrashova@company.ru', '+79210000201'),
(302, 'Василиса', 'Барышникова', 'Дизайнер', '2016-06-15', 66000.00, 473, 'vasilisa.baryshnikova@company.ru', '+79210000202'),
(303, 'Ильяс', 'Юсупов', 'Проектировщик', '2014-08-24', 74000.75, 313, 'ilyas.yusupov@company.ru', '+79210000203'),
(304, 'Вячеслав', 'Черкасов', 'Инженер', '2018-10-19', 82000.00, 397, 'vyacheslav.cherkasov@company.ru', '+79210000204'),
(305, 'Олеся', 'Широкова', 'Конструктор', '2013-11-14', 69500.25, 424, 'olesya.shirokova@company.ru', '+79210000205'),
(306, 'Ирина', 'Никонова', 'Менеджер', '2020-07-05', 59500.00, 186, 'irina.nikonova@company.ru', '+79210000206'),
(307, 'Дмитрий', 'Большов', 'Техник', '2017-12-25', 65500.50, 451, 'dmitriy.bolshov@company.ru', '+79210000207'),
(308, 'Мария', 'Трегубова', 'Бухгалтер', '2015-02-10', 67500.00, 341, 'maria.tregubova@company.ru', '+79210000208'),
(309, 'Антон', 'Гагарин', 'Планировщик', '2012-09-21', 75500.30, 485, 'anton.gagarin@company.ru', '+79210000209'),
(310, 'Динара', 'Царева', 'Специалист', '2014-03-11', 83500.60, 144, 'dinara.tsareva@company.ru', '+79210000210'),
(311, 'Егор', 'Воронов', 'Сметчик', '2016-05-30', 73500.40, 353, 'egor.voronov@company.ru', '+79210000211'),
(312, 'Кирилл', 'Котов', 'Координатор', '2013-02-18', 58500.30, 385, 'kirill.kotov@company.ru', '+79210000212'),
(313, 'Арина', 'Сальникова', 'Инженер', '2015-09-13', 80500.20, 460, 'arina.salnikova@company.ru', '+79210000213'),
(314, 'Максим', 'Шустров', 'Дизайнер', '2017-04-12', 67500.80, 223, 'maksim.shustrov@company.ru', '+79210000214'),
(315, 'Валерия', 'Панова', 'Проектировщик', '2019-08-29', 73000.90, 483, 'valeria.panova@company.ru', '+79210000215'),
(316, 'Ксения', 'Лаврова', 'Инженер', '2012-10-02', 82500.00, 153, 'ksenia.lavrova@company.ru', '+79210000216'),
(317, 'Виктор', 'Рожков', 'Конструктор', '2016-12-20', 71500.25, 114, 'victor.rozhkov@company.ru', '+79210000217'),
(318, 'Галина', 'Космынина', 'Менеджер', '2019-05-15', 60500.00, 170, 'galina.kosminina@company.ru', '+79210000218'),
(319, 'Юрий', 'Князев', 'Техник', '2016-03-13', 66500.50, 256, 'yuri.knyazev@company.ru', '+79210000219'),
(320, 'Виктория', 'Семёнова', 'Бухгалтер', '2020-10-18', 64500.00, 448, 'viktoria.semenova@company.ru', '+79210000220'),
(321, 'Олег', 'Жуков', 'Планировщик', '2017-11-20', 76500.30, 194, 'oleg.zhukov@company.ru', '+79210000221'),
(322, 'Анна', 'Голикова', 'Специалист', '2013-04-23', 85500.60, 222, 'anna.golikova@company.ru', '+79210000222'),
(323, 'Сергей', 'Крюков', 'Сметчик', '2018-06-05', 74500.40, 482, 'sergey.kryukov@company.ru', '+79210000223'),
(324, 'Татьяна', 'Васильева', 'Координатор', '2015-08-07', 59500.30, 384, 'tatiana.vasileva@company.ru', '+79210000224'),
(325, 'Анатолий', 'Меркулов', 'Инженер', '2020-02-03', 84500.20, 477, 'anatoliy.merkulov@company.ru', '+79210000225'),
(326, 'Зоя', 'Крылова', 'Дизайнер', '2014-07-07', 68000.80, 349, 'zoya.krylova@company.ru', '+79210000226'),
(327, 'Иван', 'Грачев', 'Проектировщик', '2019-03-18', 81000.90, 147, 'ivan.grachev@company.ru', '+79210000227'),
(328, 'Николай', 'Андреев', 'Инженер', '2013-12-29', 83000.00, 153, 'nikolay.andreev@company.ru', '+79210000228'),
(329, 'Диана', 'Турова', 'Конструктор', '2017-06-10', 71500.25, 188, 'diana.turova@company.ru', '+79210000229'),
(330, 'Марина', 'Михайлова', 'Менеджер', '2012-01-23', 61000.00, 499, 'marina.mihaylova@company.ru', '+79210000230'),
(331, 'Данила', 'Лаврентьев', 'Техник', '2015-01-18', 67500.50, 357, 'danila.lavrentiev@company.ru', '+79210000231'),
(332, 'Екатерина', 'Назарова', 'Бухгалтер', '2014-08-11', 65500.00, 340, 'ekaterina.nazarova@company.ru', '+79210000232'),
(333, 'Алексей', 'Зайцев', 'Планировщик', '2016-10-08', 77500.30, 151, 'alexey.zaicev@company.ru', '+79210000233'),
(334, 'Юлия', 'Олейникова', 'Специалист', '2013-03-06', 84500.60, 367, 'yulia.oleinikova@company.ru', '+79210000234'),
(335, 'Андрей', 'Сысоев', 'Сметчик', '2018-09-22', 76500.40, 120, 'andrey.sysoev@company.ru', '+79210000235'),
(336, 'Элеонора', 'Гришина', 'Координатор', '2017-02-27', 61500.30, 178, 'eleonora.grishina@company.ru', '+79210000236'),
(337, 'Степан', 'Леонов', 'Инженер', '2019-11-15', 82500.20, 413, 'stepan.leonov@company.ru', '+79210000237'),
(338, 'Оксана', 'Кравцова', 'Дизайнер', '2016-12-11', 66000.80, 161, 'oksana.kravtsova@company.ru', '+79210000238'),
(339, 'Тимур', 'Фадеев', 'Проектировщик', '2018-05-28', 75000.90, 128, 'timur.fadeev@company.ru', '+79210000239'),
(340, 'Эльвира', 'Шишкина', 'Инженер', '2014-04-19', 84500.00, 423, 'elvira.shishkina@company.ru', '+79210000240'),
(341, 'Владислав', 'Соколовский', 'Конструктор', '2015-03-09', 72500.25, 452, 'vladislav.sokolovskiy@company.ru', '+79210000241'),
(342, 'Юлия', 'Иванченко', 'Менеджер', '2020-08-25', 62000.00, 203, 'yulia.ivanchenko@company.ru', '+79210000242'),
(343, 'Никита', 'Булгаков', 'Техник', '2014-01-15', 70000.50, 146, 'nikita.bulgakov@company.ru', '+79210000243'),
(344, 'Таисия', 'Фирсова', 'Бухгалтер', '2013-11-23', 65500.00, 151, 'taisia.firsova@company.ru', '+79210000244'),
(345, 'Вера', 'Семичева', 'Планировщик', '2014-02-19', 78500.30, 133, 'vera.semitcheva@company.ru', '+79210000245'),
(346, 'Илья', 'Талашин', 'Специалист', '2017-03-08', 86500.60, 313, 'ilya.talashin@company.ru', '+79210000246'),
(347, 'Дмитрий', 'Зуев', 'Сметчик', '2012-06-05', 77500.40, 271, 'dmitriy.zuev@company.ru', '+79210000247'),
(348, 'Анжелика', 'Королёва', 'Координатор', '2016-04-12', 62500.30, 320, 'anzhelika.koroleva@company.ru', '+79210000248'),
(349, 'Светлана', 'Дементьева', 'Инженер', '2013-10-03', 83500.20, 234, 'svetlana.dementieva@company.ru', '+79210000249'),
(350, 'Роман', 'Яровой', 'Дизайнер', '2017-09-09', 68000.80, 229, 'roman.yarovoy@company.ru', '+79210000250'),
(351, 'Георгий', 'Андреев', 'Архитектор', '2017-06-12', 80500.50, 138, 'georgiy.andreev@company.ru', '+79210000251'),
(352, 'Анна', 'Богданова', 'Дизайнер', '2016-05-21', 67000.00, 142, 'anna.bogdanova@company.ru', '+79210000252'),
(353, 'Дмитрий', 'Терехов', 'Проектировщик', '2014-07-15', 76000.75, 143, 'dmitriy.terekhov@company.ru', '+79210000253'),
(354, 'Софья', 'Яковлева', 'Инженер', '2018-11-22', 84000.00, 453, 'sofia.yakovleva@company.ru', '+79210000254'),
(355, 'Мария', 'Царёва', 'Конструктор', '2013-12-12', 70500.25, 340, 'maria.tsareva@company.ru', '+79210000255'),
(356, 'Олег', 'Павлов', 'Менеджер', '2020-08-01', 60500.00, 183, 'oleg.pavlov@company.ru', '+79210000256'),
(357, 'Алёна', 'Орлова', 'Техник', '2017-07-19', 67500.50, 429, 'alena.orlova@company.ru', '+79210000257'),
(358, 'Егор', 'Лебедев', 'Бухгалтер', '2015-03-31', 69500.00, 295, 'egor.lebedev@company.ru', '+79210000258'),
(359, 'Макар', 'Исаев', 'Планировщик', '2012-10-16', 77500.30, 468, 'makar.isaev@company.ru', '+79210000259'),
(360, 'Виктория', 'Самсонова', 'Специалист', '2014-05-20', 85500.60, 178, 'viktoria.samsonova@company.ru', '+79210000260'),
(361, 'Иван', 'Кузнецов', 'Сметчик', '2016-08-30', 73500.40, 478, 'ivan.kuznetsov@company.ru', '+79210000261'),
(362, 'Кира', 'Копылова', 'Координатор', '2013-12-15', 58500.30, 358, 'kira.kopylova@company.ru', '+79210000262'),
(363, 'Антон', 'Виноградов', 'Инженер', '2015-07-28', 80500.20, 314, 'anton.vinogradov@company.ru', '+79210000263'),
(364, 'Елена', 'Платонова', 'Дизайнер', '2017-06-11', 69500.80, 381, 'elena.platonova@company.ru', '+79210000264'),
(365, 'Илья', 'Соловьёв', 'Проектировщик', '2019-10-07', 75000.90, 172, 'ilya.soloviev@company.ru', '+79210000265'),
(366, 'Лариса', 'Серова', 'Инженер', '2012-12-28', 85000.00, 363, 'larisa.serova@company.ru', '+79210000266'),
(367, 'Максим', 'Егоров', 'Конструктор', '2016-11-29', 72500.25, 429, 'maksim.egorov@company.ru', '+79210000267'),
(368, 'Ирина', 'Белова', 'Менеджер', '2019-03-05', 61500.00, 497, 'irina.belova@company.ru', '+79210000268'),
(369, 'Сергей', 'Тимофеев', 'Техник', '2016-04-01', 68500.50, 254, 'sergey.timofeev@company.ru', '+79210000269'),
(370, 'Василий', 'Пестов', 'Бухгалтер', '2020-01-07', 66500.00, 260, 'vasiliy.pestov@company.ru', '+79210000270'),
(371, 'Алексей', 'Иванов', 'Планировщик', '2017-12-10', 77500.30, 152, 'alexey.ivanov@company.ru', '+79210000271'),
(372, 'Светлана', 'Петрова', 'Специалист', '2013-02-22', 86500.60, 479, 'svetlana.petrova@company.ru', '+79210000272'),
(373, 'Раиса', 'Рогова', 'Сметчик', '2018-06-09', 78500.40, 333, 'raisa.rogova@company.ru', '+79210000273'),
(374, 'Михаил', 'Тихомиров', 'Координатор', '2015-09-21', 62500.30, 462, 'mikhail.tikhomirov@company.ru', '+79210000274'),
(375, 'Евгений', 'Шаповалов', 'Инженер', '2013-06-25', 81500.20, 488, 'evgeniy.shapovalov@company.ru', '+79210000275'),
(376, 'Анастасия', 'Лукина', 'Дизайнер', '2016-11-12', 68000.80, 387, 'anastasia.lukina@company.ru', '+79210000276'),
(377, 'Владимир', 'Литвинов', 'Проектировщик', '2012-08-29', 76000.90, 447, 'vladimir.litvinov@company.ru', '+79210000277'),
(378, 'Полина', 'Фролова', 'Инженер', '2019-11-26', 83500.00, 385, 'polina.frolova@company.ru', '+79210000278'),
(379, 'Ярослав', 'Пономарёв', 'Конструктор', '2018-09-02', 72500.25, 437, 'yaroslav.ponomaryov@company.ru', '+79210000279'),
(380, 'Анна', 'Прохорова', 'Менеджер', '2015-10-15', 63000.00, 232, 'anna.prohorova@company.ru', '+79210000280'),
(381, 'Борис', 'Степнов', 'Техник', '2014-07-11', 67000.50, 150, 'boris.stepnov@company.ru', '+79210000281'),
(382, 'Ксения', 'Светлова', 'Бухгалтер', '2014-11-18', 64500.00, 136, 'kseniya.svetlova@company.ru', '+79210000282'),
(383, 'Иван', 'Чугунов', 'Планировщик', '2016-03-20', 78000.30, 471, 'ivan.chugunov@company.ru', '+79210000283'),
(384, 'Людмила', 'Беспалова', 'Специалист', '2011-12-27', 85500.60, 203, 'lyudmila.bespalova@company.ru', '+79210000284'),
(385, 'Станислав', 'Панов', 'Сметчик', '2013-08-18', 76500.40, 445, 'stanislav.panov@company.ru', '+79210000285'),
(386, 'Наталия', 'Зарыков', 'Координатор', '2014-12-22', 64500.30, 160, 'natalia.zarykov@company.ru', '+79210000286'),
(387, 'Денис', 'Обухов', 'Инженер', '2015-01-29', 82500.20, 122, 'denis.obukhov@company.ru', '+79210000287'),
(388, 'Вероника', 'Чижова', 'Дизайнер', '2018-03-16', 67500.80, 189, 'veronika.chizhova@company.ru', '+79210000288'),
(389, 'Татьяна', 'Подолова', 'Проектировщик', '2020-07-24', 70000.90, 361, 'tatiana.podolova@company.ru', '+79210000289'),
(390, 'Игорь', 'Мосин', 'Инженер', '2012-11-17', 81000.00, 388, 'igor.mosin@company.ru', '+79210000290'),
(391, 'Валентина', 'Ильюшин', 'Конструктор', '2017-12-23', 69500.25, 327, 'valentina.ilyushin@company.ru', '+79210000291'),
(392, 'Аркадий', 'Бухаров', 'Менеджер', '2014-08-06', 59500.00, 342, 'arkadiy.bukharov@company.ru', '+79210000292'),
(393, 'Елизавета', 'Сергеева', 'Техник', '2020-05-14', 65500.50, 444, 'elizaveta.sergeeva@company.ru', '+79210000293'),
(394, 'Илья', 'Завьялов', 'Бухгалтер', '2019-07-25', 66500.00, 156, 'ilya.zavyalov@company.ru', '+79210000294'),
(395, 'Эльмира', 'Фомина', 'Планировщик', '2014-04-16', 77000.30, 483, 'elmira.fomina@company.ru', '+79210000295'),
(396, 'Софьян', 'Травкин', 'Специалист', '2016-01-29', 84500.60, 177, 'sofyian.travkin@company.ru', '+79210000296'),
(397, 'Юрий', 'Климов', 'Сметчик', '2018-02-21', 76500.40, 146, 'yuri.klimov@company.ru', '+79210000297'),
(398, 'Лидия', 'Ефремова', 'Координатор', '2012-09-10', 61500.30, 309, 'lidija.efremova@company.ru', '+79210000298'),
(399, 'Геннадий', 'Туров', 'Инженер', '2017-08-05', 90500.20, 393, 'gennadiy.turov@company.ru', '+79210000299'),
(400, 'Серафима', 'Белкина', 'Дизайнер', '2015-02-24', 72000.80, 239, 'serafima.belkina@company.ru', '+79210000300');


INSERT INTO Departments (DepartmentID, DepartmentName, ManagerID, Location, Budget) VALUES
(101, 'Отдел продаж', 273, 'Москва', 1500000.00),
(102, 'Юридический отдел', 152, 'Санкт-Петербург', 950000.00),
(103, 'IT отдел', 109, 'Новосибирск', 2250000.00),
(104, 'Маркетинг', 114, 'Владивосток', 1300000.00),
(105, 'Финансовый отдел', 121, 'Нижний Новгород', 1800000.00),
(106, 'Отдел закупок', 209, 'Казань', 1100000.00),
(107, 'Клиентская поддержка', 306, 'Екатеринбург', 900000.00),
(108, 'Производственный отдел', 200, 'Самара', 2000000.00),
(109, 'HR отдел', 309, 'Омск', 1200000.00),
(110, 'Отдел логистики', 317, 'Ростов-на-Дону', 1750000.00),
(111, 'Отдел исследований и разработок', 394, 'Уфа', 2500000.00),
(112, 'Секретариат', 358, 'Красноярск', 650000.00),
(113, 'Технический отдел', 170, 'Пермь', 1550000.00),
(114, 'Отдел качества', 188, 'Волгоград', 1250000.00),
(115, 'Проектный офис', 239, 'Краснодар', 1700000.00),
(116, 'Бухгалтерия', 173, 'Челябинск', 1400000.00),
(117, 'Служба безопасности', 384, 'Тюмень', 1150000.00),
(118, 'Отдел кадров', 345, 'Саратов', 1000000.00),
(119, 'Обучение и развитие персонала', 113, 'Воронеж', 700000.00),
(120, 'Отдел инженерных сетей', 275, 'Иркутск', 1600000.00),
(121, 'Отдел инноваций', 273, 'Барнаул', 1450000.00),
(122, 'Медицинский отдел', 144, 'Ульяновск', 1350000.00),
(123, 'Транспортный отдел', 387, 'Ижевск', 1050000.00),
(124, 'Административный отдел', 378, 'Владимир', 800000.00),
(125, 'Отдел регионального развития', 278, 'Ярославль', 1650000.00),
(126, 'PR отдел', 209, 'Тула', 980000.00),
(127, 'Отдел эксплуатации', 206, 'Томск', 1320000.00),
(128, 'Отдел аналитики', 156, 'Калининград', 1130000.00),
(129, 'Отдел проектирования', 282, 'Кемерово', 1230000.00),
(130, 'Ремонтная служба', 264, 'Рязань', 910000.00),
(131, 'Отдел сетевой безопасности', 165, 'Астрахань', 950000.00),
(132, 'Отдел контрактов', 253, 'Тверь', 1075000.00),
(133, 'Отдел внутренних коммуникаций', 165, 'Севастополь', 720000.00),
(134, 'Фонд развития', 399, 'Петрозаводск', 1400000.00),
(135, 'Научно-исследовательский центр', 210, 'Липецк', 1600000.00),
(136, 'Отдел урегулирования споров', 114, 'Иваново', 1180000.00),
(137, 'Архитектурное бюро', 320, 'Курск', 1730000.00),
(138, 'Отдел по связям с общественностью', 396, 'Киров', 1230000.00),
(139, 'Отдел упаковки', 244, 'Белгород', 1120000.00),
(140, 'Кафетерий', 333, 'Ставрополь', 670000.00),
(141, 'Лаборатория тестирования', 304, 'Смоленск', 1390000.00),
(142, 'Отдел защиты окружающей среды', 226, 'Курган', 870000.00),
(143, 'Отдел безопасности труда', 131, 'Чебоксары', 1020000.00),
(144, 'Отдел квалификации', 390, 'Ухта', 870000.00),
(145, 'Отдел инновационных технологий', 268, 'Комсомольск-на-Амуре', 1270000.00),
(146, 'Отдел по работе с молодежью', 351, 'Брянск', 630000.00),
(147, 'Консультативный отдел', 172, 'Великий Новгород', 1440000.00),
(148, 'Отдел капитального строительства', 259, 'Псков', 1550000.00),
(149, 'Архивный отдел', 117, 'Мурманск', 730000.00),
(150, 'Отдел космических технологий', 211, 'Магнитогорск', 1700000.00),
(151, 'Отдел биотехнологий', 313, 'Тамбов', 1150000.00),
(152, 'Отдел компьютерной графики', 181, 'Сочи', 1080000.00),
(153, 'Отдел внебюджетной деятельности', 363, 'Архангельск', 900000.00),
(154, 'Отдел рекламы', 144, 'Сургут', 1300000.00),
(155, 'Отдел пользовательской поддержки', 217, 'Волжский', 990000.00),
(156, 'Отдел технического контроля', 397, 'Балаково', 1250000.00),
(157, 'Отдел транспортного обслуживания', 198, 'Электросталь', 820000.00),
(158, 'Отдел стратегического планирования', 238, 'Рыбинск', 1590000.00),
(159, 'Отдел документации', 392, 'Раменское', 770000.00),
(160, 'Отдел здравоохранения', 175, 'Новый Уренгой', 1380000.00),
(161, 'Отдел аудита', 193, 'Находка', 1250000.00),
(162, 'Отдел материаловедения', 168, 'Норильск', 1420000.00),
(163, 'Отдел градостроительства', 285, 'Уссурийск', 1320000.00),
(164, 'Отдел ЖКХ', 162, 'Алметьевск', 1220000.00),
(165, 'Отдел флористики', 218, 'Южно-Сахалинск', 560000.00),
(166, 'Логистическое планирование', 249, 'Нефтеюганск', 1190000.00),
(167, 'Отдел репетиторства', 131, 'Березники', 520000.00),
(168, 'Отдел культурных программ', 386, 'Бийск', 910000.00),
(169, 'Отдел по работе с клиентами', 281, 'Благовещенск', 970000.00),
(170, 'Дизайнерское бюро', 270, 'Серпухов', 1320000.00),
(171, 'Отдел инновационных решений', 385, 'Орехово-Зуево', 1480000.00),
(172, 'Отдел внутреннего контроля', 389, 'Дзержинск', 1270000.00),
(173, 'Персональный ассистент', 160, 'Элиста', 580000.00),
(174, 'Ресурсы и развитие', 310, 'Волжск', 1360000.00),
(175, 'Отдел геоинформатики', 200, 'Ноябрьск', 1140000.00),
(176, 'Отдел бухгалтерского учета', 124, 'Салават', 1180000.00),
(177, 'Отдел эксплуатации инфраструктуры', 263, 'Майкоп', 920000.00),
(178, 'Отдел развития территорий', 161, 'Миасс', 1450000.00),
(179, 'Отдел проектирования зданий', 131, 'Глазов', 1530000.00),
(180, 'Центральное бюро', 234, 'Обнинск', 1680000.00),
(181, 'Отдел IT поддержки', 174, 'Каменск-Уральский', 1340000.00),
(182, 'Рекламный отдел', 364, 'Клин', 1040000.00),
(183, 'Отдел управления активами', 204, 'Щелково', 1660000.00),
(184, 'Отдел стратегических коммуникаций', 186, 'Подольск', 1400000.00),
(185, 'Муниципальный отдел', 376, 'Одинцово', 1220000.00),
(186, 'Отдел системного администрирования', 262, 'Каменск-Шахтинский', 1540000.00),
(187, 'Отдел кибербезопасности', 148, 'Сыктывкар', 1290000.00),
(188, 'Веб-дизайн', 163, 'Люберцы', 1200000.00),
(189, 'Отдел стратегического консалтинга', 199, 'Златоуст', 1650000.00),
(190, 'Отдел спортивных программ', 144, 'Каспийск', 870000.00),
(191, 'Отдел по работе с персоналом', 258, 'Ессентуки', 980000.00),
(192, 'Отдел разработки интерфейсов', 315, 'Новочеркасск', 1320000.00),
(193, 'Отдел проектирования интерьеров', 163, 'Копейск', 1100000.00),
(194, 'Отдел поддержки пользователей', 165, 'Новоуральск', 990000.00),
(195, 'Центр тестирования', 184, 'Усолье-Сибирское', 1080000.00),
(196, 'Отдел безопасности информации', 196, 'Новошахтинск', 1150000.00),
(197, 'Отдел управления рисками', 262, 'Полевской', 1250000.00),
(198, 'Отдел коммерческих предложений', 199, 'Артем', 930000.00),
(199, 'Отдел больших данных', 139, 'Верхняя Пышма', 1480000.00),
(200, 'Опытный отдел', 253, 'Орск', 1170000.00),
(201, 'Отдел гибридных решений', 178, 'Курчатов', 1650000.00),
(202, 'Лаборатория инновационных систем', 341, 'Губкин', 1720000.00),
(203, 'Центр управления проектами', 130, 'Несветайск', 1500000.00),
(204, 'Отдел системной архитектуры', 138, 'Азов', 1590000.00),
(205, 'Налоговый отдел', 400, 'Бузулук', 1480000.00),
(206, 'Отдел речевых технологий', 198, 'Еманжелинск', 1390000.00),
(207, 'Отдел мультимедийных решений', 318, 'Кропоткин', 1340000.00),
(208, 'Отдел статистики и отчетности', 200, 'Галич', 1280000.00),
(209, 'Патентное бюро', 183, 'Урюпинск', 1240000.00),
(210, 'Центр финансового аудита', 331, 'Таганрог', 1520000.00),
(211, 'Отдел производственного контроля', 386, 'Славгород', 1370000.00),
(212, 'Отдел урбанистики', 233, 'Муром', 1490000.00),
(213, 'Отдел технологий искусственного интеллекта', 246, 'Куровское', 1680000.00),
(214, 'Отдел экологического мониторинга', 323, 'Назрань', 1320000.00),
(215, 'Отдел внутренних исследований', 265, 'Клинцы', 1460000.00),
(216, 'Отдел социального развития', 283, 'Ефремов', 1530000.00),
(217, 'Отдел методологии', 215, 'Миллерово', 1420000.00),
(218, 'Отдел корпоративного права', 281, 'Сергиев Посад', 1300000.00),
(219, 'Центр авиационных технологий', 145, 'Елец', 1700000.00),
(220, 'Отдел информационной аналитики', 227, 'Павлово', 1350000.00),
(221, 'Отдел системного проектирования', 393, 'Белогорск', 1400000.00),
(222, 'Центр экстренного реагирования', 276, 'Областное', 1650000.00),
(223, 'Отдел санкционного контроля', 232, 'Буденновск', 1190000.00),
(224, 'Отдел антикризисного управления', 180, 'Шадринск', 1230000.00),
(225, 'Отдел социальной работы', 127, 'Павловский Посад', 1170000.00),
(226, 'Отдел культурного наследия', 116, 'Миасс', 1260000.00),
(227, 'Центр стратегической архитектуры', 388, 'Гатчина', 1500000.00),
(228, 'Отдел бизнес-моделирования', 181, 'Кандалакша', 1320000.00),
(229, 'Отдел цифрового производства', 396, 'Зеленогорск', 1570000.00),
(230, 'Отдел IT-инфраструктуры', 140, 'Златоуст', 1260000.00),
(231, 'Отдел морских исследований', 389, 'Копейск', 1440000.00),
(232, 'Отдел педагогических инноваций', 364, 'Константиновск', 1120000.00),
(233, 'Отдел малого бизнеса', 239, 'Лыткарино', 1280000.00),
(234, 'Отдел внешнеэкономической деятельности', 202, 'Красногорск', 1420000.00),
(235, 'Отдел этнических исследований', 212, 'Сертолово', 1230000.00),
(236, 'Центр цифровой трансформации', 232, 'Шуя', 1600000.00),
(237, 'Экологическая лаборатория', 358, 'Южноуральск', 1150000.00),
(238, 'Центр кибернетики', 329, 'Шарыпово', 1300000.00),
(239, 'Отдел контент-менеджмента', 284, 'Пятигорск', 1240000.00),
(240, 'Отдел обеспечения качества', 124, 'Йошкар-Ола', 1470000.00),
(241, 'Отдел антропогенной безопасности', 336, 'Мичуринск', 1160000.00),
(242, 'Отдел сельхозтехники', 103, 'Меленки', 1090000.00),
(243, 'Отдел генетических исследований', 230, 'Горно-Алтайск', 1520000.00),
(244, 'Центр инновационных разработок', 158, 'Лабинск', 1300000.00),
(245, 'Отдел инженерной экологии', 262, 'Кирово-Чепецк', 1560000.00),
(246, 'Отдел художественного проектирования', 128, 'Котлас', 1220000.00),
(247, 'Центр социальных технологий', 149, 'Бор', 1380000.00),
(248, 'Отдел картографии и геодезии', 177, 'Химки', 1270000.00),
(249, 'Отдел производства оборудования', 288, 'Балаково', 1430000.00),
(250, 'Отдел звукозаписи', 111, 'Кировск', 1210000.00),
(251, 'Отдел художественного проектирования', 296, 'Кировоград', 1320000.00),
(252, 'Отдел молекулярной биологии', 268, 'Петропавловск', 1440000.00),
(253, 'Центр аккредитации', 109, 'Биробиджан', 1250000.00),
(254, 'Отдел планирования и контроля', 392, 'Южноуральск', 1050000.00),
(255, 'Отдел цифрового маркетинга', 102, 'Теперьков', 1480000.00),
(256, 'Центр информационной безопасности', 333, 'Ряжск', 1280000.00),
(257, 'Отдел организационного развития', 248, 'Оренбург', 1370000.00),
(258, 'Отдел ландшафтного дизайна', 245, 'Курск', 1420000.00),
(259, 'Центр спортивной медицины', 323, 'Воскресенск', 1230000.00),
(260, 'Отдел разработки стратегий', 120, 'Комсомольск-на-Амуре', 1600000.00),
(261, 'Отдел аудиомаркетинга', 116, 'Шахты', 1190000.00),
(262, 'Отдел медицинской статистики', 142, 'Советск', 1120000.00),
(263, 'Центр айдентики', 179, 'Королёв', 1340000.00),
(264, 'Отдел энергосбережения', 218, 'Армавир', 1500000.00),
(265, 'Отдел ретрансляции', 111, 'Пушкино', 1410000.00),
(266, 'Отдел верификации данных', 274, 'Ирбит', 1310000.00),
(267, 'Отдел нейрокомпьютерных интерфейсов', 365, 'Кизел', 1600000.00),
(268, 'Центр когнитивных технологий', 286, 'Шахты', 1550000.00),
(269, 'Отдел оценки рисков', 399, 'Коломна', 1260000.00),
(270, 'Отдел управления аварийными ситуациями', 274, 'Новокуйбышевск', 1380000.00),
(271, 'Центр административных реформ', 392, 'Кингисепп', 1470000.00),
(272, 'Отдел пищевых технологий', 144, 'Балабаново', 1130000.00),
(273, 'Отдел этнонауки', 121, 'Фрязино', 1460000.00),
(274, 'Отдел химической безопасности', 186, 'Можайск', 1360000.00),
(275, 'Центр биометрических данных', 383, 'Микашевичи', 1120000.00),
(276, 'Отдел народных промыслов', 130, 'Константиновск', 1210000.00),
(277, 'Центр стратегий и оценки', 302, 'Кущевская', 1500000.00),
(278, 'Отдел инновационных подходов', 201, 'Железногорск', 1240000.00),
(279, 'Отдел анализа безопасности', 341, 'Туапсе', 1280000.00),
(280, 'Отдел высокоточного приборостроения', 179, 'Ступино', 1440000.00),
(281, 'Центр обеспечения транспортной безопасности', 310, 'Березняки', 1220000.00),
(282, 'Отдел разработки приложений', 253, 'Долгопрудный', 1290000.00),
(283, 'Отдел медицинской инновации', 223, 'Азов', 1310000.00),
(284, 'Центр проектного управления', 109, 'Сарапул', 1500000.00),
(285, 'Отдел космической медицины', 392, 'Грязи', 1300000.00),
(286, 'Отдел городского планирования', 215, 'Щёкино', 1120000.00),
(287, 'Отдел секьюрити', 354, 'Ахтубинск', 1330000.00),
(288, 'Центр урбанистики', 284, 'Заречный', 1340000.00),
(289, 'Отдел агрономии', 320, 'Донецк', 1170000.00),
(290, 'Отдел молекулярной химии', 293, 'Бавлы', 1520000.00),
(291, 'Центр исходящих технологий', 322, 'Орлов', 1320000.00),
(292, 'Центр подразумеваемых решений', 252, 'Вельск', 1490000.00),
(293, 'Отдел педагогической психологии', 174, 'Тутаев', 1210000.00),
(294, 'Отдел социоинжиниринга', 224, 'Гуково', 1350000.00),
(295, 'Центр анализа и оценки', 167, 'Буйнакск', 1410000.00),
(296, 'Отдел пространственных решений', 391, 'Краснотурьинск', 1180000.00),
(297, 'Отдел контекстного анализа', 202, 'Моздок', 1200000.00),
(298, 'Центр учета и ресурсов', 333, 'Сухум', 1450000.00),
(299, 'Отдел аэропланов', 176, 'Октябрьский', 1270000.00),
(300, 'Отдел биоэнергетики', 155, 'Наро-Фоминск', 1390000.00),
(301, 'Отдел нанотехнологий', 398, 'Бирск', 1580000.00),
(302, 'Отдел прототипирования', 168, 'Северодвинск', 1410000.00),
(303, 'Бюро системных решений', 298, 'Фролово', 1320000.00),
(304, 'Центр управления качеством', 298, 'Жуковский', 1450000.00),
(305, 'Отдел криминалистики', 178, 'Шаховская', 1350000.00),
(306, 'Отдел энергоэффективности', 289, 'Сафоново', 1480000.00),
(307, 'Отдел нейрофизиологии', 200, 'Торжок', 1500000.00),
(308, 'Отдел биотехнологий', 310, 'Можга', 1400000.00),
(309, 'Центр климатологии', 262, 'Козловка', 1390000.00),
(310, 'Отдел электронных систем', 319, 'Ясногорск', 1550000.00),
(311, 'Отдел геодезии и картографии', 171, 'Кимры', 1420000.00),
(312, 'Центр исследования океанов', 344, 'Кыштым', 1440000.00),
(313, 'Отдел пространственного анализа', 207, 'Чистополь', 1300000.00),
(314, 'Отдел социальных инициатив', 328, 'Ядрин', 1380000.00),
(315, 'Отдел продвинутых вычислений', 370, 'Радужный', 1460000.00),
(316, 'Центр биомедицинских технологий', 276, 'Коммунар', 1510000.00),
(317, 'Отдел когнитивных наук', 289, 'Заозёрск', 1470000.00),
(318, 'Отдел инженерных разработок', 241, 'Саранск', 1370000.00),
(319, 'Центр ландшафтной архитектуры', 128, 'Йошкар-Ола', 1560000.00),
(320, 'Отдел адаптивных технологий', 228, 'Руза', 1430000.00),
(321, 'Лаборатория автоматизации', 229, 'Калтан', 1490000.00),
(322, 'Отдел текстильных технологий', 223, 'Усолье', 1340000.00),
(323, 'Центр управления инновациями', 372, 'Кирово-Чепецк', 1450000.00),
(324, 'Отдел оборонных исследований', 326, 'Тамбов', 1720000.00),
(325, 'Центр гражданских технологий', 165, 'Баймак', 1330000.00),
(326, 'Отдел инженерного моделирования', 322, 'Гороховец', 1410000.00),
(327, 'Научно-исследовательский центр', 127, 'Баксан', 1580000.00),
(328, 'Отдел биофизики', 180, 'Нарьян-Мар', 1350000.00),
(329, 'Центр оптикоэлектронных систем', 180, 'Нариманов', 1610000.00),
(330, 'Отдел интеллектуальных систем', 320, 'Великие Луки', 1370000.00),
(331, 'Лаборатория искусственного интеллекта', 351, 'Кингисепп', 1480000.00),
(332, 'Отдел развития электронных услуг', 110, 'Ливны', 1530000.00),
(333, 'Центр цифрового моделирования', 381, 'Вуктыл', 1390000.00),
(334, 'Отдел управления данными', 256, 'Грязовец', 1600000.00),
(335, 'Отдел микроэлектроники', 121, 'Великий Устюг', 1430000.00),
(336, 'Центр политанализа', 237, 'Кулебаки', 1420000.00),
(337, 'Отдел квантовых вычислений', 178, 'Волоколамск', 1570000.00),
(338, 'Отдел социального предпринимательства', 104, 'Заволжье', 1490000.00),
(339, 'Центр транспортных решений', 248, 'Сортавала', 1440000.00),
(340, 'Отдел стратегического анггелизма', 258, 'Данков', 1510000.00),
(341, 'Отдел описания данных', 305, 'Губаха', 1570000.00),
(342, 'Центр социального взаимодействия', 378, 'Покров', 1530000.00),
(343, 'Отдел зелёных технологий', 122, 'Агрыз', 1420000.00),
(344, 'Отдел робототехники', 311, 'Дзержинский', 1480000.00),
(345, 'Центр машинного обучения', 175, 'Ольховатка', 1500000.00),
(346, 'Отдел развития стартапов', 132, 'Бежецк', 1450000.00),
(347, 'Отдел химических исследований', 165, 'Южа', 1370000.00),
(348, 'Отдел генетических инноваций', 383, 'Мценск', 1560000.00),
(349, 'Отдел материаловедения', 157, 'Шарыпово', 1580000.00),
(350, 'Центр стратегического анализа', 164, 'Качканар', 1610000.00),
(351, 'Отдел инновационной логистики', 287, 'Новомосковск', 1490000.00),
(352, 'Лаборатория морской биологии', 392, 'Ишимбай', 1600000.00),
(353, 'Отдел аддитивных технологий', 393, 'Фокино', 1530000.00),
(354, 'Центр автоматического проектирования', 204, 'Южно-Сухохозерно', 1470000.00),
(355, 'Отдел инновационного программирования', 364, 'Грязи', 1430000.00),
(356, 'Отдел цифровых коммуникаций', 333, 'Радужный', 1520000.00),
(357, 'Центр изучения лексикологии', 315, 'Инза', 1460000.00),
(358, 'Отдел документальной политики', 374, 'Березовский', 1440000.00),
(359, 'Центр политических исследований', 355, 'Фатеж', 1550000.00),
(360, 'Отдел индустриальных решений', 367, 'Подпорожье', 1570000.00),
(361, 'Отдел управления инновациями', 344, 'Бавлы', 1560000.00),
(362, 'Центр урбоэкологии', 202, 'Кировград', 1540000.00),
(363, 'Отдел биоразнообразия', 232, 'Ковдор', 1420000.00),
(364, 'Центр фабрикации микроустройств', 362, 'Уварово', 1530000.00),
(365, 'Отдел математической адекватности', 384, 'Лабытнанги', 1370000.00),
(366, 'Отдел этноинноваций', 297, 'Заречный', 1380000.00),
(367, 'Центр самоуправляемых систем', 186, 'Фролово', 1460000.00),
(368, 'Отдел технологии здравоохранения', 276, 'Кулебаки', 1390000.00),
(369, 'Лаборатория инновационного управления', 349, 'Гае', 1440000.00),
(370, 'Отдел когнитивных технологий', 223, 'Чекалин', 1520000.00),
(371, 'Центр фабрикации миниатюр', 385, 'Калач', 1510000.00),
(372, 'Отдел мультимедийных технологий', 311, 'Карачаевск', 1560000.00),
(373, 'Центр гуманитарных инноваций', 301, 'Белокуриха', 1470000.00),
(374, 'Отдел информационной безопасности', 181, 'Новая Ляля', 1310000.00),
(375, 'Центр прикладной лингвистики', 121, 'Володарск', 1380000.00),
(376, 'Отдел математической инфраструктуры', 130, 'Красновишерск', 1490000.00),
(377, 'Центр культурного наследия', 397, 'Льгов', 1470000.00),
(378, 'Отдел цифровых инноваций', 194, 'Троицк', 1420000.00),
(379, 'Центр управления контрактами', 156, 'Можга', 1380000.00),
(380, 'Отдел аэрокосмических исследований', 189, 'Ветлуга', 1600000.00),
(381, 'Отдел этической архитектуры', 373, 'Красный Сулин', 1570000.00),
(382, 'Отдел цифровых интерфейсов', 102, 'Заинск', 1450000.00),
(383, 'Центр волоконной оптики', 188, 'Октябрьский', 1460000.00),
(384, 'Отдел нейронных сетей', 315, 'Вышний Волочек', 1520000.00),
(385, 'Отдел компьютерной лингвистики', 163, 'Адлер', 1530000.00),
(386, 'Центр изучения древних технологий', 258, 'Унеча', 1370000.00),
(387, 'Отдел планетарных исследований', 173, 'Солотча', 1590000.00),
(388, 'Центр мультимодульных решений', 250, 'Чистополь', 1440000.00),
(389, 'Отдел интерактивных систем', 203, 'Ижевск', 1460000.00),
(390, 'Лаборатория цифровой печати', 343, 'Касторное', 1400000.00),
(391, 'Лаборатория управления энергией', 230, 'Галич', 1390000.00),
(392, 'Отдел небесной механики', 319, 'Валуйки', 1560000.00),
(393, 'Центр теоретической физики', 275, 'Фролово', 1530000.00),
(394, 'Центр языковых технологий', 107, 'Суоярви', 1520000.00),
(395, 'Центр инновационного обучения', 148, 'Протвино', 1450000.00),
(396, 'Отдел клинической фармакологии', 268, 'Крюково', 1410000.00),
(397, 'Центр языковой адекватности', 389, 'Новокубанск', 1420000.00),
(398, 'Отдел системной нейронауки', 194, 'Продвиноконский', 1500000.00),
(399, 'Центр интеллектуальной робототехники', 223, 'Маргун', 1450000.00),
(400, 'Отдел высокопроизводительных вычислений', 178, 'Кувандык', 1520000.00),
(401, 'Центр сетевой инженерии', 194, 'Новокуйбышевск', 1650000.00),
(402, 'Отдел технологической диагностики', 182, 'Балашиха', 1780000.00),
(403, 'Лаборатория интегральных технологий', 365, 'Новочебоксарск', 1320000.00),
(404, 'Отдел стратегического консалтинга', 394, 'Арзамас', 1575000.00),
(405, 'Отдел микроэлектронного проектирования', 260, 'Колпино', 1460000.00),
(406, 'Центр экологического контроля', 141, 'Люберцы', 1610000.00),
(407, 'Отдел управления инновациями', 358, 'Геленджик', 1620000.00),
(408, 'Отдел геофизического анализа', 125, 'Миасс', 1450000.00),
(409, 'Центр промышленных роботов', 167, 'Стерлитамак', 1500000.00),
(410, 'Лаборатория мирустройства', 328, 'Пушкино', 1545000.00),
(411, 'Центр биоразработок', 375, 'Калининград', 1550000.00),
(412, 'Отдел развития транспортной инфраструктуры', 338, 'Балашиха', 1490000.00),
(413, 'Лаборатория технологий баз данных', 125, 'Железнодорожный', 1360000.00),
(414, 'Центр всесторонней безопасности', 275, 'Ковров', 1550000.00),
(415, 'Отдел урбанизации и ландшафта', 112, 'Жуковский', 1590000.00),
(416, 'Отдел устойчивых систем', 387, 'Боровичи', 1440000.00),
(417, 'Центр моделирования биосистем', 154, 'Тольятти', 1730000.00),
(418, 'Отдел цифровой политики', 292, 'Березники', 1500000.00),
(419, 'Отдел инновационных экспертиз', 172, 'Кириши', 1390000.00),
(420, 'Центр интеллектуального снабжения', 379, 'Волгодонск', 1500000.00),
(421, 'Отдел аддитивных решений', 342, 'Смоленск', 1420000.00),
(422, 'Центр инженерной адаптации', 391, 'Ейск', 1360000.00),
(423, 'Отдел автоматизированного анализа', 324, 'Железногорск', 1590000.00),
(424, 'Центр разработок и инноваций', 163, 'Кострома', 1570000.00),
(425, 'Отдел управления качеством', 156, 'Королев', 1690000.00),
(426, 'Центр урбанистических решений', 236, 'Курск', 1480000.00),
(427, 'Лаборатория системного x проектирования', 285, 'Набережные Челны', 1700000.00),
(428, 'Центр прикладной астрофизики', 383, 'Нижнекамск', 1510000.00),
(429, 'Отдел биохимических исследований', 295, 'Ангарск', 1600000.00),
(430, 'Центр климатических инноваций', 379, 'Каспийск', 1530000.00),
(431, 'Отдел цифровой логистики', 147, 'Магадан', 1480000.00),
(432, 'Отдел энергоэффективности', 354, 'Новочеркасск', 1440000.00),
(433, 'Центр промышленной робототехники', 175, 'Нефтеюганск', 1490000.00),
(434, 'Лаборатория когнитивных испытаний', 192, 'Первоуральск', 1580000.00),
(435, 'Отдел безопасности производства', 120, 'Находка', 1520000.00),
(436, 'Центр дополненной реальности', 246, 'Кисловодск', 1520000.00),
(437, 'Отдел индустриальных технологий', 288, 'Салават', 1730000.00),
(438, 'Центр авиационных разработок', 116, 'Прохладный', 1740000.00),
(439, 'Отдел предсказуемых систем', 251, 'Елизово', 1450000.00),
(440, 'Центр материаловедения', 355, 'Мурманск', 1430000.00),
(441, 'Отдел оптической инженерии', 152, 'Муром', 1390000.00),
(442, 'Центр технологий виртуальной реальности', 380, 'Геленджик', 1600000.00),
(443, 'Отдел морских технологий', 208, 'Елец', 1420000.00),
(444, 'Центр анимационных решений', 248, 'Рославль', 1670000.00),
(445, 'Отдел данных и энергии', 139, 'Асбест', 1680000.00),
(446, 'Центр безопасных разработок', 217, 'Воронеж', 1540000.00),
(447, 'Отдел технологических инноваций', 221, 'Рубцовск', 1640000.00),
(448, 'Лаборатория анализа информации', 200, 'Калуга', 1720000.00),
(449, 'Центр зеленой энергетики', 315, 'Бийск', 1480000.00),
(450, 'Отдел мультисенсорных приложений', 272, 'Костомукша', 1410000.00),
(451, 'Центр цифрового составления', 318, 'Вологда', 1690000.00),
(452, 'Отдел промышленной безопасности', 294, 'Челябинск', 1580000.00),
(453, 'Центр IT-систем', 338, 'Калуга', 1700000.00),
(454, 'Отдел оценки эффективности', 165, 'Луховицы', 1620000.00),
(455, 'Лаборатория цифрового мониторинга', 166, 'Дубна', 1740000.00),
(456, 'Центр стратегического развития', 289, 'Сургут', 1710000.00),
(457, 'Отдел биометрических исследований', 348, 'Обнинск', 1550000.00),
(458, 'Центр стратегической политики', 200, 'Махачкала', 1420000.00),
(459, 'Отдел урбанистической эволюции', 276, 'Мирный', 1500000.00),
(460, 'Центр систем энергетики', 382, 'Южно-Сахалинск', 1660000.00),
(461, 'Отдел стратегического управления', 367, 'Тюмень', 1500000.00),
(462, 'Центр медицинских инициатив', 283, 'Самара', 1540000.00),
(463, 'Отдел анализа трехмерных данных', 281, 'Санкт-Петербург', 1520000.00),
(464, 'Центр междисциплинарных исследований', 371, 'Рыбинск', 1690000.00),
(465, 'Отдел передового машиностроения', 196, 'Кондопога', 1470000.00),
(466, 'Центр продуктовых инноваций', 235, 'Анапа', 1590000.00),
(467, 'Отдел городской морфологии', 293, 'Курган', 1490000.00),
(468, 'Центр современных технологий', 117, 'Киров', 1430000.00),
(469, 'Отдел устойчивого проектирования', 298, 'Чебоксары', 1600000.00),
(470, 'Центр прикладных биотехнологий', 227, 'Симферополь', 1680000.00),
(471, 'Отдел цифрового моделирования', 156, 'Севастополь', 1570000.00),
(472, 'Отдел промышленных приложений', 282, 'Калiningрад', 1560000.00),
(473, 'Центр промышленного дизайна', 322, 'Армавир', 1640000.00),
(474, 'Отдел глубоководных исследований', 324, 'Выборг', 1690000.00),
(475, 'Центр высоких технологий', 112, 'Пятигорск', 1610000.00),
(476, 'Отдел цифровых практик', 398, 'Сергиев Посад', 1420000.00),
(477, 'Центр сетевых инноваций', 159, 'Абакан', 1550000.00),
(478, 'Отдел материального проектирования', 221, 'Новосибирск', 1730000.00),
(479, 'Центр развития цифровой экономики', 168, 'Каменск-Уральский', 1590000.00),
(480, 'Отдел промышленного анализа', 236, 'Альметьевск', 1580000.00),
(481, 'Центр лазерной инженерии', 387, 'Чайковский', 1430000.00),
(482, 'Отдел гражданского проектирования', 162, 'Тихвин', 1620000.00),
(483, 'Центр культурной политики', 279, 'Колпино', 1510000.00),
(484, 'Отдел цифровой анатомии', 183, 'Мытищи', 1460000.00),
(485, 'Центр развития инженерной мысли', 332, 'Дмитров', 1680000.00),
(486, 'Отдел антикризисных решений', 352, 'Ноябрьск', 1580000.00),
(487, 'Центр когнитивных разработок', 159, 'Гатчина', 1490000.00),
(488, 'Отдел полимерных материалов', 186, 'Ессентуки', 1620000.00),
(489, 'Центр урбанистических трансформаций', 133, 'Великие Луки', 1570000.00),
(490, 'Отдел развития сетевой инфраструктуры', 254, 'Бердск', 1530000.00),
(491, 'Центр интеллектуальной экономики', 243, 'Волжский', 1470000.00),
(492, 'Отдел биокомпьютерных исследований', 136, 'Юрга', 1590000.00),
(493, 'Центр мультимедийных концепций', 335, 'Екатеринбург', 1610000.00),
(494, 'Отдел инновационных материалов', 266, 'Углич', 1730000.00),
(495, 'Центр конструктивных решений', 317, 'Великий Новгород', 1550000.00),
(496, 'Отдел систем инженерной безопасности', 164, 'Рошаль', 1700000.00),
(497, 'Центр анализа буровых результатов', 295, 'Арзамас', 1440000.00),
(498, 'Отдел цифрового моделирования', 193, 'Прохладный', 1580000.00),
(499, 'Центр применения материаловедения', 289, 'Апатиты', 1640000.00),
(500, 'Отдел промышленной робототехники', 131, 'Сольвычегодск', 1620000.00);

ALTER TABLE Employees ADD CONSTRAINT fk_employees_departments
FOREIGN KEY (DepartmentID) REFERENCES Departments(DepartmentID);


INSERT INTO Equipment (EquipmentID, EquipmentName, PurchaseDate, Cost, SupplierID, MaintenanceSchedule, Status) VALUES
(101, 'Бульдозер X1', '2022-01-15', 500000.00, 217, 'ежемесячная', 'в эксплуатации'),
(102, 'Экскаватор Y2', '2022-02-10', 750000.00, 7, 'ежеквартальная', 'в ремонте'),
(103, 'Кран Z3', '2023-03-05', 1200000.00, 215, 'ежегодная', 'в эксплуатации'),
(104, 'Трактор V4', '2021-11-20', 320000.00, 157, 'ежегодная', 'на складе'),
(105, 'Грузовик S5', '2023-04-18', 420000.00, 222, 'ежеквартальная', 'в эксплуатации'),
(106, 'Погрузчик T6', '2021-08-30', 300000.00, 117, 'ежемесячная', 'в эксплуатации'),
(107, 'Самосвал U7', '2020-05-25', 600000.00, 15, 'ежегодная', 'в ремонте'),
(108, 'Культиватор W8', '2022-06-11', 230000.00, 281, 'ежеквартальная', 'на складе'),
(109, 'Каток R9', '2021-09-15', 150000.00, 59, 'ежеквартальная', 'в эксплуатации'),
(110, 'Бетоносмеситель E10', '2023-07-25', 680000.00, 188, 'ежемесячная', 'в эксплуатации'),
(111, 'Бульдозер F11', '2023-02-28', 510000.00, 272, 'ежемесячная', 'в эксплуатации'),
(112, 'Экскаватор G12', '2022-03-15', 760000.00, 115, 'ежеквартальная', 'в ремонте'),
(113, 'Кран H13', '2023-05-20', 1210000.00, 40, 'ежегодная', 'в эксплуатации'),
(114, 'Трактор I14', '2021-12-10', 330000.00, 154, 'ежегодная', 'на складе'),
(115, 'Грузовик J15', '2023-06-18', 430000.00, 83, 'ежеквартальная', 'в эксплуатации'),
(116, 'Погрузчик K16', '2021-10-01', 310000.00, 298, 'ежемесячная', 'в эксплуатации'),
(117, 'Самосвал L17', '2020-07-07', 610000.00, 36, 'ежегодная', 'в ремонте'),
(118, 'Культиватор M18', '2022-08-25', 240000.00, 208, 'ежеквартальная', 'на складе'),
(119, 'Каток N19', '2021-11-19', 160000.00, 86, 'ежеквартальная', 'в эксплуатации'),
(120, 'Бетоносмеситель O20', '2023-01-02', 690000.00, 56, 'ежемесячная', 'в эксплуатации'),
(121, 'Бульдозер P21', '2023-03-27', 520000.00, 199, 'ежемесячная', 'в эксплуатации'),
(122, 'Экскаватор Q22', '2022-04-12', 770000.00, 79, 'ежеквартальная', 'в ремонте'),
(123, 'Кран R23', '2023-06-17', 1220000.00, 107, 'ежегодная', 'в эксплуатации'),
(124, 'Трактор S24', '2021-09-05', 340000.00, 25, 'ежегодная', 'на складе'),
(125, 'Грузовик T25', '2023-07-15', 440000.00, 242, 'ежеквартальная', 'в эксплуатации'),
(126, 'Погрузчик U26', '2021-11-25', 320000.00, 104, 'ежемесячная', 'в эксплуатации'),
(127, 'Самосвал V27', '2020-08-06', 620000.00, 40, 'ежегодная', 'в ремонте'),
(128, 'Культиватор W28', '2022-07-19', 250000.00, 219, 'ежеквартальная', 'на складе'),
(129, 'Каток X29', '2021-10-30', 170000.00, 209, 'ежеквартальная', 'в эксплуатации'),
(130, 'Бетоносмеситель Y30', '2023-02-14', 700000.00, 142, 'ежемесячная', 'в эксплуатации'),
(131, 'Бульдозер Z31', '2023-05-05', 530000.00, 183, 'ежемесячная', 'в эксплуатации'),
(132, 'Экскаватор A32', '2022-06-22', 780000.00, 215, 'ежеквартальная', 'в ремонте'),
(133, 'Кран B33', '2023-07-30', 1230000.00, 185, 'ежегодная', 'в эксплуатации'),
(134, 'Трактор C34', '2021-12-21', 350000.00, 209, 'ежегодная', 'на складе'),
(135, 'Грузовик D35', '2023-01-15', 450000.00, 172, 'ежеквартальная', 'в эксплуатации'),
(136, 'Погрузчик E36', '2021-11-10', 330000.00, 239, 'ежемесячная', 'в эксплуатации'),
(137, 'Самосвал F37', '2020-09-17', 630000.00, 247, 'ежегодная', 'в ремонте'),
(138, 'Культиватор G38', '2022-08-23', 260000.00, 88, 'ежеквартальная', 'на складе'),
(139, 'Каток H39', '2021-11-28', 180000.00, 289, 'ежеквартальная', 'в эксплуатации'),
(140, 'Бетоносмеситель I40', '2023-03-12', 710000.00, 9, 'ежемесячная', 'в эксплуатации'),
(141, 'Бульдозер J41', '2023-06-08', 540000.00, 14, 'ежемесячная', 'в эксплуатации'),
(142, 'Экскаватор K42', '2022-05-13', 790000.00, 126, 'ежеквартальная', 'в ремонте'),
(143, 'Кран L43', '2023-08-20', 1240000.00, 102, 'ежегодная', 'в эксплуатации'),
(144, 'Трактор M44', '2021-10-24', 360000.00, 267, 'ежегодная', 'на складе'),
(145, 'Грузовик N45', '2023-02-18', 460000.00, 54, 'ежеквартальная', 'в эксплуатации'),
(146, 'Погрузчик O46', '2021-12-14', 340000.00, 2, 'ежемесячная', 'в эксплуатации'),
(147, 'Самосвал P47', '2020-10-08', 640000.00, 288, 'ежегодная', 'в ремонте'),
(148, 'Культиватор Q48', '2022-09-27', 270000.00, 234, 'ежеквартальная', 'на складе'),
(149, 'Каток R49', '2021-12-31', 190000.00, 232, 'ежеквартальная', 'в эксплуатации'),
(150, 'Бетоносмеситель S50', '2023-04-07', 720000.00, 190, 'ежемесячная', 'в эксплуатации'),
(151, 'Бульдозер T51', '2023-07-09', 550000.00, 217, 'ежемесячная', 'в эксплуатации'),
(152, 'Экскаватор U52', '2022-06-01', 800000.00, 189, 'ежеквартальная', 'в ремонте'),
(153, 'Кран V53', '2023-09-16', 1250000.00, 15, 'ежегодная', 'в эксплуатации'),
(154, 'Трактор W54', '2021-11-05', 370000.00, 72, 'ежегодная', 'на складе'),
(155, 'Грузовик X55', '2023-03-24', 470000.00, 82, 'ежеквартальная', 'в эксплуатации'),
(156, 'Погрузчик Y56', '2021-12-20', 350000.00, 167, 'ежемесячная', 'в эксплуатации'),
(157, 'Самосвал Z57', '2020-11-12', 650000.00, 115, 'ежегодная', 'в ремонте'),
(158, 'Культиватор A58', '2022-10-19', 280000.00, 62, 'ежеквартальная', 'на складе'),
(159, 'Каток B59', '2021-01-29', 200000.00, 273, 'ежеквартальная', 'в эксплуатации'),
(160, 'Бетоносмеситель C60', '2023-05-11', 730000.00, 234, 'ежемесячная', 'в эксплуатации'),
(161, 'Бульдозер D61', '2023-08-13', 560000.00, 37, 'ежемесячная', 'в эксплуатации'),
(162, 'Экскаватор E62', '2022-07-02', 810000.00, 67, 'ежеквартальная', 'в ремонте'),
(163, 'Кран F63', '2023-10-22', 1260000.00, 2, 'ежегодная', 'в эксплуатации'),
(164, 'Трактор G64', '2021-12-15', 380000.00, 50, 'ежегодная', 'на складе'),
(165, 'Грузовик H65', '2023-04-27', 480000.00, 156, 'ежеквартальная', 'в эксплуатации'),
(166, 'Погрузчик I66', '2021-11-23', 360000.00, 7, 'ежемесячная', 'в эксплуатации'),
(167, 'Самосвал J67', '2020-01-17', 660000.00, 7, 'ежегодная', 'в ремонте'),
(168, 'Культиватор K68', '2022-11-20', 290000.00, 166, 'ежеквартальная', 'на складе'),
(169, 'Каток L69', '2021-01-08', 210000.00, 60, 'ежеквартальная', 'в эксплуатации'),
(170, 'Бетоносмеситель M70', '2023-06-05', 740000.00, 107, 'ежемесячная', 'в эксплуатации'),
(171, 'Бульдозер N71', '2023-09-18', 570000.00, 159, 'ежемесячная', 'в эксплуатации'),
(172, 'Экскаватор O72', '2022-08-14', 820000.00, 251, 'ежеквартальная', 'в ремонте'),
(173, 'Кран P73', '2023-10-25', 1270000.00, 224, 'ежегодная', 'в эксплуатации'),
(174, 'Трактор Q74', '2021-11-28', 390000.00, 64, 'ежегодная', 'на складе'),
(175, 'Грузовик R75', '2023-05-28', 490000.00, 122, 'ежеквартальная', 'в эксплуатации'),
(176, 'Погрузчик S76', '2021-12-30', 370000.00, 119, 'ежемесячная', 'в эксплуатации'),
(177, 'Самосвал T77', '2020-02-25', 670000.00, 238, 'ежегодная', 'в ремонте'),
(178, 'Культиватор U78', '2022-12-18', 300000.00, 46, 'ежеквартальная', 'на складе'),
(179, 'Каток V79', '2021-02-19', 220000.00, 290, 'ежеквартальная', 'в эксплуатации'),
(180, 'Бетоносмеситель W80', '2023-06-28', 750000.00, 133, 'ежемесячная', 'в эксплуатации'),
(181, 'Бульдозер X81', '2023-10-14', 580000.00, 151, 'ежемесячная', 'в эксплуатации'),
(182, 'Экскаватор Y82', '2022-09-11', 830000.00, 5, 'ежеквартальная', 'в ремонте'),
(183, 'Кран Z83', '2023-11-21', 1280000.00, 164, 'ежегодная', 'в эксплуатации'),
(184, 'Трактор A84', '2021-12-18', 400000.00, 229, 'ежегодная', 'на складе'),
(185, 'Грузовик B85', '2023-07-12', 500000.00, 294, 'ежеквартальная', 'в эксплуатации'),
(186, 'Погрузчик C86', '2022-01-23', 380000.00, 175, 'ежемесячная', 'в эксплуатации'),
(187, 'Самосвал D87', '2020-03-18', 680000.00, 121, 'ежегодная', 'в ремонте'),
(188, 'Культиватор E88', '2022-01-10', 310000.00, 241, 'ежеквартальная', 'на складе'),
(189, 'Каток F89', '2021-03-22', 230000.00, 34, 'ежеквартальная', 'в эксплуатации'),
(190, 'Бетоносмеситель G90', '2023-07-16', 760000.00, 171, 'ежемесячная', 'в эксплуатации'),
(191, 'Бульдозер H91', '2023-10-29', 590000.00, 71, 'ежемесячная', 'в эксплуатации'),
(192, 'Экскаватор I92', '2022-10-03', 840000.00, 112, 'ежеквартальная', 'в ремонте'),
(193, 'Кран J93', '2023-12-04', 1290000.00, 20, 'ежегодная', 'в эксплуатации'),
(194, 'Трактор K94', '2021-11-10', 410000.00, 4, 'ежегодная', 'на складе'),
(195, 'Грузовик L95', '2023-08-24', 510000.00, 220, 'ежеквартальная', 'в эксплуатации'),
(196, 'Погрузчик M96', '2022-02-25', 390000.00, 132, 'ежемесячная', 'в эксплуатации'),
(197, 'Самосвал N97', '2020-04-28', 690000.00, 88, 'ежегодная', 'в ремонте'),
(198, 'Культиватор O98', '2022-02-01', 320000.00, 148, 'ежеквартальная', 'на складе'),
(199, 'Каток P99', '2021-04-06', 240000.00, 100, 'ежеквартальная', 'в эксплуатации'),
(200, 'Бетоносмеситель Q100', '2023-08-09', 770000.00, 67, 'ежемесячная', 'в эксплуатации'),
(201, 'Бульдозер R101', '2023-01-20', 580000.00, 274, 'ежемесячная', 'в ремонте'),
(202, 'Экскаватор S102', '2022-07-14', 790000.00, 40, 'ежеквартальная', 'на складе'),
(203, 'Кран T103', '2023-02-25', 1280000.00, 20, 'ежегодная', 'в эксплуатации'),
(204, 'Трактор U104', '2021-09-18', 420000.00, 8, 'ежегодная', 'на складе'),
(205, 'Грузовик V105', '2023-04-11', 510000.00, 50, 'ежеквартальная', 'в эксплуатации'),
(206, 'Погрузчик W106', '2021-05-10', 390000.00, 79, 'ежемесячная', 'в эксплуатации'),
(207, 'Самосвал X107', '2020-06-15', 640000.00, 140, 'ежегодная', 'в ремонте'),
(208, 'Культиватор Y108', '2022-03-19', 330000.00, 12, 'ежеквартальная', 'на складе'),
(209, 'Каток Z109', '2021-07-22', 250000.00, 83, 'ежеквартальная', 'в эксплуатации'),
(210, 'Бетоносмеситель R110', '2023-08-15', 780000.00, 11, 'ежемесячная', 'в эксплуатации'),
(211, 'Бульдозер S111', '2023-02-03', 590000.00, 28, 'ежемесячная', 'в эксплуатации'),
(212, 'Экскаватор T112', '2022-08-08', 800000.00, 283, 'ежеквартальная', 'в ремонте'),
(213, 'Кран U113', '2023-06-01', 1290000.00, 56, 'ежегодная', 'в эксплуатации'),
(214, 'Трактор V114', '2021-10-12', 430000.00, 209, 'ежегодная', 'на складе'),
(215, 'Грузовик W115', '2023-07-20', 520000.00, 184, 'ежеквартальная', 'в эксплуатации'),
(216, 'Погрузчик X116', '2021-08-24', 400000.00, 146, 'ежемесячная', 'в эксплуатации'),
(217, 'Самосвал Y117', '2020-09-29', 650000.00, 21, 'ежегодная', 'в ремонте'),
(218, 'Культиватор Z118', '2022-11-05', 340000.00, 187, 'ежеквартальная', 'на складе'),
(219, 'Каток R119', '2021-06-06', 270000.00, 74, 'ежеквартальная', 'в эксплуатации'),
(220, 'Бетоносмеситель S120', '2023-09-13', 790000.00, 295, 'ежемесячная', 'в эксплуатации'),
(221, 'Бульдозер T121', '2023-03-18', 600000.00, 143, 'ежемесячная', 'в эксплуатации'),
(222, 'Экскаватор U122', '2022-04-29', 810000.00, 251, 'ежеквартальная', 'в ремонте'),
(223, 'Кран V123', '2023-09-25', 1300000.00, 168, 'ежегодная', 'в эксплуатации'),
(224, 'Трактор W124', '2021-05-01', 440000.00, 129, 'ежегодная', 'на складе'),
(225, 'Грузовик X125', '2023-06-22', 530000.00, 7, 'ежеквартальная', 'в эксплуатации'),
(226, 'Погрузчик Y126', '2021-09-15', 410000.00, 67, 'ежемесячная', 'в эксплуатации'),
(227, 'Самосвал Z127', '2020-10-11', 660000.00, 179, 'ежегодная', 'в ремонте'),
(228, 'Культиватор R128', '2022-05-23', 350000.00, 180, 'ежеквартальная', 'на складе'),
(229, 'Каток S129', '2021-02-28', 280000.00, 49, 'ежеквартальная', 'в эксплуатации'),
(230, 'Бетоносмеситель T130', '2023-04-17', 800000.00, 150, 'ежемесячная', 'в эксплуатации'),
(231, 'Бульдозер U131', '2023-05-29', 610000.00, 289, 'ежемесячная', 'в эксплуатации'),
(232, 'Экскаватор V132', '2022-06-12', 820000.00, 112, 'ежеквартальная', 'в ремонте'),
(233, 'Кран W133', '2023-11-08', 1310000.00, 287, 'ежегодная', 'в эксплуатации'),
(234, 'Трактор X134', '2021-12-04', 450000.00, 163, 'ежегодная', 'на складе'),
(235, 'Грузовик Y135', '2023-07-05', 540000.00, 285, 'ежеквартальная', 'в эксплуатации'),
(236, 'Погрузчик Z136', '2021-01-27', 420000.00, 140, 'ежемесячная', 'в эксплуатации'),
(237, 'Самосвал R137', '2020-11-17', 670000.00, 151, 'ежегодная', 'в ремонте'),
(238, 'Культиватор S138', '2022-09-28', 360000.00, 161, 'ежеквартальная', 'на складе'),
(239, 'Каток T139', '2021-03-19', 290000.00, 270, 'ежеквартальная', 'в эксплуатации'),
(240, 'Бетоносмеситель U140', '2023-10-05', 810000.00, 53, 'ежемесячная', 'в эксплуатации'),
(241, 'Бульдозер V141', '2023-02-22', 620000.00, 240, 'ежемесячная', 'в эксплуатации'),
(242, 'Экскаватор W142', '2022-03-31', 830000.00, 76, 'ежеквартальная', 'в ремонте'),
(243, 'Кран X143', '2023-05-26', 1320000.00, 246, 'ежегодная', 'в эксплуатации'),
(244, 'Трактор Y144', '2021-08-09', 460000.00, 35, 'ежегодная', 'на складе'),
(245, 'Грузовик Z145', '2023-11-10', 550000.00, 67, 'ежеквартальная', 'в эксплуатации'),
(246, 'Погрузчик R146', '2021-06-24', 430000.00, 279, 'ежемесячная', 'в эксплуатации'),
(247, 'Самосвал S147', '2020-01-25', 680000.00, 48, 'ежегодная', 'в ремонте'),
(248, 'Культиватор T148', '2022-02-15', 370000.00, 88, 'ежеквартальная', 'на складе'),
(249, 'Каток U149', '2021-07-13', 300000.00, 16, 'ежеквартальная', 'в эксплуатации'),
(250, 'Бетоносмеситель V150', '2023-09-04', 820000.00, 177, 'ежемесячная', 'в эксплуатации'),
(251, 'Бульдозер W151', '2023-04-30', 630000.00, 259, 'ежемесячная', 'в эксплуатации'),
(252, 'Экскаватор X152', '2022-12-14', 840000.00, 297, 'ежеквартальная', 'в ремонте'),
(253, 'Кран Y153', '2023-10-18', 1330000.00, 188, 'ежегодная', 'в эксплуатации'),
(254, 'Трактор Z154', '2021-11-08', 470000.00, 280, 'ежегодная', 'на складе'),
(255, 'Грузовик R155', '2023-03-08', 560000.00, 74, 'ежеквартальная', 'в эксплуатации'),
(256, 'Погрузчик S156', '2021-10-27', 440000.00, 196, 'ежемесячная', 'в эксплуатации'),
(257, 'Самосвал T157', '2020-07-02', 690000.00, 112, 'ежегодная', 'в ремонте'),
(258, 'Культиватор U158', '2022-03-17', 380000.00, 201, 'ежеквартальная', 'на складе'),
(259, 'Каток V159', '2021-04-04', 310000.00, 238, 'ежеквартальная', 'в эксплуатации'),
(260, 'Бетоносмеситель W160', '2023-08-01', 830000.00, 65, 'ежемесячная', 'в эксплуатации'),
(261, 'Бульдозер X161', '2023-06-21', 640000.00, 270, 'ежемесячная', 'в эксплуатации'),
(262, 'Экскаватор Y162', '2022-11-23', 850000.00, 145, 'ежеквартальная', 'в ремонте'),
(263, 'Кран Z163', '2023-11-29', 1340000.00, 116, 'ежегодная', 'в эксплуатации'),
(264, 'Трактор R164', '2021-09-08', 480000.00, 69, 'ежегодная', 'на складе'),
(265, 'Грузовик S165', '2023-12-21', 570000.00, 297, 'ежеквартальная', 'в эксплуатации'),
(266, 'Погрузчик T166', '2021-02-16', 450000.00, 92, 'ежемесячная', 'в эксплуатации'),
(267, 'Самосвал U167', '2020-03-21', 700000.00, 121, 'ежегодная', 'в ремонте'),
(268, 'Культиватор V168', '2022-01-02', 390000.00, 295, 'ежеквартальная', 'на складе'),
(269, 'Каток W169', '2021-06-19', 320000.00, 88, 'ежеквартальная', 'в эксплуатации'),
(270, 'Бетоносмеситель X170', '2023-05-06', 840000.00, 21, 'ежемесячная', 'в эксплуатации'),
(271, 'Бульдозер Y171', '2023-02-11', 650000.00, 3, 'ежемесячная', 'в эксплуатации'),
(272, 'Экскаватор Z172', '2022-10-25', 860000.00, 287, 'ежеквартальная', 'в ремонте'),
(273, 'Кран R173', '2023-07-29', 1350000.00, 219, 'ежегодная', 'в эксплуатации'),
(274, 'Трактор S174', '2021-08-21', 490000.00, 180, 'ежегодная', 'на складе'),
(275, 'Грузовик T175', '2023-01-30', 580000.00, 282, 'ежеквартальная', 'в эксплуатации'),
(276, 'Погрузчик U176', '2021-04-14', 460000.00, 80, 'ежемесячная', 'в эксплуатации'),
(277, 'Самосвал V177', '2020-05-07', 710000.00, 210, 'ежегодная', 'в ремонте'),
(278, 'Культиватор W178', '2022-02-20', 400000.00, 270, 'ежеквартальная', 'на складе'),
(279, 'Каток X179', '2021-12-20', 330000.00, 288, 'ежеквартальная', 'в эксплуатации'),
(280, 'Бетоносмеситель Y180', '2023-03-03', 850000.00, 19, 'ежемесячная', 'в эксплуатации'),
(281, 'Бульдозер Z181', '2023-05-12', 660000.00, 197, 'ежемесячная', 'в эксплуатации'),
(282, 'Экскаватор R182', '2022-11-17', 870000.00, 37, 'ежеквартальная', 'в ремонте'),
(283, 'Кран S183', '2023-06-24', 1360000.00, 48, 'ежегодная', 'в эксплуатации'),
(284, 'Трактор T184', '2021-08-02', 500000.00, 193, 'ежегодная', 'на складе'),
(285, 'Грузовик U185', '2023-07-19', 590000.00, 136, 'ежеквартальная', 'в эксплуатации'),
(286, 'Погрузчик V186', '2021-10-03', 470000.00, 289, 'ежемесячная', 'в эксплуатации'),
(287, 'Самосвал W187', '2020-02-14', 720000.00, 297, 'ежегодная', 'в ремонте'),
(288, 'Культиватор X188', '2022-03-10', 410000.00, 91, 'ежеквартальная', 'на складе'),
(289, 'Каток Y189', '2021-07-25', 340000.00, 247, 'ежеквартальная', 'в эксплуатации'),
(290, 'Бетоносмеситель Z190', '2023-08-06', 860000.00, 103, 'ежемесячная', 'в эксплуатации'),
(291, 'Бульдозер R191', '2023-02-19', 670000.00, 184, 'ежемесячная', 'в эксплуатации'),
(292, 'Экскаватор S192', '2022-12-05', 880000.00, 154, 'ежеквартальная', 'в ремонте'),
(293, 'Кран T193', '2023-05-22', 1370000.00, 110, 'ежегодная', 'в эксплуатации'),
(294, 'Трактор U194', '2021-09-19', 510000.00, 7, 'ежегодная', 'на складе'),
(295, 'Грузовик V195', '2023-07-28', 600000.00, 256, 'ежеквартальная', 'в эксплуатации'),
(296, 'Погрузчик W196', '2021-01-09', 480000.00, 142, 'ежемесячная', 'в эксплуатации'),
(297, 'Самосвал X197', '2020-04-21', 730000.00, 300, 'ежегодная', 'в ремонте'),
(298, 'Культиватор Y198', '2022-08-30', 420000.00, 290, 'ежеквартальная', 'на складе'),
(299, 'Каток Z199', '2021-03-15', 350000.00, 146, 'ежеквартальная', 'в эксплуатации'),
(300, 'Бетоносмеситель R200', '2023-06-15', 870000.00, 138, 'ежемесячная', 'в эксплуатации'),
(301, 'Бульдозер A201', '2023-01-23', 590000.00, 283, 'ежемесячная', 'в эксплуатации'),
(302, 'Экскаватор B202', '2022-09-15', 800000.00, 17, 'ежеквартальная', 'на складе'),
(303, 'Кран C203', '2023-03-01', 1290000.00, 44, 'ежегодная', 'в эксплуатации'),
(304, 'Трактор D204', '2021-10-17', 420000.00, 194, 'ежегодная', 'на складе'),
(305, 'Грузовик E205', '2023-05-11', 530000.00, 179, 'ежеквартальная', 'в эксплуатации'),
(306, 'Погрузчик F206', '2021-06-19', 400000.00, 156, 'ежемесячная', 'в эксплуатации'),
(307, 'Самосвал G207', '2020-07-15', 640000.00, 50, 'ежегодная', 'в ремонте'),
(308, 'Культиватор H208', '2022-04-20', 330000.00, 182, 'ежеквартальная', 'на складе'),
(309, 'Каток I209', '2021-08-24', 270000.00, 168, 'ежеквартальная', 'в эксплуатации'),
(310, 'Бетоносмеситель J210', '2023-09-07', 790000.00, 29, 'ежемесячная', 'в эксплуатации'),
(311, 'Бульдозер K211', '2023-02-11', 600000.00, 121, 'ежемесячная', 'в эксплуатации'),
(312, 'Экскаватор L212', '2022-10-18', 810000.00, 52, 'ежеквартальная', 'в ремонте'),
(313, 'Кран M213', '2023-07-09', 1300000.00, 94, 'ежегодная', 'в эксплуатации'),
(314, 'Трактор N214', '2021-11-14', 440000.00, 209, 'ежегодная', 'на складе'),
(315, 'Грузовик O215', '2023-08-15', 540000.00, 257, 'ежеквартальная', 'в эксплуатации'),
(316, 'Погрузчик P216', '2021-02-27', 410000.00, 119, 'ежемесячная', 'в эксплуатации'),
(317, 'Самосвал Q217', '2020-08-30', 650000.00, 140, 'ежегодная', 'в ремонте'),
(318, 'Культиватор R218', '2022-05-25', 340000.00, 298, 'ежеквартальная', 'на складе'),
(319, 'Каток S219', '2021-03-28', 280000.00, 31, 'ежеквартальная', 'в эксплуатации'),
(320, 'Бетоносмеситель T220', '2023-10-02', 800000.00, 246, 'ежемесячная', 'в эксплуатации'),
(321, 'Бульдозер U221', '2023-05-21', 610000.00, 229, 'ежемесячная', 'в эксплуатации'),
(322, 'Экскаватор V222', '2022-11-08', 820000.00, 299, 'ежеквартальная', 'в ремонте'),
(323, 'Кран W223', '2023-08-28', 1310000.00, 249, 'ежегодная', 'в эксплуатации'),
(324, 'Трактор X224', '2021-11-20', 450000.00, 104, 'ежегодная', 'на складе'),
(325, 'Грузовик Y225', '2023-09-12', 550000.00, 193, 'ежеквартальная', 'в эксплуатации'),
(326, 'Погрузчик Z226', '2021-01-05', 420000.00, 68, 'ежемесячная', 'в эксплуатации'),
(327, 'Самосвал A227', '2020-09-17', 660000.00, 226, 'ежегодная', 'в ремонте'),
(328, 'Культиватор B228', '2022-06-30', 350000.00, 95, 'ежеквартальная', 'на складе'),
(329, 'Каток C229', '2021-04-09', 290000.00, 287, 'ежеквартальная', 'в эксплуатации'),
(330, 'Бетоносмеситель D230', '2023-11-01', 810000.00, 53, 'ежемесячная', 'в эксплуатации'),
(331, 'Бульдозер E231', '2023-04-02', 620000.00, 15, 'ежемесячная', 'в эксплуатации'),
(332, 'Экскаватор F232', '2022-12-19', 830000.00, 184, 'ежеквартальная', 'в ремонте'),
(333, 'Кран G233', '2023-09-30', 1320000.00, 268, 'ежегодная', 'в эксплуатации'),
(334, 'Трактор H234', '2021-12-23', 460000.00, 290, 'ежегодная', 'на складе'),
(335, 'Грузовик I235', '2023-11-10', 560000.00, 258, 'ежеквартальная', 'в эксплуатации'),
(336, 'Погрузчик J236', '2021-02-05', 440000.00, 186, 'ежемесячная', 'в эксплуатации'),
(337, 'Самосвал K237', '2020-10-20', 670000.00, 42, 'ежегодная', 'в ремонте'),
(338, 'Культиватор L238', '2022-07-30', 360000.00, 286, 'ежеквартальная', 'на складе'),
(339, 'Каток M239', '2021-05-05', 300000.00, 215, 'ежеквартальная', 'в эксплуатации'),
(340, 'Бетоносмеситель N240', '2023-12-20', 820000.00, 300, 'ежемесячная', 'в эксплуатации'),
(341, 'Бульдозер O241', '2023-03-18', 630000.00, 195, 'ежемесячная', 'в эксплуатации'),
(342, 'Экскаватор P242', '2022-10-05', 840000.00, 258, 'ежеквартальная', 'в ремонте'),
(343, 'Кран Q243', '2023-10-29', 1330000.00, 156, 'ежегодная', 'в эксплуатации'),
(344, 'Трактор R244', '2021-10-28', 470000.00, 14, 'ежегодная', 'на складе'),
(345, 'Грузовик S245', '2023-12-12', 570000.00, 223, 'ежеквартальная', 'в эксплуатации'),
(346, 'Погрузчик T246', '2021-06-01', 450000.00, 2, 'ежемесячная', 'в эксплуатации'),
(347, 'Самосвал U247', '2020-08-28', 680000.00, 132, 'ежегодная', 'в ремонте'),
(348, 'Культиватор V248', '2022-08-10', 370000.00, 31, 'ежеквартальная', 'на складе'),
(349, 'Каток W249', '2021-02-16', 310000.00, 299, 'ежеквартальная', 'в эксплуатации'),
(350, 'Бетоносмеситель X250', '2023-11-04', 830000.00, 271, 'ежемесячная', 'в эксплуатации'),
(351, 'Бульдозер Y251', '2023-05-29', 640000.00, 148, 'ежемесячная', 'в эксплуатации'),
(352, 'Экскаватор Z252', '2022-11-22', 850000.00, 13, 'ежеквартальная', 'в ремонте'),
(353, 'Кран A253', '2023-08-31', 1340000.00, 62, 'ежегодная', 'в эксплуатации'),
(354, 'Трактор B254', '2021-12-07', 480000.00, 109, 'ежегодная', 'на складе'),
(355, 'Грузовик C255', '2023-09-15', 580000.00, 173, 'ежеквартальная', 'в эксплуатации'),
(356, 'Погрузчик D256', '2021-03-11', 460000.00, 152, 'ежемесячная', 'в эксплуатации'),
(357, 'Самосвал E257', '2020-09-23', 690000.00, 241, 'ежегодная', 'в ремонте'),
(358, 'Культиватор F258', '2022-09-06', 380000.00, 167, 'ежеквартальная', 'на складе'),
(359, 'Каток G259', '2021-07-02', 320000.00, 172, 'ежеквартальная', 'в эксплуатации'),
(360, 'Бетоносмеситель H260', '2023-10-30', 840000.00, 49, 'ежемесячная', 'в эксплуатации'),
(361, 'Бульдозер I261', '2023-06-16', 650000.00, 71, 'ежемесячная', 'в эксплуатации'),
(362, 'Экскаватор J262', '2022-12-12', 860000.00, 125, 'ежеквартальная', 'в ремонте'),
(363, 'Кран K263', '2023-07-07', 1350000.00, 105, 'ежегодная', 'в эксплуатации'),
(364, 'Трактор L264', '2021-09-03', 490000.00, 198, 'ежегодная', 'на складе'),
(365, 'Грузовик M265', '2023-11-11', 590000.00, 279, 'ежеквартальная', 'в эксплуатации'),
(366, 'Погрузчик N266', '2021-04-18', 470000.00, 167, 'ежемесячная', 'в эксплуатации'),
(367, 'Самосвал O267', '2020-06-22', 700000.00, 274, 'ежегодная', 'в ремонте'),
(368, 'Культиватор P268', '2022-11-26', 390000.00, 188, 'ежеквартальная', 'на складе'),
(369, 'Каток Q269', '2021-08-19', 330000.00, 151, 'ежеквартальная', 'в эксплуатации'),
(370, 'Бетоносмеситель R270', '2023-12-28', 850000.00, 35, 'ежемесячная', 'в эксплуатации'),
(371, 'Бульдозер S271', '2023-01-09', 660000.00, 61, 'ежемесячная', 'в эксплуатации'),
(372, 'Экскаватор T272', '2022-10-30', 870000.00, 233, 'ежеквартальная', 'в ремонте'),
(373, 'Кран U273', '2023-08-03', 1360000.00, 30, 'ежегодная', 'в эксплуатации'),
(374, 'Трактор V274', '2021-11-15', 500000.00, 219, 'ежегодная', 'на складе'),
(375, 'Грузовик W275', '2023-06-25', 600000.00, 23, 'ежеквартальная', 'в эксплуатации'),
(376, 'Погрузчик X276', '2021-01-12', 480000.00, 14, 'ежемесячная', 'в эксплуатации'),
(377, 'Самосвал Y277', '2020-10-09', 710000.00, 50, 'ежегодная', 'в ремонте'),
(378, 'Культиватор Z278', '2022-09-14', 400000.00, 57, 'ежеквартальная', 'на складе'),
(379, 'Каток A279', '2021-05-29', 340000.00, 121, 'ежеквартальная', 'в эксплуатации'),
(380, 'Бетоносмеситель B280', '2023-12-24', 860000.00, 205, 'ежемесячная', 'в эксплуатации'),
(381, 'Бульдозер C281', '2023-04-30', 670000.00, 121, 'ежемесячная', 'в эксплуатации'),
(382, 'Экскаватор D282', '2022-07-26', 880000.00, 132, 'ежеквартальная', 'в ремонте'),
(383, 'Кран E283', '2023-09-22', 1370000.00, 65, 'ежегодная', 'в эксплуатации'),
(384, 'Трактор F284', '2021-10-18', 510000.00, 250, 'ежегодная', 'на складе'),
(385, 'Грузовик G285', '2023-11-04', 610000.00, 255, 'ежеквартальная', 'в эксплуатации'),
(386, 'Погрузчик H286', '2021-12-11', 490000.00, 161, 'ежемесячная', 'в эксплуатации'),
(387, 'Самосвал I287', '2020-07-08', 720000.00, 34, 'ежегодная', 'в ремонте'),
(388, 'Культиватор J288', '2022-08-19', 410000.00, 101, 'ежеквартальная', 'на складе'),
(389, 'Каток K289', '2021-06-03', 350000.00, 270, 'ежеквартальная', 'в эксплуатации'),
(390, 'Бетоносмеситель L290', '2023-10-15', 870000.00, 146, 'ежемесячная', 'в эксплуатации'),
(391, 'Бульдозер M291', '2023-05-09', 680000.00, 220, 'ежемесячная', 'в эксплуатации'),
(392, 'Экскаватор N292', '2022-11-11', 890000.00, 8, 'ежеквартальная', 'в ремонте'),
(393, 'Кран O293', '2023-07-16', 1380000.00, 178, 'ежегодная', 'в эксплуатации'),
(394, 'Трактор P294', '2021-09-14', 520000.00, 191, 'ежегодная', 'на складе'),
(395, 'Грузовик Q295', '2023-08-18', 620000.00, 282, 'ежеквартальная', 'в эксплуатации'),
(396, 'Погрузчик R296', '2021-02-20', 500000.00, 115, 'ежемесячная', 'в эксплуатации'),
(397, 'Самосвал S297', '2020-11-25', 730000.00, 294, 'ежегодная', 'в ремонте'),
(398, 'Культиватор T298', '2022-06-15', 420000.00, 189, 'ежеквартальная', 'на складе'),
(399, 'Каток U299', '2021-07-21', 360000.00, 210, 'ежеквартальная', 'в эксплуатации'),
(400, 'Бетоносмеситель V300', '2023-11-06', 880000.00, 229, 'ежемесячная', 'в эксплуатации'),
(401, 'Бульдозер W301', '2023-06-01', 590000.00, 258, 'ежемесячная', 'в эксплуатации'),
(402, 'Экскаватор X302', '2022-04-17', 800000.00, 52, 'ежеквартальная', 'в ремонте'),
(403, 'Кран Y303', '2023-07-13', 1280000.00, 66, 'ежегодная', 'в эксплуатации'),
(404, 'Трактор Z304', '2021-09-25', 410000.00, 46, 'ежегодная', 'на складе'),
(405, 'Грузовик R305', '2023-07-24', 520000.00, 170, 'ежеквартальная', 'в эксплуатации'),
(406, 'Погрузчик S306', '2021-05-29', 390000.00, 9, 'ежемесячная', 'в эксплуатации'),
(407, 'Самосвал T307', '2020-06-30', 640000.00, 102, 'ежегодная', 'в ремонте'),
(408, 'Культиватор U308', '2022-04-09', 340000.00, 254, 'ежеквартальная', 'на складе'),
(409, 'Каток V309', '2021-07-08', 280000.00, 113, 'ежеквартальная', 'в эксплуатации'),
(410, 'Бетоносмеситель W310', '2023-08-19', 800000.00, 160, 'ежемесячная', 'в эксплуатации'),
(411, 'Бульдозер X311', '2023-03-10', 600000.00, 171, 'ежемесячная', 'в эксплуатации'),
(412, 'Экскаватор Y312', '2022-05-11', 810000.00, 243, 'ежеквартальная', 'в ремонте'),
(413, 'Кран Z313', '2023-07-28', 1300000.00, 86, 'ежегодная', 'в эксплуатации'),
(414, 'Трактор A314', '2021-10-22', 420000.00, 231, 'ежегодная', 'на складе'),
(415, 'Грузовик B315', '2023-09-08', 530000.00, 287, 'ежеквартальная', 'в эксплуатации'),
(416, 'Погрузчик C316', '2021-06-16', 400000.00, 66, 'ежемесячная', 'в эксплуатации'),
(417, 'Самосвал D317', '2020-07-25', 650000.00, 20, 'ежегодная', 'в ремонте'),
(418, 'Культиватор E318', '2022-05-31', 350000.00, 130, 'ежеквартальная', 'на складе'),
(419, 'Каток F319', '2021-08-16', 290000.00, 261, 'ежеквартальная', 'в эксплуатации'),
(420, 'Бетоносмеситель G320', '2023-10-09', 790000.00, 67, 'ежемесячная', 'в эксплуатации'),
(421, 'Бульдозер H321', '2023-04-17', 610000.00, 68, 'ежемесячная', 'в эксплуатации'),
(422, 'Экскаватор I322', '2022-12-04', 820000.00, 148, 'ежеквартальная', 'в ремонте'),
(423, 'Кран J323', '2023-11-12', 1310000.00, 298, 'ежегодная', 'в эксплуатации'),
(424, 'Трактор K324', '2021-11-23', 450000.00, 284, 'ежегодная', 'на складе'),
(425, 'Грузовик L325', '2023-09-20', 550000.00, 285, 'ежеквартальная', 'в эксплуатации'),
(426, 'Погрузчик M326', '2021-07-05', 420000.00, 12, 'ежемесячная', 'в эксплуатации'),
(427, 'Самосвал N327', '2020-10-14', 660000.00, 260, 'ежегодная', 'в ремонте'),
(428, 'Культиватор O328', '2022-06-18', 360000.00, 220, 'ежеквартальная', 'на складе'),
(429, 'Каток P329', '2021-05-22', 300000.00, 146, 'ежеквартальная', 'в эксплуатации'),
(430, 'Бетоносмеситель Q330', '2023-09-26', 810000.00, 93, 'ежемесячная', 'в эксплуатации'),
(431, 'Бульдозер R331', '2023-03-15', 620000.00, 110, 'ежемесячная', 'в эксплуатации'),
(432, 'Экскаватор S332', '2022-11-02', 830000.00, 284, 'ежеквартальная', 'в ремонте'),
(433, 'Кран T333', '2023-10-07', 1320000.00, 62, 'ежегодная', 'в эксплуатации'),
(434, 'Трактор U334', '2021-12-09', 460000.00, 19, 'ежегодная', 'на складе'),
(435, 'Грузовик V335', '2023-11-22', 560000.00, 55, 'ежеквартальная', 'в эксплуатации'),
(436, 'Погрузчик W336', '2021-08-01', 440000.00, 242, 'ежемесячная', 'в эксплуатации'),
(437, 'Самосвал X337', '2020-11-03', 670000.00, 255, 'ежегодная', 'в ремонте'),
(438, 'Культиватор Y338', '2022-07-11', 370000.00, 156, 'ежеквартальная', 'на складе'),
(439, 'Каток Z339', '2021-04-25', 310000.00, 117, 'ежеквартальная', 'в эксплуатации'),
(440, 'Бетоносмеситель R340', '2023-05-04', 820000.00, 113, 'ежемесячная', 'в эксплуатации'),
(441, 'Бульдозер S341', '2023-06-20', 630000.00, 134, 'ежемесячная', 'в эксплуатации'),
(442, 'Экскаватор T342', '2022-09-02', 840000.00, 173, 'ежеквартальная', 'в ремонте'),
(443, 'Кран U343', '2023-08-13', 1330000.00, 218, 'ежегодная', 'в эксплуатации'),
(444, 'Трактор V344', '2021-11-17', 470000.00, 172, 'ежегодная', 'на складе'),
(445, 'Грузовик W345', '2023-12-30', 570000.00, 249, 'ежеквартальная', 'в эксплуатации'),
(446, 'Погрузчик X346', '2021-09-29', 450000.00, 57, 'ежемесячная', 'в эксплуатации'),
(447, 'Самосвал Y347', '2020-08-18', 680000.00, 295, 'ежегодная', 'в ремонте'),
(448, 'Культиватор Z348', '2022-07-25', 380000.00, 144, 'ежеквартальная', 'на складе'),
(449, 'Каток A349', '2021-04-12', 320000.00, 240, 'ежеквартальная', 'в эксплуатации'),
(450, 'Бетоносмеситель B350', '2023-10-19', 830000.00, 261, 'ежемесячная', 'в эксплуатации'),
(451, 'Бульдозер C351', '2023-01-02', 640000.00, 234, 'ежемесячная', 'в эксплуатации'),
(452, 'Экскаватор D352', '2022-03-26', 850000.00, 114, 'ежеквартальная', 'в ремонте'),
(453, 'Кран E353', '2023-07-20', 1340000.00, 282, 'ежегодная', 'в эксплуатации'),
(454, 'Трактор F354', '2021-05-28', 480000.00, 294, 'ежегодная', 'на складе'),
(455, 'Грузовик G355', '2023-09-06', 580000.00, 161, 'ежеквартальная', 'в эксплуатации'),
(456, 'Погрузчик H356', '2021-07-14', 460000.00, 125, 'ежемесячная', 'в эксплуатации'),
(457, 'Самосвал I357', '2020-09-30', 690000.00, 75, 'ежегодная', 'в ремонте'),
(458, 'Культиватор J358', '2022-03-18', 390000.00, 42, 'ежеквартальная', 'на складе'),
(459, 'Каток K359', '2021-05-07', 330000.00, 220, 'ежеквартальная', 'в эксплуатации'),
(460, 'Бетоносмеситель L360', '2023-09-01', 840000.00, 250, 'ежемесячная', 'в эксплуатации'),
(461, 'Бульдозер M361', '2023-07-11', 650000.00, 119, 'ежемесячная', 'в эксплуатации'),
(462, 'Экскаватор N362', '2022-10-16', 860000.00, 58, 'ежеквартальная', 'в ремонте'),
(463, 'Кран O363', '2023-11-14', 1350000.00, 203, 'ежегодная', 'в эксплуатации'),
(464, 'Трактор P364', '2021-06-22', 490000.00, 105, 'ежегодная', 'на складе'),
(465, 'Грузовик Q365', '2023-08-23', 590000.00, 171, 'ежеквартальная', 'в эксплуатации'),
(466, 'Погрузчик R366', '2021-06-17', 470000.00, 115, 'ежемесячная', 'в эксплуатации'),
(467, 'Самосвал S367', '2020-09-22', 700000.00, 79, 'ежегодная', 'в ремонте'),
(468, 'Культиватор T368', '2022-05-20', 400000.00, 63, 'ежеквартальная', 'на складе'),
(469, 'Каток U369', '2021-07-04', 340000.00, 2, 'ежеквартальная', 'в эксплуатации'),
(470, 'Бетоносмеситель V370', '2023-09-05', 850000.00, 242, 'ежемесячная', 'в эксплуатации'),
(471, 'Бульдозер W371', '2023-08-02', 660000.00, 224, 'ежемесячная', 'в эксплуатации'),
(472, 'Экскаватор X372', '2022-11-27', 870000.00, 295, 'ежеквартальная', 'в ремонте'),
(473, 'Кран Y373', '2023-04-29', 1360000.00, 99, 'ежегодная', 'в эксплуатации'),
(474, 'Трактор Z374', '2021-09-07', 500000.00, 163, 'ежегодная', 'на складе'),
(475, 'Грузовик A375', '2023-10-28', 600000.00, 250, 'ежеквартальная', 'в эксплуатации'),
(476, 'Погрузчик B376', '2021-03-26', 480000.00, 171, 'ежемесячная', 'в эксплуатации'),
(477, 'Самосвал C377', '2020-11-26', 710000.00, 208, 'ежегодная', 'в ремонте'),
(478, 'Культиватор D378', '2022-07-17', 410000.00, 15, 'ежеквартальная', 'на складе'),
(479, 'Каток E379', '2021-08-12', 350000.00, 53, 'ежеквартальная', 'в эксплуатации'),
(480, 'Бетоносмеситель F380', '2023-08-16', 860000.00, 21, 'ежемесячная', 'в эксплуатации'),
(481, 'Бульдозер G381', '2023-03-28', 670000.00, 2, 'ежемесячная', 'в эксплуатации'),
(482, 'Экскаватор H382', '2022-10-22', 880000.00, 8, 'ежеквартальная', 'в ремонте'),
(483, 'Кран I383', '2023-08-04', 1370000.00, 275, 'ежегодная', 'в эксплуатации'),
(484, 'Трактор J384', '2021-07-19', 510000.00, 91, 'ежегодная', 'на складе'),
(485, 'Грузовик K385', '2023-09-13', 610000.00, 293, 'ежеквартальная', 'в эксплуатации'),
(486, 'Погрузчик L386', '2021-05-01', 490000.00, 66, 'ежемесячная', 'в эксплуатации'),
(487, 'Самосвал M387', '2020-12-01', 720000.00, 198, 'ежегодная', 'в ремонте'),
(488, 'Культиватор N388', '2022-04-14', 420000.00, 71, 'ежеквартальная', 'на складе'),
(489, 'Каток O389', '2021-09-30', 360000.00, 54, 'ежеквартальная', 'в эксплуатации'),
(490, 'Бетоносмеситель P390', '2023-02-08', 870000.00, 85, 'ежемесячная', 'в эксплуатации'),
(491, 'Бульдозер Q391', '2023-07-02', 680000.00, 171, 'ежемесячная', 'в эксплуатации'),
(492, 'Экскаватор R392', '2022-09-12', 890000.00, 138, 'ежеквартальная', 'в ремонте'),
(493, 'Кран S393', '2023-03-27', 1380000.00, 260, 'ежегодная', 'в эксплуатации'),
(494, 'Трактор T394', '2021-12-14', 520000.00, 182, 'ежегодная', 'на складе'),
(495, 'Грузовик U395', '2023-06-14', 620000.00, 237, 'ежеквартальная', 'в эксплуатации'),
(496, 'Погрузчик V396', '2021-01-15', 500000.00, 243, 'ежемесячная', 'в эксплуатации'),
(497, 'Самосвал W397', '2020-02-29', 730000.00, 113, 'ежегодная', 'в ремонте'),
(498, 'Культиватор X398', '2022-03-30', 430000.00, 119, 'ежеквартальная', 'на складе'),
(499, 'Каток Y399', '2021-06-20', 370000.00, 128, 'ежеквартальная', 'в эксплуатации'),
(500, 'Бетоносмеситель Z400', '2023-11-11', 880000.00, 140, 'ежемесячная', 'в эксплуатации');


INSERT INTO Permits (PermitID, ProjectID, PermitType, IssuedDate, ExpiryDate, IssuingAuthority, Status) VALUES
(101, 104, 'Строительный', '2023-01-15', '2024-01-15', 'Московская городская архитектура', 'Действующий'),
(102, 323, 'Экологический', '2023-02-20', '2024-02-20', 'Министерство природных ресурсов', 'Ожидает проверки'),
(103, 261, 'Пожарный', '2023-03-10', '2024-03-10', 'Министерство по чрезвычайным ситуациям', 'Одобрено'),
(104, 404, 'Строительный', '2023-04-18', '2024-04-18', 'Комитет по строительству Санкт-Петербурга', 'Действующий'),
(105, 195, 'Экологический', '2023-05-25', '2024-05-25', 'Министерство природы РФ', 'Отменен'),
(106, 359, 'Пожарный', '2023-06-30', '2024-06-30', 'Государственная противопожарная служба', 'Действующий'),
(107, 192, 'Строительный', '2023-07-08', '2024-07-08', 'Управление архитектуры Казани', 'Действующий'),
(108, 239, 'Экологический', '2023-08-15', '2024-08-15', 'Экологическая инспекция', 'Ожидает проверки'),
(109, 265, 'Пожарный', '2023-09-22', '2024-09-22', 'Министерство по чрезвычайным ситуациям', 'Одобрено'),
(110, 318, 'Строительный', '2023-10-05', '2024-10-05', 'Архитектурный отдел Екатеринбурга', 'Действующий'),
(111, 214, 'Экологический', '2023-11-10', '2024-11-10', 'Министерство природных ресурсов РФ', 'Ожидает проверки'),
(112, 135, 'Пожарный', '2023-12-18', '2024-12-18', 'Государственная противопожарная служба', 'Одобрено'),
(113, 380, 'Строительный', '2024-01-12', '2025-01-12', 'Архитектурное бюро Новосибирска', 'Действующий'),
(114, 375, 'Экологический', '2024-02-09', '2025-02-09', 'Природоохранный комитет', 'Ожидает проверки'),
(115, 244, 'Пожарный', '2024-03-15', '2025-03-15', 'Министерство по чрезвычайным ситуациям', 'Одобрено'),
(116, 151, 'Строительный', '2024-04-20', '2025-04-20', 'Комитет архитектуры Челябинска', 'Действующий'),
(117, 397, 'Экологический', '2024-05-25', '2025-05-25', 'Министерство экологии и природных ресурсов', 'Ожидает проверки'),
(118, 151, 'Пожарный', '2024-06-30', '2025-06-30', 'Государственная противопожарная служба', 'Одобрено'),
(119, 376, 'Строительный', '2024-07-14', '2025-07-14', 'Архитектурный департамент Ростова-на-Дону', 'Действующий'),
(120, 236, 'Экологический', '2024-08-18', '2025-08-18', 'Министерство охраны окружающей среды', 'Ожидает проверки'),
(121, 258, 'Пожарный', '2024-09-22', '2025-09-22', 'Министерство по чрезвычайным ситуациям', 'Одобрено'),
(122, 402, 'Строительный', '2024-10-12', '2025-10-12', 'Архитектурное управление Уфы', 'Действующий'),
(123, 339, 'Экологический', '2024-11-09', '2025-11-09', 'Министерство природы и экологии', 'Ожидает проверки'),
(124, 157, 'Пожарный', '2024-12-12', '2025-12-12', 'Государственная противопожарная служба', 'Одобрено'),
(125, 313, 'Строительный', '2025-01-15', '2026-01-15', 'Городское архитектурное управление', 'Действующий'),
(126, 155, 'Экологический', '2025-02-20', '2026-02-20', 'Министерство природных ресурсов', 'Ожидает проверки'),
(127, 142, 'Пожарный', '2025-03-25', '2026-03-25', 'Министерство по чрезвычайным ситуациям', 'Одобрено'),
(128, 369, 'Строительный', '2025-04-14', '2026-04-14', 'Управление архитектуры и градостроительства', 'Действующий'),
(129, 228, 'Экологический', '2025-05-20', '2026-05-20', 'Министерство экологического контроля', 'Ожидает проверки'),
(130, 277, 'Пожарный', '2025-06-15', '2026-06-15', 'Государственная противопожарная служба', 'Одобрено'),
(131, 360, 'Строительный', '2025-07-07', '2026-07-07', 'Главгосархитектура Краснодарского края', 'Действующий'),
(132, 382, 'Экологический', '2025-08-12', '2026-08-12', 'Министерство природы и экологии РФ', 'Ожидает проверки'),
(133, 349, 'Пожарный', '2025-09-18', '2026-09-18', 'Министерство по чрезвычайным ситуациям', 'Одобрено'),
(134, 316, 'Строительный', '2025-10-25', '2026-10-25', 'Отдел архитектуры Воронежа', 'Действующий'),
(135, 116, 'Экологический', '2025-11-30', '2026-11-30', 'Министерство охраны природы РФ', 'Ожидает проверки'),
(136, 182, 'Пожарный', '2025-12-14', '2026-12-14', 'Государственная противопожарная служба', 'Одобрено'),
(137, 163, 'Строительный', '2026-01-10', '2027-01-10', 'Архитектурное бюро Перми', 'Действующий'),
(138, 406, 'Экологический', '2026-02-15', '2027-02-15', 'Министерство экологии РФ', 'Ожидает проверки'),
(139, 174, 'Пожарный', '2026-03-12', '2027-03-12', 'Министерство по чрезвычайным ситуациям', 'Одобрено'),
(140, 290, 'Строительный', '2026-04-18', '2027-04-18', 'Управление архитектуры Калининграда', 'Действующий'),
(141, 274, 'Экологический', '2026-05-22', '2027-05-22', 'Министерство природных ресурсов России', 'Ожидает проверки'),
(142, 282, 'Пожарный', '2026-06-28', '2027-06-28', 'Государственная противопожарная служба', 'Одобрено'),
(143, 269, 'Строительный', '2026-07-20', '2027-07-20', 'Архитектурный комитет Омска', 'Действующий'),
(144, 403, 'Экологический', '2026-08-25', '2027-08-25', 'Министерство охраны окружающей среды РФ', 'Ожидает проверки'),
(145, 346, 'Пожарный', '2026-09-30', '2027-09-30', 'Министерство по чрезвычайным ситуациям', 'Одобрено'),
(146, 122, 'Строительный', '2026-10-22', '2027-10-22', 'Управление архитектуры Краснодара', 'Действующий'),
(147, 145, 'Экологический', '2026-11-18', '2027-11-18', 'Министерство природы РФ', 'Ожидает проверки'),
(148, 295, 'Пожарный', '2026-12-14', '2027-12-14', 'Государственная противопожарная служба', 'Одобрено'),
(149, 405, 'Строительный', '2027-01-25', '2028-01-25', 'Архитектурное бюро Казани', 'Действующий'),
(150, 158, 'Экологический', '2027-02-15', '2028-02-15', 'Министерство экологии Российской Федерации', 'Ожидает проверки'),
(151, 317, 'Пожарный', '2027-03-10', '2028-03-10', 'Министерство по чрезвычайным ситуациям', 'Одобрено'),
(152, 216, 'Строительный', '2027-04-05', '2028-04-05', 'Комитет архитектуры Екатеринбурга', 'Действующий'),
(153, 156, 'Экологический', '2027-05-09', '2028-05-09', 'Министерство экологического мониторинга', 'Ожидает проверки'),
(154, 198, 'Пожарный', '2027-06-14', '2028-06-14', 'Государственная противопожарная служба', 'Одобрено'),
(155, 255, 'Строительный', '2027-07-22', '2028-07-22', 'Управление архитектуры Новосибирска', 'Действующий'),
(156, 179, 'Экологический', '2027-08-18', '2028-08-18', 'Министерство природы и экологии Российской Федерации', 'Ожидает проверки'),
(157, 305, 'Пожарный', '2027-09-12', '2028-09-12', 'Министерство по чрезвычайным ситуациям', 'Одобрено'),
(158, 199, 'Строительный', '2027-10-08', '2028-10-08', 'Комитет архитектуры и градостроительства', 'Действующий'),
(159, 124, 'Экологический', '2027-11-05', '2028-11-05', 'Министерство охраны природы России', 'Ожидает проверки'),
(160, 282, 'Пожарный', '2027-12-10', '2028-12-10', 'Государственная противопожарная служба', 'Одобрено'),
(161, 115, 'Строительный', '2028-01-14', '2029-01-14', 'Архитектурное ведомство Сочи', 'Действующий'),
(162, 331, 'Экологический', '2028-02-18', '2029-02-18', 'Министерство экологии Российской Федерации', 'Ожидает проверки'),
(163, 392, 'Пожарный', '2028-03-25', '2029-03-25', 'Министерство по чрезвычайным ситуациям', 'Одобрено'),
(164, 283, 'Строительный', '2028-04-15', '2029-04-15', 'Управление архитектуры и дизайна', 'Действующий'),
(165, 104, 'Экологический', '2028-05-20', '2029-05-20', 'Министерство природы России', 'Ожидает проверки'),
(166, 153, 'Пожарный', '2028-06-18', '2029-06-18', 'Государственная противопожарная служба', 'Одобрено'),
(167, 343, 'Строительный', '2028-07-25', '2029-07-25', 'Архитектурное управление Саратовской области', 'Действующий'),
(168, 391, 'Экологический', '2028-08-12', '2029-08-12', 'Министерство экологии и природных ресурсов', 'Ожидает проверки'),
(169, 328, 'Пожарный', '2028-09-22', '2029-09-22', 'Министерство по чрезвычайным ситуациям', 'Одобрено'),
(170, 391, 'Строительный', '2028-10-14', '2029-10-14', 'Архитектурное бюро Нижнего Новгорода', 'Действующий'),
(171, 312, 'Экологический', '2028-11-10', '2029-11-10', 'Министерство природопользования', 'Ожидает проверки'),
(172, 288, 'Пожарный', '2028-12-05', '2029-12-05', 'Государственная противопожарная служба', 'Одобрено'),
(173, 168, 'Строительный', '2029-01-20', '2030-01-20', 'Управление архитектуры Челябинска', 'Действующий'),
(174, 347, 'Экологический', '2029-02-15', '2030-02-15', 'Министерство охраны окружающей среды', 'Ожидает проверки'),
(175, 109, 'Пожарный', '2029-03-10', '2030-03-10', 'Министерство по чрезвычайным ситуациям', 'Одобрено'),
(176, 310, 'Строительный', '2029-04-04', '2030-04-04', 'Архитектурное ведомство Волгограда', 'Действующий'),
(177, 372, 'Экологический', '2029-05-12', '2030-05-12', 'Министерство природы и экологии РФ', 'Ожидает проверки'),
(178, 217, 'Пожарный', '2029-06-18', '2030-06-18', 'Государственная противопожарная служба', 'Одобрено'),
(179, 200, 'Строительный', '2029-07-22', '2030-07-22', 'Управление архитектуры Иркутска', 'Действующий'),
(180, 330, 'Экологический', '2029-08-25', '2030-08-25', 'Министерство охраны окружающей среды РФ', 'Ожидает проверки'),
(181, 359, 'Пожарный', '2029-09-30', '2030-09-30', 'Министерство по чрезвычайным ситуациям', 'Одобрено'),
(182, 401, 'Строительный', '2029-10-11', '2030-10-11', 'Комитет архитектуры и градостроительства', 'Действующий'),
(183, 338, 'Экологический', '2029-11-06', '2030-11-06', 'Министерство природы и экологии РФ', 'Ожидает проверки'),
(184, 235, 'Пожарный', '2029-12-12', '2030-12-12', 'Государственная противопожарная служба', 'Одобрено'),
(185, 164, 'Строительный', '2030-01-15', '2031-01-15', 'Архитектурный департамент Тулы', 'Действующий'),
(186, 122, 'Экологический', '2030-02-10', '2031-02-10', 'Министерство природных ресурсов', 'Ожидает проверки'),
(187, 346, 'Пожарный', '2030-03-18', '2031-03-18', 'Министерство по чрезвычайным ситуациям', 'Одобрено'),
(188, 164, 'Строительный', '2030-04-20', '2031-04-20', 'Архитектурное бюро Орла', 'Действующий'),
(189, 262, 'Экологический', '2030-05-25', '2031-05-25', 'Министерство экологии и природных ресурсов', 'Ожидает проверки'),
(190, 255, 'Пожарный', '2030-06-30', '2031-06-30', 'Государственная противопожарная служба', 'Одобрено'),
(191, 324, 'Строительный', '2030-07-12', '2031-07-12', 'Управление архитектуры Владивостока', 'Действующий'),
(192, 141, 'Экологический', '2030-08-15', '2031-08-15', 'Министерство охраны окружающей среды РФ', 'Ожидает проверки'),
(193, 345, 'Пожарный', '2030-09-18', '2031-09-18', 'Министерство по чрезвычайным ситуациям', 'Одобрено'),
(194, 199, 'Строительный', '2030-10-25', '2031-10-25', 'Архитектурное управление Кемерово', 'Действующий'),
(195, 319, 'Экологический', '2030-11-09', '2031-11-09', 'Министерство природы и экологии РФ', 'Ожидает проверки'),
(196, 293, 'Пожарный', '2030-12-04', '2031-12-04', 'Государственная противопожарная служба', 'Одобрено'),
(197, 247, 'Строительный', '2031-01-16', '2032-01-16', 'Управление архитектуры Томска', 'Действующий'),
(198, 233, 'Экологический', '2031-02-11', '2032-02-11', 'Министерство природных ресурсов России', 'Ожидает проверки'),
(199, 270, 'Пожарный', '2031-03-17', '2032-03-17', 'Министерство по чрезвычайным ситуациям', 'Одобрено'),
(200, 164, 'Строительный', '2031-04-10', '2032-04-10', 'Архитектурное бюро Барнаула', 'Действующий'),
(301, 148, 'Строительный', '2031-05-12', '2032-05-12', 'Архитектурное управление Ярославля', 'Действующий'),
(302, 359, 'Экологический', '2031-06-18', '2032-06-18', 'Министерство экологии и природных ископаемых', 'Ожидает проверки'),
(303, 244, 'Пожарный', '2031-07-15', '2032-07-15', 'Государственная противопожарная служба', 'Одобрено'),
(304, 197, 'Строительный', '2031-08-25', '2032-08-25', 'Архитектурное бюро Самары', 'Действующий'),
(305, 301, 'Экологический', '2031-09-10', '2032-09-10', 'Министерство охраны окружающей среды России', 'Ожидает проверки'),
(306, 154, 'Пожарный', '2031-10-05', '2032-10-05', 'Министерство по чрезвычайным ситуациям', 'Одобрено'),
(307, 316, 'Строительный', '2031-11-14', '2032-11-14', 'Управление архитектуры Казани', 'Действующий'),
(308, 202, 'Экологический', '2031-12-20', '2032-12-20', 'Министерство экологии РФ', 'Ожидает проверки'),
(309, 311, 'Пожарный', '2032-01-30', '2033-01-30', 'Государственная противопожарная служба', 'Одобрено'),
(310, 247, 'Строительный', '2032-02-22', '2033-02-22', 'Архитектурное ведомство Сочи', 'Действующий'),
(311, 339, 'Экологический', '2032-03-18', '2033-03-18', 'Министерство природопользования', 'Ожидает проверки'),
(312, 298, 'Пожарный', '2032-04-07', '2033-04-07', 'Министерство по чрезвычайным ситуациям', 'Одобрено'),
(313, 255, 'Строительный', '2032-05-15', '2033-05-15', 'Управление архитектуры и градостроительства', 'Действующий'),
(314, 377, 'Экологический', '2032-06-22', '2033-06-22', 'Министерство охраны природы РФ', 'Ожидает проверки'),
(315, 344, 'Пожарный', '2032-07-11', '2033-07-11', 'Государственная противопожарная служба', 'Одобрено'),
(316, 405, 'Строительный', '2032-08-16', '2033-08-16', 'Архитектурный департамент Краснодарского края', 'Действующий'),
(317, 178, 'Экологический', '2032-09-20', '2033-09-20', 'Министерство природы России', 'Ожидает проверки'),
(318, 316, 'Пожарный', '2032-10-25', '2033-10-25', 'Министерство по чрезвычайным ситуациям', 'Одобрено'),
(319, 304, 'Строительный', '2032-11-18', '2033-11-18', 'Архитектурное управление Омска', 'Действующий'),
(320, 116, 'Экологический', '2032-12-19', '2033-12-19', 'Министерство экологии и природных ресурсов РФ', 'Ожидает проверки'),
(321, 274, 'Пожарный', '2033-01-25', '2034-01-25', 'Государственная противопожарная служба', 'Одобрено'),
(322, 384, 'Строительный', '2033-02-14', '2034-02-14', 'Управление архитектуры Краснодара', 'Действующий'),
(323, 238, 'Экологический', '2033-03-05', '2034-03-05', 'Министерство природных ресурсов и экологии', 'Ожидает проверки'),
(324, 305, 'Пожарный', '2033-04-13', '2034-04-13', 'Министерство по чрезвычайным ситуациям', 'Одобрено'),
(325, 276, 'Строительный', '2033-05-08', '2034-05-08', 'Архитектурное ведомство Ростова-на-Дону', 'Действующий'),
(326, 387, 'Экологический', '2033-06-18', '2034-06-18', 'Министерство охраны окружающей среды', 'Ожидает проверки'),
(327, 202, 'Пожарный', '2033-07-14', '2034-07-14', 'Государственная противопожарная служба', 'Одобрено'),
(328, 390, 'Строительный', '2033-08-10', '2034-08-10', 'Архитектурное управление Калининграда', 'Действующий'),
(329, 144, 'Экологический', '2033-09-17', '2034-09-17', 'Министерство природы и экологии', 'Ожидает проверки'),
(330, 177, 'Пожарный', '2033-10-04', '2034-10-04', 'Министерство по чрезвычайным ситуациям', 'Одобрено'),
(331, 234, 'Строительный', '2033-11-21', '2034-11-21', 'Архитектурное бюро Нижнего Новгорода', 'Действующий'),
(332, 270, 'Экологический', '2033-12-15', '2034-12-15', 'Министерство экологии РФ', 'Ожидает проверки'),
(333, 164, 'Пожарный', '2034-01-23', '2035-01-23', 'Государственная противопожарная служба', 'Одобрено'),
(334, 166, 'Строительный', '2034-02-11', '2035-02-11', 'Управление архитектуры и градостроительства', 'Действующий'),
(335, 349, 'Экологический', '2034-03-16', '2035-03-16', 'Министерство охраны природы РФ', 'Ожидает проверки'),
(336, 389, 'Пожарный', '2034-04-30', '2035-04-30', 'Министерство по чрезвычайным ситуациям', 'Одобрено'),
(337, 196, 'Строительный', '2034-05-25', '2035-05-25', 'Архитектурное бюро Казани', 'Действующий'),
(338, 395, 'Экологический', '2034-06-12', '2035-06-12', 'Министерство природных ресурсов и экологии РФ', 'Ожидает проверки'),
(339, 392, 'Пожарный', '2034-07-09', '2035-07-09', 'Государственная противопожарная служба', 'Одобрено'),
(340, 370, 'Строительный', '2034-08-05', '2035-08-05', 'Комитет архитектуры Екатеринбурга', 'Действующий'),
(341, 396, 'Экологический', '2034-09-01', '2035-09-01', 'Министерство экологии', 'Ожидает проверки'),
(342, 363, 'Пожарный', '2034-10-20', '2035-10-20', 'Министерство по чрезвычайным ситуациям', 'Одобрено'),
(343, 288, 'Строительный', '2034-11-11', '2035-11-11', 'Архитектурное ведомство Волгограда', 'Действующий'),
(344, 183, 'Экологический', '2034-12-08', '2035-12-08', 'Министерство охраны окружающей среды РФ', 'Ожидает проверки'),
(345, 195, 'Пожарный', '2035-01-18', '2036-01-18', 'Государственная противопожарная служба', 'Одобрено'),
(346, 230, 'Строительный', '2035-02-14', '2036-02-14', 'Архитектурное управление Саратовской области', 'Действующий'),
(347, 217, 'Экологический', '2035-03-10', '2036-03-10', 'Министерство экологии и природных ископаемых', 'Ожидает проверки'),
(348, 221, 'Пожарный', '2035-04-08', '2036-04-08', 'Министерство по чрезвычайным ситуациям', 'Одобрено'),
(349, 124, 'Строительный', '2035-05-28', '2036-05-28', 'Архитектурное бюро Орла', 'Действующий'),
(350, 315, 'Экологический', '2035-06-13', '2036-06-13', 'Министерство природопользования', 'Ожидает проверки'),
(351, 342, 'Пожарный', '2035-07-17', '2036-07-17', 'Государственная противопожарная служба', 'Одобрено'),
(352, 313, 'Строительный', '2035-08-11', '2036-08-11', 'Архитектурное ведомство Сочи', 'Действующий'),
(353, 285, 'Экологический', '2035-09-15', '2036-09-15', 'Министерство экологии и природных ресурсов', 'Ожидает проверки'),
(354, 216, 'Пожарный', '2035-10-19', '2036-10-19', 'Министерство по чрезвычайным ситуациям', 'Одобрено'),
(355, 324, 'Строительный', '2035-11-22', '2036-11-22', 'Управление архитектуры Владивостока', 'Действующий'),
(356, 119, 'Экологический', '2035-12-16', '2036-12-16', 'Министерство природных ресурсов и экологии', 'Ожидает проверки'),
(357, 208, 'Пожарный', '2036-01-14', '2037-01-14', 'Государственная противопожарная служба', 'Одобрено'),
(358, 237, 'Строительный', '2036-02-20', '2037-02-20', 'Архитектурное бюро Самары', 'Действующий'),
(359, 149, 'Экологический', '2036-03-07', '2037-03-07', 'Министерство природы и экологии РФ', 'Ожидает проверки'),
(360, 335, 'Пожарный', '2036-04-06', '2037-04-06', 'Министерство по чрезвычайным ситуациям', 'Одобрено'),
(361, 129, 'Строительный', '2036-05-11', '2037-05-11', 'Комитет архитектуры Челябинска', 'Действующий'),
(362, 395, 'Экологический', '2036-06-06', '2037-06-06', 'Министерство охраны природы РФ', 'Ожидает проверки'),
(363, 196, 'Пожарный', '2036-07-16', '2037-07-16', 'Государственная противопожарная служба', 'Одобрено'),
(364, 333, 'Строительный', '2036-08-03', '2037-08-03', 'Архитектурное ведомство Тулы', 'Действующий'),
(365, 226, 'Экологический', '2036-09-29', '2037-09-29', 'Министерство экологии и природных ископаемых', 'Ожидает проверки'),
(366, 214, 'Пожарный', '2036-10-25', '2037-10-25', 'Министерство по чрезвычайным ситуациям', 'Одобрено'),
(367, 207, 'Строительный', '2036-11-21', '2037-11-21', 'Архитектурное управление Иркутска', 'Действующий'),
(368, 252, 'Экологический', '2036-12-17', '2037-12-17', 'Министерство природных ресурсов России', 'Ожидает проверки'),
(369, 149, 'Пожарный', '2037-01-15', '2038-01-15', 'Государственная противопожарная служба', 'Одобрено'),
(370, 160, 'Строительный', '2037-02-18', '2038-02-18', 'Управление архитектуры Кемерово', 'Действующий'),
(371, 133, 'Экологический', '2037-03-19', '2038-03-19', 'Министерство экологии РФ', 'Ожидает проверки'),
(372, 412, 'Пожарный', '2037-04-14', '2038-04-14', 'Министерство по чрезвычайным ситуациям', 'Одобрено'),
(373, 299, 'Строительный', '2037-05-11', '2038-05-11', 'Архитектурное управление Краснодара', 'Действующий'),
(374, 341, 'Экологический', '2037-06-07', '2038-06-07', 'Министерство охраны окружающей среды РФ', 'Ожидает проверки'),
(375, 206, 'Пожарный', '2037-07-04', '2038-07-04', 'Государственная противопожарная служба', 'Одобрено'),
(376, 271, 'Строительный', '2037-08-14', '2038-08-14', 'Архитектурное ведомство Сочи', 'Действующий'),
(377, 352, 'Экологический', '2037-09-09', '2038-09-09', 'Министерство экологии и природных ресурсов', 'Ожидает проверки'),
(378, 318, 'Пожарный', '2037-10-12', '2038-10-12', 'Министерство по чрезвычайным ситуациям', 'Одобрено'),
(379, 410, 'Строительный', '2037-11-08', '2038-11-08', 'Управление архитектуры Ярославля', 'Действующий'),
(380, 115, 'Экологический', '2037-12-07', '2038-12-07', 'Министерство охраны природы РФ', 'Ожидает проверки'),
(381, 110, 'Пожарный', '2038-01-09', '2039-01-09', 'Государственная противопожарная служба', 'Одобрено'),
(382, 177, 'Строительный', '2038-02-13', '2039-02-13', 'Архитектурное ведомство Волгограда', 'Действующий'),
(383, 342, 'Экологический', '2038-03-09', '2039-03-09', 'Министерство природных ресурсов', 'Ожидает проверки'),
(384, 104, 'Пожарный', '2038-04-08', '2039-04-08', 'Министерство по чрезвычайным ситуациям', 'Одобрено'),
(385, 191, 'Строительный', '2038-05-04', '2039-05-04', 'Архитектурное ведомство Сочи', 'Действующий'),
(386, 117, 'Экологический', '2038-06-01', '2039-06-01', 'Министерство охраны природы РФ', 'Ожидает проверки'),
(387, 118, 'Пожарный', '2038-07-18', '2039-07-18', 'Министерство по чрезвычайным ситуациям', 'Одобрено'),
(388, 272, 'Строительный', '2038-08-09', '2039-08-09', 'Управление архитектуры Казани', 'Действующий'),
(389, 329, 'Экологический', '2038-09-07', '2039-09-07', 'Министерство экологии и природных ископаемых', 'Ожидает проверки'),
(390, 166, 'Пожарный', '2038-10-16', '2039-10-16', 'Государственная противопожарная служба', 'Одобрено'),
(391, 205, 'Строительный', '2038-11-05', '2039-11-05', 'Архитектурное бюро Ростова-на-Дону', 'Действующий'),
(392, 124, 'Экологический', '2038-12-04', '2039-12-04', 'Министерство природных ресурсов и экологии', 'Ожидает проверки'),
(393, 163, 'Пожарный', '2039-01-12', '2040-01-12', 'Министерство по чрезвычайным ситуациям', 'Одобрено'),
(394, 215, 'Строительный', '2039-02-11', '2040-02-11', 'Комитет архитектуры Челябинска', 'Действующий'),
(395, 273, 'Экологический', '2039-03-05', '2040-03-05', 'Министерство охраны природы РФ', 'Ожидает проверки'),
(396, 247, 'Пожарный', '2039-04-02', '2040-04-02', 'Государственная противопожарная служба', 'Одобрено'),
(397, 386, 'Строительный', '2039-05-10', '2040-05-10', 'Архитектурное бюро Нижнего Новгорода', 'Действующий'),
(398, 176, 'Экологический', '2039-06-09', '2040-06-09', 'Министерство экологии и природных ресурсов РФ', 'Ожидает проверки'),
(399, 177, 'Пожарный', '2039-07-08', '2040-07-08', 'Министерство по чрезвычайным ситуациям', 'Одобрено'),
(400, 219, 'Строительный', '2039-08-06', '2040-08-06', 'Управление архитектуры Тулы', 'Действующий'),
(401, 143, 'Строительный', '2039-09-04', '2040-09-04', 'Архитектурный отдел Омска', 'Действующий'),
(402, 236, 'Экологический', '2039-10-22', '2040-10-22', 'Министерство природных ископаемых и экологии', 'Ожидает проверки'),
(403, 138, 'Пожарный', '2039-11-18', '2040-11-18', 'Государственная противопожарная служба', 'Одобрено'),
(404, 127, 'Строительный', '2039-12-16', '2040-12-16', 'Архитектурное бюро Санкт-Петербурга', 'Действующий'),
(405, 107, 'Экологический', '2040-01-14', '2041-01-14', 'Экологический комитет Москвы', 'Ожидает проверки'),
(406, 183, 'Пожарный', '2040-02-12', '2041-02-12', 'Министерство по чрезвычайным ситуациям', 'Одобрено'),
(407, 341, 'Строительный', '2040-03-08', '2041-03-08', 'Отдел градостроительства Казани', 'Действующий'),
(408, 264, 'Экологический', '2040-04-17', '2041-04-17', 'Министерство охраны окружающей среды', 'Ожидает проверки'),
(409, 349, 'Пожарный', '2040-05-05', '2041-05-05', 'Государственная противопожарная служба', 'Одобрено'),
(410, 391, 'Строительный', '2040-06-21', '2041-06-21', 'Архитектурное управление Саратова', 'Действующий'),
(411, 242, 'Экологический', '2040-07-15', '2041-07-15', 'Министерство экологии в России', 'Ожидает проверки'),
(412, 203, 'Пожарный', '2040-08-18', '2041-08-18', 'Министерство по чрезвычайным ситуациям', 'Одобрено'),
(413, 212, 'Строительный', '2040-09-14', '2041-09-14', 'Архитектурное бюро Тюмени', 'Действующий'),
(414, 402, 'Экологический', '2040-10-12', '2041-10-12', 'Министерство природных ресурсов и охраны окружающей среды', 'Ожидает проверки'),
(415, 412, 'Пожарный', '2040-11-10', '2041-11-10', 'Государственная противопожарная служба', 'Одобрено'),
(416, 207, 'Строительный', '2040-12-19', '2041-12-19', 'Архитектурное управление Владивостока', 'Действующий'),
(417, 226, 'Экологический', '2041-01-16', '2042-01-16', 'Министерство охраны природы и экологического контроля', 'Ожидает проверки'),
(418, 257, 'Пожарный', '2041-02-22', '2042-02-22', 'Министерство по чрезвычайным ситуациям', 'Одобрено'),
(419, 305, 'Строительный', '2041-03-15', '2042-03-15', 'Бюро архитектуры Смоленска', 'Действующий'),
(420, 200, 'Экологический', '2041-04-05', '2042-04-05', 'Министерство природопользования и экологии', 'Ожидает проверки'),
(421, 210, 'Пожарный', '2041-05-09', '2042-05-09', 'Государственная противопожарная служба', 'Одобрено'),
(422, 386, 'Строительный', '2041-06-11', '2042-06-11', 'Архитектурное управление Санкт-Петербурга', 'Действующий'),
(423, 323, 'Экологический', '2041-07-07', '2042-07-07', 'Министерство экологии в России', 'Ожидает проверки'),
(424, 162, 'Пожарный', '2041-08-02', '2042-08-02', 'Министерство по чрезвычайным ситуациям', 'Одобрено'),
(425, 272, 'Строительный', '2041-09-09', '2042-09-09', 'Комитет архитектуры Екатеринбурга', 'Действующий'),
(426, 174, 'Экологический', '2041-10-06', '2042-10-06', 'Министерство природных ресурсов и экологии РФ', 'Ожидает проверки'),
(427, 106, 'Пожарный', '2041-11-03', '2042-11-03', 'Государственная противопожарная служба', 'Одобрено'),
(428, 173, 'Строительный', '2041-12-01', '2042-12-01', 'Бюро архстрактуры Иркутска', 'Действующий'),
(429, 334, 'Экологический', '2042-01-05', '2043-01-05', 'Природоохранный комитет', 'Ожидает проверки'),
(430, 335, 'Пожарный', '2042-02-03', '2043-02-03', 'Министерство по чрезвычайным ситуациям', 'Одобрено'),
(431, 152, 'Строительный', '2042-03-12', '2043-03-12', 'Архитектурное управление Тулы', 'Действующий'),
(432, 344, 'Экологический', '2042-04-18', '2043-04-18', 'Министерство природопользования и экологии', 'Ожидает проверки'),
(433, 156, 'Пожарный', '2042-05-25', '2043-05-25', 'Государственная противопожарная служба', 'Одобрено'),
(434, 186, 'Строительный', '2042-06-15', '2043-06-15', 'Архитектурное управление Сочи', 'Действующий'),
(435, 303, 'Экологический', '2042-07-10', '2043-07-10', 'Министерство экологии и природопользования', 'Ожидает проверки'),
(436, 391, 'Пожарный', '2042-08-22', '2043-08-22', 'Министерство по чрезвычайным ситуациям', 'Одобрено'),
(437, 249, 'Строительный', '2042-09-05', '2043-09-05', 'Комитет архитектуры и градостроительства', 'Действующий'),
(438, 243, 'Экологический', '2042-10-11', '2043-10-11', 'Министерство природных ресурсов РФ', 'Ожидает проверки'),
(439, 254, 'Пожарный', '2042-11-19', '2043-11-19', 'Государственная противопожарная служба', 'Одобрено'),
(440, 294, 'Строительный', '2042-12-22', '2043-12-22', 'Архитектурное ведомство Волгограда', 'Действующий'),
(441, 223, 'Экологический', '2043-01-16', '2044-01-16', 'Министерство охраны окружающей среды', 'Ожидает проверки'),
(442, 172, 'Пожарный', '2043-02-24', '2044-02-24', 'Министерство по чрезвычайным ситуациям', 'Одобрено'),
(443, 300, 'Строительный', '2043-03-15', '2044-03-15', 'Архитектурное бюро Иркутска', 'Действующий'),
(444, 399, 'Экологический', '2043-04-05', '2044-04-05', 'Министерство экологии и природных ресурсов', 'Ожидает проверки'),
(445, 107, 'Пожарный', '2043-05-08', '2044-05-08', 'Государственная противопожарная служба', 'Одобрено'),
(446, 172, 'Строительный', '2043-06-18', '2044-06-18', 'Архитектурное ведомство Омска', 'Действующий'),
(447, 380, 'Экологический', '2043-07-07', '2044-07-07', 'Министерство природных ресурсов и охраны окружающей среды', 'Ожидает проверки'),
(448, 282, 'Пожарный', '2043-08-12', '2044-08-12', 'Министерство по чрезвычайным ситуациям', 'Одобрено'),
(449, 277, 'Строительный', '2043-09-01', '2044-09-01', 'Бюро архитектуры Перми', 'Действующий'),
(450, 105, 'Экологический', '2043-10-17', '2044-10-17', 'Министерство экологии в России', 'Ожидает проверки'),
(451, 154, 'Пожарный', '2043-11-11', '2044-11-11', 'Государственная противопожарная служба', 'Одобрено'),
(452, 116, 'Строительный', '2043-12-23', '2044-12-23', 'Архитектурное бюро Ростова-на-Дону', 'Действующий'),
(453, 337, 'Экологический', '2044-01-15', '2045-01-15', 'Природоохранный комитет России', 'Ожидает проверки'),
(454, 156, 'Пожарный', '2044-02-13', '2045-02-13', 'Министерство по чрезвычайным ситуациям', 'Одобрено'),
(455, 218, 'Строительный', '2044-03-08', '2045-03-08', 'Комитет архитектуры Калининграда', 'Действующий'),
(456, 275, 'Экологический', '2044-04-16', '2045-04-16', 'Министерство экологии и природных ископаемых', 'Ожидает проверки'),
(457, 291, 'Пожарный', '2044-05-17', '2045-05-17', 'Государственная противопожарная служба', 'Одобрено'),
(458, 224, 'Строительный', '2044-06-15', '2045-06-15', 'Архитектурное управление Ярославля', 'Действующий'),
(459, 202, 'Экологический', '2044-07-18', '2045-07-18', 'Министерство природных ресурсов и экологии РФ', 'Ожидает проверки'),
(460, 141, 'Пожарный', '2044-08-12', '2045-08-12', 'Министерство по чрезвычайным ситуациям', 'Одобрено'),
(461, 220, 'Строительный', '2044-09-25', '2045-09-25', 'Бюро архитектуры Томска', 'Действующий'),
(462, 246, 'Экологический', '2044-10-19', '2045-10-19', 'Министерство охраны окружающей среды', 'Ожидает проверки'),
(463, 166, 'Пожарный', '2044-11-15', '2045-11-15', 'Государственная противопожарная служба', 'Одобрено'),
(464, 273, 'Строительный', '2044-12-22', '2045-12-22', 'Комитет архитектуры и градостроительства', 'Действующий'),
(465, 361, 'Экологический', '2045-01-14', '2046-01-14', 'Министерство природных ресурсов и экологии РФ', 'Ожидает проверки'),
(466, 348, 'Пожарный', '2045-02-07', '2046-02-07', 'Министерство по чрезвычайным ситуациям', 'Одобрено'),
(467, 124, 'Строительный', '2045-03-10', '2046-03-10', 'Бюро архитектуры Саратовской области', 'Действующий'),
(468, 293, 'Экологический', '2045-04-05', '2046-04-05', 'Министерство экологии в России', 'Ожидает проверки'),
(469, 411, 'Пожарный', '2045-05-19', '2046-05-19', 'Государственная противопожарная служба', 'Одобрено'),
(470, 192, 'Строительный', '2045-06-29', '2046-06-29', 'Архитектурное управление Новосибирска', 'Действующий'),
(471, 403, 'Экологический', '2045-07-21', '2046-07-21', 'Министерство природных ресурсов и экологии', 'Ожидает проверки'),
(472, 195, 'Пожарный', '2045-08-24', '2046-08-24', 'Министерство по чрезвычайным ситуациям', 'Одобрено'),
(473, 201, 'Строительный', '2045-09-10', '2046-09-10', 'Архитектурное ведомство Нижнего Новгорода', 'Действующий'),
(474, 326, 'Экологический', '2045-10-26', '2046-10-26', 'Министерство охраны природы и экологического контроля', 'Ожидает проверки'),
(475, 266, 'Пожарный', '2045-11-08', '2046-11-08', 'Государственная противопожарная служба', 'Одобрено'),
(476, 137, 'Строительный', '2045-12-18', '2046-12-18', 'Архитектурное бюро Иркутска', 'Действующий'),
(477, 382, 'Экологический', '2046-01-22', '2047-01-22', 'Министерство экологии в России', 'Ожидает проверки'),
(478, 356, 'Пожарный', '2046-02-14', '2047-02-14', 'Министерство по чрезвычайным ситуациям', 'Одобрено'),
(479, 196, 'Строительный', '2046-03-07', '2047-03-07', 'Архитектурное ведомство Владивостока', 'Действующий'),
(480, 226, 'Экологический', '2046-04-19', '2047-04-19', 'Министерство охраны природы и экологии', 'Ожидает проверки'),
(481, 349, 'Пожарный', '2046-05-16', '2047-05-16', 'Государственная противопожарная служба', 'Одобрено'),
(482, 311, 'Строительный', '2046-06-18', '2047-06-18', 'Бюро архитектуры Екатеринбурга', 'Действующий'),
(483, 167, 'Экологический', '2046-07-13', '2047-07-13', 'Министерство природопользования и экологии', 'Ожидает проверки'),
(484, 411, 'Пожарный', '2046-08-11', '2047-08-11', 'Министерство по чрезвычайным ситуациям', 'Одобрено'),
(485, 223, 'Строительный', '2046-09-22', '2047-09-22', 'Архитектурное управление Перми', 'Действующий'),
(486, 331, 'Экологический', '2046-10-15', '2047-10-15', 'Министерство экологического контроля', 'Ожидает проверки'),
(487, 208, 'Пожарный', '2046-11-29', '2047-11-29', 'Государственная противопожарная служба', 'Одобрено'),
(488, 102, 'Строительный', '2046-12-25', '2047-12-25', 'Архитектурное ведомство Красноярска', 'Действующий'),
(489, 255, 'Экологический', '2047-01-18', '2048-01-18', 'Министерство охраны окружающей среды', 'Ожидает проверки'),
(490, 143, 'Пожарный', '2047-02-27', '2048-02-27', 'Министерство по чрезвычайным ситуациям', 'Одобрено'),
(491, 323, 'Строительный', '2047-03-17', '2048-03-17', 'Архитектурное бюро Барнаула', 'Действующий'),
(492, 190, 'Экологический', '2047-04-10', '2048-04-10', 'Министерство природы Российской Федерации', 'Ожидает проверки'),
(493, 410, 'Пожарный', '2047-05-03', '2048-05-03', 'Государственная противопожарная служба', 'Одобрено'),
(494, 295, 'Строительный', '2047-06-29', '2048-06-29', 'Архитектурное управление Ярославля', 'Действующий'),
(495, 277, 'Экологический', '2047-07-04', '2048-07-04', 'Министерство природы и охраны окружающей среды', 'Ожидает проверки'),
(496, 211, 'Пожарный', '2047-08-09', '2048-08-09', 'Министерство по чрезвычайным ситуациям', 'Одобрено'),
(497, 140, 'Строительный', '2047-09-26', '2048-09-26', 'Архитектурное ведомство Краснодара', 'Действующий'),
(498, 312, 'Экологический', '2047-10-23', '2048-10-23', 'Министерство экологии в России', 'Ожидает проверки'),
(499, 136, 'Пожарный', '2047-11-30', '2048-11-30', 'Государственная противопожарная служба', 'Одобрено'),
(500, 323, 'Строительный', '2047-12-14', '2048-12-14', 'Архитектурное бюро Тулы', 'Действующий'),
(601, 169, 'Строительный', '2048-01-12', '2049-01-12', 'Архитектурное бюро Казани', 'Действующий'),
(602, 234, 'Экологический', '2048-02-18', '2049-02-18', 'Министерство экологии и природных ресурсо-ов', 'Ожидает проверки'),
(603, 380, 'Пожарный', '2048-03-25', '2049-03-25', 'Государственная противопожарная служба', 'Одобрено'),
(604, 214, 'Строительный', '2048-04-10', '2049-04-10', 'Комитет архитектуры Новосибирска', 'Действующий'),
(605, 187, 'Экологический', '2048-05-15', '2049-05-15', 'Министерство природы РФ', 'Ожидает проверки'),
(606, 148, 'Пожарный', '2048-06-29', '2049-06-29', 'Министерство по чрезвычайным ситуациям', 'Одобрено'),
(607, 225, 'Строительный', '2048-07-21', '2049-07-21', 'Архитектурное управление Екатеринбурга', 'Действующий'),
(608, 113, 'Экологический', '2048-08-12', '2049-08-12', 'Министерство охраны окружающей среды', 'Ожидает проверки'),
(609, 246, 'Пожарный', '2048-09-18', '2049-09-18', 'Государственная противопожарная служба', 'Одобрено'),
(610, 332, 'Строительный', '2048-10-05', '2049-10-05', 'Архитектурное ведомство Иркутска', 'Действующий'),
(611, 248, 'Экологический', '2048-11-09', '2049-11-09', 'Министерство экологии Российской Федерации', 'Ожидает проверки'),
(612, 196, 'Пожарный', '2048-12-17', '2049-12-17', 'Министерство по чрезвычайным ситуациям', 'Одобрено'),
(613, 232, 'Строительный', '2049-01-18', '2050-01-18', 'Архитектурное управление Москвы', 'Действующий'),
(614, 154, 'Экологический', '2049-02-21', '2050-02-21', 'Министерство охраны природы', 'Ожидает проверки'),
(615, 329, 'Пожарный', '2049-03-30', '2050-03-30', 'Государственная противопожарная служба', 'Одобрено'),
(616, 310, 'Строительный', '2049-04-06', '2050-04-06', 'Комитет архитектуры Казани', 'Действующий'),
(617, 256, 'Экологический', '2049-05-18', '2050-05-18', 'Министерство экологии РФ', 'Ожидает проверки'),
(618, 402, 'Пожарный', '2049-06-22', '2050-06-22', 'Министерство по чрезвычайным ситуациям', 'Одобрено'),
(619, 166, 'Строительный', '2049-07-10', '2050-07-10', 'Архитектурное ведомство Санкт-Петербурга', 'Действующий'),
(620, 376, 'Экологический', '2049-08-08', '2050-08-08', 'Министерство природы и экологии сибирского региона', 'Ожидает проверки'),
(621, 195, 'Пожарный', '2049-09-05', '2050-09-05', 'Государственная противопожарная служба', 'Одобрено'),
(622, 314, 'Строительный', '2049-10-14', '2050-10-14', 'Комитет архитектуры и градостроительства', 'Действующий'),
(623, 394, 'Экологический', '2049-11-12', '2050-11-12', 'Министерство экологии и природных ресурсов', 'Ожидает проверки'),
(624, 188, 'Пожарный', '2049-12-08', '2050-12-08', 'Министерство по чрезвычайным ситуациям', 'Одобрено'),
(625, 357, 'Строительный', '2050-01-17', '2051-01-17', 'Архитектурное управление Екатеринбурга', 'Действующий'),
(626, 332, 'Экологический', '2050-02-25', '2051-02-25', 'Министерство охраны природы РФ', 'Ожидает проверки'),
(627, 224, 'Пожарный', '2050-03-19', '2051-03-19', 'Министерство по чрезвычайным ситуациям', 'Одобрено'),
(628, 226, 'Строительный', '2050-04-22', '2051-04-22', 'Главное архитектурное бюро Челябинска', 'Действующий'),
(629, 247, 'Экологический', '2050-05-14', '2051-05-14', 'Министерство экологии и природопользования', 'Ожидает проверки'),
(630, 114, 'Пожарный', '2050-06-11', '2051-06-11', 'Государственная противопожарная служба', 'Одобрено'),
(631, 123, 'Строительный', '2050-07-13', '2051-07-13', 'Архитектурное управление Омска', 'Действующий'),
(632, 409, 'Экологический', '2050-08-22', '2051-08-22', 'Министерство экологии и природных ресурсов РФ', 'Ожидает проверки'),
(633, 357, 'Пожарный', '2050-09-15', '2051-09-15', 'Министерство по чрезвычайным ситуациям', 'Одобрено'),
(634, 263, 'Строительный', '2050-10-10', '2051-10-10', 'Бюро архитектуры Саратова', 'Действующий'),
(635, 111, 'Экологический', '2050-11-08', '2051-11-08', 'Министерство охраны природы РФ', 'Ожидает проверки'),
(636, 366, 'Пожарный', '2050-12-16', '2051-12-16', 'Министерство по чрезвычайным ситуациям', 'Одобрено'),
(637, 186, 'Строительный', '2051-01-09', '2052-01-09', 'Комитет архитектуры Екатеринбурга', 'Действующий'),
(638, 225, 'Экологический', '2051-02-14', '2052-02-14', 'Министерство природы и экологии', 'Ожидает проверки'),
(639, 149, 'Пожарный', '2051-03-11', '2052-03-11', 'Государственная противопожарная служба', 'Одобрено'),
(640, 374, 'Строительный', '2051-04-05', '2052-04-05', 'Управление городского планирования', 'Действующий'),
(641, 225, 'Экологический', '2051-05-19', '2052-05-19', 'Министерство экологии и охраны окружающей среды', 'Ожидает проверки'),
(642, 288, 'Пожарный', '2051-06-28', '2052-06-28', 'Министерство по чрезвычайным ситуациям', 'Одобрено'),
(643, 321, 'Строительный', '2051-07-31', '2052-07-31', 'Архитектурное бюро Челябинска', 'Действующий'),
(644, 215, 'Экологический', '2051-08-15', '2052-08-15', 'Министерство экологического контроля', 'Ожидает проверки'),
(645, 370, 'Пожарный', '2051-09-20', '2052-09-20', 'Государственная противопожарная служба', 'Одобрено'),
(646, 328, 'Строительный', '2051-10-13', '2052-10-13', 'Архитектурное ведомство Воронежа', 'Действующий'),
(647, 328, 'Экологический', '2051-11-15', '2052-11-15', 'Министерство природы и охраны окружающей среды', 'Ожидает проверки'),
(648, 252, 'Пожарный', '2051-12-18', '2052-12-18', 'Министерство по чрезвычайным ситуациям', 'Одобрено'),
(649, 375, 'Строительный', '2052-01-14', '2053-01-14', 'Архитектурное бюро Иркутска', 'Действующий'),
(650, 116, 'Экологический', '2052-02-12', '2053-02-12', 'Министерство охраны окружающей среды', 'Ожидает проверки'),
(651, 206, 'Пожарный', '2052-03-09', '2053-03-09', 'Государственная противопожарная служба', 'Одобрено'),
(652, 139, 'Строительный', '2052-04-19', '2053-04-19', 'Архитектурное ведомство Саратова', 'Действующий'),
(653, 284, 'Экологический', '2052-05-25', '2053-05-25', 'Министерство охраны природы и экологического контроля', 'Ожидает проверки'),
(654, 358, 'Пожарный', '2052-06-17', '2053-06-17', 'Министерство по чрезвычайным ситуациям', 'Одобрено'),
(655, 265, 'Строительный', '2052-07-15', '2053-07-15', 'Комитет архитектуры и градостроительства', 'Действующий'),
(656, 304, 'Экологический', '2052-08-10', '2053-08-10', 'Министерство экологии РФ', 'Ожидает проверки'),
(657, 409, 'Пожарный', '2052-09-04', '2053-09-04', 'Государственная противопожарная служба', 'Одобрено'),
(658, 385, 'Строительный', '2052-10-11', '2053-10-11', 'Архитектурное управление Владивостока', 'Действующий'),
(659, 160, 'Экологический', '2052-11-16', '2053-11-16', 'Министерство охраны природы и экологии', 'Ожидает проверки'),
(660, 316, 'Пожарный', '2052-12-09', '2053-12-09', 'Министерство по чрезвычайным ситуациям', 'Одобрено');


INSERT INTO Inspections VALUES 
(101, 233, '2023-10-01', 'Иван Иванов', 'Успешно', 'Все в порядке, замечаний нет'),
(102, 260, '2023-10-02', 'Анна Петрова', 'Неуспешно', 'Нужна дополнительная проверка системы вентиляции'),
(103, 204, '2023-10-03', 'Сергей Сидоров', 'Успешно', 'Все стандарты соблюдены'),
(104, 406, '2023-10-04', 'Мария Кузнецова', 'Неуспешно', 'Необходимо укрепить несущие конструкции'),
(105, 225, '2023-10-05', 'Дмитрий Волков', 'Успешно', 'Отличная работа, без нареканий'),
(106, 202, '2023-10-06', 'Ольга Орлова', 'Неуспешно', 'Требуется замена электрической проводки'),
(107, 179, '2023-10-07', 'Алексей Смирнов', 'Успешно', 'Проект соответствует всем требованиям'),
(108, 373, '2023-10-08', 'Елена Федорова', 'Неуспешно', 'Необходимо переустановить окна'),
(109, 295, '2023-10-09', 'Константин Лебедев', 'Успешно', 'Работы выполнены качественно'),
(110, 364, '2023-10-10', 'Наталья Воробьева', 'Неуспешно', 'Проблемы с герметизацией кровли'),
(111, 293, '2023-10-11', 'Андрей Михайлов', 'Успешно', 'Всё соответствует проектной документации'),
(112, 108, '2023-10-12', 'Ирина Алексеевна', 'Неуспешно', 'Требуется перемонтировать лестницы'),
(113, 216, '2023-10-13', 'Владимир Сергеев', 'Успешно', 'Проверка завершена, замечаний нет'),
(114, 342, '2023-10-14', 'Татьяна Иванова', 'Неуспешно', 'Некорректное подключение трубопроводов'),
(115, 161, '2023-10-15', 'Юлия Никитина', 'Успешно', 'Документация и строительство соответствуют нормам'),
(116, 352, '2023-10-16', 'Александр Белов', 'Неуспешно', 'Требуется улучшить звукоизоляцию'),
(117, 257, '2023-10-17', 'Оксана Жукова', 'Успешно', 'Строительство полностью завершено'),
(118, 377, '2023-10-18', 'Николай Власов', 'Неуспешно', 'Необходимо скорректировать укладку плитки'),
(119, 368, '2023-10-19', 'Марина Романова', 'Успешно', 'Качественная сборка конструкций'),
(120, 144, '2023-10-20', 'Павел Захаров', 'Неуспешно', 'Замечания по отопительной системе'),
(121, 353, '2023-10-21', 'Евгений Козлов', 'Успешно', 'Все работы выполнены согласно графику'),
(122, 114, '2023-10-22', 'Виктория Тимофеева', 'Неуспешно', 'Проект требует переработки электрической схемы'),
(123, 295, '2023-10-23', 'Федор Миронов', 'Успешно', 'Отличное качество строительных материалов'),
(124, 142, '2023-10-24', 'Алиса Ермакова', 'Неуспешно', 'Требуются дополнительные противопожарные меры'),
(125, 371, '2023-10-25', 'Игорь Терентьев', 'Успешно', 'Проект завершен в срок, рекомендации учтены'),
(126, 338, '2023-10-26', 'Дарья Прокофьева', 'Неуспешно', 'Необходимо заменить водопроводные трубы'),
(127, 148, '2023-10-27', 'Михаил Григорьев', 'Успешно', 'Работы соответствуют требованиям безопасности'),
(128, 393, '2023-10-28', 'Светлана Манеина', 'Неуспешно', 'Требуется замена фасадных панелей'),
(129, 386, '2023-10-29', 'Аркадий Максимов', 'Успешно', 'Проверка успешна, нарушений не выявлено'),
(130, 166, '2023-10-30', 'Зоя Платонова', 'Неуспешно', 'Необходимо проверить качество сварки металлоконструкций'),
(131, 145, '2023-10-31', 'Василий Егоров', 'Успешно', 'Все инженерные системы работают правильно'),
(132, 234, '2023-11-01', 'Лидия Васильева', 'Неуспешно', 'Выявлены недостатки в отделочных работах'),
(133, 219, '2023-11-02', 'Роман Бойков', 'Успешно', 'Успешная сдача объекта, претензий нет'),
(134, 261, '2023-11-03', 'Яна Родионова', 'Неуспешно', 'Необходимо повторное тестирование пожарной системы'),
(135, 382, '2023-11-04', 'Егор Куликов', 'Успешно', 'Установлены качественные окна и двери'),
(136, 138, '2023-11-05', 'Валентина Ковалёва', 'Неуспешно', 'Некорректное подключение систем водоотведения'),
(137, 302, '2023-11-06', 'Степан Тихонов', 'Успешно', 'Объект отвечает экологическим стандартам'),
(138, 112, '2023-11-07', 'Инна Волчкова', 'Неуспешно', 'Требуется улучшение системы кондиционирования'),
(139, 164, '2023-11-08', 'Борис Савельев', 'Успешно', 'Все работы выполнены качественно и в срок'),
(140, 334, '2023-11-09', 'Леонид Трофимов', 'Неуспешно', 'Замечания по укладке облицовочной плитки'),
(141, 263, '2023-11-10', 'Вера Беляева', 'Успешно', 'Все проекты утверждены и соответствуют нормам'),
(142, 234, '2023-11-11', 'Олег Дорофеев', 'Неуспешно', 'Неправильная установка противопожарных дверей'),
(143, 374, '2023-11-12', 'Алёна Никольская', 'Успешно', 'Качественная резка и укладка материала'),
(144, 391, '2023-11-13', 'Юрий Рябов', 'Неуспешно', 'Выявлены дефекты в теплозащитном слое'),
(145, 398, '2023-11-14', 'Зинаида Королёва', 'Успешно', 'Проект завершен, недочеты устранены'),
(146, 128, '2023-11-15', 'Руслан Бородин', 'Неуспешно', 'Требуются дополнительные противопожарные датчики'),
(147, 246, '2023-11-16', 'Майя Абрамова', 'Успешно', 'Работы окончены в соответствии с планом'),
(148, 254, '2023-11-17', 'Илья Авдеев', 'Неуспешно', 'Проблемы с подключением газопровода'),
(149, 311, '2023-11-18', 'Екатерина Белкина', 'Успешно', 'Проект полностью завершен по спецификации'),
(150, 308, '2023-11-19', 'А можно .С', 'Неуспешно', 'Необходимо обновить систему молниезащиты'),
(151, 374, '2023-11-20', 'Иван Чижиков', 'Успешно', 'Все требования SAH перепроверены на соответствие нормам'),
(152, 156, '2023-11-21', 'Татьяна Нестерович', 'Неуспешно', 'Нарушения в системе водоснабжения'),
(153, 217, '2023-11-22', 'Вадим Ростов', 'Успешно', 'Контрольный обмер не выявил отклонений'),
(154, 246, '2023-11-23', 'Галина Логинова', 'Неуспешно', 'Проблемы в конструкции перекрытия'),
(155, 270, '2023-11-24', 'Ольга Гермошина', 'Успешно', 'Высокое качество выполненных работ'),
(156, 352, '2023-11-25', 'Геннадий Сергеев', 'Неуспешно', 'Требуется дополнительная изоляция трубопроводов'),
(157, 184, '2023-11-26', 'Захар Абрамов', 'Успешно', 'Претензий к документации нет'),
(158, 316, '2023-11-27', 'Елена Сафоновская', 'Неуспешно', 'Необходимо запенить стыки в перекрытиях'),
(159, 118, '2023-11-28', 'Пётр Мельников', 'Успешно', 'Успешная сдача объекта, все акты подписаны'),
(160, 297, '2023-11-29', 'Любовь Ягунова', 'Неуспешно', 'Проблемы в работе системы отопления'),
(161, 267, '2023-11-30', 'Валерий Каменщиков', 'Успешно', 'Проект соответствует всем нормам безопасности'),
(162, 260, '2023-12-01', 'Игорь Смоляков', 'Неуспешно', 'Замечания по отделочным работам'),
(163, 154, '2023-12-02', 'Евгения Абрамович', 'Успешно', 'Все системы работают стабильно'),
(164, 117, '2023-12-03', 'Антон Пугачёв', 'Неуспешно', 'Необходимо улучшение стеклопакетов'),
(165, 131, '2023-12-04', 'Наталья Замятина', 'Успешно', 'Проект завершен, в рамках бюджета'),
(166, 112, '2023-12-05', 'Артемий Панов', 'Неуспешно', 'Требуется переделка перекрытий'),
(167, 129, '2023-12-06', 'Виктория Устюжанина', 'Успешно', 'Отличное качество выполненных отделочных работ'),
(168, 150, '2023-12-07', 'Семен Ларцев', 'Неуспешно', 'Недостаточная герметизация стыков'),
(169, 386, '2023-12-08', 'Людмила Кобзарь', 'Успешно', 'Строительство завершено, дефекты не обнаружены'),
(170, 262, '2023-12-09', 'Александр Поляков', 'Неуспешно', 'Предоставлена некорректная документация'),
(171, 411, '2023-12-10', 'Маргарита Кручинина', 'Успешно', 'Нарушений в конструкции не выявлено'),
(172, 405, '2023-12-11', 'Константин Чернышев', 'Неуспешно', 'Необходимо увеличить вентиляционные каналы'),
(173, 181, '2023-12-12', 'Тимур Котов', 'Успешно', 'Проект полностью завершен и соответствует требованиям'),
(174, 175, '2023-12-13', 'Анастасия Зуева', 'Неуспешно', 'Отклонения в распределении нагрузок'),
(175, 403, '2023-12-14', 'Игорь Мальцев', 'Успешно', 'Успешная сдача объекта с положительной оценкой'),
(176, 200, '2023-12-15', 'Друг Белоусов', 'Неуспешно', 'Проблемы с электрической системой'),
(177, 314, '2023-12-16', 'Светлана Мельник', 'Успешно', 'Все строительные нормы соблюдены'),
(178, 250, '2023-12-17', 'Борис Черкасов', 'Неуспешно', 'Разрывы в изоляции труб'),
(179, 351, '2023-12-18', 'Инга Шаповалова', 'Успешно', 'Проверка завершена, дефекты устранены'),
(180, 331, '2023-12-19', 'Владислав Морозов', 'Неуспешно', 'Замечания по гидроизоляции фундамента'),
(181, 231, '2023-12-20', 'Диана Левина', 'Успешно', 'Документация соответствует фактическим работам'),
(182, 224, '2023-12-21', 'Артем Жуков', 'Неуспешно', 'Необходимо сменить покрытие кровли'),
(183, 408, '2023-12-22', 'Евгений Назаров', 'Успешно', 'Работы соответствуют заявленным требованиям'),
(184, 244, '2023-12-23', 'Станислав Черемышев', 'Неуспешно', 'Выявлены конструктивные отклонения'),
(185, 154, '2023-12-24', 'Елена Полянская', 'Успешно', 'Все технологические процессы выполнены правильно'),
(186, 396, '2023-12-25', 'Герман Ильин', 'Неуспешно', 'Проблемы с регулировкой подъемных механизмов'),
(187, 345, '2023-12-26', 'Оксанад Чернова', 'Успешно', 'Все зоны контроля выполнены без недостатков'),
(188, 363, '2023-12-27', 'Игнат Корбут', 'Неуспешно', 'Необходимо произвести инженерные доработки'),
(189, 405, '2023-12-28', 'Ника Сергеева', 'Успешно', 'Проект успешно прошел ревизию'),
(190, 103, '2023-12-29', 'Дмитрий Соломатин', 'Неуспешно', 'Выявлены нарушения в проектной документации'),
(191, 140, '2023-12-30', 'Иларион Гордеев', 'Успешно', 'Проект выполнен качественно и в срок'),
(192, 332, '2023-12-31', 'Светлана Островская', 'Неуспешно', 'Выявлены дефекты в наружной отделке'),
(193, 226, '2024-01-01', 'Григорий Сухов', 'Успешно', 'Все конструкции полностью отвечают требованиям'),
(194, 262, '2024-01-02', 'Дарья Сторожева', 'Неуспешно', 'Нарушения системы водоотведения'),
(195, 217, '2024-01-03', 'Артем Завадский', 'Успешно', 'Объект сдан с положительной характеристикой'),
(196, 150, '2024-01-04', 'Юлия Зуева', 'Неуспешно', 'Недочеты в сооружении несущей стены'),
(197, 234, '2024-01-05', 'Филипп Мирный', 'Успешно', 'Все рекомендации по улучшению выполнены'),
(198, 215, '2024-01-06', 'Таисия Долгова', 'Неуспешно', 'Протекание кровли при осадках'),
(199, 127, '2024-01-07', 'Павел Сухов', 'Успешно', 'Сооружение соответствует всем установленным критериям'),
(200, 352, '2024-01-08', 'Тимофей Дягилев', 'Неуспешно', 'Отклонения от проектных решений в конструкциях'),
(201, 207, '2024-01-09', 'Ольга Рябцева', 'Успешно', 'Контрольный запуск систем прошел без замечаний'),
(202, 200, '2024-01-10', 'Виктор Пушкин', 'Неуспешно', 'Требуются доработки в планировке плитки'),
(203, 272, '2024-01-11', 'Анна Быстрова', 'Успешно', 'Проект завершен с соблюдением всех стандартов'),
(204, 333, '2024-01-12', 'Михаил Воронов', 'Неуспешно', 'Недочеты в установке фасадных панелей'),
(205, 401, '2024-01-13', 'Ирина Костина', 'Успешно', 'Инспекция показала высокий уровень строительства'),
(206, 250, '2024-01-14', 'Сергей Литов', 'Неуспешно', 'Неправильная разводка отопительных труб'),
(207, 384, '2024-01-15', 'Юлия Щукина', 'Успешно', 'Технологические карты полностью соблюдены'),
(208, 218, '2024-01-16', 'Дмитрий Кононов', 'Неуспешно', 'Выявлены трещины в несущем перекрытии'),
(209, 246, '2024-01-17', 'Алексей Гамов', 'Успешно', 'Монтаж завершен в соответствии с графиком'),
(210, 222, '2024-01-18', 'Лариса Финягина', 'Неуспешно', 'Проблемы с герметичностью в крыше'),
(211, 210, '2024-01-19', 'Егор Михайлов', 'Успешно', 'Все запланированные работы выполнены успешно'),
(212, 258, '2024-01-20', 'Татьяна Волочкова', 'Неуспешно', 'Необходима корректировка инженерной сети'),
(213, 369, '2024-01-21', 'Ольга Малинина', 'Успешно', 'Завершающий этап строительства прошел успешно'),
(214, 141, '2024-01-22', 'Кирилл Пятков', 'Неуспешно', 'Замечания по качеству оконных профилей'),
(215, 239, '2024-01-23', 'Марина Климова', 'Успешно', 'Все требования по стандартам безопасности соблюдены'),
(216, 141, '2024-01-24', 'Руслан Коновалов', 'Неуспешно', 'Устранение дефектов в электропроводке'),
(217, 412, '2024-01-25', 'Леонид Сидоров', 'Успешно', 'Завершение работ в полном соответствии с проектом'),
(218, 115, '2024-01-26', 'Светлана Мирная', 'Неуспешно', 'Требуются дополнительные работы по утеплению'),
(219, 202, '2024-01-27', 'Николай Пивоваров', 'Успешно', 'Сроки выполнения работ соблюдены полностью'),
(220, 121, '2024-01-28', 'Валерия Соколова', 'Неуспешно', 'Нарушения в установке вентиляционных отверстий'),
(221, 185, '2024-01-29', 'Григорий Карпов', 'Успешно', 'Проект завершен с полным соответствием спецификациям'),
(222, 234, '2024-01-30', 'Антонина Павлова', 'Неуспешно', 'Конструктивные недочеты в дверных проемах'),
(223, 288, '2024-01-31', 'Олег Сиваков', 'Успешно', 'Строительство завершено без нарушений'),
(224, 348, '2024-02-01', 'Василиса Логинова', 'Неуспешно', 'Отклонение от проектных данных в фасаде здания'),
(225, 308, '2024-02-02', 'Иван Кузнецов', 'Успешно', 'Все документы оформлены надлежащим образом'),
(226, 118, '2024-02-03', 'Вероника Кудряшова', 'Неуспешно', 'Утечки обнаружены в системе водоснабжения'),
(227, 142, '2024-02-04', 'Андрей Эрмаков', 'Успешно', 'Работы завершены в присутственных соблюдения норм'),
(228, 339, '2024-02-05', 'Екатерина Луговая', 'Неуспешно', 'Конструктивные ошибки в соединениях труб'),
(229, 203, '2024-02-06', 'Павел Орлов', 'Успешно', 'Качество отделочных работ на высоком уровне'),
(230, 394, '2024-02-07', 'Мария Романова', 'Неуспешно', 'Требуется доработка вентиляционной системы'),
(231, 305, '2024-02-08', 'Семен Кривошапка', 'Успешно', 'Технологические стандарты полностью соблюдены'),
(232, 370, '2024-02-09', 'Полина Смольная', 'Неуспешно', 'Выявлены неровности в полу здания'),
(233, 232, '2024-02-10', 'Арсен Петухов', 'Успешно', 'Проект соответствует требованиям технических норм'),
(234, 243, '2024-02-11', 'Любовь Черных', 'Неуспешно', 'Необходимо устранить проблемы с фундаментом'),
(235, 354, '2024-02-12', 'Максим Вербицкий', 'Успешно', 'Проект сдан с высоким качеством выполнения'),
(236, 371, '2024-02-13', 'Наталия Боронина', 'Неуспешно', 'Необходима корректировка проектной документации'),
(237, 125, '2024-02-14', 'Евгений Родин', 'Успешно', 'Все системы успешно прошли приемочный контроль'),
(238, 406, '2024-02-15', 'Тимофей Горелов', 'Неуспешно', 'Замечания по качеству кровельного покрытия'),
(239, 149, '2024-02-16', 'Эльвира Козлова', 'Успешно', 'Положительная оценка качества проведенных работ'),
(240, 282, '2024-02-17', 'Георгий Пархоменко', 'Неуспешно', 'Трещины в строительной кладке требуют устранения'),
(241, 276, '2024-02-18', 'Ольга Ефимова', 'Успешно', 'Проект принят в эксплуатацию без замечаний'),
(242, 304, '2024-02-19', 'Аркадий Лоскутов', 'Неуспешно', 'Указания на нецелесообразность используемых материалов'),
(243, 273, '2024-02-20', 'Варвара Жданова', 'Успешно', 'Проверка соответствия спецификации прошла успешно'),
(244, 202, '2024-02-21', 'Александр Назарбаев', 'Неуспешно', 'Сложности в эксплуатации инженерных систем'),
(245, 180, '2024-02-22', 'Людмила Прохорова', 'Успешно', 'Все нормы по технике безопасности удовлетворены'),
(246, 197, '2024-02-23', 'Герман Грачев', 'Неуспешно', 'Необходимо поработать над улучшением изоляции'),
(247, 149, '2024-02-24', 'Зинаида Ежова', 'Успешно', 'Проект принят, дефекты отсутствуют'),
(248, 212, '2024-02-25', 'Игорь Захарченко', 'Неуспешно', 'Некорректное распределение силовых нагрузок'),
(249, 328, '2024-02-26', 'Виолетта Быкова', 'Успешно', 'Стройобъект принят без отклонений'),
(250, 348, '2024-02-27', 'Марк Ершов', 'Неуспешно', 'Проблемы с монтажом фасадных декоративных элементов'),
(251, 373, '2024-02-28', 'Диана Смирнова', 'Успешно', 'Успешно проведена приемка в эксплуатацию'),
(252, 136, '2024-02-29', 'Фёдор Сердечный', 'Неуспешно', 'Требуются корректировки в электрической сети'),
(253, 253, '2024-02-28', 'Клара Эллина', 'Успешно', 'Объект сдан без замечаний'),
(254, 375, '2024-02-28', 'Оксана Бойцова', 'Неуспешно', 'Необходима переделка оконных установок'),
(255, 137, '2024-03-01', 'Антон Исаков', 'Успешно', 'Соблюдение всех строительных норм насчитынан'),
(256, 145, '2024-03-02', 'Карина Рябова', 'Неуспешно', 'Проблемы с устройством утеплителей'),
(257, 222, '2024-03-03', 'Вадим Крутин', 'Успешно', 'Контроль качества пройден успешно'),
(258, 392, '2024-03-04', 'Дарья Стрельникова', 'Неуспешно', 'Недостатки в нагрузочной устойчивости'),
(259, 411, '2024-03-05', 'Анатолий Гребнев', 'Успешно', 'Оценка всех систем положительная'),
(260, 182, '2024-03-06', 'Лидия Семёнова', 'Неуспешно', 'Требуется усиление стеновых конструкций'),
(261, 257, '2024-03-07', 'Виктория Ларионова', 'Успешно', 'Все работы завершены в срок и без замечаний'),
(262, 401, '2024-03-08', 'Эдуард Корнеев', 'Неуспешно', 'Устранение слабых мест в фасадной отделке'),
(263, 180, '2024-03-09', 'Елизавета Галочкина', 'Успешно', 'Проект соответствует всем регламентам'),
(264, 405, '2024-03-10', 'Валентин Победкин', 'Неуспешно', 'Проблемы с шумоизоляцией и звукоизоляцией'),
(265, 319, '2024-03-11', 'Таисия Полякова', 'Успешно', 'Окончательный этап работ успешно завершен'),
(266, 252, '2024-03-12', 'Наталья Рудакова', 'Неуспешно', 'Замечания по канализационной инфраструктуре'),
(267, 269, '2024-03-13', 'Илья Билокопытов', 'Успешно', 'Объект введен в эксплуатацию с положительными отзывами'),
(268, 118, '2024-03-14', 'Тамара Лебедева', 'Неуспешно', 'Конструктивные неточности в перекрытиях'),
(269, 198, '2024-03-15', 'Станислав Головин', 'Успешно', 'Качество всех систем подтверждено комиссией'),
(270, 124, '2024-03-16', 'Филипп Сивцев', 'Неуспешно', 'Необходимо доработать эксплуатацию подъездных путей'),
(271, 269, '2024-03-17', 'Евдокия Кирина', 'Успешно', 'Проект принят к оперативному управлению'),
(272, 196, '2024-03-18', 'Тихон Яров', 'Неуспешно', 'Выявлены дефекты в плиточных покрытиях'),
(273, 214, '2024-03-19', 'Галина Петрова', 'Успешно', 'Все мероприятия проведены в срок и на высшем уровне'),
(274, 224, '2024-03-20', 'Сергей Рубин', 'Неуспешно', 'Необходима проверка пожарной охраны'),
(275, 183, '2024-03-21', 'Ирина Фролова', 'Успешно', 'Позитивная оценка работы всех систем'),
(276, 126, '2024-03-22', 'Леон Ли', 'Неуспешно', 'Доработка вентиляционных рейсовых каналов'),
(277, 310, '2024-03-23', 'Галина Некрасова', 'Успешно', 'Всё выполнено согласно плану'),
(278, 294, '2024-03-24', 'Владимир Новиков', 'Неуспешно', 'Требуется замена стройматериалов'),
(279, 411, '2024-03-25', 'Никита Шпагин', 'Успешно', 'Все задания успешно выполнены'),
(280, 232, '2024-03-26', 'Лариса Кошкина', 'Неуспешно', 'Проблемы с электропитанием здания'),
(281, 217, '2024-03-27', 'Денис Елисеев', 'Успешно', 'Объект сдан без отклонений и нарушений'),
(282, 412, '2024-03-28', 'Анна Массель', 'Неуспешно', 'Отсутствие доступных планов эвакуации'),
(283, 244, '2024-03-29', 'Валентина Костина', 'Успешно', 'Работы завершены в полном соответствии с требованиями'),
(284, 153, '2024-03-30', 'Михаил Баженов', 'Неуспешно', 'Необходима корректировка проекта фасада'),
(285, 189, '2024-03-31', 'Кирилл Фролов', 'Успешно', 'Выдано разрешение на введение в эксплуатацию'),
(286, 110, '2024-04-01', 'Мария Жукова', 'Успешно', 'Объект построен в полном соответствии с проектом'),
(287, 358, '2024-04-02', 'Станислав Долгов', 'Неуспешно', 'Имеются проблемы с канализационной системой'),
(288, 253, '2024-04-03', 'Лидия Круглова', 'Успешно', 'Все конструктивные элементы соответствуют чертежам'),
(289, 151, '2024-04-04', 'Пётр Ильин', 'Неуспешно', 'Недостаточная звукоизоляция внутренней отделки'),
(290, 184, '2024-04-05', 'Елена Макарова', 'Успешно', 'Положительная оценка от комиссии безопасности'),
(291, 275, '2024-04-06', 'Игорь Воробьёв', 'Неуспешно', 'Имеются нарушения в проектной документации'),
(292, 338, '2024-04-07', 'Светлана Лазарева', 'Успешно', 'Все предусмотренные работы завершены успешно'),
(293, 325, '2024-04-08', 'Александр Смирнов', 'Неуспешно', 'Замечания по качеству укладки асфальта'),
(294, 320, '2024-04-09', 'Ирина Ковалева', 'Успешно', 'Проект полностью завершён согласно спецификациям'),
(295, 333, '2024-04-10', 'Михаил Головин', 'Неуспешно', 'Нарушены нормы освещения в помещениях'),
(296, 251, '2024-04-11', 'Екатерина Соколова', 'Успешно', 'Соответствие энергоэффективности подтверждено'),
(297, 281, '2024-04-12', 'Олег Фомин', 'Неуспешно', 'Требуется доработка в установке перегородок'),
(298, 242, '2024-04-13', 'Юлия Полякова', 'Успешно', 'Сдано в эксплуатацию без замечаний'),
(299, 213, '2024-04-14', 'Антон Федоров', 'Неуспешно', 'Присутствуют деформации в несущих элементах'),
(300, 267, '2024-04-15', 'Алина Игнатова', 'Успешно', 'Проверка систем качестве завершена успешно'),
(301, 359, '2024-04-16', 'Дмитрий Мельников', 'Неуспешно', 'Недочеты в монтаже кровли'),
(302, 212, '2024-04-17', 'Марина Егорова', 'Успешно', 'Все работы окончены строго в установленный срок'),
(303, 201, '2024-04-18', 'Евгений Филатов', 'Неуспешно', 'Необходимы изменения в системе вентиляции'),
(304, 331, '2024-04-19', 'Ольга Сидорова', 'Успешно', 'Проект выполнен с высокой степенью качества'),
(305, 400, '2024-04-20', 'Борис Панфилов', 'Неуспешно', 'Корректировка канализационных трубопроводов необходима'),
(306, 337, '2024-04-21', 'Виктория Матвеева', 'Успешно', 'Объект принят в эксплуатацию без отклонений'),
(307, 142, '2024-04-22', 'Елисей Романов', 'Неуспешно', 'Замечания по гидроизоляции фундаментов'),
(308, 402, '2024-04-23', 'Таисия Гукасян', 'Успешно', 'Все конструктивные элементы завершены на высшем уровне'),
(309, 282, '2024-04-24', 'Фёдор Яснов', 'Неуспешно', 'Недостаточная изоляция межкомнатных стен'),
(310, 365, '2024-04-25', 'Полина Жарова', 'Успешно', 'Все проектные задачи выполнены качественно и в срок'),
(311, 337, '2024-04-26', 'Платон Котов', 'Неуспешно', 'Замечания по качеству укладки керамической плитки'),
(312, 261, '2024-04-27', 'Зоя Князева', 'Успешно', 'Объект соответствует всем современным требованиям'),
(313, 142, '2024-04-28', 'Богдан Кузьмин', 'Неуспешно', 'Недочеты в облицовке наружных стен'),
(314, 335, '2024-04-29', 'Дарья Суркова', 'Успешно', 'Проект завершён без каких-либо замечаний'),
(315, 184, '2024-04-30', 'Эдуард Савин', 'Неуспешно', 'Проблемы с эксплуатацией инженерных систем'),
(316, 207, '2024-05-01', 'Наталия Тихонова', 'Успешно', 'Все этапы строительства завершены успешно'),
(317, 307, '2024-05-02', 'Алексей Минаев', 'Неуспешно', 'Замечания по обработке внутренних стыков'),
(318, 364, '2024-05-03', 'Николай Рогов', 'Успешно', 'Сточные воды соответствуют экологическим стандартам'),
(319, 213, '2024-05-04', 'Олеся Черкасова', 'Неуспешно', 'Требуется изменение сантехнических разводок'),
(320, 310, '2024-05-05', 'Глеб Емельянов', 'Успешно', 'Рабочие процессы выполнены в полном объеме'),
(321, 359, '2024-05-06', 'Серафима Игнатьева', 'Неуспешно', 'Нарушены нормы использования материалов'),
(322, 286, '2024-05-07', 'Михаил Беспалов', 'Успешно', 'Высокое качество трубопроводных соединений'),
(323, 146, '2024-05-08', 'Татьяна Илларионова', 'Неуспешно', 'Необходима доработка шумоизоляции помещений'),
(324, 272, '2024-05-09', 'Всеволод Гончаров', 'Успешно', 'Никаких отклонений от проектной документации не обнаружено'),
(325, 229, '2024-05-10', 'Юлия Миронова', 'Неуспешно', 'Проблемы с полом инженерных систем'),
(326, 330, '2024-05-11', 'Жанна Русакова', 'Успешно', 'Проект завершён в рамках утверждённого бюджета'),
(327, 155, '2024-05-12', 'Вячеслав Давыдов', 'Неуспешно', 'Имеются нарекания на отделочные работы'),
(328, 393, '2024-05-13', 'Алиса Зайцева', 'Успешно', 'Все инженерные сети функционируют должным образом'),
(329, 171, '2024-05-14', 'Константин Германов', 'Неуспешно', 'Выявлены дефекты в системе отопления'),
(330, 294, '2024-05-15', 'Владислав Дьячков', 'Успешно', 'Система пожарной безопасности прошла проверку'),
(331, 347, '2024-05-16', 'Елизавета Косач', 'Неуспешно', 'Требуется корректировка распределения нагрузок'),
(332, 405, '2024-05-17', 'Никита Рыбаков', 'Успешно', 'Документация полностью соответствует проектным данным'),
(333, 257, '2024-05-18', 'Оксана Казакова', 'Неуспешно', 'Замечания по размещению электроустановок'),
(334, 142, '2024-05-19', 'Лев Колесников', 'Успешно', 'Контроль качества всех этапов строительства пройден'),
(335, 187, '2024-05-20', 'Варвара Воронцова', 'Неуспешно', 'Требуется улучшение звукоизоляции полов'),
(336, 346, '2024-05-21', 'Роман Медведев', 'Успешно', 'Работы выполнены строго по графику'),
(337, 395, '2024-05-22', 'Маргарита Селезнёва', 'Неуспешно', 'Дефекты в стыковочных соединениях'),
(338, 271, '2024-05-23', 'Дмитрий Васильев', 'Успешно', 'Инспекция прошла без замечаний'),
(339, 161, '2024-05-24', 'Инесса Наумова', 'Неуспешно', 'Необходима проверка стальных конструкций'),
(340, 161, '2024-05-25', 'Андрей Симонов', 'Успешно', 'Качество выполнения всех видов работ подтверждено'),
(341, 288, '2024-05-26', 'Валерия Лебедева', 'Неуспешно', 'Замечания по безопасным зонам эвакуации'),
(342, 325, '2024-05-27', 'Илья Габов', 'Успешно', 'Проект завершён в полном соответствии с ГОСТ'),
(343, 269, '2024-05-28', 'Евгения Гришина', 'Неуспешно', 'Выявлены дефекты фасадных панелей'),
(344, 403, '2024-05-29', 'Инесса Анатольева', 'Успешно', 'Все работы соответствуют государственным нормам'),
(345, 255, '2024-05-30', 'Максим Карпов', 'Неуспешно', 'Имеются сбои в рабочем процессе насосной станции'),
(346, 114, '2024-05-31', 'София Юрьева', 'Успешно', 'Работы соответствуют всем строительным стандартам'),
(347, 296, '2024-06-01', 'Павел Малинин', 'Неуспешно', 'Требуется улучшение гидроизоляционной системы'),
(348, 324, '2024-06-02', 'Мария Максакова', 'Успешно', 'Все контрольно-измерительные приборы функционируют исправно'),
(349, 155, '2024-06-03', 'Глеб Карташов', 'Неуспешно', 'Обнаружены дефекты в конструкции кровли'),
(350, 349, '2024-06-04', 'Кристина Петрова', 'Успешно', 'Все работы завершены без отступлений от плана'),
(351, 163, '2024-06-05', 'Юрий Левченко', 'Неуспешно', 'Необходимы доработки в фасадных облицовочных материалах'),
(352, 269, '2024-06-06', 'Жанна Боброва', 'Успешно', 'Рейтинг энергоэффективности подтвержден'),
(353, 323, '2024-06-07', 'Артур Некрасов', 'Неуспешно', 'Недостатки в закреплении инженерных систем'),
(354, 339, '2024-06-08', 'Анна Котова', 'Успешно', 'Использованы инновационные технологии, ожидаемый результат достигнут'),
(355, 408, '2024-06-09', 'Денис Лыткин', 'Неуспешно', 'Проблемы с установкой противопожарных средств'),
(356, 310, '2024-06-10', 'Вероника Пашкова', 'Успешно', 'Все работы завершены в срок и с высоким качеством'),
(357, 277, '2024-06-11', 'Александр Проскуряков', 'Неуспешно', 'Требуется уточнение в инженерных подсистемах'),
(358, 200, '2024-06-12', 'Людмила Гаврилова', 'Успешно', 'Процесс строительства соответствует всем требованиям'),
(359, 253, '2024-06-13', 'Алексей Логинов', 'Неуспешно', 'Некорректное расположение систем кондиционирования'),
(360, 250, '2024-06-14', 'Пелагея Александрова', 'Успешно', 'Проект сдан без замечаний и нареканий'),
(361, 114, '2024-06-15', 'Михаил Бочканов', 'Неуспешно', 'Проблемы с установкой перегородок и стен'),
(362, 308, '2024-06-16', 'Алина Метелкина', 'Успешно', 'Объект соответствует всем проектным документам'),
(363, 182, '2024-06-17', 'Константин Евтеев', 'Неуспешно', 'Необходима дополнительная проверка безопасности'),
(364, 269, '2024-06-18', 'Ирина Птицына', 'Успешно', 'Весь проект выполнен в строгом соответствии с графиком'),
(365, 209, '2024-06-19', 'Виктор Синецкий', 'Неуспешно', 'Недостатки в укладке термоплитки'),
(366, 102, '2024-06-20', 'Юлия Смирницкая', 'Успешно', 'Проект завершён успешно в рамках бюджета'),
(367, 315, '2024-06-21', 'Станислав Лебедев', 'Неуспешно', 'Требуется улучшение вентиляционных систем'),
(368, 199, '2024-06-22', 'Татьяна Куприянова', 'Успешно', 'Материалы соответствуют всем необходимым стандартам'),
(369, 220, '2024-06-23', 'Олег Чумаков', 'Неуспешно', 'Нарушения в монтаже несущих конструкций'),
(370, 379, '2024-06-24', 'Жанна Белова', 'Успешно', 'Имеются положительные отзывы от независимой комиссии'),
(371, 274, '2024-06-25', 'Андрей Ермолов', 'Неуспешно', 'Недостатки в работе систем водоотведения'),
(372, 211, '2024-06-26', 'Диана Рабочих', 'Успешно', 'Объект сдан в установленные сроки'),
(373, 126, '2024-06-27', 'Пётр Суриков', 'Неуспешно', 'Необходим пересмотр проекта по освещению'),
(374, 409, '2024-06-28', 'Светлана Петровская', 'Успешно', 'Заключение комиссии позитивное, замечаний нет'),
(375, 207, '2024-06-29', 'Денис Ломов', 'Неуспешно', 'Имеются недочеты в конструкции кровли'),
(376, 142, '2024-06-30', 'Оксана Комарова', 'Успешно', 'Все инженерные сети и системы работают штатно'),
(377, 254, '2024-07-01', 'Максим Орехов', 'Неуспешно', 'Нарушения в стандартах безопасности обнаружены'),
(378, 130, '2024-07-02', 'Екатерина Тимофеева', 'Успешно', 'Проверка соответствия строительным нормам проведена'),
(379, 327, '2024-07-03', 'Руслан Седов', 'Неуспешно', 'Требуются переделки в инженерных сетях'),
(380, 130, '2024-07-04', 'Мила Портнова', 'Успешно', 'Объект соответствует всем техническим требованиям'),
(381, 230, '2024-07-05', 'Дмитрий Шишкин', 'Неуспешно', 'Требуется усиление звукоизоляции в конференц-зале'),
(382, 297, '2024-07-06', 'Ева Соболева', 'Успешно', 'Все инженерные системы функционируют безупречно'),
(383, 265, '2024-07-07', 'Георгий Столбов', 'Неуспешно', 'Недочеты в герметичности оконных рам'),
(384, 107, '2024-07-08', 'Вероника Ключникова', 'Успешно', 'Все пункты технического задания выполнены точно'),
(385, 294, '2024-07-09', 'Арсен Магомедов', 'Неуспешно', 'Проблемы с температурным режимом в помещениях'),
(386, 396, '2024-07-10', 'Светлана Чернышёва', 'Успешно', 'Все этапы строительства завершены согласно плану'),
(387, 113, '2024-07-11', 'Пётр Журавлёв', 'Неуспешно', 'Требуется настройка систем управления отоплением'),
(388, 279, '2024-07-12', 'Елена Цуркан', 'Успешно', 'Объект сдан с высокой оценкой комиссии'),
(389, 179, '2024-07-13', 'Никита Губанов', 'Неуспешно', 'Выявлены отклонения в работе осветительных приборов'),
(390, 374, '2024-07-14', 'Константин Завьялов', 'Успешно', 'Аварийные выходы соответствуют требованиям безопасности'),
(391, 180, '2024-07-15', 'Инна Данилова', 'Неуспешно', 'Нарекания по недочётам в облицовке внутренних стен'),
(392, 183, '2024-07-16', 'Иван Щербаков', 'Успешно', 'Толщина стен соответствует проектной документации'),
(393, 119, '2024-07-17', 'Виктория Муратова', 'Неуспешно', 'Проблемы с качеством сварных соединений'),
(394, 194, '2024-07-18', 'Владимир Муромцев', 'Успешно', 'Все конструктивные элементы проверены и одобрены'),
(395, 302, '2024-07-19', 'Дарья Никитина', 'Неуспешно', 'Требуется устранение дефектов в водосточной системе'),
(396, 322, '2024-07-20', 'Сергей Зиновьев', 'Успешно', 'Проведена инспекция, всё соответствует нормам'),
(397, 292, '2024-07-21', 'Валерия Суслова', 'Неуспешно', 'Замечания по недостаточной толщине стен'),
(398, 166, '2024-07-22', 'Михаил Кулаков', 'Успешно', 'Проект сдан без критических недочётов'),
(399, 192, '2024-07-23', 'Екатерина Худякова', 'Неуспешно', 'Необходимо улучшить соединения кабельных трасс'),
(400, 181, '2024-07-24', 'Вадим Краснов', 'Успешно', 'Работы выполнены с высоким стандартом качества'),
(401, 332, '2024-07-25', 'Ольга Сизова', 'Неуспешно', 'Имеются проблемы с пропитыванием фундаментов'),
(402, 372, '2024-07-26', 'Григорий Парамонов', 'Успешно', 'Документация полностью соответствует фактическим работам'),
(403, 375, '2024-07-27', 'Александр Полтавцев', 'Неуспешно', 'Требуется изменение напольных покрытий'),
(404, 216, '2024-07-28', 'Зоя Алексеенко', 'Успешно', 'Заключение комиссии: работа выполнена качественно'),
(405, 330, '2024-07-29', 'Леонид Басаргин', 'Неуспешно', 'Проблемы с качеством монтажа крыши'),
(406, 107, '2024-07-30', 'Ксения Родина', 'Успешно', 'Все текущие этапы проекта завершены успешно'),
(407, 182, '2024-07-31', 'Игнат Ватутин', 'Неуспешно', 'Замечания по системе деривации воды'),
(408, 171, '2024-08-01', 'Надежда Большова', 'Успешно', 'Работа инженеров оценена как положительная'),
(409, 378, '2024-08-02', 'Макар Троицкий', 'Неуспешно', 'Требуется пересмотр герметичности сантехнических узлов'),
(410, 243, '2024-08-03', 'Полина Болдырева', 'Успешно', 'Проект завершён в полном соответствии с чертежами'),
(411, 135, '2024-08-04', 'Тамара Большакова', 'Неуспешно', 'Замечания по качеству стыковочных соединений'),
(412, 335, '2024-08-05', 'Родион Цыганков', 'Успешно', 'Все меры безопасности выполнены в полном объёме'),
(413, 262, '2024-08-06', 'Елизавета Кондратьева', 'Неуспешно', 'Требуется устранение дефектов в покрытии полов'),
(414, 216, '2024-08-07', 'Анфиса Миллер', 'Успешно', 'Все инспекционные проверки пройдены успешно'),
(415, 281, '2024-08-08', 'Елисей Шаталов', 'Неуспешно', 'Выявлены дефекты в вентканалах'),
(416, 315, '2024-08-09', 'Настасья Синькова', 'Успешно', 'Измерительные приборы установлены и работают корректно'),
(417, 391, '2024-08-10', 'Артемий Белокопытов', 'Неуспешно', 'Выявлены пазы в кладке фундамента'),
(418, 166, '2024-08-11', 'Елизавета Пескова', 'Успешно', 'Положительная оценка от членов проверочной комиссии'),
(419, 349, '2024-08-12', 'Виктор Зайцев', 'Неуспешно', 'Требуется доработка звукоизоляции в коридорах'),
(420, 282, '2024-08-13', 'Юлия Соколова', 'Успешно', 'Все задачи строительного плана выполнены вовремя'),
(421, 262, '2024-08-14', 'Ефрем Авдеев', 'Неуспешно', 'Проблемы с гидроизоляцией кровли'),
(422, 221, '2024-08-15', 'Алена Цветкова', 'Успешно', 'Техническое обслуживание всех систем выполнено правильно'),
(423, 247, '2024-08-16', 'Андрей Ермаков', 'Неуспешно', 'Выявлены недочёты в соединении воздуховодов'),
(424, 219, '2024-08-17', 'Маргарита Гуськова', 'Успешно', 'Объект сдан в эксплуатацию без нареканий'),
(425, 201, '2024-08-18', 'Марк Дудин', 'Неуспешно', 'Проблемы с конструкцией перепадного узла'),
(426, 310, '2024-08-19', 'Катерина Гурова', 'Успешно', 'Проект выполнен согласно всем техническим регламентам'),
(427, 120, '2024-08-20', 'Тихон Старостин', 'Неуспешно', 'Имеются замечания по водоотведению кровли'),
(428, 296, '2024-08-21', 'Марина Щапова', 'Успешно', 'Все работы произведены без отклонений от протокола'),
(429, 285, '2024-08-22', 'Емельян Андронов', 'Неуспешно', 'Требуется повышение звукоизоляции офиса'),
(430, 127, '2024-08-23', 'Варвара Голубева', 'Успешно', 'Объект соответствует всем современным стандартам'),
(431, 251, '2024-08-24', 'Мартин Панкрашкин', 'Неуспешно', 'Замечания по вентиляционной системе'),
(432, 313, '2024-08-25', 'Ирина Филатова', 'Успешно', 'Рекомендуется ввести проект в эксплуатацию'),
(433, 305, '2024-08-26', 'Платон Лебедев', 'Неуспешно', 'Проблемы с конструкцией несущих балок'),
(434, 195, '2024-08-27', 'Кира Рудакова', 'Успешно', 'Работы по проекту завершены в полном объёме'),
(435, 311, '2024-08-28', 'Федор Ковригин', 'Неуспешно', 'Проблемы с укладкой плитки на стенах'),
(436, 276, '2024-08-29', 'Виктория Маслова', 'Успешно', 'Все инженерные системы функционируют безукоризненно'),
(437, 361, '2024-08-30', 'Степан Касаткин', 'Неуспешно', 'Требуется устранение дефектов потолочных соединений'),
(438, 401, '2024-08-31', 'Валентина Радионова', 'Успешно', 'Проект полностью завершен и соответствует нормам'),
(439, 317, '2024-09-01', 'Юрий Жариков', 'Неуспешно', 'Проблемы с канализационными патрубками'),
(440, 177, '2024-09-02', 'Дарья Мартынова', 'Успешно', 'Все инспекционные обязательства выполнены в срок'),
(441, 195, '2024-09-03', 'Айрат Лапшин', 'Неуспешно', 'Требуется доработка здания по показателям безопасности'),
(442, 182, '2024-09-04', 'Вероника Попова', 'Успешно', 'Все работы по проекту завершены качественно'),
(443, 231, '2024-09-05', 'Кирилл Колупаев', 'Неуспешно', 'Выявлены отклонения в планировке помещений'),
(444, 326, '2024-09-06', 'Таисия Соломина', 'Успешно', 'Работы по улучшению прошли успешную проверку'),
(445, 292, '2024-09-07', 'Сэм Титов', 'Неуспешно', 'Замечания по электроизоляции кабельных сетей'),
(446, 315, '2024-09-08', 'Мария Светлова', 'Успешно', 'Все этапы конструктивных работ завершены без замечаний'),
(447, 191, '2024-09-09', 'Олег Углов', 'Неуспешно', 'Необходимы детали исправления облицовки стен'),
(448, 106, '2024-09-10', 'Валентина Швецова', 'Успешно', 'Работы выполнены в полном соответствии со спецификациями'),
(449, 223, '2024-09-11', 'Илларион Трифонов', 'Неуспешно', 'Проблемы с распределением воздушных потоков'),
(450, 326, '2024-09-12', 'Мила Белова', 'Успешно', 'Объект соответствует всем международным стандартам'),
(451, 360, '2024-09-13', 'Василий Соловьев', 'Неуспешно', 'Выявлены проблемы с изоляцией фасадов'),
(452, 201, '2024-09-14', 'Антон Панов', 'Успешно', 'Работы по проекту полностью завершены и проверены'),
(453, 226, '2024-09-15', 'Лилия Павлова', 'Неуспешно', 'Замечания по состоянию несущих конструкций'),
(454, 172, '2024-09-16', 'Ефим Остромиров', 'Успешно', 'Инспекция завершена, нарушения не выявлены'),
(455, 105, '2024-09-17', 'Виктория Яковлева', 'Неуспешно', 'Замечания по канализационным трубам'),
(456, 174, '2024-09-18', 'Стасия Юзвак', 'Успешно', 'Объект принят с высокой оценкой качества работ'),
(457, 102, '2024-09-19', 'Елена Ревякина', 'Неуспешно', 'Требуется доработка вентиляционных отходов'),
(458, 141, '2024-09-20', 'Оскар Костин', 'Успешно', 'Проект завершён, все инспекции пройдены успешно'),
(459, 339, '2024-09-21', 'Диана Кротова', 'Неуспешно', 'Выявлены дефекты конструкции лифта'),
(460, 120, '2024-09-22', 'Иван Бирюков', 'Успешно', 'Программа проверки завершена без недостатков'),
(461, 375, '2024-09-23', 'Галина Смоленцева', 'Неуспешно', 'Требуется дополнительная проверка электросистем'),
(462, 223, '2024-09-24', 'Максим Воронов', 'Успешно', 'Проверка на соответствие всем техническим стандартам завершена'),
(463, 250, '2024-09-25', 'Олеся Гудкова', 'Неуспешно', 'Замечания по качеству отделки внутренних стен'),
(464, 144, '2024-09-26', 'Демьян Гончаров', 'Успешно', 'Техническое сопровождение проекта успешно завершено'),
(465, 225, '2024-09-27', 'Герман Шульгин', 'Неуспешно', 'Нарушения в стыковочных соединениях панелей'),
(466, 195, '2024-09-28', 'Тамара Лужнова', 'Успешно', 'Инженерные системы работают исправно и безотказно'),
(467, 407, '2024-09-29', 'Виктор Кузмин', 'Неуспешно', 'Требуются доработки в инженерных выводах'),
(468, 398, '2024-09-30', 'Валерия Медведева', 'Успешно', 'Строительные работы завершены в строгом соответствии с проектной документацией'),
(469, 176, '2024-10-01', 'Михаил Швецов', 'Неуспешно', 'Замечания по конструкциям несущих стен'),
(470, 162, '2024-10-02', 'Анна Демидова', 'Успешно', 'Проект сдан, все проверки пройдены успешно'),
(471, 298, '2024-10-03', 'Лев Проскурин', 'Неуспешно', 'Необходимо усилить прочность конструкций'),
(472, 192, '2024-10-04', 'Евгений Минин', 'Успешно', 'Техническое состояние всех систем признано удовлетворительным'),
(473, 375, '2024-10-05', 'Владимира Синицына', 'Неуспешно', 'Требуется пересмотр проектного решения по звукоизоляции'),
(474, 322, '2024-10-06', 'Елена Масленникова', 'Успешно', 'Оценка: объекты соответствуют всем заявленным нормам'),
(475, 169, '2024-10-07', 'Данила Разин', 'Неуспешно', 'Замечания по инженерным разводкам труб'),
(476, 373, '2024-10-08', 'Маргарита Никулина', 'Успешно', 'Все требования строительных стандартов выполнены'),
(477, 303, '2024-10-09', 'Игнат Ларин', 'Неуспешно', 'Проблемы с герметизацией стыков конструкций'),
(478, 295, '2024-10-10', 'Камила Колосова', 'Успешно', 'Работы выполнены в полном объеме без недостатков'),
(479, 112, '2024-10-11', 'Олег Варгашев', 'Неуспешно', 'Недочёты в монтаже внешних стен'),
(480, 411, '2024-10-12', 'Ксения Макарова', 'Успешно', 'Согласно инспекционному заключению все работы выполнены качественно'),
(481, 259, '2024-10-13', 'Александра Купцова', 'Неуспешно', 'Задержка в запуске отопительной системы'),
(482, 392, '2024-10-14', 'Геннадий Неверов', 'Успешно', 'Все мероприятия по контролю качества выполнены успешно'),
(483, 164, '2024-10-15', 'Нина Новикова', 'Неуспешно', 'Не требуются дополнительные работы по изоляции'),
(484, 234, '2024-10-16', 'Матвей Осипов', 'Успешно', 'Проект завершен с учетом всех нормативных документов'),
(485, 315, '2024-10-17', 'Софья Очеретная', 'Неуспешно', 'Требуется увеличение мощности системы кондиционирования'),
(486, 212, '2024-10-18', 'Эрнест Парфенов', 'Успешно', 'Объект полностью готов к эксплуатации'),
(487, 159, '2024-10-19', 'Александра Лаптева', 'Неуспешно', 'Проблемы с разводкой электрических проводов'),
(488, 224, '2024-10-20', 'Надежда Черкасова', 'Успешно', 'Контроль строительства выполнен надлежащим образом'),
(489, 134, '2024-10-21', 'Василий Пахомов', 'Неуспешно', 'Имеются проблемы с изоляцией труб'),
(490, 330, '2024-10-22', 'Захар Колышкин', 'Успешно', 'Рекомендовано к вводу в эксплуатацию'),
(491, 348, '2024-10-23', 'Анастасия Юдина', 'Неуспешно', 'Необходимо усилить уплотнительные резинки окон'),
(492, 117, '2024-10-24', 'Георгий Долгов', 'Успешно', 'Проект сдан без отклонений и недочетов'),
(493, 298, '2024-10-25', 'Артем Игнатюк', 'Неуспешно', 'Проблемы с герметичностью кровельного покрытия'),
(494, 211, '2024-10-26', 'Аида Лосева', 'Успешно', 'Объект соответствует всем экологическим регламентам'),
(495, 154, '2024-10-27', 'Станислав Щербаков', 'Неуспешно', 'Недостаточная герметизация внутренних швов'),
(496, 186, '2024-10-28', 'Евдоким Маняшкин', 'Успешно', 'Все инспекционные требования выполнены полностью'),
(497, 404, '2024-10-29', 'Светлана Бурова', 'Неуспешно', 'Из-за некачественного материала обнаружены трещины в стенах'),
(498, 233, '2024-10-30', 'Ираклий Саввин', 'Успешно', 'Слева по главной линии проект выполнен безукоризненно'),
(499, 282, '2024-10-31', 'Лидия Савушкина', 'Неуспешно', 'Выявлены отклонения в работе вентканалов');


INSERT INTO Finances (FinanceID, ProjectID, TransactionDate, Amount, TransactionType, Description) VALUES 
(1001, 135, '2023-01-15', 150000.50, 'Операционный доход', 'Первоначальный вклад для финансирования архитектурного проекта'),
(1002, 311, '2023-01-20', -25000.00, 'Расходы на материалы', 'Покупка строительных материалов для проекта'),
(1003, 232, '2023-01-25', 348000.75, 'Операционный доход', 'Инвестиции второго раунда в проект реставрации'),
(1004, 307, '2023-02-10', -30000.00, 'Расходы на маркетинг', 'Рекламная кампания для поддержки проектных продаж'),
(1005, 269, '2023-02-18', 45200.40, 'Разовоe поступление', 'Доход от презентации проекта на выставке'),
(1006, 129, '2023-03-01', -58000.90, 'Оплата подрядчику', 'Оплата услуг подрядчика за строительные работы'),
(1007, 314, '2023-03-15', 89000.00, 'Операционный доход', 'Расчетный доход от сдачи помещений в аренду'),
(1008, 379, '2023-03-20', -7500.00, 'Административный расход', 'Оплата за офисные принадлежности и услуги связи'),
(1009, 278, '2023-03-30', 130000.25, 'Финансирование от партнера', 'Партнерское финансирование для нового архитектурного проекта'),
(1010, 105, '2023-04-05', -44000.35, 'Зарплаты', 'Заработная плата сотрудников проектной группы'),
(1011, 128, '2023-04-10', 76000.00, 'Грантовое поступление', 'Получение гранта на развитие архитектурных инноваций'),
(1012, 295, '2023-04-15', -15000.00, 'Аренда офиса', 'Оплата аренды офиса для проектной команды'),
(1013, 320, '2023-04-22', 120000.00, 'Операционный доход', 'Доходы от нового архитектурного проекта на сайте'),
(1014, 101, '2023-05-01', -9500.50, 'Расходы на обучение', 'Обучение сотрудников новым технологиям в архитектуре'),
(1015, 360, '2023-05-06', 34050.30, 'Спонсорская помощь', 'Спонсорская помощь для поддержки проекта'),
(1016, 165, '2023-05-12', -37000.00, 'Ремонт оборудования', 'Ремонт и обслуживание проектного оборудования'),
(1017, 339, '2023-05-18', 89000.00, 'Продажа чертежей', 'Продажа архитектурных чертежей клиентам'),
(1018, 319, '2023-05-19', -26000.00, 'Лицензии и разрешения', 'Оплата лицензий и разрешений для проектной работы'),
(1019, 349, '2023-05-25', 118000.35, 'Операционный доход', 'Доходы от арендных платежей за долгосрочные контракты'),
(1020, 361, '2023-06-02', -8800.00, 'Услуги консультанта', 'Оплата услуг архитектурного консультанта проекта'),
(1021, 235, '2023-06-05', 65000.00, 'Инвестиции в проект', 'Привлечение инвестиций от частных лиц на финальную стадию'),
(1022, 239, '2023-06-10', -22000.00, 'Страховка', 'Оплата страховки для техники и оборудования'),
(1023, 132, '2023-06-15', 94000.50, 'Дивидендное поступление', 'Получение дивидендов от успешного завершения проекта'),
(1024, 266, '2023-06-20', -7500.00, 'Стоимость курьерских услуг', 'Доставка проектной документации клиентам'),
(1025, 184, '2023-06-25', 74000.00, 'Грантовое поступление', 'Поддержка проекта с использованием инновационных решений'),
(1026, 123, '2023-07-01', -4500.75, 'Услуги переводчика', 'Оплата услуг переводчика для международного контракта'),
(1027, 340, '2023-07-05', 59000.00, 'Продажа архитектурных услуг', 'Продажа комплексных архитектурных решений элемент'),
(1028, 336, '2023-07-10', -16500.60, 'Расходы на проектные материалы', 'Покупка специализированных материалов для строительства'),
(1029, 296, '2023-07-15', 105000.00, 'Операционный доход', 'Доход от сдачи коммерческих помещений в аренду'),
(1030, 313, '2023-07-20', -6500.00, 'Курсы повышения квалификации', 'Обучение проектной команды новым методам работы'),
(1031, 194, '2023-07-25', 93000.50, 'Финансирование от клиента', 'Предоплата клиента за будущие архитектурные услуги'),
(1032, 334, '2023-08-01', -10400.00, 'Аренда оборудования', 'Аренда технического оборудования для реализации проекта'),
(1033, 261, '2023-08-05', 87000.00, 'Субсидии', 'Субсидии от государства на поддержку архитектурного проекта'),
(1034, 129, '2023-08-10', -23500.00, 'Консалтинговые услуги', 'Оплата услуг консалтинговой компании по управлению проектом'),
(1035, 252, '2023-08-15', 145000.00, 'Инвестиции венчурного фонда', 'Финансирование от венчурного фонда для стартапа'),
(1036, 311, '2023-08-20', -3400.00, 'Почтовые расходы', 'Расходы на почтовые отправления документации'),
(1037, 151, '2023-08-25', 70000.00, 'Продажа проектов', 'Доход от продажи нескольких архитектурных проектов'),
(1038, 262, '2023-09-01', -12000.00, 'Обслуживание сайта', 'Оплата за техническое обслуживание и обновление сайта'),
(1039, 352, '2023-09-05', 80000.00, 'Операционный доход', 'Доход от сдачи помещений в аренду под офисы'),
(1040, 209, '2023-09-10', -9700.50, 'Рекрутинг', 'Расходы на поиск и наем новых сотрудников'),
(1041, 409, '2023-09-15', 90000.00, 'Финансирование от акционеров', 'Акционерное финансирование для расширения проектной деятельности'),
(1042, 164, '2023-09-20', -13500.00, 'Юридические расходы', 'Оплата юридических услуг для оформления контрактов'),
(1043, 349, '2023-09-25', 64000.00, 'Консалтинговый проект', 'Доход от успешного завершения консалтингового проекта'),
(1044, 252, '2023-10-01', -9500.00, 'Международные командировки', 'Расходы на заграничные командировки сотрудников'),
(1045, 378, '2023-10-05', 73000.00, 'Прибыль от выставки', 'Доход от участия в архитектурной выставке'),
(1046, 364, '2023-10-10', -6400.00, 'Образовательные программы', 'Оплата за участие в образовательных программах и семинарах'),
(1047, 298, '2023-10-15', 110000.00, 'Операционный доход', 'Доход от аренды площадей по долгосрочным контрактам'),
(1048, 209, '2023-10-20', -19000.00, 'Коммунальные услуги', 'Оплата счетов за коммунальные услуги офисного помещения'),
(1049, 265, '2023-10-25', 106000.00, 'Подписка на сервисы', 'Доходы от подписок на архитектурные сервисы и платформы'),
(1050, 324, '2023-11-01', -3500.00, 'Бухгалтерские услуги', 'Оплата за бухгалтерское обслуживание компании'),
(1051, 215, '2023-11-05', 123000.00, 'Вторичная продажа прав', 'Продажа прав на использование архитектурных идей'),
(1052, 408, '2023-11-10', -5000.00, 'Расходы на перемещения', 'Транспортные расходы по проектным направлениям'),
(1053, 394, '2023-11-15', 88000.00, 'Операционный доход', 'Доход от использования инновационных архитектурных решений'),
(1054, 318, '2023-11-20', -16000.00, 'Консультационные услуги', 'Оплата консультаций по планированию проекта'),
(1055, 132, '2023-11-25', 99000.00, 'Дополнительное финансирование', 'Дополнительное финансирование для завершения начатого проекта'),
(1056, 229, '2023-12-01', -15500.00, 'Промо-акции', 'Расходы на проведение промо-акций и мероприятий для продвижения'),
(1057, 184, '2023-12-05', 75000.00, 'Инвестиционный доход', 'Процентные доходы от инвестиций в архитектурные технологии'),
(1058, 359, '2023-12-10', -2500.00, 'Техническая поддержка', 'Оплата услуг технической поддержки систем'),
(1059, 158, '2023-12-15', 92000.00, 'Продажа лицензий', 'Доход от продажи лицензий на использование программного обеспечения'),
(1060, 246, '2023-12-20', -13000.00, 'Оплата коммунальных услуг', 'Оплата счетов за коммунальные услуги арендуемых площадей'),
(1061, 123, '2023-12-25', 80000.00, 'Сервисные контракты', 'Доходы по долгосрочным сервисным контрактам'),
(1062, 358, '2024-01-01', -8700.00, 'Платы за обучение', 'Оплата семинаров и тренингов для сотрудников'),
(1063, 389, '2024-01-05', 103000.00, 'Доход от грантов', 'Получение грантовой поддержки для стартап-проекта'),
(1064, 355, '2024-01-10', -5700.00, 'Транспортные услуги', 'Расходы на транспортировку материалов и оборудования'),
(1065, 247, '2024-01-15', 112000.00, 'Операционный доход', 'Доход от продаж архитектурных решений через интернет'),
(1066, 263, '2024-01-20', -11000.00, 'Услуги проектирования', 'Оплата услуг проектирования от сторонней компании'),
(1067, 175, '2024-01-25', 95000.00, 'Поддержка проекта', 'Финансовая поддержка проекта в сфере зеленых технологий'),
(1068, 379, '2024-02-01', -6000.00, 'Почетные взносы', 'Почетные взносы по участию в профессиональных ассоциациях'),
(1069, 307, '2024-02-05', 70000.00, 'Операционный доход', 'Доход от сдачи нежилых помещений в аренду'),
(1070, 184, '2024-02-10', -14500.00, 'Расходы на международные поездки', 'Поездки на международные выставки и конференции'),
(1071, 101, '2024-02-15', 66000.00, 'Прибыль от инвестиций', 'Доходы от успешных инвестиционных соглашений'),
(1072, 159, '2024-02-20', -2200.00, 'Программы обучения', 'Затраты на участие в программах обучения по проектированию'),
(1073, 152, '2024-02-25', 74000.00, 'Венчурное финансирование', 'Финансирование от венчурного фонда для нового проекта'),
(1074, 334, '2024-03-01', -8100.00, 'Арендная плата', 'Арендная плата за офисные помещения и склады'),
(1075, 126, '2024-03-05', 94000.40, 'Поддержка стартапов', 'Финансирование для поддержки стартапов в архитектуре'),
(1076, 272, '2024-03-10', -4500.00, 'Организация мероприятий', 'Расходы на организацию выставок и семинаров'),
(1077, 267, '2024-03-15', 128000.00, 'Доход от спонсоров', 'Полученные средства от спонсоров для поддержки выставки'),
(1078, 229, '2024-03-20', -9900.00, 'Реклама и PR', 'Расходы на рекламные и PR кампании для увеличения продаж'),
(1079, 106, '2024-03-25', 85000.00, 'Роялти', 'Доходы от лицензионных отчислений за использование технологий'),
(1080, 343, '2024-04-01', -6200.00, 'Интернет-услуги', 'Оплата за интернет-услуги и доменное имя'),
(1081, 338, '2024-04-05', 115000.00, 'Операционный доход', 'Доход от реализации большого архитектурного проекта'),
(1082, 329, '2024-04-10', -10500.00, 'Затраты на выставки', 'Участие в выставках и мероприятиях для представления проекта'),
(1083, 328, '2024-04-15', 79000.00, 'Финансирование от НКО', 'Поддержка от некоммерческой организации для новой инициативы'),
(1084, 176, '2024-04-20', -14000.00, 'Обустройство офиса', 'Расходы на обустройство офиса для проектной команды'),
(1085, 388, '2024-04-25', 89000.00, 'Доход от архитектурной студии', 'Прибыль от архитектурной студии по проектированию'),
(1086, 299, '2024-05-01', -7900.00, 'Печатные издания', 'Расходы на печатные издания технической документации'),
(1087, 247, '2024-05-05', 62000.00, 'Инвестирование в проект', 'Новый раунд инвестиций для поддержки стратегического развития'),
(1088, 374, '2024-05-10', -4200.00, 'Связь и интернет', 'Затраты на связь и интернет для офисных нужд проекта'),
(1089, 261, '2024-05-15', 92000.00, 'Доход от инвестиций', 'Проценты от удачно инвестированных средств в архитектурные стартапы'),
(1090, 359, '2024-05-20', -6800.00, 'Обучение сотрудников', 'Финансирование образовательных программ для сотрудников компании'),
(1091, 320, '2024-05-25', 81000.00, 'Заемные средства', 'Получение заемных средств для проектирования коммерческого объекта'),
(1092, 237, '2024-06-01', -8500.00, 'Техническое обслуживание', 'Обслуживание и ремонт офисного оборудования'),
(1093, 407, '2024-06-05', 100000.00, 'Спонсорская помощь', 'Финансирование от спонсоров для инновационного проекта'),
(1094, 248, '2024-06-10', -11500.00, 'Расходы на лицензии', 'Оплата лицензий и сертификатов для ведения проектной работы'),
(1095, 338, '2024-06-15', 88000.00, 'Операционный доход', 'Доход от реализации архитектурного соглашения крупного объекта'),
(1096, 218, '2024-06-20', -3200.00, 'Курсовая поддержка', 'Расходы на проведение курсов и тренингов для команды'),
(1097, 187, '2024-06-25', 76000.00, 'Грантовая поддержка', 'Финансирование от международного фонда для нового проекта'),
(1098, 213, '2024-07-01', -3700.00, 'Оборудование', 'Покупка оборудования для проведения архитектурных измерений'),
(1099, 114, '2024-07-05', 99000.00, 'Дополнительное финансирование', 'Получение дополнительного финансирования для расширения проекта'),
(1100, 330, '2024-07-10', -5700.00, 'Эко-расходы', 'Расходы на экологические мероприятия и инициативы'),
(1101, 341, '2024-07-15', 105000.00, 'Консалтинговый доход', 'Доход от консалтинговых услуг для международной компании'),
(1102, 311, '2024-07-20', -9400.00, 'Обследование объекта', 'Расходы на инженерные исследования проектного участка'),
(1103, 228, '2024-07-25', 99000.00, 'Грантовая поддержка', 'Финансирование для устойчивого развития архитектурного проекта'),
(1104, 393, '2024-08-01', -17500.00, 'Расходы на программное обеспечение', 'Закупка лицензий на проектные ПО и приложения'),
(1105, 210, '2024-08-05', 127000.00, 'Финансирование от венчурного фонда', 'Вливание средств для развития нового стартапа в области архитектуры'),
(1106, 130, '2024-08-10', -15000.00, 'Прототипирование', 'Создание прототипов для концептуального проектирования'),
(1107, 178, '2024-08-15', 88000.00, 'Операционный доход', 'Прибыль от проектирования жилых комплексов'),
(1108, 156, '2024-08-20', -11500.00, 'Маркетинговые расходы', 'Проведение маркетинговых кампаний для продвижения'),
(1109, 218, '2024-08-25', 136000.00, 'Финансирование от партнера', 'Партнерские инвестиции в новый крупный проект'),
(1110, 352, '2024-09-01', -7900.00, 'Обслуживание офисов', 'Оплата услуг техобслуживания офисных помещений'),
(1111, 313, '2024-09-05', 119000.00, 'Грантовая поддержка', 'Получение гранта для поддержки инноваций в строительстве'),
(1112, 227, '2024-09-10', -8600.00, 'Образовательные семинары', 'Выездные семинары для проектных команд'),
(1113, 370, '2024-09-15', 102000.00, 'Продажа чертежей', 'Продажа проектной документации через интернет-платформу'),
(1114, 305, '2024-09-20', -4500.00, 'Аудиторские услуги', 'Затраты на аудит финансовой отчетности'),
(1115, 367, '2024-09-25', 93000.00, 'Финансирование от НКО', 'Финансовая помощь от некоммерческих организаций для проекта'),
(1116, 319, '2024-10-01', -9800.00, 'Юридические услуги', 'Обеспечение юридической поддержки проектной деятельности'),
(1117, 120, '2024-10-05', 107000.00, 'Спонсорское финансирование', 'Средства от спонсоров для проведения выставок'),
(1118, 356, '2024-10-10', -8900.00, 'Переводческие услуги', 'Оплата профессиональных переводчиков для международных сделок'),
(1119, 385, '2024-10-15', 78000.00, 'Операционный доход', 'Доход от реализации архитектурных проектов в жилом секторе'),
(1120, 162, '2024-10-20', -11200.00, 'Обслуживание IT систем', 'Затраты на техобслуживание и обновление IT инфраструктуры'),
(1121, 405, '2024-10-25', 92000.00, 'Продажа лицензий', 'Доход от продажи лицензий на использование профессионального ПО'),
(1122, 266, '2024-11-01', -7500.00, 'Командировочные расходы', 'Затраты на командировки для участия в международных форумах'),
(1123, 358, '2024-11-05', 134000.00, 'Финансовая помощь', 'Финансовая поддержка от акционеров для развития технологий'),
(1124, 163, '2024-11-10', -5900.00, 'Конференции и выставки', 'Участие в конференциях и отраслевых выставках по архитектуре'),
(1125, 409, '2024-11-15', 118000.00, 'Финансирование от государства', 'Государственные средства для продвижения национального проекта'),
(1126, 280, '2024-11-20', -10200.00, 'Затраты на разработку', 'Расходы на проектирование новых строительных решений'),
(1127, 245, '2024-11-25', 95000.00, 'Субсидии на проект', 'Субсидии для разработки экологически чистых архитектурных решений'),
(1128, 175, '2024-12-01', -4700.00, 'Бухгалтерские услуги', 'Оплата бухгалтерских услуг для ведения проекта'),
(1129, 193, '2024-12-05', 111000.00, 'Инвестирование в технологии', 'Инвестиции в новые технологии для строительной индустрии'),
(1130, 134, '2024-12-10', -8400.00, 'Консультации', 'Оплата консультаций с международными экспертами по архитектуре'),
(1131, 190, '2024-12-15', 101000.00, 'Отчисления от контракта', 'Доходы от контрактов на проектирование и строительство'),
(1132, 397, '2024-12-20', -9300.00, 'Налоги и сборы', 'Оплата налогов и обязательных сборов по проектам'),
(1133, 182, '2024-12-25', 70000.00, 'Внешние инвестиции', 'Привлечение инвесторов для расширения архитектурной практики'),
(1134, 196, '2025-01-01', -6500.00, 'Маркетинговые исследования', 'Проведение исследований для определения новых рыночных стратегий'),
(1135, 260, '2025-01-05', 135000.00, 'Заемные средства', 'Получение средств для реализации крупного строительного проекта'),
(1136, 217, '2025-01-10', -12500.00, 'Инфраструктурные работы', 'Затраты на строительство и развитие инфраструктуры'),
(1137, 314, '2025-01-15', 98000.00, 'Помощь от иностранных партнеров', 'Средства от международных партнеров для совместного проекта'),
(1138, 346, '2025-01-20', -7700.00, 'Обслуживание оборудования', 'Профилактическое обслуживание и ремонт строительной техники'),
(1139, 372, '2025-01-25', 123000.00, 'Прибыль от продажи', 'Средства от продаж архитектурно-проектных решений'),
(1140, 412, '2025-02-01', -8000.00, 'Экологические исследования', 'Проведение исследований для экологической оценки строительства'),
(1141, 387, '2025-02-05', 89000.00, 'Операционный доход', 'Доход от сдачи в аренду специальных помещений'),
(1142, 166, '2025-02-10', -6900.00, 'Организация обучения', 'Организация курсов и тренингов для повышения квалификации сотрудников'),
(1143, 374, '2025-02-15', 94000.00, 'Продажа проектных решений', 'Доход от реализации проектных решений через онлайн платформу'),
(1144, 216, '2025-02-20', -4300.00, 'Оплата консалтинга', 'Рассходы на консалтинговые услуги для оптимизации бизнеса'),
(1145, 157, '2025-02-25', 109000.00, 'Финансирование от фонда', 'Финансовая поддержка от фонда для развития нового архитектурного направления'),
(1146, 341, '2025-03-01', -6750.00, 'Реклама и PR', 'Затраты на рекламные акции и PR-мероприятия для продвижения бренда'),
(1147, 297, '2025-03-05', 103000.00, 'Консалтинговый проект', 'Доход от завершения консалтинговых услуг в области проектирования'),
(1148, 274, '2025-03-10', -9300.00, 'Юридическая поддержка', 'Юридические услуги по защите интеллектуальной собственности и контрактам'),
(1149, 186, '2025-03-15', 136000.00, 'Заемные средства', 'Привлечение заемных средств для расширения проекта'),
(1150, 169, '2025-03-20', -11500.00, 'Расходы на командировки', 'Путевые расходы на международные переговоры и конференции'),
(1151, 216, '2025-03-25', 104000.00, 'Финансирование от НПО', 'Необходимая помощь от некоммерческих организаций для нового архитектурного проекта'),
(1152, 403, '2025-04-01', -8900.00, 'Закупка материалов', 'Приобретение необходимых материалов для реализации проекта'),
(1153, 307, '2025-04-05', 99000.00, 'Архитектурные консалтинговые услуги', 'Прибыль от оказания архитектурных консалтинговых услуг'),
(1154, 101, '2025-04-10', -7200.00, 'Обслуживание техники', 'Обслуживание и ремонт строительной и проектной техники'),
(1155, 314, '2025-04-15', 88000.00, 'Гранты на исследования', 'Получение грантов для проведения научно-исследовательских работ в архитектуре'),
(1156, 208, '2025-04-20', -5100.00, 'Затраты на выставки', 'Участие в отраслевых выставках и форумах'),
(1157, 295, '2025-04-25', 115000.00, 'Финансирование от партнеров', 'Спонсорская поддержка от партнеров для нового совместного проекта'),
(1158, 253, '2025-05-01', -6800.00, 'Конференции и семинары', 'Затраты на участие в образовательных и профессиональных конференциях и семинарах'),
(1159, 122, '2025-05-05', 121000.00, 'Продажа на экспорт', 'Доходы от экспортной продажи архитектурных технологий и решений'),
(1160, 239, '2025-05-10', -4850.00, 'Услуги связи', 'Расходы на услуги связи и интернет для офисных нужд проекта'),
(1161, 114, '2025-05-15', 75000.00, 'Финансовая помощь от инвесторов', 'Инвестиции в новые архитектурные разработки'),
(1162, 322, '2025-05-20', -8350.00, 'Поддержка ИТ инфраструктуры', 'Затраты на поддержание и обновление ИТ инфраструктуры компании'),
(1163, 200, '2025-05-25', 98000.00, 'Доход от грантов', 'Финансирование грантовыми средствами для ведения инновационной деятельности'),
(1164, 261, '2025-06-01', -6200.00, 'Транспортные расходы', 'Затраты на транспортировку материалов и оборудования для проекта'),
(1165, 383, '2025-06-05', 101000.00, 'Инвестиции от частных лиц', 'Финансирование от частных лиц для поддержки архитектурной миссии'),
(1166, 248, '2025-06-10', -8400.00, 'Затраты на ИТ системы', 'Техническое обслуживание и развитие IT систем компании'),
(1167, 141, '2025-06-15', 135000.00, 'Спонсорская помощь', 'Cпонсорское финансирование для проведения архитектурного форума'),
(1168, 356, '2025-06-20', -9200.00, 'Офисные расходы', 'Приобретение офисной мебели и техники для нового офиса'),
(1169, 363, '2025-06-25', 113000.00, 'Фондовые инвестиции', 'Средства от фондов для расширения проектной деятельности'),
(1170, 122, '2025-07-01', -7300.00, 'Аудиторские услуги', 'Оплата услуг аудиторов для финансового отчета'),
(1171, 345, '2025-07-05', 149000.00, 'Грантовая поддержка', 'Поддержка на развитие новых технологий в архитектуре'),
(1172, 281, '2025-07-10', -9500.00, 'Эксплуатация и ремонт', 'Затраты на ремонт и эксплуатацию проектного оборудования'),
(1173, 119, '2025-07-15', 99000.00, 'Прибыль от аренды', 'Доход от аренды проектных помещений под офисы'),
(1174, 241, '2025-07-20', -8700.00, 'Спонсорские расходы', 'Затраты на участие в спонсируемых выставках и форумах'),
(1175, 299, '2025-07-25', 145000.00, 'Финансирование от инвесторов', 'Инвесторские средства для усиления инноваций'),
(1176, 311, '2025-08-01', -7900.00, 'Патенты и лицензии', 'Оплата за регистрацию патентов и архитектурных лицензий'),
(1177, 177, '2025-08-05', 111000.00, 'Финансирование от государства', 'Государственные субсидии для поддержания экопроектов'),
(1178, 242, '2025-08-10', -6800.00, 'Страховые расходы', 'Обеспечение страховых полисов для проектных работников'),
(1179, 376, '2025-08-15', 142000.00, 'Некоммерческая помощь', 'Финансирование от НКО для социального проекта'),
(1180, 397, '2025-08-20', -9100.00, 'Закупка материалов', 'Закупка материалов для создания архитектурных моделей'),
(1181, 223, '2025-08-25', 125000.00, 'Продажа проектной документации', 'Доходы от продаж проектной документации крупным клиентам'),
(1182, 379, '2025-09-01', -8800.00, 'Юридические затраты', 'Оплата юридической поддержки проектных сделок и контрактов'),
(1183, 296, '2025-09-05', 104000.00, 'Поддержка от клиентов', 'Финансирование от клиентов для новых проектных инициатив'),
(1184, 231, '2025-09-10', -9500.00, 'Затраты на метрологию', 'Расходы на метрологические работы и калибровку оборудования'),
(1185, 242, '2025-09-15', 131000.00, 'Финансирование от фонда', 'Поддержка от фонда для создания архитектурных дизайнов'),
(1186, 131, '2025-09-20', -10200.00, 'Другое', 'Прочие расходы связанные с неожиданными затратами в проекте'),
(1187, 239, '2025-09-25', 119000.00, 'Инвестиции в проект', 'Частные инвестиции для запуска нового проекта'),
(1188, 391, '2025-10-01', -8400.00, 'Обслуживание помещений', 'Расходы на обслуживание и ремонт офисных площадей'),
(1189, 231, '2025-10-05', 126000.00, 'Инвестиции от государственных фондов', 'Средства для поддержки инфраструктурных инициатив'),
(1190, 340, '2025-10-10', -8200.00, 'Транспортные расходы', 'Логистические затраты связанные с доставкой материалов'),
(1191, 220, '2025-10-15', 136000.00, 'Консультационные услуги', 'Доходы от оказания консультационных услуг в сфере архитектуры'),
(1192, 270, '2025-10-20', -8700.00, 'Затраты на связь', 'Расходы на мобильную связь и интернет-услуги проекта'),
(1193, 324, '2025-10-25', 124000.00, 'Финансирование от частных инвесторов', 'Поддержка от частных инвесторов для долгосрочного проекта'),
(1194, 125, '2025-11-01', -6800.00, 'Маркетинговые исследования', 'Расходы на проведение маркетинговых исследований для нового проекта'),
(1195, 378, '2025-11-05', 133000.00, 'Прибыль от международных проектов', 'Выручка от международных проектов и инициатив в строительстве'),
(1196, 192, '2025-11-10', -9700.00, 'Затраты на подрядчиков', 'Расходы на оплату услуг подрядчиков проекта'),
(1197, 131, '2025-11-15', 129000.00, 'Финансирование от НКО', 'Некоммерческая помощь для внедрения инноваций в архитектуре'),
(1198, 308, '2025-11-20', -8900.00, 'Платежи на лицензии', 'Оплата лицензий на использование программного обеспечения'),
(1199, 280, '2025-11-25', 145000.00, 'Спонсорская поддержка', 'Средства от спонсоров для популяризации архитектурных исследований'),
(1200, 109, '2025-12-01', -7100.00, 'Реклама и PR', 'Расходы на рекламу и PR кампании для привлечения внимания к проекту'),
(1201, 355, '2025-12-05', 138000.00, 'Финансирование от внутренних фондов', 'Средства для развития внутренней проектной деятельности'),
(1202, 133, '2025-12-10', -9200.00, 'Обучение сотрудников', 'Расходы на обучение и развитие профессиональных навыков персонала'),
(1203, 271, '2025-12-15', 142000.00, 'Инвестиции', 'Инвестиции в экологически чистые архитектурные технологии'),
(1204, 345, '2025-12-20', -6700.00, 'Затраты на энергетическое обеспечение', 'Расходы на энергетическое обеспечение проектных площадей'),
(1205, 379, '2025-12-25', 132000.00, 'Финансирование от международных партнеров', 'Финансирование для глобальных архитектурных инициатив'),
(1206, 346, '2026-01-01', -8600.00, 'Юридические консультации', 'Затраты на юридические консультации для международных сделок'),
(1207, 404, '2026-01-05', 149000.00, 'Продажа проектов на внешние рынки', 'Выручка от зарубежных продаж архитектурных проектов'),
(1208, 262, '2026-01-10', -7900.00, 'Оплата инженерии', 'Расходы на инженерные работы по проекту'),
(1209, 219, '2026-01-15', 136000.00, 'Финансирование от акционеров', 'Акционерное финансирование для увеличения мощности проекта'),
(1210, 277, '2026-01-20', -9800.00, 'Платежи по коммунальным услугам', 'Расходы на коммунальные услуги и поддержание офисной инфраструктуры'),
(1211, 318, '2026-01-25', 127000.00, 'Продажа проектной документации', 'Выручка от продажи проектной документации и чертежей'),
(1212, 150, '2026-02-01', -9600.00, 'Оплата переводчиков', 'Платежи за переводческие услуги для работы с международными партнерами'),
(1213, 320, '2026-02-05', 144000.00, 'Инвестиции на развитие', 'Инвестиции в разработку и улучшение проектной продукции'),
(1214, 345, '2026-02-10', -9600.00, 'Архитектурные лицензии', 'Расходы на лицензии и патенты в области архитектуры'),
(1215, 155, '2026-02-15', 130000.00, 'Грантовые поступления', 'Грантовая поддержка для внедрения инновационных решений'),
(1216, 361, '2026-02-20', -8400.00, 'Маркетинговые затраты', 'Маркетинговые расходы на продвижение новых услуг'),
(1217, 344, '2026-02-25', 146000.00, 'Спонсорская помощь', 'Спонсорские средства для поддержки выставки архитектурных достижений'),
(1218, 258, '2026-03-01', -8900.00, 'Обслуживание архитектурных факторов', 'Расходы на разработку и обслуживание архитектурных решений'),
(1219, 315, '2026-03-05', 139000.00, 'Продажа лицензий', 'Доход от продажи лицензий на архитектурные технологии'),
(1220, 111, '2026-03-10', -9100.00, 'Затраты на исследования', 'Затраты на исследования и разработки в проектной области'),
(1221, 284, '2026-03-15', 150000.00, 'Финансирование от фондов', 'Фондовая поддержка разработки устойчивой архитектуры'),
(1222, 134, '2026-03-20', -9200.00, 'Оплата за инфраструктуру', 'Расходы на инфраструктурные улучшения и пусконаладочные работы'),
(1223, 123, '2026-03-25', 132000.00, 'Гранты от государства', 'Государственные субсидии на проектирование зелёных пространств'),
(1224, 327, '2026-04-01', -8900.00, 'Консультации по инжинирингу', 'Консультационные затраты на инжиниринговые решения'),
(1225, 373, '2026-04-05', 148000.00, 'Продажа услуг', 'Продажа консалтинговых и проектных услуг международным клиентам'),
(1226, 187, '2026-04-10', -8600.00, 'Затраты на сертификацию', 'Расходы на сертификацию и лицензирование новых продуктов'),
(1227, 324, '2026-04-15', 143000.00, 'Финансирование от фондов', 'Фондовая поддержка для нового проектного направления'),
(1228, 347, '2026-04-20', -8200.00, 'Обучение сотрудников', 'Затраты на курс повышения квалификации работников'),
(1229, 264, '2026-04-25', 134000.00, 'Инвестиции в область стройтехнологий', 'Выручка для поддержки технологического развития в архитектуре'),
(1230, 340, '2026-05-01', -9600.00, 'Лицензии на программное обеспечение', 'Стоимости за лицензии на использование проектного ПО'),
(1231, 251, '2026-05-05', 137000.00, 'Спонсорская помощь', 'Спонсорская поддержка для продвижения культурного центра'),
(1232, 326, '2026-05-10', -9100.00, 'Переводческие услуги', 'Оплата услуг переводчиков для глобального проектного сотрудничества'),
(1233, 311, '2026-05-15', 140000.00, 'Проценты по капиталу', 'Доходы от инвестиций в архитектурные стартапы'),
(1234, 406, '2026-05-20', -9400.00, 'Управление проектами', 'Затраты на услуги управления проектами сторонними компаниями'),
(1235, 133, '2026-05-25', 142000.00, 'Гранты на исследования', 'Средства на научные исследования в области устойчивой архитектуры'),
(1236, 101, '2026-06-01', -8900.00, 'Услуги переводчиков', 'Затраты на услуги переводчиков для международной экспансии'),
(1237, 310, '2026-06-05', 135000.00, 'Инвестиции в образовательные проекты', 'Финансирование проектов, связанных с обучением в архитектуре'),
(1238, 186, '2026-06-10', -8400.00, 'Командировочные расходы', 'Затраты на командировки для международных встреч и проектов'),
(1239, 293, '2026-06-15', 148000.00, 'Операционный доход', 'Доход от реализации большого проекта в сфере строительства'),
(1240, 278, '2026-06-20', -8700.00, 'Юридические услуги', 'Расходы на юридическое сопровождение крупного проекта'),
(1241, 242, '2026-06-25', 146000.00, 'Финансирование от НКО', 'Поддержка от некоммерческих организаций для проведения исследований'),
(1242, 125, '2026-07-01', -9500.00, 'Затраты на выставки и конференции', 'Расходы на участие в крупных выставках и форумах'),
(1243, 122, '2026-07-05', 131000.00, 'Финансирование от партнеров', 'Инвестиционные средства от партнеров для инновационного проекта'),
(1244, 127, '2026-07-10', -9200.00, 'Переводческие услуги', 'Затраты на профессиональные переводы для международного проекта'),
(1245, 355, '2026-07-15', 137000.00, 'Финансирование от государства', 'Госфинансирование на внедрение энергетически эффективных технологий'),
(1246, 159, '2026-07-20', -8600.00, 'Затраты на инфраструктуру', 'Расходы на развитие муниципальной инфраструктуры'),
(1247, 252, '2026-07-25', 139000.00, 'Поддержка от венчурного фонда', 'Финансирование от венчурного фонда для масштабирования бизнеса'),
(1248, 375, '2026-08-01', -8800.00, 'Расходы на лицензирование', 'Оплата лицензий и программных сертификаций'),
(1249, 367, '2026-08-05', 134000.00, 'Финансирование от международных фондов', 'Средства на реализацию международных проектов'),
(1250, 318, '2026-08-10', -8600.00, 'Партнерские взносы', 'Оплата членских взносов в международных ассоциациях'),
(1251, 313, '2026-08-15', 132000.00, 'Грантовая поддержка', 'Финансирование исследований в области инновационных строительных технологий'),
(1252, 278, '2026-08-20', -8700.00, 'Обслуживание технических систем', 'Расходы на плановое обслуживание офисного оборудования'),
(1253, 348, '2026-08-25', 145000.00, 'Операционный доход', 'Доход от продажи услуг по проектированию городских пространств'),
(1254, 239, '2026-09-01', -9300.00, 'Консалтинговые услуги', 'Затраты на внешние консалтинговые услуги для улучшения процессов'),
(1255, 394, '2026-09-05', 137000.00, 'Финансирование от частных лиц', 'Инвестиции для реализации важного международного проекта'),
(1256, 409, '2026-09-10', -8800.00, 'Плата за обслуживание', 'Оплата за обслуживание программного обеспечения и систем'),
(1257, 194, '2026-09-15', 148000.00, 'Продажа проектной документации', 'Доходы от продажи чертежей и планов для строительства объектов'),
(1258, 144, '2026-09-20', -9200.00, 'Юридические консультации', 'Оплата юридических консультаций для защиты интеллектуальной собственности'),
(1259, 202, '2026-09-25', 142000.00, 'Поддержка от международного фонда', 'Финансирование для долгосрочных исследований в области архитектуры'),
(1260, 353, '2026-10-01', -9500.00, 'Образовательные услуги', 'Расходы на предоставление образовательных тренингов для персонала'),
(1261, 150, '2026-10-05', 135000.00, 'Финансирование от НКО', 'Поддержка от неправительственных организаций для исследования новых технологий'),
(1262, 404, '2026-10-10', -8900.00, 'Расходы на исследования', 'Затраты на проведение необходимых исследований и разработок'),
(1263, 118, '2026-10-15', 141000.00, 'Продажа лицензий', 'Доходы от продажи лицензий на использование авторских решений в проектировании'),
(1264, 114, '2026-10-20', -7300.00, 'Покупка материалов', 'Затраты на покупку специализированных материалов для проектной работы'),
(1265, 286, '2026-10-25', 147000.00, 'Финансирование государственных программ', 'Средства от государственных фондов для развития территориальных инициатив'),
(1266, 244, '2026-11-01', -9100.00, 'Затраты на научные исследования', 'Инвестиции в научные исследования для повышения безопасности проектов'),
(1267, 394, '2026-11-05', 144000.00, 'Продажа услуг', 'Прибыль от продажи комплексных архитектурных услуг международным клиентам'),
(1268, 342, '2026-11-10', -8600.00, 'Операционные расходы', 'Затраты на повседневные операции и поддержание бизнеса'),
(1269, 196, '2026-11-15', 143000.00, 'Операционный доход', 'Доходы от успешной реализации серии проектных решений'),
(1270, 306, '2026-11-20', -8400.00, 'Конференции и образовательные программы', 'Расходы на участие и проведение международных конференций и образовательных программ'),
(1271, 367, '2026-11-25', 138000.00, 'Финансирование от партнёров', 'Партнёрские инвестиции для расширения и интеграции новейших технологий'),
(1272, 359, '2026-12-01', -9300.00, 'Затраты на IT-инфраструктуру', 'Расходы на обновление и поддержку IT-инфраструктуры для офисных нужд'),
(1273, 243, '2026-12-05', 139000.00, 'Инвестиции в инновации', 'Финансовая поддержка для запуска инновационных архитектурных стартапов'),
(1274, 206, '2026-12-10', -8700.00, 'Расходы на маркетинг', 'Инвестиции в маркетинг для продвижения новых архитектурных решений'),
(1275, 351, '2026-12-15', 140000.00, 'Спонсорская помощь', 'Партнёрская поддержка для организации и проведения архитектурных воркшопов'),
(1276, 245, '2026-12-20', -9200.00, 'Обучение и развитие персонала', 'Образовательные программы и семинары для повышения квалификации сотрудников'),
(1277, 210, '2026-12-25', 136000.00, 'Продажа патентов', 'Доход от патентов и интеллектуальной собственности в сфере архитектуры'),
(1278, 206, '2027-01-01', -9500.00, 'Затраты на сертификацию', 'Расходы на сертификацию новых проектных решений и технологий'),
(1279, 300, '2027-01-05', 146000.00, 'Финансирование от публичных акционеров', 'Публичное финансирование для реализации значимых инфраструктурных проектов'),
(1280, 219, '2027-01-10', -8400.00, 'Обслуживание офисов', 'Расходы на содержание офисных помещений и вспомогательной инфраструктуры'),
(1281, 295, '2027-01-15', 148000.00, 'Операционный доход', 'Доход от долгосрочного сотрудничества по проектированию урбанистических объектов'),
(1282, 372, '2027-01-20', -8700.00, 'Юридическая поддержка', 'Оплата услуг юридических консультантов для международных операций и сделок'),
(1283, 322, '2027-01-25', 142000.00, 'Спонсорское финансирование', 'Средства полученные от спонсоров для публикации и распространения исследовательской работы'),
(1284, 316, '2027-02-01', -9100.00, 'Консалтинговые услуги', 'Затраты на архитектурные консалтинговые услуги для стабилизации бизнеса'),
(1285, 341, '2027-02-05', 144000.00, 'Продажа проектных решений', 'Прибыль от успешной продажи пакета архитектурных решений на международном уровне'),
(1286, 328, '2027-02-10', -9300.00, 'Отчисления за коммунальные услуги', 'Ежемесячные расходы на коммунальные услуги и содержание здания'),
(1287, 166, '2027-02-15', 147000.00, 'Финансовая поддержка от инвесторов', 'Финансирование для обеспечения внедрения новых архитектурных технологий'),
(1288, 233, '2027-02-20', -8800.00, 'Услуги связи и интернет', 'Оплата услуг связи и интернета для обеспечения бизнес-деятельности'),
(1289, 161, '2027-02-25', 145000.00, 'Государственные субсидии', 'Средства выделенные для разработки инновационных строительных систем'),
(1290, 112, '2027-03-01', -7200.00, 'Затраты на рекламу', 'Расходы на рекламные кампании и PR-мероприятия для увеличения бренда'),
(1291, 290, '2027-03-05', 149000.00, 'Операционный доход', 'Регулярные доходы от деятельности по консультированию и проектированию'),
(1292, 283, '2027-03-10', -8400.00, 'Техническая поддержка', 'Расходы на поддержание ИТ-инфраструктуры и технические консультации'),
(1293, 175, '2027-03-15', 143000.00, 'Финансирование от частных лиц', 'Частные инвестиции для поддержки архитектурного проектирования новых районов'),
(1294, 268, '2027-03-20', -8600.00, 'Аренда помещений', 'Затраты на аренду дополнительных офисных помещений и складов'),
(1295, 106, '2027-03-25', 138000.00, 'Финансирование от партнёров', 'Инвестиции со стороны стратегических партнёров для расширения проектной деятельности'),
(1296, 328, '2027-04-01', -8700.00, 'Юридическая защита', 'Расходы на услуги юридической защиты и представление в суде'),
(1297, 191, '2027-04-05', 142000.00, 'Доходы от проектирования', 'Средства от выполненного проектирования коммерческих и жилых зданий'),
(1298, 294, '2027-04-10', -8200.00, 'Расходы на транспорт', 'Транспортные затраты на доставку оборудования и материалов'),
(1299, 341, '2027-04-15', 146000.00, 'Финансирование от фондов', 'Фондовая поддержка для запуска нового проекта в сфере зеленой архитектуры'),
(1300, 206, '2027-04-20', -9100.00, 'Технические консультации', 'Консультационные услуги для повышения эффективности строительных работ');


INSERT INTO Designs (DesignID, ProjectID, DesignName, DesignDate, ArchitectID, Style) VALUES
(101, 377, 'Современный дом', '2023-02-15', 96, 'Современный'),
(102, 386, 'Классическая вилла', '2023-03-10', 221, 'Классический'),
(103, 318, 'Рустикальный коттедж', '2023-01-22', 133, 'Рустикальный'),
(104, 340, 'Минималистичная студия', '2023-05-18', 162, 'Минимализм'),
(105, 195, 'Колониальный особняк', '2023-06-30', 108, 'Классический'),
(106, 337, 'Футуристичный офис', '2023-04-12', 109, 'Футуризм'),
(107, 239, 'Готический замок', '2023-07-25', 46, 'Готика'),
(108, 152, 'Авангардная галерея', '2023-08-19', 107, 'Авангард'),
(109, 137, 'Средиземноморская вилла', '2023-09-05', 71, 'Средиземноморский'),
(110, 139, 'Скандинавское жилье', '2023-10-07', 108, 'Скандинавский'),
(111, 367, 'Эклектичное ранчо', '2023-01-09', 194, 'Эклектика'),
(112, 308, 'Барокко театр', '2023-02-20', 50, 'Барокко'),
(113, 247, 'Лофт-офис', '2023-12-15', 160, 'Лофт'),
(114, 180, 'Неоклассический храм', '2023-11-23', 215, 'Неоклассика'),
(115, 371, 'Ретро кафе', '2023-02-11', 150, 'Ретро'),
(116, 212, 'Ар-деко отель', '2023-03-13', 203, 'Ар-деко'),
(117, 170, 'Арт-нуво музей', '2023-04-17', 1, 'Арт-нуво'),
(118, 129, 'Минималистичный павильон', '2023-05-25', 91, 'Минимализм'),
(119, 332, 'Бруталистичный стадион', '2023-06-08', 201, 'Брутализм'),
(120, 321, 'Модернистская школа', '2023-07-21', 146, 'Модернизм'),
(121, 176, 'Киберпанк квартира', '2023-08-29', 180, 'Киберпанк'),
(122, 166, 'Постмодерн офис', '2023-09-15', 170, 'Постмодернизм'),
(123, 329, 'Хай-тек вилла', '2023-12-17', 241, 'Хай-тек'),
(124, 389, 'Возрождение театр', '2023-11-12', 176, 'Возрождение'),
(125, 260, 'Сюрреалистическая галерея', '2023-10-20', 199, 'Сюрреализм'),
(126, 155, 'Авангардное жилье', '2023-09-28', 84, 'Авангард'),
(127, 208, 'Экспериментальный хостел', '2023-08-16', 18, 'Экспериментальный'),
(128, 270, 'Классическая опера', '2023-07-06', 130, 'Классический'),
(129, 128, 'Мавританский дворец', '2023-06-21', 60, 'Мавританский'),
(130, 114, 'Эко-дом', '2022-12-10', 199, 'Экологический'),
(131, 136, 'Викторианский особняк', '2023-05-12', 134, 'Викторианский'),
(132, 194, 'Японский сад', '2023-04-11', 81, 'Японский'),
(133, 254, 'Палладианская вилла', '2023-03-18', 148, 'Палладианский'),
(134, 228, 'Международный павильон', '2023-02-24', 100, 'Интернациональный'),
(135, 307, 'Рустикальный ресторан', '2023-01-30', 99, 'Рустикальный'),
(136, 106, 'Модернистский музей', '2023-10-19', 130, 'Модернизм'),
(137, 242, 'Греческий амфитеатр', '2023-11-13', 120, 'Античный'),
(138, 188, 'Парижский бутик', '2023-12-09', 49, 'Французский'),
(139, 246, 'Элизабетинский театр', '2023-07-07', 205, 'Элизабетинский'),
(140, 138, 'Гармоничный центр', '2023-06-19', 216, 'Гармоничный'),
(141, 335, 'Сад Модерна', '2023-05-29', 216, 'Модерн'),
(142, 135, 'Кантри кафе', '2023-04-20', 244, 'Кантри'),
(143, 245, 'Уютный дом', '2023-03-15', 82, 'Уютный'),
(144, 262, 'Современная сцена', '2023-01-29', 74, 'Современный'),
(145, 251, 'Русское подворье', '2023-02-13', 38, 'Традиционный'),
(146, 252, 'Нео-футуристичный клуб', '2023-12-06', 42, 'Нео-футуризм'),
(147, 247, 'Шале в горах', '2023-10-26', 183, 'Шале'),
(148, 328, 'Эко-офис', '2023-09-14', 185, 'Экологический'),
(149, 124, 'Хай-тек квартира', '2023-08-02', 1, 'Хай-тек'),
(150, 254, 'Готический собор', '2023-07-19', 4, 'Готика'),
(151, 283, 'Функциональный парк', '2023-06-25', 97, 'Функциональный'),
(152, 388, 'Ар-деко дом', '2023-05-23', 138, 'Ар-деко'),
(153, 209, 'Минималистичный офис', '2023-04-14', 113, 'Минимализм'),
(154, 196, 'Викторианский сад', '2023-03-26', 203, 'Викторианский'),
(155, 222, 'Средневековый замок', '2023-02-17', 110, 'Средневековый'),
(156, 382, 'Ультрасовременный лофт', '2023-01-22', 132, 'Современный'),
(157, 137, 'Модернизированная база', '2023-12-01', 52, 'Модернизм'),
(158, 193, 'Арт-деко кафе', '2023-11-21', 70, 'Арт-деко'),
(159, 408, 'Тропическая вилла', '2023-10-10', 153, 'Тропический'),
(160, 104, 'Оазис в пустыне', '2023-09-02', 5, 'Экзотический'),
(161, 310, 'Дом современной культуры', '2023-08-11', 235, 'Современный'),
(162, 408, 'Экспериментальная лаборатория', '2023-07-16', 198, 'Экспериментальный'),
(163, 348, 'Французский особняк', '2023-06-05', 22, 'Французский'),
(164, 299, 'Барокко дворец', '2023-05-28', 129, 'Барокко'),
(165, 152, 'Венецианская вилла', '2023-04-22', 29, 'Венецианский'),
(166, 407, 'Шведский ландшафт', '2023-03-05', 247, 'Скандинавский'),
(167, 412, 'Постмодернистский торговый центр', '2023-12-29', 137, 'Постмодернизм'),
(168, 119, 'Арт-нуво театр', '2023-11-11', 178, 'Арт-нуво'),
(169, 324, 'Замок мечты', '2023-10-02', 201, 'Романтизм'),
(170, 221, 'Минималистичный храм', '2023-09-19', 241, 'Минимализм'),
(171, 204, 'Греческий форум', '2023-08-07', 237, 'Античный'),
(172, 195, 'Футуристический центр', '2023-07-13', 160, 'Футуризм'),
(173, 213, 'Бруталистичная галерея', '2023-06-01', 78, 'Брутализм'),
(174, 285, 'Эклектичная школа', '2023-05-10', 159, 'Эклектика'),
(175, 386, 'Средиземноморский парк', '2023-04-01', 179, 'Средиземноморский'),
(176, 279, 'Авангардное кафе', '2023-03-19', 195, 'Авангард'),
(177, 263, 'Гармоничный офис', '2023-02-05', 142, 'Гармоничный'),
(178, 246, 'Колониальный сад', '2023-01-18', 21, 'Классический'),
(179, 327, 'Стеклянный павильон', '2023-12-14', 216, 'Современный'),
(180, 405, 'Дом будущего', '2023-11-27', 90, 'Футуризм'),
(181, 154, 'Современная резиденция', '2023-10-25', 133, 'Современный'),
(182, 256, 'Готическая часовня', '2023-09-04', 189, 'Готика'),
(183, 326, 'Паназиатский ресторан', '2023-08-21', 30, 'Паназиатский'),
(184, 176, 'Романтический парк', '2023-07-18', 222, 'Романтизм'),
(185, 127, 'Дом-скульптура', '2023-06-04', 27, 'Современный'),
(186, 210, 'Природный амфитеатр', '2023-05-16', 72, 'Экологический'),
(187, 297, 'Традиционная усадьба', '2023-04-25', 5, 'Традиционный'),
(188, 199, 'Геометрический музей', '2023-03-17', 128, 'Геометрический'),
(189, 196, 'Воздушный павильон', '2023-02-14', 160, 'Современный'),
(190, 210, 'Экологическая вилла', '2023-01-20', 61, 'Экологический'),
(191, 333, 'Кубический дом', '2023-01-15', 241, 'Минимализм'),
(192, 348, 'Этнический культурный центр', '2023-02-25', 150, 'Этнический'),
(193, 259, 'Японский отель', '2023-03-22', 105, 'Японский'),
(194, 255, 'Футуристичный кампус', '2023-04-30', 18, 'Футуризм'),
(195, 333, 'Гармоничное жилье', '2023-05-11', 76, 'Гармоничный'),
(196, 195, 'Барочный сад', '2023-06-02', 128, 'Барокко'),
(197, 126, 'Итальянская вилла', '2023-07-03', 69, 'Итальянский'),
(198, 108, 'Готический собор', '2023-08-08', 155, 'Готика'),
(199, 334, 'Постмодернистский театр', '2023-09-09', 179, 'Постмодернизм'),
(200, 194, 'Модернистская библиотека', '2023-10-10', 161, 'Модернизм'),
(201, 249, 'Барочная галерея', '2023-01-12', 120, 'Барокко'),
(202, 238, 'Средиземноморский особняк', '2023-02-28', 90, 'Средиземноморский'),
(203, 121, 'Кантри резиденция', '2023-03-30', 180, 'Кантри'),
(204, 165, 'Эко-парк', '2023-04-07', 86, 'Экологический'),
(205, 309, 'Этнический центр искусства', '2023-05-08', 128, 'Этнический'),
(206, 172, 'Минималистичная квартира', '2023-06-10', 153, 'Минимализм'),
(207, 256, 'Романтическая вилла', '2023-07-14', 215, 'Романтизм'),
(208, 326, 'Современная школа искусств', '2023-08-18', 109, 'Современный'),
(209, 122, 'Ультрасовременная больница', '2023-09-29', 95, 'Ультрасовременный'),
(210, 234, 'Неоклассический дом', '2023-10-11', 87, 'Неоклассика'),
(211, 109, 'Античная арена', '2023-01-08', 21, 'Античный'),
(212, 345, 'Футуристичное кафе', '2023-02-04', 14, 'Футуризм'),
(213, 109, 'Арт-деко бутик', '2023-03-02', 208, 'Арт-деко'),
(214, 339, 'Парижская резиденция', '2023-04-05', 24, 'Французский'),
(215, 299, 'Средиземноморская терраса', '2023-05-15', 176, 'Средиземноморский'),
(216, 216, 'Минималистичное кафе', '2023-06-20', 1, 'Минимализм'),
(217, 240, 'Русская баня', '2023-07-29', 41, 'Традиционный'),
(218, 235, 'Скандинавский дворец', '2023-08-05', 148, 'Скандинавский'),
(219, 147, 'Авангардное общежитие', '2023-09-13', 37, 'Авангард'),
(220, 137, 'Гармоничная оранжерея', '2023-10-17', 119, 'Гармоничный'),
(221, 395, 'Ретро кинотеатр', '2023-01-25', 191, 'Ретро'),
(222, 151, 'Готическая галерея', '2023-02-09', 207, 'Готика'),
(223, 388, 'Центр морского искусства', '2023-03-21', 27, 'Марина'),
(224, 196, 'Брутальный клуб', '2023-04-29', 224, 'Брутализм'),
(225, 140, 'Японский павильон', '2023-05-26', 30, 'Японский'),
(226, 281, 'Современный рынок', '2023-06-07', 4, 'Современный'),
(227, 300, 'Колониальное поместье', '2023-07-27', 61, 'Классический'),
(228, 358, 'Нео-бруталистский офис', '2023-08-12', 73, 'Нео-брутализм'),
(229, 141, 'Эко-лагерь', '2023-09-06', 172, 'Экологический'),
(230, 206, 'Модернистский центр спорта', '2023-10-24', 199, 'Модернизм'),
(231, 179, 'Кубическая резиденция', '2023-01-19', 109, 'Кубизм'),
(232, 342, 'Функциональный комплекс', '2023-02-22', 24, 'Функциональный'),
(233, 321, 'Романтический замок', '2023-03-10', 139, 'Романтизм'),
(234, 114, 'Венецианская галерея', '2023-04-18', 139, 'Венецианский'),
(235, 412, 'Постмодернистская офисная башня', '2023-05-27', 79, 'Постмодернизм'),
(236, 210, 'Классическая консерватория', '2023-06-16', 220, 'Классический'),
(237, 337, 'Французская терраса', '2023-07-10', 190, 'Французский'),
(238, 290, 'Авангардное предприятие', '2023-08-29', 44, 'Авангард'),
(239, 172, 'Античный театр', '2023-09-09', 238, 'Античный'),
(240, 112, 'Бруталистичное убежище', '2023-10-31', 72, 'Брутализм'),
(241, 158, 'Минималистичный базар', '2023-01-19', 130, 'Минимализм'),
(242, 210, 'Интернациональная культурная платформа', '2023-02-23', 85, 'Интернациональный'),
(243, 378, 'Средневековая усадьба', '2023-03-31', 25, 'Средневековый'),
(244, 310, 'Сюрреалистичное кафе', '2023-04-09', 30, 'Сюрреализм'),
(245, 271, 'Экспериментальная художественная школа', '2023-05-30', 106, 'Экспериментальный'),
(246, 168, 'Современная садовая площадь', '2023-06-13', 194, 'Современный'),
(247, 180, 'Японский ресторан', '2023-07-15', 38, 'Японский'),
(248, 343, 'Тропическое убежище', '2023-08-21', 50, 'Экзотический'),
(249, 176, 'Гармоничная терраса', '2023-09-20', 174, 'Гармоничный'),
(250, 143, 'Рустикальная мастерская', '2023-10-05', 113, 'Рустикальный'),
(251, 226, 'Органический сад', '2023-01-11', 9, 'Органический'),
(252, 286, 'Панорамная терраса', '2023-02-18', 229, 'Панорамный'),
(253, 304, 'Ретро гостиница', '2023-03-13', 121, 'Ретро'),
(254, 257, 'Модульный дом', '2023-04-02', 237, 'Модульный'),
(255, 372, 'Ар-деко театр', '2023-05-07', 250, 'Ар-деко'),
(256, 300, 'Колониальное поместье', '2023-06-11', 61, 'Классический'),
(257, 328, 'Современный павильон', '2023-07-04', 154, 'Современный'),
(258, 118, 'Футуристическая мастерская', '2023-08-09', 32, 'Футуризм'),
(259, 199, 'Готическая резиденция', '2023-09-26', 164, 'Готика'),
(260, 194, 'Полярная станция', '2023-10-15', 77, 'Экстремальный'),
(261, 133, 'Мо́дерн галерея', '2023-01-10', 245, 'Модерн'),
(262, 362, 'Эко-центр', '2023-02-07', 42, 'Экологический'),
(263, 114, 'Театр утопии', '2023-03-25', 197, 'Утопический'),
(264, 302, 'Романтический особняк', '2023-04-03', 67, 'Романтизм'),
(265, 244, 'Средиземноморская школа', '2023-05-21', 190, 'Средиземноморский'),
(266, 195, 'Экспериментальный театр', '2023-06-06', 136, 'Экспериментальный'),
(267, 103, 'Классическая вилла', '2023-07-22', 36, 'Классический'),
(268, 122, 'Авангардное ведение', '2023-08-14', 140, 'Авангард'),
(269, 290, 'Минималистический клуб', '2023-09-08', 61, 'Минимализм'),
(270, 157, 'Современный курорт', '2023-10-14', 57, 'Современный'),
(271, 118, 'Этнический сад', '2023-01-13', 16, 'Этнический'),
(272, 346, 'Око модерна', '2023-02-15', 96, 'Модерн'),
(273, 291, 'Барокко палас', '2023-03-12', 39, 'Барокко'),
(274, 364, 'Нео-модернистский музей', '2023-04-06', 115, 'Нео-модернизм'),
(275, 122, 'Уютное убежище', '2023-05-14', 243, 'Уютный'),
(276, 257, 'Итальянская резиденция', '2023-06-17', 79, 'Итальянский'),
(277, 103, 'Арт-деко отель', '2023-07-08', 40, 'Арт-деко'),
(278, 191, 'Французский парк', '2023-08-10', 49, 'Французский'),
(279, 246, 'Возрождение вилла', '2023-09-23', 26, 'Возрождение'),
(280, 397, 'Скандинавский кафе', '2023-10-16', 205, 'Скандинавский'),
(281, 204, 'Футуристический театр', '2023-01-24', 175, 'Футуризм'),
(282, 338, 'Венецианская площадь', '2023-02-03', 93, 'Венецианский'),
(283, 314, 'Эклектичный дом', '2023-03-27', 181, 'Эклектика'),
(284, 145, 'Рустикальная резиденция', '2023-04-15', 94, 'Рустикальный'),
(285, 139, 'Ар-деко музей', '2023-05-19', 37, 'Ар-деко'),
(286, 239, 'Готический дом', '2023-06-29', 162, 'Готика'),
(287, 183, 'Античная вилла', '2023-07-16', 122, 'Античный'),
(288, 275, 'Неоклассическая галерея', '2023-08-23', 167, 'Неоклассика'),
(289, 106, 'Средневековый замок', '2023-09-22', 177, 'Средневековый'),
(290, 327, 'Бруталистский центр', '2023-10-23', 233, 'Брутализм'),
(291, 318, 'Постмодернистский отель', '2023-01-28', 206, 'Постмодернизм'),
(292, 334, 'Пессимистическая зона отдыха', '2023-02-10', 124, 'Постмодернизм'),
(293, 336, 'Традиционная резиденция', '2023-03-04', 26, 'Традиционный'),
(294, 291, 'Футуристическое пространство', '2023-04-13', 186, 'Футуризм'),
(295, 256, 'Классическая ранчо', '2023-05-22', 179, 'Классический'),
(296, 386, 'Экспериментальная кухня', '2023-06-20', 54, 'Экспериментальный'),
(297, 242, 'Современный молл', '2023-07-11', 78, 'Современный'),
(298, 344, 'Ретро рынок', '2023-08-06', 184, 'Ретро'),
(299, 216, 'Сюрреалистическая зона', '2023-09-25', 5, 'Сюрреализм'),
(300, 328, 'Французская корона', '2023-10-20', 238, 'Французский'),
(301, 274, 'Викторианская оранжерея', '2023-01-23', 88, 'Викторианский'),
(302, 254, 'Минималистичный дом', '2023-02-27', 99, 'Минимализм'),
(303, 138, 'Итальянская кухня', '2023-03-18', 154, 'Итальянский'),
(304, 238, 'Функциональный офис', '2023-04-19', 138, 'Функциональный'),
(305, 167, 'Ар-деко зал', '2023-05-25', 116, 'Ар-деко'),
(306, 141, 'Нео-классический театр', '2023-06-12', 30, 'Неоклассика'),
(307, 300, 'Средиземноморская веранда', '2023-07-09', 9, 'Средиземноморский'),
(308, 369, 'Экспериментальное пространство', '2023-08-30', 27, 'Экспериментальный'),
(309, 126, 'Гармоничные просторы', '2023-09-24', 36, 'Гармоничный'),
(310, 260, 'Готическая крепость', '2023-10-22', 214, 'Готика'),
(311, 309, 'Арт-нуво павильон', '2023-01-14', 134, 'Арт-нуво'),
(312, 166, 'Минималистичный офис', '2023-02-21', 71, 'Минимализм'),
(313, 169, 'Нео-бруталистская станция', '2023-03-14', 132, 'Нео-брутализм'),
(314, 178, 'Эклектичный завтрак', '2023-04-08', 230, 'Эклектика'),
(315, 249, 'Арктическая база', '2023-05-17', 91, 'Экстремальный'),
(316, 190, 'Интернациональная площадка', '2023-06-15', 181, 'Интернациональный'),
(317, 356, 'Венецианский канал', '2023-07-28', 208, 'Венецианский'),
(318, 186, 'Хай-тек лаборатория', '2023-08-24', 26, 'Хай-тек'),
(319, 190, 'Традиционный сад', '2023-09-30', 196, 'Традиционный'),
(320, 405, 'Бруталистская эра', '2023-10-01', 118, 'Брутализм'),
(321, 186, 'Паназиатский зал', '2023-01-17', 50, 'Паназиатский'),
(322, 316, 'Кубический арт-центр', '2023-02-05', 110, 'Кубизм'),
(323, 104, 'Воображаемая деревня', '2023-03-09', 122, 'Сюрреализм'),
(324, 290, 'Гармония на воде', '2023-04-11', 92, 'Гармоничный'),
(325, 190, 'Органическое убежище', '2023-05-13', 217, 'Органический'),
(326, 221, 'Киберпанк-студия', '2023-06-09', 125, 'Киберпанк'),
(327, 120, 'Возрождение галерея', '2023-07-05', 242, 'Возрождение'),
(328, 213, 'Этническая площадка', '2023-08-27', 1, 'Этнический'),
(329, 186, 'Ар-деко сад', '2023-09-27', 75, 'Ар-деко'),
(330, 386, 'Готический клуб', '2023-10-04', 48, 'Готика'),
(331, 127, 'Минималистическая башня', '2023-01-22', 195, 'Минимализм'),
(332, 113, 'Постмодернистский центр искусств', '2023-02-13', 177, 'Постмодернизм'),
(333, 329, 'Романтическая усадьба', '2023-03-24', 41, 'Романтизм'),
(334, 134, 'Арт-нуво вилла', '2023-04-28', 191, 'Арт-нуво'),
(335, 315, 'Интернациональный отель', '2023-05-30', 195, 'Интернациональный'),
(336, 246, 'Третье измерение', '2023-06-08', 121, 'Кубизм'),
(337, 281, 'Французская улица', '2023-07-19', 174, 'Французский'),
(338, 114, 'Бруталистская крепость', '2023-08-28', 211, 'Брутализм'),
(339, 222, 'Готическое убежище', '2023-09-18', 21, 'Готика'),
(340, 408, 'Современный мост', '2023-10-30', 218, 'Современный'),
(341, 315, 'Готическая башня', '2023-01-15', 72, 'Готика'),
(342, 154, 'Арт-деко резиденция', '2023-01-27', 227, 'Арт-деко'),
(343, 273, 'Минималистическое пространство', '2023-02-01', 51, 'Минимализм'),
(344, 314, 'Футуристический амфитеатр', '2023-02-11', 58, 'Футуризм'),
(345, 369, 'Викторианская школа', '2023-02-23', 175, 'Викторианский'),
(346, 129, 'Неоклассический салон', '2023-03-03', 188, 'Неоклассика'),
(347, 216, 'Скандинавский офис', '2023-03-14', 190, 'Скандинавский'),
(348, 276, 'Эклектичная резиденция', '2023-03-28', 103, 'Эклектика'),
(349, 134, 'Функциональное убежище', '2023-04-04', 52, 'Функциональный'),
(350, 279, 'Кубистская вила', '2023-04-12', 21, 'Кубизм'),
(351, 157, 'Гармоничный парк', '2023-04-20', 63, 'Гармоничный'),
(352, 342, 'Ретро апартаменты', '2023-05-06', 204, 'Ретро'),
(353, 387, 'Бруталистичный курорт', '2023-05-18', 241, 'Брутализм'),
(354, 242, 'Экспериментальная студия', '2023-05-30', 47, 'Экспериментальный'),
(355, 319, 'Французский дом', '2023-06-11', 88, 'Французский'),
(356, 146, 'Японский сад тишины', '2023-06-23', 86, 'Японский'),
(357, 105, 'Авангардная резиденция', '2023-07-02', 234, 'Авангард'),
(358, 290, 'Греческий храм', '2023-07-14', 134, 'Античный'),
(359, 339, 'Традиционный русский дом', '2023-07-28', 57, 'Традиционный'),
(360, 407, 'Средиземноморская баня', '2023-08-07', 59, 'Средиземноморский'),
(361, 129, 'Интернациональный конференц-зал', '2023-08-19', 48, 'Интернациональный'),
(362, 302, 'Романтический театр', '2023-09-01', 202, 'Романтизм'),
(363, 264, 'Функциональная галерея', '2023-09-13', 203, 'Функциональный'),
(364, 165, 'Этническая студия', '2023-09-25', 191, 'Этнический'),
(365, 388, 'Экологическая лаборатория', '2023-10-06', 165, 'Экологический'),
(366, 313, 'Минималистичный дом', '2023-10-18', 239, 'Минимализм'),
(367, 156, 'Хай-тек офис', '2023-01-29', 179, 'Хай-тек'),
(368, 288, 'Ар-деко клуб', '2023-02-08', 36, 'Ар-деко'),
(369, 155, 'Классический дворец', '2023-02-19', 246, 'Классический'),
(370, 300, 'Экспериментальный парк', '2023-03-01', 83, 'Экспериментальный'),
(371, 338, 'Геометрическая башня', '2023-03-12', 176, 'Геометрический'),
(372, 231, 'Футуристический вокзал', '2023-03-24', 174, 'Футуризм'),
(373, 298, 'Нео-модернистская студия', '2023-04-05', 208, 'Нео-модернизм'),
(374, 153, 'Скандинавская резиденция', '2023-04-17', 153, 'Скандинавский'),
(375, 333, 'Постмодернистская вилла', '2023-04-29', 92, 'Постмодернизм'),
(376, 112, 'Готическая арка', '2023-05-10', 230, 'Готика'),
(377, 389, 'Интернациональная студия', '2023-05-22', 148, 'Интернациональный'),
(378, 309, 'Традиционный театр', '2023-06-03', 97, 'Традиционный'),
(379, 176, 'Функциональный спортзал', '2023-06-15', 176, 'Функциональный'),
(380, 233, 'Модернистский офис', '2023-06-27', 232, 'Модернизм'),
(381, 381, 'Авангардный музей', '2023-07-09', 40, 'Авангард'),
(382, 113, 'Бруталистский паб', '2023-07-21', 171, 'Брутализм'),
(383, 266, 'Минималистичная галерея', '2023-08-02', 4, 'Минимализм'),
(384, 142, 'Гармоничная резиденция', '2023-08-14', 140, 'Гармоничный'),
(385, 398, 'Арт-нуво кафе', '2023-08-26', 224, 'Арт-нуво'),
(386, 394, 'Экспериментальный кампус', '2023-09-07', 15, 'Экспериментальный'),
(387, 365, 'Неоклассическая баня', '2023-09-19', 55, 'Неоклассика'),
(388, 205, 'Современный театр', '2023-10-01', 39, 'Современный'),
(389, 336, 'Французский бутик', '2023-10-13', 76, 'Французский'),
(390, 172, 'Органическая ферма', '2023-10-25', 220, 'Органический'),
(391, 366, 'Этнический мост', '2023-01-30', 10, 'Этнический'),
(392, 360, 'Экологическая зона отдыха', '2023-02-12', 165, 'Экологический'),
(393, 318, 'Средиземноморская таверна', '2023-02-26', 91, 'Средиземноморский'),
(394, 268, 'Романтическая баня', '2023-03-07', 67, 'Романтизм'),
(395, 410, 'Футуристический офис', '2023-03-15', 77, 'Футуризм'),
(396, 262, 'Готическая башня', '2023-03-27', 80, 'Готика'),
(397, 148, 'Интернациональный центр', '2023-04-06', 213, 'Интернациональный'),
(398, 148, 'Бруталистичное убежище', '2023-04-18', 211, 'Брутализм'),
(399, 144, 'Японская чайная', '2023-04-30', 152, 'Японский'),
(400, 101, 'Минималистичная терраса', '2023-05-11', 227, 'Минимализм');


INSERT INTO Regulations (RegulationID, RegulationName, Description, EffectiveDate, ExpiryDate, Authority) VALUES 
(1, 'Строительные нормы', 'Определяют минимальные требования безопасности', '2023-01-01', '2025-01-01', 'Министерство строительства'),
(2, 'Энергетическая эффективность', 'Устанавливает стандарты для энергосбережения', '2023-02-01', '2025-02-01', 'Агентство энергосбережения'),
(3, 'Охрана труда', 'Регулирует меры безопасности на рабочих местах', '2023-03-01', '2025-03-01', 'Министерство труда'),
(4, 'Экологическое право', 'Защищает окружающую среду от загрязнений', '2023-04-01', '2025-04-01', 'Экологический комитет'),
(5, 'Градостроительное планирование', 'Определяет порядок использования земельных участков', '2023-05-01', '2025-05-01', 'Городское планирование'),
(6, 'Пожарная безопасность', 'Устанавливает требования к противопожарной защите', '2023-06-01', '2025-06-01', 'Пожарная служба'),
(7, 'Правила электробезопасности', 'Регулирует безопасное использование электрооборудования', '2023-07-01', '2025-07-01', 'Министерство энергетики'),
(8, 'Стандарты материалов', 'Определяет качество строительных материалов', '2023-08-01', '2025-08-01', 'Лаборатория стандартов'),
(9, 'Защита от шумового загрязнения', 'Регулирует уровни шума на строительных площадках', '2023-09-01', '2025-09-01', 'Комитет по охране здоровья'),
(10, 'Водоснабжение и канализация', 'Определяет стандарты водоснабжения', '2023-10-01', '2025-10-01', 'Водоканал'),
(11, 'Транспортные нормы', 'Регулирует транспортные средства на стройках', '2023-11-01', '2025-11-01', 'Агентство транспорта'),
(12, 'Управление отходами', 'Определяет порядок утилизации строительных отходов', '2023-12-01', '2025-12-01', 'Экологический комитет'),
(13, 'Инновационные технологии', 'Продвигает использование технологии в строительстве', '2023-01-15', '2025-01-15', 'Технологический институт'),
(14, 'Стандарты освещения', 'Определяет уровни освещенности на стройплощадках', '2023-02-15', '2025-02-15', 'Министерство энергетики'),
(15, 'Условия труда в холоде', 'Регулирует минимальные условия работы при низких температурах', '2023-03-15', '2025-03-15', 'Министерство труда'),
(16, 'Акустическая безопасность', 'Регулирует уровни звукового воздействия', '2023-04-15', '2025-04-15', 'Агентство по защите окруж. среды'),
(17, 'Архитектурные нормы', 'Устанавливает требования к проектированию зданий', '2023-05-15', '2025-05-15', 'Государственный архитектурный комитет'),
(18, 'Сейсмостойкость', 'Определяет устойчивость строений к землетрясениям', '2023-06-15', '2025-06-15', 'Научный сейсмологический центр'),
(19, 'Проектирование интерьеров', 'Указывает стандарты на оформление интерьеров', '2023-07-15', '2025-07-15', 'Институт внутреннего дизайн'),
(20, 'Нормы вентиляции', 'Определяет требования к системам вентиляции', '2023-08-15', '2025-08-15', 'Министерство здравоохранения'),
(21, 'Строительство дорог', 'Регулирует проектирование и строительство дорог', '2023-09-15', '2025-09-15', 'Государственный дорожный комитет'),
(22, 'Защита от радиации', 'Устанавливает нормы радиационной безопасности', '2023-10-15', '2025-10-15', 'Национальная комиссия по радиации'),
(23, 'Термоизоляция', 'Определяет минимальные требования к теплоизоляции', '2023-11-15', '2025-11-15', 'Научно-техническое бюро теплоизоляции'),
(24, 'Обустройство парковок', 'Регулирует создание парковочных площадок', '2023-12-15', '2025-12-15', 'Городской департамент транспорта'),
(25, 'Кодекс этики', 'Содержит этические нормы поведения в строительной отрасли', '2023-01-30', '2025-01-30', 'Академия строительства и архитектуры'),
(26, 'Системы водоотведения', 'Определяет нормы для систем водоотведения', '2023-02-28', '2025-02-28', 'Департамент водных ресурсов'),
(27, 'Работа на высоте', 'Регулирует правила работы на высоте', '2023-03-30', '2025-03-30', 'Министерство безопасности и защиты труда'),
(28, 'Защита от электромагнитного поля', 'Устанавливает нормы для защиты от влияния электромагнитных полей', '2023-04-30', '2025-04-30', 'Научно-исследовательский институт безопасности'),
(29, 'Регулирование гидравлики', 'Определяет нормы для гидравлических систем', '2023-05-30', '2025-05-30', 'Научно-исследовательский центр гидравлики'),
(30, 'Контроль качества воздуха', 'Регулирует уровни загрязнения воздуха', '2023-06-30', '2025-06-30', 'Агентство экологии'),
(31, 'Эстетические нормы', 'Определяет стандарты эстетики в строительстве', '2023-07-30', '2025-07-30', 'Комиссия по эстетике и дизайну'),
(32, 'Нормы обращения с асбестом', 'Регулирует обращение и использование асбеста', '2023-08-30', '2025-08-30', 'Центр гигиены и эпидемиологии'),
(33, 'Особо опасные объекты', 'Определяет требования безопасности для особо опасных объектов', '2023-09-30', '2025-09-30', 'Управление по чрезвычайным ситуациям'),
(34, 'Звукоизоляция', 'Устанавливает минимальные уровни звукоизоляции', '2023-10-30', '2025-10-30', 'Институт акустики'),
(35, 'Инновации и технологии', 'Поощряет применение новейших технологий', '2023-11-30', '2025-11-30', 'Инновационный фонд'),
(36, 'Комплексная безопасность', 'Обеспечивает защищенность на всех уровнях строительства', '2023-12-30', '2025-12-30', 'Государственное агентство безопасности'),
(37, 'Публичные пространства', 'Определяет стандарты для обустройства публичных пространств', '2023-01-25', '2025-01-25', 'Министерство культуры'),
(38, 'Возведение временных конструкций', 'Регулирует стандарты для временных сооружений', '2023-02-25', '2025-02-25', 'Бюро временных сооружений'),
(39, 'Административные здания', 'Устанавливает нормы для строительства административных зданий', '2023-03-25', '2025-03-25', 'Государственное инженерное управление'),
(40, 'Строительство малых форм', 'Регулирует проектирование малых архитектурных форм', '2023-04-25', '2025-04-25', 'Агентство городской архитектуры'),
(41, 'Контроль над энергоэффективностью', 'Координирует меры по повышению энергоэффективности', '2023-05-25', '2025-05-25', 'Министерство энергетики'),
(42, 'Компьютерное моделирование', 'Поощряет использование компьютерных технологий в проектировании', '2023-06-25', '2025-06-25', 'Центр компьютерного моделирования'),
(43, 'Метеорологические стандарты', 'Определяет учет погодных условий в строительстве', '2023-07-25', '2025-07-25', 'Метеорологический центр'),
(44, 'Текучесть данных', 'Регулирует обмен архитектурными данными', '2023-08-25', '2025-08-25', 'Агентство информационных технологий'),
(45, 'Цифровая безопасность', 'Определяет стандарты цифровой безопасности при строительстве', '2023-09-25', '2025-09-25', 'Институт цифровой безопасности'),
(46, 'Минимизация отходов', 'Регулирует меры по снижению количества строительных отходов', '2023-10-25', '2025-10-25', 'Центр переработки отходов'),
(47, 'Энергосбережение', 'Осознанное использование ресурсов и энергосбережение', '2023-11-25', '2025-11-25', 'Национальный комитет энергосбережения'),
(48, 'Использование возобновляемых ресурсов', 'Поощряет использование возобновляемых ресурсов в строительстве', '2023-12-25', '2025-12-25', 'Институт возобновляемой энергии'),
(49, 'Устойчивое развитие городов', 'Разрабатывает стратегии для устойчивого городского развития', '2023-01-20', '2025-01-20', 'Комитет по градостроительству'),
(50, 'Управление кризисами', 'Регулирует управление кризисными ситуациями', '2023-02-20', '2025-02-20', 'Агентство по чрезвычайным ситуациям'),
(51, 'Стандарты звуковой защиты', 'Определяет стандарты защиты от шума', '2023-03-20', '2025-03-20', 'Государственное акустическое агентство'),
(52, 'Культурное наследие', 'Охрана и восстановление объектов культурного наследия', '2023-04-20', '2025-04-20', 'Министерство культуры и искусства'),
(53, 'Геодезические работы', 'Определяет нормы для проведения геодезических работ', '2023-05-20', '2025-05-20', 'Геодезический институт'),
(54, 'Комплексные строительные проекты', 'Управление крупными строительными проектами', '2023-06-20', '2025-06-20', 'Национальное бюро проектного управления'),
(55, 'Публикация строительной информации', 'Регулирует публикацию данных о строительных проектах', '2023-07-20', '2025-07-20', 'Информационный центр строительства'),
(56, 'Материалы и ресурсы', 'Регулирует использование материалов и ресурсов в строительстве', '2023-08-20', '2025-08-20', 'Министерство ресурсов и материалов'),
(57, 'Социальная ответственность', 'Определяет социальные обязательства строительных компаний', '2023-09-20', '2025-09-20', 'Фонд социальной ответственности'),
(58, 'Жилищные комплексы', 'Стандарты для проектирования жилых комплексов', '2023-10-20', '2025-10-20', 'Агентство жилого строительства'),
(59, 'Гигиена и санитария', 'Определяет санитарные нормы для строительных площадок', '2023-11-20', '2025-11-20', 'Государственный санитарный инспекторат'),
(60, 'Аварийные ситуации', 'Управление аварийными ситуациями на строительных объектах', '2023-12-20', '2025-12-20', 'Комитет по чрезвычайным ситуациям'),
(61, 'Электропроводка и кабели', 'Определяет нормы для электропроводки', '2023-01-10', '2025-01-10', 'Агентство электротехники'),
(62, 'Строительные конструкции', 'Регулирует прочность и качество конструкций', '2023-02-10', '2025-02-10', 'Исполнительный комитет строительных конструкций'),
(63, 'Подготовка проектной документации', 'Требования к проектной документации', '2023-03-10', '2025-03-10', 'Бюро проектной документации'),
(64, 'Экономия тепла', 'Способы экономии тепловой энергии', '2023-04-10', '2025-04-10', 'Научно-исследовательский центр теплотехники'),
(65, 'Доступная среда', 'Обеспечение доступности объектов для всех', '2023-05-10', '2025-05-10', 'Комитет социальной интеграции'),
(66, 'Изоляция трубопроводов', 'Устанавливает требования по изоляции трубопроводов', '2023-06-10', '2025-06-10', 'Технический комитет систем изоляции'),
(67, 'Эффективное использование земли', 'Поощряет эффективное использование земли', '2023-07-10', '2025-07-10', 'Национальный институт земельных ресурсов'),
(68, 'Работа с населением', 'Устанавливает нормы взаимодействия с местными общинами', '2023-08-10', '2025-08-10', 'Совет общественных связей'),
(69, 'Ремонтные работы', 'Регламентирует процессы ремонта и реконструкции', '2023-09-10', '2025-09-10', 'Министерство капитального строительства'),
(70, 'Права потребителей', 'Защита прав потребителей в строительной сфере', '2023-10-10', '2025-10-10', 'Ассоциация защиты прав потребителей'),
(71, 'Система отопления', 'Регулирует требования к системам отопления', '2023-11-10', '2025-11-10', 'Теплоэнергетический институт'),
(72, 'Системы пожаротушения', 'Устанавливает стандарты для пожаротушения', '2023-12-10', '2025-12-10', 'Национальный институт пожарной безопасности'),
(73, 'Координация работ', 'Регулирует координацию различных видов работ на стройке', '2023-01-05', '2025-01-05', 'Центр строительной координации'),
(74, 'Управление затратами', 'Регулирует контроль за затратами в строительстве', '2023-02-05', '2025-02-05', 'Финансовый надзор в строительстве'),
(75, 'Зеленое строительство', 'Руководства и стандарты для зеленого строительства', '2023-03-05', '2025-03-05', 'Совет зеленого строительства'),
(76, 'Контроль качества безопасности', 'Обеспечивает качество и безопасность строительных работ', '2023-04-05', '2025-04-05', 'Агентство по безопасности и качеству'),
(77, 'Долговечность материалов', 'Определяет критерии долговечности строительных материалов', '2023-05-05', '2025-05-05', 'Институт долговечности материалов'),
(78, 'Цифровое проектирование', 'Продвигает использование цифровых технологий в проектировании', '2023-06-05', '2025-06-05', 'Центр цифрового проектирования'),
(79, 'Мониторинг воздуха', 'Контроль за качеством воздуха на строительных площадках', '2023-07-05', '2025-07-05', 'Национальное агентство мониторинга'),
(80, 'Законодательство в сфере экологии', 'Законы, регулирующие экологические аспекты строительства', '2023-08-05', '2025-08-05', 'Юридическая комиссия по экологии'),
(81, 'Строительство мостов', 'Регулирует инженерные стандарты при строительстве мостов', '2023-09-05', '2025-09-05', 'Объединение мостостроительных компаний'),
(82, 'Оптимизация расчетов', 'Методы оптимизации расчетов в строительных проектах', '2023-10-05', '2025-10-05', 'Исследовательский центр оптимизации'),
(83, 'Общественные здания', 'Нормы для проектирования общественных зданий', '2023-11-05', '2025-11-05', 'Национальный совет по общественным строениям'),
(84, 'Коэффициенты безопасности', 'Определяет коэффициенты безопасности в строительстве', '2023-12-05', '2025-12-05', 'Аналитический центр безопасности'),
(85, 'Аварийное планирование', 'Процедуры аварийного планирования в строительстве', '2023-01-18', '2025-01-18', 'Комитет безопасности строительства'),
(86, 'Стандарты оценки', 'Определяет стандарты оценки строительных объектов', '2023-02-18', '2025-02-18', 'Ассоциация оценщиков'),
(87, 'Антикоррозионные покрытия', 'Регулирует использование антикоррозионных покрытий', '2023-03-18', '2025-03-18', 'Коррозионный исследовательский институт'),
(88, 'Контроль вибраций', 'Определяет нормы контроля вибраций на стройке', '2023-04-18', '2025-04-18', 'Комиссия по вибрационной защите'),
(89, 'Гидроизоляция', 'Устанавливает стандарты гидроизоляции', '2023-05-18', '2025-05-18', 'Национальная лаборатория гидроизоляции'),
(90, 'Миграция рабочих', 'Регулирует вопросы миграции трудовых ресурсов', '2023-06-18', '2025-06-18', 'Центр миграционной политики'),
(91, 'Земельные ресурсы', 'Управление использованием земельных ресурсов', '2023-07-18', '2025-07-18', 'Министерство природных ресурсов'),
(92, 'Технологии строительства', 'Оптимизация строительных процессов с использованием технологий', '2023-08-18', '2025-08-18', 'Технологический институт строительства'),
(93, 'Модели устойчивости', 'Разработка моделей устойчивого строительства', '2023-09-18', '2025-09-18', 'Академия устойчивого развития'),
(94, 'Риски и страхование', 'Управление рисками и процедуры страхования', '2023-10-18', '2025-10-18', 'Страховой институт промышленных рисков'),
(95, 'Стандарты контроля загрязнений', 'Определяет стандарты контроля загрязнений на стройплощадке', '2023-11-18', '2025-11-18', 'Институт контроля окружающей среды'),
(96, 'Пожарная эвакуация', 'Определяет процедуры эвакуации при пожаре', '2023-12-18', '2025-12-18', 'Эвакуационная служба'),
(97, 'Анализ воздействия на окружающую среду', 'Оценка потенциального влияния энергоемких стройплощадок', '2023-01-12', '2025-01-12', 'Экологическая консультационная компания'),
(98, 'Транспортная инфраструктура', 'Стандарты для проектирования и строительства транспорта', '2023-02-12', '2025-02-12', 'Министерство транспорта'),
(99, 'Системы автоматизации', 'Внедрение систем автоматизации в строительных проектах', '2023-03-12', '2025-03-12', 'Центр автоматизации процессов'),
(100, 'Индивидуальная защита', 'Обеспечение средств индивидуальной защиты для рабочих', '2023-04-12', '2025-04-12', 'Организация по защите труда'),
(101, 'Цифровая трансформация', 'Внедрение цифровых технологий в строительство', '2023-01-01', '2025-01-01', 'Центр цифровых технологий'),
(102, 'Системы мониторинга', 'Контроль параметров строительства в реальном времени', '2023-02-01', '2025-02-01', 'Исследовательский центр мониторинга'),
(103, 'Экологическое строительство', 'Минимизация экологического воздействия строительства', '2023-03-01', '2025-03-01', 'Национальная комиссия по устойчивости'),
(104, 'Огнестойкие материалы', 'Стандарты использования огнестойких материалов в строительстве', '2023-04-01', '2025-04-01', 'Пожарно-технический институт'),
(105, 'Инфраструктура общественного транспорта', 'Улучшение доступа к общественному транспорту', '2023-05-01', '2025-05-01', 'Управление общественного транспорта'),
(106, 'Системы интеллектуального освещения', 'Внедрение систем, реагирующих на внешние условия', '2023-06-01', '2025-06-01', 'Институт интеллектуальных систем'),
(107, 'Термическая обработка конструкций', 'Повышение прочности с помощью термической обработки', '2023-07-01', '2025-07-01', 'Академия термотехники'),
(108, 'Проектирование устойчивых городов', 'Разработка градостроительных планов с учетом устойчивости', '2023-08-01', '2025-08-01', 'Комитет планирования и развития'),
(109, 'Комплексные системы безопасности', 'Внедрение многоуровневых систем безопасности на стройплощадке', '2023-09-01', '2025-09-01', 'Министерство внутренних дел'),
(110, 'Умные здания', 'Интеграция интеллектуальных систем управления зданиями', '2023-10-01', '2025-10-01', 'Институт умных зданий'),
(111, 'Автоматизация услуг', 'Автоматизация инженерных систем и коммунальных услуг', '2023-11-01', '2025-11-01', 'Технологический центр автоматизации'),
(112, 'Разработка зелёных зон', 'Создание и управление зелёными зонами в городах', '2023-12-01', '2025-12-01', 'Агентство ландшафтного дизайна'),
(113, 'Разработка гибких конструкций', 'Создание конструкций, устойчивых к изменениям нагрузки', '2023-01-15', '2025-01-15', 'Институт структурной инженерии'),
(114, 'Автоматизация учёта и расхода ресурсов', 'Технологии для мониторинга и оптимизации ресурсов', '2023-02-15', '2025-02-15', 'Экономический совет ресурсосберегающих технологий'),
(115, 'Требования к устойчивости к наводнениям', 'Планирование, учитывающее риски наводнений', '2023-03-15', '2025-03-15', 'Центр гидрологических исследований'),
(116, 'Управление строительными проектами', 'Методы управления крупномасштабными проектами', '2023-04-15', '2025-04-15', 'Исследовательский институт проектного управления'),
(117, 'Нормы звукового контроля', 'Установление уровней допустимого звука для жилых помещений', '2023-05-15', '2025-05-15', 'Национальное акустическое агентство'),
(118, 'Использование дронов в строительстве', 'Применение беспилотников для мониторинга и проектирования', '2023-06-15', '2025-06-15', 'Центр авиационных технологий'),
(119, 'Архивная документация', 'Требования к хранению и архивированию проектных документов', '2023-07-15', '2025-07-15', 'Архивное бюро архитектуры'),
(120, 'Инклюзивное проектирование', 'Создание доступной среды для людей с особыми потребностями', '2023-08-15', '2025-08-15', 'Министерство социальной политики'),
(121, 'Кибербезопасность в строительстве', 'Защита цифровых систем на строительных объектах', '2023-09-15', '2025-09-15', 'Национальное агентство кибербезопасности'),
(122, 'Строительство в условиях экстремальных температур', 'Управление проектами в условиях низких и высоких температур', '2023-10-15', '2025-10-15', 'Служба освоения северных территорий'),
(123, 'Рекультивация земель', 'Методы восстановления земель, использованных под строительство', '2023-11-15', '2025-11-15', 'Министерство природопользования'),
(124, 'Стандарты для морских строительных проектов', 'Специфические регламенты для проектов на море', '2023-12-15', '2025-12-15', 'Национальное морское агентство'),
(125, 'Разработка зон смешанного использования', 'Создание многофункциональных районов для комфортной жизни', '2023-01-30', '2025-01-30', 'Совет новых урбанистических решений'),
(126, 'Подводные строительные технологии', 'Использование технологий для строительства под водой', '2023-02-28', '2025-02-28', 'Центр океанических технологий'),
(127, 'Основы концептуального проектирования', 'Создание чертежей и концепций на начальных стадиях проекта', '2023-03-30', '2025-03-30', 'Академия архитектурного проектирования'),
(128, 'Эффективное использование инфраструктуры', 'Оптимизация использования существующих инфраструктурных объектов', '2023-04-30', '2025-04-30', 'Агентство инфраструктурного развития'),
(129, 'Гармонизация градостроительства', 'Согласование проектов на различных уровнях управления', '2023-05-30', '2025-05-30', 'Государственное бюро координации'),
(130, 'Стандарты обработки земельных участков', 'Регламенты работы с земельными ресурсами', '2023-06-30', '2025-06-30', 'Национальный союз агрономов'),
(131, 'Сертификация строительных материалов', 'Стандарты сертификации и тестирования материалов', '2023-07-30', '2025-07-30', 'Центр сертификации строительных материалов'),
(132, 'Имплементация улучшенных производственных стандартов', 'Внедрение новых стандартов для строительства', '2023-08-30', '2025-08-30', 'Факультет прикладных строительных технологий'),
(133, 'Программное обеспечение для проектирования', 'Использование ПО для моделирования и планирования', '2023-09-30', '2025-09-30', 'Институт программных архитектур'),
(134, 'Развитие прибрежных зон', 'Системы устойчивого развития прибрежных районов', '2023-10-30', '2025-10-30', 'Комиссия по прибрежному развитию'),
(135, 'Управление цепями поставок', 'Оптимизация логистики и хранения строительных материалов', '2023-11-30', '2025-11-30', 'Исполнительный комитет логистики'),
(136, 'Антисейсмическое проектирование', 'Технологии проектирования безопасных при землетрясениях', '2023-12-30', '2025-12-30', 'Национальная сейсмологическая служба'),
(137, 'Моделирование сложных площадок', 'Предотвращение негативных последствий трудных условий', '2023-01-25', '2025-01-25', 'Лаборатория физического моделирования'),
(138, 'Создание и управление культурными и парковыми зонами', 'Поддержание инфраструктуры для общественного отдыха', '2023-02-25', '2025-02-25', 'Министерство общественного развития'),
(139, 'Стандарты для роботизированных технологий в строительстве', 'Руководства для использования роботов на строительных площадках', '2023-03-25', '2025-03-25', 'Центр робототехники'),
(140, 'Разработка приграничных регионов', 'Оптимизация использования приграничных территорий', '2023-04-25', '2025-04-25', 'Международный комитет границ'),
(141, 'Климатическая адаптация', 'Адаптация проектных решений к изменению климата', '2023-05-25', '2025-05-25', 'Исследовательский климатологический центр'),
(142, 'Автоматизация строительных процессов', 'Применение автоматизированной техники и систем', '2023-06-25', '2025-06-25', 'Центр автоматизированных решений'),
(143, 'Комплексное использование альтернативных источников энергии', 'Оценка и внедрение возобновляемых энергетических решений', '2023-07-25', '2025-07-25', 'Научная лаборатория энергетики'),
(144, 'Реинжиниринг процессов', 'Оптимизация и реорганизация строительных процессов', '2023-08-25', '2025-08-25', 'Агентство строительных инноваций'),
(145, 'Обслуживание высокотехнологичных зданий', 'Регламент обслуживания и модернизации новейших зданий', '2023-09-25', '2025-09-25', 'Союз технического обслуживания'),
(146, 'Радиочастотный контроль', 'Контроль и регулирование радиочастотной активности', '2023-10-25', '2025-10-25', 'Комитет радиочастотного мониторинга'),
(147, 'Архитектурные конкурсы', 'Проведение и организация конкурентных мероприятий в архитектуре', '2023-11-25', '2025-11-25', 'Академия архитектурных искусств'),
(148, 'Евроинтеграция проектирования', 'Синхронизация регламентов с международными стандартами', '2023-12-25', '2025-12-25', 'Центр международного проектирования'),
(149, 'Минимальные требования к благоустройству местности', 'Регулирование задач по благоустройству территорий', '2023-01-20', '2025-01-20', 'Агентство развития инфраструктуры'),
(150, 'Системы прогнозирования рисков', 'Внедрение технологий предсказания строительных рисков', '2023-02-20', '2025-02-20', 'Центр прогнозирования и анализа'),
(151, 'Энергетические сертификации', 'Оценка и сертификация энергоэффективных решений', '2023-03-20', '2025-03-20', 'Национальный центр сертификации'),
(152, 'Обследование зданий', 'Методики оценки состояния существующих зданий и сооружений', '2023-04-20', '2025-04-20', 'Инженерный центр обследования'),
(153, 'Космические технологии в градостроительстве', 'Применение спутников и дронов в градостроительном проектировании', '2023-05-20', '2025-05-20', 'Агентство космического урбанизма'),
(154, 'Системы водоснабжения в удалённых районах', 'Оптимизация подачи воды в отдаленные населенные пункты', '2023-06-20', '2025-06-20', 'Фонд водных ресурсов'),
(155, 'Экологические технологии реновации', 'Восстановление существующих объектов с помощью экологически безопасных технологий', '2023-07-20', '2025-07-20', 'Фонд развития экологического строительства'),
(156, 'Культурно-исторические маршруты', 'Создание маршрутов исторического и культурного значения', '2023-08-20', '2025-08-20', 'Комиссия по культурным вопросам'),
(157, 'Модульные конструкции', 'Использование модульных конструктивных решений для упрощения и ускорения строительства', '2023-09-20', '2025-09-20', 'Академия модульного строительства'),
(158, 'Геоинформационные системы', 'Внедрение ГИС для повышения точности проектных решений', '2023-10-20', '2025-10-20', 'Геоинформационное агентство'),
(159, 'Устойчивое развитие в местном масштабе', 'Стратегии развития местных сообществ с учетом устойчивости', '2023-11-20', '2025-11-20', 'Министерство местного развития'),
(160, 'Обновляемые источники тепла', 'Использование нетрадиционных источников для тепловых систем', '2023-12-20', '2025-12-20', 'Национальный теплотехнический центр'),
(161, 'Реконструкции объектов культурного наследия', 'Реставрация с учетом культурных ценностей', '2023-01-10', '2025-01-10', 'Центр сохранения культурного наследия'),
(162, 'Покрытия с антиграффити', 'Использование специальных средств защиты от вандализма', '2023-02-10', '2025-02-10', 'Городской департамент безопасности'),
(163, 'Источники альтернативного топлива', 'Применение новых типов топлива для стратегических объектов', '2023-03-10', '2025-03-10', 'Научный институт топливных технологий'),
(164, 'Многоцелевые здания', 'Проектирование и строительство объектов с изменяемым функционалом', '2023-04-10', '2025-04-10', 'Институт многоцелевого проектирования'),
(165, 'Изоляционные системы', 'Разработка и внедрение новых видов тепло- и звукоизоляции', '2023-05-10', '2025-05-10', 'Торговая палата строительных материалов'),
(166, 'Современные тенденции в градостроительстве', 'Изучение и внедрение передовых мировых практик', '2023-06-10', '2025-06-10', 'Университет продвинутых технологий'),
(167, 'Интеграция систем умного дома', 'Внедрение умных технологий для повышения комфорта', '2023-07-10', '2025-07-10', 'Центр автоматизированных решений'),
(168, 'Общественные лифты и эскалаторы', 'Контроль и стандартизация общественных подъемных механизмов', '2023-08-10', '2025-08-10', 'Национальная лифтовая ассоциация'),
(169, 'Системы рекуперации', 'Применение технологий возврата и использования энергоресурсов', '2023-09-10', '2025-09-10', 'Научно-исследовательский энергоцентр'),
(170, 'Строительные нормы для горных районов', 'Особенности строительства и проектирования в горной местности', '2023-10-10', '2025-10-10', 'Комитет горного строительства'),
(171, 'Системы кондиционирования', 'Передовые технологии в системах климат-контроля', '2023-11-10', '2025-11-10', 'Институт воздушных технологий'),
(172, 'Экологические принципы создания парков', 'Учет экологических компонентов при создании парков', '2023-12-10', '2025-12-10', 'Городской совет парков и скверов'),
(173, 'Технологии плавного перехода', 'Преимущества плавной интеграции проектных решений', '2023-01-05', '2025-01-05', 'Бюро адаптации технологий'),
(174, 'Контроль потребления водных ресурсов', 'Инновационные методы и технологии для рачительного использования воды', '2023-02-05', '2025-02-05', 'Управление водохозяйства'),
(175, 'Устойчивое сельское развитие', 'Продвижение устойчивости и качества жизни в сельских зонах', '2023-03-05', '2025-03-05', 'Совет по сельскому развитию'),
(176, 'Реконструкция исторических зданий', 'Методики, учитывающие историческую значимость реконструкции', '2023-04-05', '2025-04-05', 'Центр исторической архитектуры'),
(177, 'Использование земснарядов', 'Управление и контроль за выемкой грунта для строительства', '2023-05-05', '2025-05-05', 'Строительная ассоциация земснарядов'),
(178, 'Индикаторы прогрессивного строительства', 'Оценка проекта по множеству ключевых параметров', '2023-06-05', '2025-06-05', 'Научный центр строительных инноваций'),
(179, 'Обучаемость и адаптивность технологий', 'Обучение местных кадров для работы с новыми системами', '2023-07-05', '2025-07-05', 'Академия новейших технологий'),
(180, 'Мобильные конструкции', 'Проектирование и внедрение временных мобильных систем', '2023-08-05', '2025-08-05', 'Бюро мобильного проектирования'),
(181, 'Использование 3D-печати', 'Применение аддитивных технологий для строительства и производства', '2023-09-05', '2025-09-05', 'Центр 3D-технологий'),
(182, 'Экологическое регулирование', 'Поддержка экосистем в контексте нового строительства', '2023-10-05', '2025-10-05', 'Комиссия по экологическому просвещению'),
(183, 'Минималистичный дизайн', 'Упрощение архитектурных решений без утраты качества', '2023-11-05', '2025-11-05', 'Палата минималистичных искусств'),
(184, 'Инновации в области сервиса', 'Современные услуги в сопровождении и обслуживании проектов', '2023-12-05', '2025-12-05', 'Центр инновационного сервиса'),
(185, 'Структурные эксперименты', 'Испытание и оценка новых конструктивных решений', '2023-01-18', '2025-01-18', 'Лаборатория экспериментов в строительстве'),
(186, 'Совместное проектирование', 'Упрощение коммуникации и совместной работы всех стадий строительства', '2023-02-18', '2025-02-18', 'Консорциум совместных проектировок'),
(187, 'Анализ почв и грунтов', 'Оценка свойств грунта до начала строительных работ', '2023-03-18', '2025-03-18', 'Институт геотехнических исследований'),
(188, 'Энергоэффективное здание', 'Поощрение архитектурных решений для снижения энергопотребления', '2023-04-18', '2025-04-18', 'Энергетическое бюро проектирования'),
(189, 'Нанотехнологии в строительстве', 'Использование наноматериалов для улучшения характеристик', '2023-05-18', '2025-05-18', 'Технологическая лаборатория наноматериалов'),
(190, 'Долговечность магнитных систем', 'Оценка стабильности и прочности магнитоактивных материалов', '2023-06-18', '2025-06-18', 'Физико-технологический институт'),
(191, 'Малые архитектурные формы', 'Разработка и оптимизация малых декоративных элементов', '2023-07-18', '2025-07-18', 'Городская комната художественных решений'),
(192, 'Переработка строительных отходов', 'Технологии и методики для повторного использования материалов', '2023-08-18', '2025-08-18', 'Центр инновационной переработки'),
(193, 'Гибкость и адаптивность архитектурных решений', 'Учет изменяющихся условий и требований еще на стадии проектирования', '2023-09-18', '2025-09-18', 'Консалтинговое агентство гибких конструкций'),
(194, 'Программное обеспечение для управления строительством', 'Мониторинг и управление проектами в реальном времени', '2023-10-18', '2025-10-18', 'Технический софт-институт'),
(195, 'Разработка сетевых проектов', 'Максимизация сетевых решений для умных городов', '2023-11-18', '2025-11-18', 'Инженерная сеть работ'),
(196, 'Управление водяным стоком', 'Решения по управлению и минимизации последствий стока вод', '2023-12-18', '2025-12-18', 'Научный центр гидротехнологий'),
(197, 'Эксплуатация и техобслуживание', 'Поддержание инфраструктуры в хорошем состоянии', '2023-01-12', '2025-01-12', 'Федерация технического обслуживания'),
(198, 'Знания и умения в строительной индустрии', 'Обучение рабочей силы современным навыкам', '2023-02-12', '2025-02-12', 'Академия строительных навыков'),
(199, 'Непрерывная профессиональная подготовка', 'Поддержка долгосрочного развития у специалистов', '2023-03-12', '2025-03-12', 'Комитет профессиональной подготовки'),
(200, 'Обеспечение безопасности работы', 'Совершенствование стандартов охраны труда', '2023-04-12', '2025-04-12', 'Ассоциация безопасного труда'),
(201, 'Регулирование использования солнечных панелей', 'Установление стандартов для интеграции солнечных панелей в здания', '2023-01-01', '2025-01-01', 'Солнечная ассоциация'), 
(202, 'Контроль качества строительных смесей', 'Поддержание стандартов на строительные растворы и смеси', '2023-01-02', '2025-01-02', 'Институт строительных материалов'), 
(203, 'Гидравлические конструкции', 'Стандарты для проектирования гидравлических сооружений', '2023-01-03', '2025-01-03', 'Гидротехнический институт'), 
(204, 'Внедрение инновационных технологий', 'Разработка стратегий для внедрения инноваций в строительстве', '2023-01-04', '2025-01-04', 'Центр строительных инноваций'), 
(205, 'Технологии быстрого строительства', 'Методы ускорения строительных процессов с применением новых технологий', '2023-01-05', '2025-01-05', 'Агентство скоростной застройки'),
(206, 'Картографирование территорий', 'Использование высокоточных технологий для точного картографирования', '2023-01-06', '2025-01-06', 'Налоговое бюро картографии'),
(207, 'Инновации в инфраструктуре', 'Технологии оптимизации инфраструктурных решений', '2023-01-07', '2025-01-07', 'Фонд инфраструктурных инноваций'),
(208, 'Управление строительными деликатными зонами', 'Методы для взаимодействия с населением в деликатных зонах', '2023-01-08', '2025-01-08', 'Центр социальных решений'),
(209, 'Эстетика городской среды', 'Введение стандартов для улучшения визуальной составляющей городов', '2023-01-09', '2025-01-09', 'Комиссия градостроительной эстетики'),
(210, 'Развитие транспортной сети', 'Стратегии для оптимизации городской транспортной сети', '2023-01-10', '2025-01-10', 'Национальное транспортное агентство'),
(211, 'Интеграция зеленых технологий', 'Разработка стандартов для внедрения зеленых технологий в строительство', '2023-01-11', '2025-01-11', 'Агентство экологических технологий'),
(212, 'Мониторинг состояния конструкций', 'Наблюдение и оценка состояния крупных строительных объектов', '2023-01-12', '2025-01-12', 'Национальный институт мониторинга'),
(213, 'Нормы по безопасности пешеходов', 'Регламентация стандартов дорожной безопасности для пешеходов', '2023-01-13', '2025-01-13', 'Министерство дорожной безопасности'),
(214, 'Технологии вентиляции зданий', 'Внедрение технологий для улучшения вентиляции в зданиях', '2023-01-14', '2025-01-14', 'Центр вентилируемых решений'),
(215, 'Противопожарные системы для высоток', 'Установление норм для противопожарной безопасности высотных зданий', '2023-01-15', '2025-01-15', 'Комитета пожарной безопасности'),
(216, 'Нормы по использованию биоматериалов', 'Регламент внедрения биоматериалов в строительные проекты', '2023-01-16', '2025-01-16', 'Биоинженерный комитет'),
(217, 'Управление качеством воздуха', 'Введение стандартов для оценки качества воздуха в стройзонах', '2023-01-17', '2025-01-17', 'Национальное агентство качества воздуха'),
(218, 'Контроль качества воды', 'Поддержание стандартов для водоснабжения и контроля качества воды', '2023-01-18', '2025-01-18', 'Водная экозащитная ассоциация'),
(219, 'Современные системы энергообогрева', 'Технологии уменьшения затрат на энергию при обогреве', '2023-01-19', '2025-01-19', 'Комитет теплоснабжения'),
(220, 'Использование вторичных материалов', 'Регламент по использованию вторичных ресурсов в строительстве', '2023-01-20', '2025-01-20', 'Ассоциация экологических материалов'),
(221, 'Разработка шумозащитных структур', 'Технологии и методы снижения уровня шума в жилых зонах', '2023-01-21', '2025-01-21', 'Центр акустической безопасности'),
(222, 'Проектирование общественных пространств', 'Создание и управление общественными пространствами для комфортного отдыха', '2023-01-22', '2025-01-22', 'Фонд развития общественных зон'),
(223, 'Оптимизация проектных решений', 'Стандарты для оптимизации решений на всех этапах проекта', '2023-01-23', '2025-01-23', 'Агентство проектных инноваций'),
(224, 'Технологии энергопотребления', 'Внедрение систем для скорейшего уменьшения энергопотребления', '2023-01-24', '2025-01-24', 'Центр энергосбережения'),
(225, 'Создание систем тепловентиляции', 'Стандарты для проектирования систем тепловентиляции', '2023-01-25', '2025-01-25', 'Институт тепловентиляции'),
(226, 'Развитие устойчивых рыбохозяйств', 'Основы создания и управления устойчивым рыбохозяйством', '2023-01-26', '2025-01-26', 'Агентство рыбного хозяйства'),
(227, 'Гармонизация урбанистической упаковки', 'Максимизация интеграции урбанистических направлений в проекте', '2023-01-27', '2025-01-27', 'Национальный совет по урбанистике'),
(228, 'Оптимизация архитектурного учета', 'Регламент и стандарты управления архитектурными проектами', '2023-01-28', '2025-01-28', 'Консалтинговое бюро архитектуры'),
(229, 'Бережливое использование ресурсов', 'Технологии и системы бережного использования строительных ресурсов', '2023-01-29', '2025-01-29', 'Центр экосберегающих решений'),
(230, 'Управление нештатными ситуациями', 'Методы и практики для управления нештатными ситуациями на стройке', '2023-01-30', '2025-01-30', 'Фонд аварийного реагирования'),
(231, 'Автономные строительные машины', 'Руководства по применению автономных конструкций на строительной площадке', '2023-02-01', '2025-02-01', 'Бюро дигитализации в строительстве'),
(232, 'Реставрация и консервация объектов', 'Методы обеспечения долгосрочной сохранности реставрируемых объектов', '2023-02-02', '2025-02-02', 'Государственная комиссия по реставрации'),
(233, 'Интеграция адаптивных решений', 'Технологии и решения для адаптации конструктивных изменений', '2023-02-03', '2025-02-03', 'Центр адаптивного проектирования'),
(234, 'Геоинженерия и инфраструктура', 'Использование геоинженерных технологий в проектировании инфраструктуры', '2023-02-04', '2025-02-04', 'Геоинженерное бюро'),
(235, 'Энергетические решения для промышленных платформ', 'Методы для ресурсосбережения на промышленных объектах', '2023-02-05', '2025-02-05', 'Ассоциация промышленной энергетики'),
(236, 'Регламенты автоматизированных систем', 'Методы по внедрению новых автоматизированных систем на производстве', '2023-02-06', '2025-02-06', 'Агентство промышленной безопасности'),
(237, 'Использование модульных решений', 'Технологии и проектирование с использованием модульных блоков', '2023-02-07', '2025-02-07', 'Институт модульного строительства'),
(238, 'Помощь в благоустройстве территорий', 'Управление и координация улучшений инфраструктуры', '2023-02-08', '2025-02-08', 'Министерство кабинетов управления'),
(239, 'Расширение функционирования мостовых переходов', 'Методы улучшения мониторинга и обслуживания мостов', '2023-02-09', '2025-02-09', 'Центр дорожных решений'),
(240, 'Электронные системы отслеживания', 'Методы улучшения отслеживания и анализа данных', '2023-02-10', '2025-02-10', 'Центр технологических решений'),
(241, 'Управление взаимодействием сообщества', 'Методы и процесс планирования для работы с местными общинами', '2023-02-11', '2025-02-11', 'Фонд местных коммуникаций'),
(242, 'Инженерные системы обращений', 'Обеспечение условий для нормальной работы инженерных систем', '2023-02-12', '2025-02-12', 'Национальное бюро инженерных решений'),
(243, 'Критерии оценки землепользования', 'Основы и стандарты для оценки эффективности использования земли', '2023-02-13', '2025-02-13', 'Институт землепользования'),
(244, 'Экологические обязательства компаний', 'Расширение обязательств по экологической безопасности', '2023-02-14', '2025-02-14', 'Министерство экосоветов'),
(245, 'Оптимизация работы климатического оборудования', 'Технологии и стандарты для улучшения использования климатических систем', '2023-02-15', '2025-02-15', 'Теплоэнергетический центр'),
(246, 'Экофасады для многоквартирных домов', 'Внедрение решений для улучшения фасадной экологии', '2023-02-16', '2025-02-16', 'Архитектурный совет фасадных решений'),
(247, 'Мобильные структуры общественного типа', 'Технологии проектирования и использования временных публичных объектов', '2023-02-17', '2025-02-17', 'Объединение мобильных конструкций'),
(248, 'Последовательность критической реконструкции', 'Методы и принципы для ведущих индивидуальных и массовых реконструкций', '2023-02-18', '2025-02-18', 'Консорциум ключевых изменений'),
(249, 'Освещение общественной собственности', 'Методы и технологии для модернизации подсветки в городах', '2023-02-19', '2025-02-19', 'Министерство городского освещения'),
(250, 'Эксплуатация строящихся конструкций', 'Советы и нормы для временной эксплуатации объектов до завершения строительства', '2023-02-20', '2025-02-20', 'Центр экспертизы'),
(251, 'Выявление влияния экологических решений', 'Обеспечение соблюдения экологических подходов при проектировании', '2023-02-21', '2025-02-21', 'Комиссия экологической обследовательской группы'),
(252, 'Методика оценки экологической аккредитации', 'Возобновление типичных стандартов и их реализация', '2023-02-22', '2025-02-22', 'Агентство экологических стандартов'),
(253, 'Климатическое обеспечение комфортных пространств', 'Методическая база для проектирования и создания благоприятных условий', '2023-02-23', '2025-02-23', 'Институт климатологии'),
(254, 'Оценка международных стандартов', 'Базовые требования мирового уровня для строительных конструкций', '2023-02-24', '2025-02-24', 'Консорциум международных стандартов'),
(255, 'Механизмы интеграции проектных решений', 'Оптимизация процессов для технических решений и обозрение их введения', '2023-02-25', '2025-02-25', 'Центр проектировщиков'),
(256, 'Приостановка аварийных программ', 'Методы приостановления процессов и мероприятия', '2023-02-26', '2025-02-26', 'Надзорное ведомство аварийной помощи'),
(257, 'Контроль уровня шумового загрязнения', 'Мониторинг и оценка влияния загрязнения шума', '2023-02-27', '2025-02-27', 'Акустическая программа контроля'),
(258, 'Усовершенствование методов водоснабжения', 'Этапы внедрения новых технологий для улучшения гидрологического проекта', '2023-02-28', '2025-02-28', 'Бюро водохране'), 
(259, 'Энергоэффективные решения для реконструкции', 'Разработка улучшенных стандартов и проектов', '2023-03-01', '2025-03-01', 'Академия улучшений'), 
(260, 'Обеспечение комфортной среды обитания', 'Создание благоприятных условий для жизни и отдыха', '2023-03-02', '2025-03-02', 'Комитет жилья'), 
(261, 'Биотехнические системы в строительстве', 'Внедрение биотехнологий в современные проекты', '2023-03-03', '2025-03-03', 'Центр инноваций'), 
(262, 'Механизмы защиты природных ресурсов', 'Технологии защиты и оптимизации природных ресурсов', '2023-03-04', '2025-03-04', 'Агентство ресурсов'), 
(263, 'Проектирование и контроль критических зон', 'Технологии управления и минимизации рисков в критических зонах', '2023-03-05', '2025-03-05', 'Институт критических технологий'), 
(264, 'Тепловое и солнцезащитное проектирование', 'Технологии и стандарты для защиты от тепловых и солнечных воздействий', '2023-03-06', '2025-03-06', 'Центр защиты комфорта'), 
(265, 'Управление материалами и ресурсами', 'Организация и координация снабжения в строительных проектах', '2023-03-07', '2025-03-07', 'Объединение менеджмента ресурсов'), 
(266, 'Системы проектирования устойчивых конструкций', 'Технологии и методы обеспечения устойчивости на всех уровнях', '2023-03-08', '2025-03-08', 'Центр капитального строительства'), 
(267, 'Регуляторное управление инновациями', 'Регламенты внедрения новейших темпового и процессного изменений', '2023-03-09', '2025-03-09', 'Консорциум технологий'), 
(268, 'Обеспечение инновационных решений', 'Нормы и регламенты для поддержки использования передовых технологий', '2023-03-10', '2025-03-10', 'Комитет прогресса'), 
(269, 'Сертификация устойчивых материалов', 'Аккредитация инновационных решений в проектные работы', '2023-03-11', '2025-03-11', 'Национальная ассоциация сертификации'), 
(270, 'Регламенты поведения в строительной отрасли', 'Кодексы норм и обязательства для успешной работы', '2023-03-12', '2025-03-12', 'Профессиональные правила'), 
(271, 'Методы управления рисками', 'Поход к управлению жизненным циклом и стратегиям', '2023-03-13', '2025-03-13', 'Научная комиссия безопасности'), 
(272, 'Единые стандарты устойчивости', 'Создание общей базы для оценки устойчивости проектирования', '2023-03-14', '2025-03-14', 'Национальное бюро изменений'), 
(273, 'Технологии минимизации отходов', 'Оптимизация решений по сокращению и переработке строительных отходов', '2023-03-15', '2025-03-15', 'Центр экоопыта'), 
(274, 'Инициатива по улучшению инфраструктуры', 'Методы поддержки мер модернизации в современных проектах', '2023-03-16', '2025-03-16', 'Международный консорциум развития инфраструктуры'), 
(275, 'Создание единых стандартов проектирования', 'Методические регулировки для обеспечения единства в оценке программ', '2023-03-17', '2025-03-17', 'Объединение проектных центров'),
(276, 'Адаптивный городской дизайн', 'Оптимизация городской среды с учетом изменяющихся условий', '2023-03-18', '2025-03-18', 'Институт адаптивного проектирования'),
(277, 'Инновации в освещении', 'Внедрение современных решений для освещения как в помещениях, так и на открытом воздухе', '2023-03-19', '2025-03-19', 'Агентство световых инноваций'),
(278, 'Стандарты транспортной устойчивости', 'Системы повышения экологической устойчивости транспорта в городах', '2023-03-20', '2025-03-20', 'Центр устойчивого транспорта'),
(279, 'Энергоэффективные фасады', 'Инновационные решения для снижения теплопередачи через фасады зданий', '2023-03-21', '2025-03-21', 'Фонд энергоэффективных технологий'),
(280, 'Цифровая интеграция инфраструктуры', 'Технологии полномасштабной дигитализации общественной инфраструктуры', '2023-03-22', '2025-03-22', 'Центр цифровой инфраструктуры'),
(281, 'Гармонизация зелёных зон', 'Создание связанного зелёного каркаса в городах для улучшения экологии', '2023-03-23', '2025-03-23', 'Министерство зелёной инфраструктуры'),
(282, 'Экологическая адаптация строительства', 'Методы проектирования и строительства с низким уровнем экологического воздействия', '2023-03-24', '2025-03-24', 'Научно-исследовательский центр экологии'),
(283, 'Системы поддержки умного города', 'Интеграция технологических решений для повышения качества городской жизни', '2023-03-25', '2025-03-25', 'Центр умных решений'),
(284, 'Управление рисками природных катастроф', 'Стратегии снижения воздействия катастрофических климатических событий', '2023-03-26', '2025-03-26', 'Федеральное агентство по чрезвычайным ситуациям'),
(285, 'Нормы адаптации зданий к климату', 'Рекомендации по проектированию климатически адаптивных конструкций', '2023-03-27', '2025-03-27', 'Климатический институт'),
(286, 'Системы рекуперации тепла', 'Внедрение технологий сбора и повторного использования тепловой энергии', '2023-03-28', '2025-03-28', 'Институт энергоэффективных решений'),
(287, 'Зеленая сертификация зданий', 'Система оценки и сертификации экологически чистых зданий', '2023-03-29', '2025-03-29', 'Национальная комиссия зелёной сертификации'),
(288, 'Технологии снижения водопотребления', 'Методы уменьшения использования пресной воды в строительстве и эксплуатации', '2023-03-30', '2025-03-30', 'Агентство управления водными ресурсами'),
(289, 'Регуляция умных транспортных сетей', 'Стандарты безопасного и эффективного использования автономных транспортных средств', '2023-04-01', '2025-04-01', 'Институт интеллектуального транспорта'),
(290, 'Рациональная урбанистика', 'Интеграция принципов устойчивого развития в проектирование городов', '2023-04-02', '2025-04-02', 'Совет по устойчивому развитию городов'),
(291, 'Разработка и поддержка водных экосистем', 'Методы создания и поддержания здоровых водных экосистем в городах', '2023-04-03', '2025-04-03', 'Научный институт водной экологии'),
(292, 'Управление адаптацией к изменениям погоды', 'Технологии и стратегии учета изменяющихся погодных условий', '2023-04-04', '2025-04-04', 'Исследовательский центр климатических решений'),
(293, 'Контроль токсичных выбросов', 'Регламенты снижения уровня токсичных выбросов в строительных проектах', '2023-04-05', '2025-04-05', 'Экологическая инспекция'),
(294, 'Технологии рекультивации урбанистических территорий', 'Методы восстановления земель после строительных и других видов вмешательства', '2023-04-06', '2025-04-06', 'Центр восстановления городских территорий'),
(295, 'Развитие биосовместимых материалов', 'Поощрение использования строительных материалов с минимальным экологическим воздействием', '2023-04-07', '2025-04-07', 'Научный исследовательский центр биоматериалов'),
(296, 'Обновление стратегий устойчивого транспортного планирования', 'Интеграция концепций устойчивого развития в транспортное планирование', '2023-04-08', '2025-04-08', 'Национальный научный институт транспорта'),
(297, 'Эстетика ландшафтного проектирования', 'Инновационные методы улучшения визуального восприятия городских ландшафтов', '2023-04-09', '2025-04-09', 'Агентство по ландшафтному дизайну'),
(298, 'Устойчивые решения по электроснабжению', 'Разработка и внедрение энергосберегающих решений для электрообеспечения', '2023-04-10', '2025-04-10', 'Центр энергетических решений'),
(299, 'Комплексный подход к организации движения', 'Решения для организации эффективного движения в условиях городской среды', '2023-04-11', '2025-04-11', 'Центр дорожного планирования'),
(300, 'Антикоррозионная защита инфраструктуры', 'Стандарты защиты объектов инфраструктуры от коррозии и воздействия среды', '2023-04-12', '2025-04-12', 'Научный институт коррозионной устойчивости'),
(301, 'Развитие экосистем интеграции в городах', 'Методы объединения и гармонизации природных и технических систем в городах', '2023-04-13', '2025-04-13', 'Национальная комиссия городских экоинтеграций'),
(302, 'Обновление водных путей в урбанистической среде', 'Развитие и эксплуатация современных водных путей в городах', '2023-04-14', '2025-04-14', 'Министерство городских водных проектов'),
(303, 'Системы возобновляемой энергетики для жилых зон', 'Методы интеграции возобновляемой энергетики в жилые районы городов', '2023-04-15', '2025-04-15', 'Институт возобновляемой энергетики'),
(304, 'Энергоэффективные решения для городской инфраструктуры', 'Комплексные технологии повышения энергоэффективности инфраструктуры', '2023-04-16', '2025-04-16', 'Фонд энергоэффективной инфраструктуры'),
(305, 'Регламенты строительства в зоне высокой сейсмичности', 'Стандарты и нормы для строительства в сейсмоопасных регионах', '2023-04-17', '2025-04-17', 'Академия сейсмостойкого строительства'),
(306, 'Оценка и управление энергетической безопасностью', 'Системы и методики управления и обеспечения энергобезопасности', '2023-04-18', '2025-04-18', 'Комитет по энергетической безопасности'),
(307, 'Повышение качества жизни в городской среде', 'Комплексный подход к улучшению санитарных и социально-экономических условий', '2023-04-19', '2025-04-19', 'Центр городской экологии'),
(308, 'Разработка и использование переработанных материалов', 'Стандарты и технологии использования переработанных материалов в строительстве', '2023-04-20', '2025-04-20', 'Ассоциация переработанных материалов'),
(309, 'Управление качеством строительных конструкций', 'Методы и техники контроля качества строительных конструкций и материалов', '2023-04-21', '2025-04-21', 'Институт строительной технологии'),
(310, 'Разработка стандартизированных биоматериалов', 'Поощрение биоматериалов для использования в конструктивных элементах', '2023-04-22', '2025-04-22', 'Центр биологической архитектуры'),
(311, 'Предотвращение загрязнения строительных площадок', 'Методы и практики для снижения воздействия строительных работ на окружающую среду', '2023-04-23', '2025-04-23', 'Агентство природных ресурсов'),
(312, 'Инновационные фасадные конструкции', 'Развитие и внедрение новейших технологий для фасадов', '2023-04-24', '2025-04-24', 'Федерация фасадной инженерии'),
(313, 'Системы адаптации к долгосрочным климатическим изменениям', 'Стратегии и сценарии минимизации воздействий климатических изменений', '2023-04-25', '2025-04-25', 'Фонд климатической адаптации'),
(314, 'Защита и восстановление городской флоры и фауны', 'Программы и методы для охраны и увеличения биоразнообразия в городах', '2023-04-26', '2025-04-26', 'Национальный комплекс городской экологии'),
(315, 'Обеспечение устойчивого развития строительных проектов', 'Технологии долгосрочной устойчивости при планировании строительных проектов', '2023-04-27', '2025-04-27', 'Агентство инновационного строительства'),
(316, 'Регламенты утилизации строительных отходов', 'Нормы и методики по эффективной утилизации и вторичной переработке', '2023-04-28', '2025-04-28', 'Министерство утилизации материалов'),
(317, 'Адаптивные стратегии для ландшафтного дизайна', 'Предложения по использованию адаптивных технологий в ландшафтном дизайне', '2023-04-29', '2025-04-29', 'Институт природного проектирования'),
(318, 'Координация миргородостроительных инициатив', 'Коммуникация и стандарты для реализации крупных городских инициатив', '2023-04-30', '2025-04-30', 'Национальный совет городского планирования'),
(319, 'Геоинформационные системы для управления городами', 'Внедрение технологий ГИС для повышения эффективности управления городами', '2023-05-01', '2025-05-01', 'Геоинформационный центр'),
(320, 'Инновации в областях солнечных технологий', 'Внедрение новых систем для использования солнечной энергии в градостроительных проектах', '2023-05-02', '2025-05-02', 'Технологический центр солнечных решений'),
(321, 'Системы обеспечения природного освещения', 'Методы и технологии для оптимизации природного освещения внутри помещений', '2023-05-03', '2025-05-03', 'Институт световых технологий'),
(322, 'Управление водными ресурсами в городской среде', 'Комплексный подход к управлению водоснабжением и водоотведением', '2023-05-04', '2025-05-04', 'Центр городской гидрологии'),
(323, 'Развитие городской транспортной сети', 'Анализ и планирование улучшений для городской транспортной системы', '2023-05-05', '2025-05-05', 'Министерство транспортного развития'),
(324, 'Регламенты обработки волокнистых материалов', 'Нормы и стандарты для переработки и использования волокнистых материалов', '2023-05-06', '2025-05-06', 'Комиссия по материалам нового поколения'),
(325, 'Энергоэкологические решения для индустриальных зон', 'Внедрение энергоэффективных и экологичных технологий на крупных промплощадках', '2023-05-07', '2025-05-07', 'Агентство экологического инжиниринга'),
(326, 'Интеграция автоматизированных систем мониторинга', 'Технологии реального времени для мониторинга экологических и строительных параметров', '2023-05-08', '2025-05-08', 'Центр автоматизации мониторинга'),
(327, 'Разработка новых форм адаптивных материалов', 'Исследования и разработки в области адаптивных строительных материалов', '2023-05-09', '2025-05-09', 'Институт адаптивных материалов'),
(328, 'Системы безопасности для строительства на водных платформах', 'Нормы и стандарты безопасности для проектов на водных платформах', '2023-05-10', '2025-05-10', 'Федерация водных технологий'),
(329, 'Комплексное использование автономных решений', 'Оптимизация использования автономных устройств в строительных проектах', '2023-05-11', '2025-05-11', 'Центр робототехнических решений'),
(330, 'Технологии цифрового проектирования', 'Инновационные решения для применения цифровых технологий в архитектуре', '2023-05-12', '2025-05-12', 'Центр цифрового проектирования'),
(331, 'Регламенты по улучшению городской среды', 'Стандарты и инициативы для повышения комфортности городской жизни', '2023-05-13', '2025-05-13', 'Фонд улучшения городской среды'),
(332, 'Управление изменениями в строительных проектах', 'Методики управления процессами изменений в строительстве', '2023-05-14', '2025-05-14', 'Агентство адаптивных решений'),
(333, 'Разработка решений для вертикальных садов', 'Технологии создания вертикальных озелененных пространств', '2023-05-15', '2025-05-15', 'Институт вертикального озеленения'),
(334, 'Эффективные методы реновации городской инфраструктуры', 'Стандарты и техники для обновления городской инфраструктуры', '2023-05-16', '2025-05-16', 'Национальный центр городской модернизации'),
(335, 'Энергоэффективные стандарты для пригородных районов', 'Методики повышения энергетической эффективности в пригородах', '2023-05-17', '2025-05-17', 'Центр пригородного развития'),
(336, 'Безопасность и надежность в строительных проектах', 'Методики оценки и обеспечения безопасности в строительстве', '2023-05-18', '2025-05-18', 'Министерство строительной безопасности'),
(337, 'Современные стандарты зелёного производства', 'Нормы для минимизации воздействия производственных процессов', '2023-05-19', '2025-05-19', 'Научно-исследовательский центр зеленых технологий'),
(338, 'Общественные инициативы в городском планировании', 'Разработка и поддержка общественных городских инициатив', '2023-05-20', '2025-05-20', 'Комитет общественного планирования'),
(339, 'Интеграция экологических технологий', 'Методы внедрения экологически чистых технологий в строительство', '2023-05-21', '2025-05-21', 'Центр экологических решений'),
(340, 'Разработка систем фильтрации городского воздуха', 'Технологии для очистки и улучшения качества воздуха в городах', '2023-05-22', '2025-05-22', 'Агентство по качеству воздуха'),
(341, 'Стандарты управления ресурсами открытых площадок', 'Эффективное управление и использование открытых городских площадок', '2023-05-23', '2025-05-23', 'Министерство городского развития'),
(342, 'Методы карбонового менеджмента в строительстве', 'Системы учёта и минимизации выбросов углерода в строительных проектах', '2023-05-24', '2025-05-24', 'Институт карбонового учета'),
(343, 'Обновление и модернизация городской инфраструктуры', 'Комплексная программа обновления инфраструктурных объектов', '2023-05-25', '2025-05-25', 'Центр инфраструктурного обновления'),
(344, 'Технологии по рациональному осушению территорий', 'Разработка и реализация систем и инновационных решений для осушения', '2023-05-26', '2025-05-26', 'Агентство территориальных решений'),
(345, 'Когнитивные технологии в управлении городами', 'Внедрение когнитивных технологий для оптимального управления урбанистическими процессами', '2023-05-27', '2025-05-27', 'Центр городского интеллектуального развития'),
(346, 'Технологии зонирования воды', 'Разработка и внедрение эффективных систем зонирования водных ресурсов', '2023-05-28', '2025-05-28', 'Министерство водных технологий'),
(347, 'Эффективные системы реверсивного осушения', 'Системы и методы по улучшению дренажа городских районов', '2023-05-29', '2025-05-29', 'Научный центр дренажных технологий'),
(348, 'Адаптивный ландшафтный дизайн', 'Инновационные методы адаптивного изменения ландшафта в условиях изменяющегося климата', '2023-05-30', '2025-05-30', 'Институт адаптивного ландшафтного дизайна'),
(349, 'Инновации в устройствах безопасности', 'Внедрение новейших систем безопасности в строительстве', '2023-05-31', '2025-05-31', 'Технологический центр безопасности'),
(350, 'Оптимизация строительных процессов через IT-технологии', 'Интеграция IT-систем для управления и оптимизации строительных процессов', '2023-06-01', '2025-06-01', 'Агентство строительных IT-технологий'),
(351, 'Углеродная нейтральность в строительных работах', 'Стандарты перехода на углеродно нейтральное строительство', '2023-06-02', '2025-06-02', 'Институт устойчивого развития'),
(352, 'Автономные энергосистемы', 'Методы интеграции автономных систем энергоснабжения в здания', '2023-06-03', '2025-06-03', 'Научный центр автономной энергетики'),
(353, 'Современные технологии в антиграффити покрытиях', 'Внедрение устойчивых решений для защиты от вандализма', '2023-06-04', '2025-06-04', 'Центр антиграффити технологий'),
(354, 'Экологическая сертификация строительных проектов', 'Оценка и выдача экологической сертификации для строительных объектов', '2023-06-05', '2025-06-05', 'Национальная комиссия по экологии'),
(355, 'Проектирование безопасных дорожных решений', 'Технологии и механизмы для повышения безопасности на дорогах', '2023-06-06', '2025-06-06', 'Транспортное агентство безопасности'),
(356, 'Технологии регенерации городского воздуха', 'Методы восстановления и поддержания качественного городского воздуха', '2023-06-07', '2025-06-07', 'Агентство по улучшению воздухообмена'),
(357, 'Комплексное развитие водосберегающих технологий', 'Стандарты и нормы использования водосберегающих систем в строительстве', '2023-06-08', '2025-06-08', 'Центр водных технологий'),
(358, 'Тршактивное использование ландшафтных ресурсов', 'Адаптация ландшафта в целях рекреации и экологической гармонии', '2023-06-09', '2025-06-09', 'Институт ландшафтного потенциала'),
(359, 'Трансформируемая архитектура', 'Современные решения для развития и реконструкции городской застройки', '2023-06-10', '2025-06-10', 'Научный институт градостроительства'),
(360, 'Устойчивое управление городской тепловой средой', 'Методология для оценки и контроля городской температуры', '2023-06-11', '2025-06-11', 'Центр климат-контроля города'),
(361, 'Комплексные стандарты водно-теплового контроля', 'Современные методологии интеграции водных и тепловых решений', '2023-06-12', '2025-06-12', 'Национальный совет теплорегуляции'),
(362, 'Общегородская система управления энергией', 'Центризированная система управления энергетическими потоками', '2023-06-13', '2025-06-13', 'Институт глобальной энергетики'),
(363, 'Гормональные адаптации в градостроительном проектировании', 'Учёт и интеграция природных ресурсов в городскую среду', '2023-06-14', '2025-06-14', 'Центр устойчивого проектирования'),
(364, 'Комфортабельная городская микроэкология', 'Эмоциональная и физическая комфортность в проектировании городской среды', '2023-06-15', '2025-06-15', 'Академия комфортной архитектуры'),
(365, 'Инновационные системы освещения для общественного пространства', 'Передовые решения в сфере управления светом', '2023-06-16', '2025-06-16', 'Агентство осветительных инноваций'),
(366, 'Управление городскими осадками', 'Методы и технологии для устойчивого управления городскими осадками', '2023-06-17', '2025-06-17', 'Центр дождетворчества'),
(367, 'Устойчивое городское развитие через ландшафтное проектирование', 'Планы и стандарты, способствующие устойчивому обустройству городских ландшафтов', '2023-06-18', '2025-06-18', 'Национальный совет по урбанистике'),
(368, 'Координация и регулирование интеллектуальных систем в строительстве', 'Интеграция и управление системами искусственного интеллекта на строительных площадках', '2023-06-19', '2025-06-19', 'Центр строительных технологий будущего'),
(369, 'Эффективные системы тени и солнцезащиты', 'Адаптивные решения для защиты от солнечного воздействия в открытых и закрытых пространствах', '2023-06-20', '2025-06-20', 'Институт солнечного проектирования'),
(370, 'Разработка стратегий создания фотоэлектрических фасадов', 'Технологии интеграции солнечных панелей в фасады зданий', '2023-06-21', '2025-06-21', 'Центр солнечной архитектуры'),
(371, 'Инновационные решения для задач расширения транспортации', 'Комплексные стратегии для соединения и обновления транспортной сети', '2023-06-22', '2025-06-22', 'Агентство траснового обновления'),
(372, 'Стимуляция и проектирование пользовательских архитектур', 'Создание проектов с учетом мнений и предпочтений конечных пользователей', '2023-06-23', '2025-06-23', 'Академия проектных инноваций'),
(373, 'Технологии перераспределения ресурсого потока', 'Инновационные методы перераспределения ресурсов в городских системах', '2023-06-24', '2025-06-24', 'Объединение process-driven решений'),
(374, 'Осуществление программы модернизации инфраструктуры', 'Реализация обновлений и улучшений инфраструктурных аспектов', '2023-06-25', '2025-06-25', 'Аналитический центр модернизации'),
(375, 'Энергоэффективное проектирование водосберегающей инфраструктуры', 'Интеграция энергосберегающих технологий в водосборные системы', '2023-06-26', '2025-06-26', 'Гидрологический центр инноваций');


INSERT INTO Awards VALUES 
(101, 238, 'Золотая медаль', 2010, 'Российская архитектурная академия'),
(102, 64, 'Лучшая архитектурная премия', 2011, 'Международная архитектурная ассоциация'),
(103, 14, 'Премия Урбанистика', 2012, 'Национальный институт архитектуры'),
(104, 68, 'Премия за инновации в архитектуре', 2013, 'Союз архитекторов России'),
(105, 88, 'Гран-при архитектурного конкурса', 2014, 'Всероссийский архитектурный форум'),
(106, 43, 'Признание в области зодчества', 2015, 'Европейский архитектурный совет'),
(107, 19, 'Лучший проект года', 2016, 'Архитектурная союз стран СНГ'),
(108, 107, 'Строительный грант', 2017, 'Международная образовательная платформа'),
(109, 216, 'Диплом архитектурного факультета', 2018, 'Национальный архитектурный университет'),
(110, 241, 'Медаль за достижения в строительстве', 2019, 'Федерация архитекторов России'),
(111, 185, 'Специальный архитектурный приз', 2020, 'Европейское сообщество архитекторов'),
(112, 110, 'Архитектурный кубок мира', 2021, 'Международный архитектурный комитет'),
(113, 114, 'Зеленая архитектура', 2022, 'Союз экологов и архитекторов'),
(114, 24, 'Премия за реконструкцию зданий', 2023, 'Комиссия по реставрации и реконструкции'),
(115, 155, 'Орден за вклад в развитие зодчества', 2018, 'Союз архитекторов России'),
(116, 37, 'Сертификат архитектурного инновации', 2019, 'Институт архитектурных исследований'),
(117, 121, 'Платиновая премия за проектирование', 2020, 'Гильдия профессиональных архитекторов'),
(118, 98, 'Международная премия проектного искусства', 2021, 'Всемирный совет по архитектуре'),
(119, 154, 'Почетный диплом за культурные инновации', 2022, 'Ассоциация архитекторов-гуманистов'),
(120, 147, 'Лучшая городская архитектура', 2023, 'Глобальный архитектурный форум'),
(121, 183, 'Премия в области экологичного строительства', 2022, 'Институт устойчивого строительства'),
(122, 195, 'Международное признание в зодчестве', 2023, 'Всемирная организация архитекторов'),
(123, 141, 'Специальная награда за технические достижения', 2020, 'Ассоциация технологов архитектуры'),
(124, 127, 'Лучший концептуальный проект', 2018, 'Национальный дизайн-центр'),
(125, 114, 'Премия за вклад в архитектуру города', 2019, 'Совет по городскому строительству'),
(126, 180, 'Национальная награда за дизайн', 2021, 'Российское общество дизайнеров'),
(127, 82, 'Титул архитектора года', 2023, 'Международный архитектурный журнал'),
(128, 42, 'Приз за восстановление культурного наследия', 2019, 'Фонд сохранения исторической архитектуры'),
(129, 193, 'Премия за лучший публичный проект', 2020, 'Национальная ассоциация общественного дизайна'),
(130, 83, 'Глобальное признание в ландшафтной архитектуре', 2021, 'Федерация ландшафтных архитекторов'),
(131, 78, 'За инновации в строительных технологиях', 2022, 'Институт инновационных технологий'),
(132, 162, 'Лучший интерьерный проект', 2023, 'Ассоциация интерьерных дизайнеров'),
(133, 43, 'Патент года в области архитектуры', 2020, 'Бюро патентов и торговых марок'),
(134, 47, 'Высшая награда за жилое зодчество', 2021, 'Союз архитекторов России'),
(135, 127, 'Сертификат профессионального стандарта', 2019, 'Союз архитекторов России'),
(136, 71, 'Золотая медаль за культурное строительство', 2018, 'Институт культурной архитектуры'),
(137, 180, 'Редкая награда за общественное пространство', 2017, 'Комиссия по общественным местам'),
(138, 163, 'Высшая премия за реновацию', 2022, 'Академия строительных наук'),
(139, 16, 'Почетный знак за дизайн городской среды', 2023, 'Союз урбанистов'),
(140, 159, 'Медаль за лучший архитектурный стартап', 2020, 'Национальная венчурная ассоциация'),
(141, 152, 'Трофей за лучшее строительство года', 2021, 'Федерация застройщиков России'),
(142, 14, 'Диплом за достижения в цифровой архитектуре', 2019, 'Центр цифровой архитектуры'),
(143, 153, 'Премия за работу в международных конкурсах', 2021, 'Ассоциация международных архитекторов'),
(144, 183, 'Орден за культурное возрождение', 2020, 'Фонд культурного наследия'),
(145, 95, 'Серебряная медаль за общественное строительство', 2018, 'Институт общества и культуры'),
(146, 14, 'Архитектурный знак уважения', 2017, 'Институт междисциплинарных исследований'),
(147, 147, 'Международная премия за стиль', 2023, 'Форум стилистов и архитекторов'),
(148, 166, 'Диплом лауреата за лучший проект', 2022, 'Институт архитектурного планирования'),
(149, 135, 'Почетное упоминание за ремесленное мастерство', 2021, 'Традиции и ремесла России'),
(150, 141, 'Лидер года в архитектурной отрасли', 2019, 'Объединение строительных и архитектурных компаний'),
(151, 87, 'Исключительное мастерство в дизайне', 2018, 'Гильдия мастеров дизайна'),
(152, 37, 'Премия за инновационный подход', 2020, 'Агентство инновационного развития'),
(153, 113, 'Лучшее международное архитектурное решение', 2021, 'Всемирная архитектурная корпорация'),
(154, 130, 'Декларация за вклад в световое оформление', 2022, 'Лига световых дизайнеров'),
(155, 221, 'Командное лидерство в проектировании', 2023, 'Группировка архитекторов-предпринимателей'),
(156, 222, 'Приз зрительских симпатий', 2019, 'Ассоциация зрительских предпочтений'),
(157, 18, 'Талант в общественных пространствах', 2020, 'Институт общественных стратегий'),
(158, 51, 'Сертификат за техническое совершенство', 2021, 'Академия технических наук'),
(159, 98, 'Полярная премия в экстремальной архитектуре', 2022, 'Сообщество экстремальных архитекторов'),
(160, 183, 'Трофей за городской вклад', 2023, 'Организация городского планирования'),
(161, 187, 'Архитектурное признание года', 2018, 'Фонд архитектурных экспертов'),
(162, 138, 'Особенное внимание к общественной архитектуре', 2019, 'Лига общественных архитекторов'),
(163, 216, 'Динамическое развитие зодчества', 2020, 'Центр инновационной архитектуры'),
(164, 191, 'Орден за вклад в национальную архитектуру', 2021, 'Национальная архитектурная держава'),
(165, 47, 'Награда за внедрение технологий', 2022, 'Технологическое общество архитектора'),
(166, 159, 'Высшая премия за ландшафтный дизайн', 2023, 'Гильдия ландшафтных дизайнеров'),
(167, 209, 'Серебряный приз за жилую архитектуру', 2017, 'Комитет жилого строительства'),
(168, 209, 'Гран-при за лучшую архитектурную концепцию', 2018, 'Европейская ассоциация архитекторов'),
(169, 125, 'Премия за гармоничное пространство', 2019, 'Общество за гармонию и порядок'),
(170, 216, 'Декоративное лидерство и инновации', 2020, 'Ассоциация декоративного искусства'),
(171, 84, 'Творческий подход в архитектуре', 2021, 'Фонд творческих архитекторов'),
(172, 152, 'Архитектурный подвиг года', 2022, 'Объединение профессиональных дизайнеров'),
(173, 120, 'Венчурная награда за эксперименты в дизайне', 2023, 'Национальный исследовательский центр'),
(174, 196, 'Премия мастерства в строительных решениях', 2018, 'Институт строительных инноваций'),
(175, 134, 'Открытие года в архитектуре', 2019, 'Конгресс молодых архитекторов'),
(176, 104, 'Путеводная звезда в зодчестве', 2020, 'Академия достижения в архитектуре'),
(177, 125, 'Премьера года в архитектуре', 2021, 'Институт премьерных решений'),
(178, 34, 'Креатив за стиль и дизайн', 2022, 'Общество креативных архитекторов'),
(179, 18, 'Награда за вклад в общественное развитие', 2023, 'Центр общественного прогресса'),
(180, 114, 'Орден инноваций', 2018, 'Академия инновационных технологий'),
(181, 145, 'Выдающееся достижение в архитектуре', 2019, 'Альянс инженерии и строительства'),
(182, 143, 'Медаль за архитектурное превосходство', 2020, 'Федерация архитектурного превосходства'),
(183, 183, 'Диплом выдающегося архитектора', 2021, 'Комиссия по архитектурным достижениям'),
(184, 174, 'Почетная награда за устойчивое строительство', 2022, 'Организация устойчивого развития'),
(185, 226, 'Награда за реконструкцию общественных объектов', 2023, 'Совет по реконструкции и модернизации'),
(186, 36, 'Премия за международное влияние', 2019, 'Институт международной архитектуры'),
(187, 126, 'Лучший концептуальный подход', 2020, 'Союз архитекторов России'),
(188, 79, 'Достижение глобального значения', 2021, 'Союз архитекторов России'),
(189, 229, 'Технический прорыв года', 2022, 'Академия технического развития'),
(190, 153, 'Профессиональный стандарт качества', 2023, 'Центр профессионального улучшения'),
(191, 159, 'Экспертный приз за инженерию', 2018, 'Республика инженерных инноваций'),
(192, 212, 'Комплексная награда в области безопасности', 2019, 'Агентство безопасности строительства'),
(193, 160, 'Творческое превосходство в проектировании', 2020, 'Группировка креативных проектировщиков'),
(194, 21, 'Премия жилищного дизайна года', 2021, 'Ассоциация жилищного строительства'),
(195, 238, 'Всемирная награда за урбанистику', 2022, 'Глобальное общество урбанистов'),
(196, 96, 'Достижение в инженерных решениях', 2023, 'Форум инженерных решений'),
(197, 220, 'Признание за развитие городского пространства', 2018, 'Союз архитекторов России'),
(198, 216, 'Лучшее решение для сообществ', 2019, 'Объединение для общественных решений'),
(199, 23, 'Проект года с социальным влиянием', 2020, 'Институт социальных преобразований'),
(200, 121, 'Технологическая награда за цифровую архитектуру', 2021, 'Союз цифровых архитекторов'),
(201, 77, 'Золотой кубок инноваций', 2024, 'Институт инновационного строительства'),
(202, 7, 'Премия за культурную идентичность', 2024, 'Ассоциация культурного наследия'),
(203, 100, 'Орден за международную кооперацию', 2024, 'Глобальная архитектурная инициатива'),
(204, 169, 'Национальная премия за интерьеры', 2024, 'Лига интерьерных дизайнеров России'),
(205, 244, 'Почетное признание за ремесло', 2024, 'Общество ремесловой архитектуры'),
(206, 172, 'Медаль за стройматериалы будущего', 2024, 'Альянс инновационных материалов'),
(207, 55, 'Лидерство в ландшафтной эстетике', 2024, 'Международная ландшафтная ассоциация'),
(208, 22, 'Премия за инновации в урбанистике', 2024, 'Центр градостроительного прогресса'),
(209, 154, 'Премия за культурное возрождение', 2024, 'Академия культурного проектирования'),
(210, 19, 'Выдающийся вклад в инженерное дело', 2024, 'Гильдия инженерных профессионалов'),
(211, 163, 'Трофей за глобальную архитектуру', 2024, 'Глобальный клуб архитекторов'),
(212, 197, 'Новаторство в архитектурных формах', 2024, 'Институт новаций в архитектуре'),
(213, 36, 'Знак качества в проектировании', 2024, 'Национальный центр сертификации'),
(214, 1, 'Награда технологического опыта', 2024, 'Технический университет инноваций'),
(215, 29, 'Серебряная медаль дизайна', 2024, 'Ассоциация архитектурного дизайна'),
(216, 41, 'Диплом за лучший проект реконструкции', 2024, 'Гильдия реставраторов России'),
(217, 154, 'Премия за архитектурное лидерство', 2024, 'Комитет по архитектурной безопасности'),
(218, 90, 'Премия городского строительства', 2024, 'Общество городских строителей'),
(219, 200, 'Престижный диплом за дизайн', 2024, 'Национальная ассоциация дизайнеров'),
(220, 30, 'Наблюдатель за современными формами', 2024, 'Агентство современной архитектуры'),
(221, 168, 'Гран-при за культурные объекты', 2024, 'Комиссия по культурному развитию'),
(222, 3, 'Лидерство в устойчивом проектировании', 2024, 'Организация экологического строительства'),
(223, 159, 'Достижение в архивном деле', 2024, 'Институт архивных исследований'),
(224, 94, 'Премия за конструктивные решения', 2024, 'Ассоциация конструкторов России'),
(225, 126, 'Архитектурная премия века', 2024, 'Фонд архитектуры столетия'),
(226, 140, 'Орден за умную урбанизацию', 2024, 'Комитет по умным городам'),
(227, 73, 'Титул за эклектичный дизайн', 2024, 'Международная ассоциация эклектиков'),
(228, 23, 'Подарок за прогрессивные технологии', 2024, 'Центр прогрессивных идей'),
(229, 180, 'Почетная нота за зеленые решения', 2024, 'Объединение за экозодчество'),
(230, 112, 'Лидерство в междисциплинарных проектах', 2024, 'Институт междисциплинарных проектов'),
(231, 205, 'Высшая премия за экспрессивность', 2024, 'Ассоциация экспрессивной архитектуры'),
(232, 208, 'Награда за гармонические постройки', 2024, 'Гармоничное общество архитекторов'),
(233, 58, 'Тройной орден за достижения в дизайне', 2024, 'Ассоциация дизайнеров будущего'),
(234, 9, 'Сертификат за инновации в интерьерах', 2024, 'Клуб интерьерных инноваций'),
(235, 215, 'Признание за культурное наследие', 2024, 'Совет по культурному сохранению'),
(236, 68, 'Медаль юного архитектора', 2024, 'Национальная архитектурная школа'),
(237, 240, 'Звание за блестящий проект', 2024, 'Гильдия успешных архитекторов'),
(238, 238, 'Премия за традиционные формы', 2024, 'Центр традиционной архитектуры'),
(239, 200, 'Лидерство в археологическом наследии', 2024, 'Общество археологических исследователей'),
(240, 135, 'Приз за виртуозное проектирование', 2024, 'Ассоциация виртуозных архитекторов'),
(241, 6, 'Золотая медаль за инженерное мастерство', 2024, 'Комиссия инженерного мастерства'),
(242, 63, 'Диплом за архитектурную зрелость', 2024, 'Плата зрелых архитекторов'),
(243, 68, 'Высшая награда за реконструкцию', 2024, 'Комиссия по реконструкции и модернизации'),
(244, 150, 'Медаль за инновации в декоре', 2024, 'Институт декоративных идей'),
(245, 166, 'Почетная звезда за социальные проекты', 2024, 'Гильдия социальных архитекторов'),
(246, 178, 'Сертификат за межкультурное объединение', 2024, 'Центр межкультурной архитектуры'),
(247, 147, 'Лучший новаторский подход года', 2024, 'Академия архитектурных новшеств'),
(248, 30, 'Потенциал в национальном строительстве', 2024, 'Национальная ассоциация строителей'),
(249, 88, 'Глобальный приз за урбанистику', 2024, 'Общество городского развития'),
(250, 61, 'Знак отличия за технологии света', 2024, 'Комитет световых решений'),
(251, 174, 'Премия за многофункциональность', 2024, 'Альянс многоролетних архитекторов'),
(252, 1, 'Премьера в культурных взаимодействиях', 2024, 'Центр культурных обменов'),
(253, 61, 'Памятный приз за дизайн и креативность', 2024, 'Галерея креативного проектирования'),
(254, 229, 'Лидирующая роль в реставрации', 2024, 'Гильдия реставраторов и реконструкторов'),
(255, 128, 'Национальное признание в архитектуре', 2024, 'Федерация архитектурного признания'),
(256, 38, 'Серебряная лента за инновации', 2024, 'Общество инновационного зодчества'),
(257, 132, 'Престижная премия за энергетику', 2024, 'Ассоциация архитектурной энергетики'),
(258, 159, 'Премия за креативное использование пространства', 2024, 'Комитет пространственных переделок'),
(259, 142, 'Медаль за художественное руководство', 2024, 'Сообщество художественных руководителей'),
(260, 111, 'Лидер инновационного проектирования', 2024, 'Центр проектной деятельности'),
(261, 115, 'Почетный знак за интеграцию знаний', 2024, 'Институт междисциплинарной интеграции'),
(262, 181, 'Национальная награда за экодизайн', 2024, 'Ассоциация экологического проектирования'),
(263, 71, 'Трофей за оптимальные решения', 2024, 'Клуб инженеров-рационализаторов'),
(264, 59, 'Орден за честный подход', 2024, 'Объединение за честность в архитектуре'),
(265, 45, 'Диплом за статистические достижения', 2024, 'Институт архитектурного анализа'),
(266, 19, 'Красивый проект года', 2024, 'Премия за красотой архитектуры'),
(267, 101, 'Патентное достижение', 2024, 'Ассоциация патентов архитектуры'),
(268, 157, 'Флагманские архитектурные решения', 2024, 'Федерация флагманских технологий'),
(269, 163, 'Классическое архитектурное влияние', 2024, 'Совет классического архитектурного наследия'),
(270, 32, 'Медаль за стратегические инновации', 2024, 'Центр стратегического развития'),
(271, 249, 'Награда за новейшие технологии', 2024, 'Объединение новейших технологий'),
(272, 59, 'Премия за инженерные блестки', 2024, 'Академия инженерного мастерства'),
(273, 159, 'Титул за любопытные решения', 2024, 'Ассоциация научного поиска'),
(274, 211, 'Почетное упоминание за хороший вкус', 2024, 'Творческий союз художников-архитекторов'),
(275, 94, 'Сертификат за уровень в строительстве', 2024, 'Институт строителей России'),
(276, 183, 'Лидерство в городской культуре', 2024, 'Городской культурный клуб'),
(277, 98, 'Почетная медаль за конструктивные идеи', 2024, 'Федерация конструкторов и проектировщиков'),
(278, 192, 'Лучшая световая инсталляция', 2024, 'Объединение световых инсталляций'),
(279, 99, 'Отличие за общественные инициативы', 2024, 'Комиссия по общественным инициативам'),
(280, 149, 'Приз за смелость в дизайне', 2024, 'Национальный художественный совет'),
(281, 110, 'Достижение в исследовании металлов', 2024, 'Академия сталевых решений'),
(282, 232, 'Заслуженная награда за мультимедийные проекты', 2024, 'Институт перформативных технологий'),
(283, 35, 'Зал славы за цифровое зодчество', 2024, 'Союз цифровых архитекторов'),
(284, 203, 'Кубок за историческое внимание', 2024, 'Лига исторических перспектив'),
(285, 146, 'Серебряная цепь архитектурного мастерства', 2024, 'Центр архитектурной связи'),
(286, 97, 'Премия за национальное значение', 2024, 'Национальная ассоциация архитекторов федерального уровня'),
(287, 12, 'Орден за духовное развитие', 2024, 'Академия духовного зодчества'),
(288, 82, 'Престижная награда за культурную идентичность', 2024, 'Центр культурных исследований'),
(289, 242, 'Эффектный приз за яркий дизайн', 2024, 'Гильдия яркого зодчества'),
(290, 12, 'Подвиги в архитектурной символике', 2024, 'Федерация символического зодчества'),
(291, 30, 'Приз за лаконичность решений', 2024, 'Общество лаконичных архитектурных проектов'),
(292, 122, 'Серебряная награда за сообщество', 2024, 'Альянс архитектурных сообществ'),
(293, 250, 'Памятный знак за промышленный фокус', 2024, 'Институт промышленного проектирования'),
(294, 112, 'Импульс в архитектурной экологии', 2024, 'Организация зеленого строительства'),
(295, 117, 'Креативное влияние в природных решениях', 2024, 'Ассоциация природного креатива'),
(296, 57, 'Премия за изящество в конструкциях', 2024, 'Сообщество изящного зодчества'),
(297, 125, 'Восходящая звезда архитектуры', 2024, 'Фонд архитектурных инициатив'),
(298, 242, 'Международное достижение в киберзодчестве', 2024, 'Глобальное сообщество киберзодчих'),
(299, 9, 'Исключительная премия за инновации', 2024, 'Академия исключительного пути'),
(300, 96, 'Престижная лента за критическое мышление', 2024, 'Национальный институт критического мышления'),
(301, 85, 'Премия за стратегическое партнерство', 2024, 'Фонд международного взаимодействия'),
(302, 120, 'Выдающаяся награда за архитектурные исследования', 2024, 'Академия архитектурных знаний'),
(303, 70, 'Достижение за восстановление историй', 2024, 'Организация исторического наследия'),
(304, 6, 'Красочная премия за культурные формы', 2024, 'Союз культурных архитекторов'),
(305, 12, 'Лидерство в онлайн-дизайне', 2024, 'Институт цифрового зодчества'),
(306, 183, 'Орден за классическое зодчество', 2024, 'Национальное общество классического зодчества'),
(307, 31, 'Медаль за традиционные достижения', 2024, 'Институт традиционного дизайна'),
(308, 73, 'Почетный диплом за инженерные инновации', 2024, 'Комиссия инженерных разработок'),
(309, 75, 'Специальная награда за симметрию', 2024, 'Объединение симметричных архитекторов'),
(310, 132, 'Престижный статус за экологические инициативы', 2024, 'Лига экологической архитектуры'),
(311, 36, 'Памятная грамота за дизайн фасадов', 2024, 'Общество фасадного дизайна'),
(312, 164, 'Приз за интеграцию природных элементов', 2024, 'Клуб природного дизайна'),
(313, 2, 'Исключительная премия за культурную связь', 2024, 'Ассоциация культурных связей'),
(314, 197, 'Лидерство в модеризации архитектуры', 2024, 'Совет по архитектурным реформам'),
(315, 49, 'Выдающийся вклад в местное сообщество', 2024, 'Организация общественного влияния'),
(316, 127, 'Заслуга в архитектурных достижениях', 2024, 'Комиссия архитектурной славы'),
(317, 187, 'Золотая звезда за влияние в дизайне', 2024, 'Фонд звездного влияния'),
(318, 49, 'Орден за эстетический взгляд', 2024, 'Гильдия эстетического строительства'),
(319, 43, 'Медаль за влияние на городскую планировку', 2024, 'Федерация городских планировщиков'),
(320, 143, 'Диплом для интегрированных конструкций', 2024, 'Центр интегрированных решений'),
(321, 39, 'Премия за социальное взаимодействие', 2024, 'Общество социальных инноваций'),
(322, 83, 'Престиж для стилистического восприятия', 2024, 'Ассоциация стилистического анализа'),
(323, 93, 'Награда за архитектурные перспективы', 2024, 'Фонд архитектурных перспектив'),
(324, 152, 'Премия за инновационные динамики', 2024, 'Технический клуб инноваций'),
(325, 137, 'Высокая оценка за реконструктивные проекты', 2024, 'Институт реконструктивного анализа'),
(326, 45, 'Открытие в модернистских формах', 2024, 'Академия модернистских проектировщиков'),
(327, 92, 'Звездная награда за универсальность', 2024, 'Общество универсальной архитектуры'),
(328, 114, 'Ценность за перформативный дизайн', 2024, 'Коллектив перформативных архитекторов'),
(329, 235, 'Наименьший приз за гибкость', 2024, 'Центр для гибких решений'),
(330, 131, 'Трофей за архитектурное мастерство', 2024, 'Клуб архитектурных мастеров'),
(331, 228, 'Престижный трофей за художественный ход', 2024, 'Альянс художественного проектирования'),
(332, 11, 'Орден за оптимальное использование ресурсов', 2024, 'Объединение оптимизации ресурсов'),
(333, 121, 'Награда за уникальные световые решения', 2024, 'Институт освещения и дизайна'),
(334, 69, 'Экологическое признание за зеленые технологии', 2024, 'Совет зеленого проектирования'),
(335, 198, 'Кубок за инновационные симбиозы', 2024, 'Партнеры инновационного симбиоза'),
(336, 22, 'Лента за сохранение культурного ландшафта', 2024, 'Фонд культурного ландшафтного дизайна'),
(337, 10, 'Резонанс за вклад в традиционные практики', 2024, 'Лига традиционных практик'),
(338, 231, 'Национальный приз за арену инноваций', 2024, 'Институт арены инноваций'),
(339, 69, 'Престижный трофей за эволюцию', 2024, 'Академия архитектурной эволюции'),
(340, 149, 'Национальная заслуга для культурных обменов', 2024, 'Центр культурных взаимодействий'),
(341, 147, 'Премия за совершенство', 2024, 'Академия архитектурного совершенства'),
(342, 142, 'Бронзовая медаль за райские условия', 2024, 'Фонд райского воссоздания'),
(343, 87, 'Лидерство в символическом восприятии', 2024, 'Консорциум символической архитектуры'),
(344, 16, 'Герметичность за стойкость', 2024, 'Организация стоической архитектуры'),
(345, 248, 'Премия за источники вдохновения', 2024, 'Совет художественных пространств'),
(346, 199, 'Лидерство в урбанистических взглядах', 2024, 'Ассоциация урбанистической культуры'),
(347, 104, 'Предвосхищение за технологическое совершенство', 2024, 'Институт технологических преобразований'),
(348, 188, 'Декоративное мастерство', 2024, 'Академия декоративного искусства'),
(349, 66, 'Динамическая премия за креативность', 2024, 'Альянс креативного проектирования'),
(350, 221, 'Премия за священные темы', 2024, 'Общество сакральной архитектуры'),
(351, 29, 'Изумительная медаль за созидательные идеи', 2024, 'Совет созидательных умельцев'),
(352, 210, 'Серебряный звездоносец за трубные проектирования', 2024, 'Гильдия трубных архитекторов'),
(353, 71, 'Лучшая модель за моделирование', 2024, 'Институт инновационного моделирования'),
(354, 71, 'Знак отличия за конструктивные решения', 2024, 'Профессиональное общество конструкторов'),
(355, 127, 'Диплом за устойчивую эстетику', 2024, 'Центр устойчивого дизайна'),
(356, 9, 'Выдающаяся заслуга за гармоничное развитие', 2024, 'Организация гармоничного общественного дизайна'),
(357, 37, 'Престиж за символику', 2024, 'Альянс символических архитекторов'),
(358, 233, 'Трофей блестящих перспектив', 2024, 'Фонд архитектурного прогресса'),
(359, 2, 'Почетная грамота за новаторские процессы', 2024, 'Институт новаторских технологий'),
(360, 11, 'Титул за блестящие методы', 2024, 'Организация методических разработок'),
(361, 100, 'Научная награда за использование интуиции', 2024, 'Группа интуитивных архитекторов'),
(362, 101, 'Глобальное влияние', 2024, 'Центр глобального проектирования'),
(363, 151, 'Архитектурный миссионер', 2024, 'Сообщество архитектурных миссий'),
(364, 65, 'Выдающееся почетное звание', 2024, 'Академия выдающихся архитекторов'),
(365, 124, 'Лента за культурные свершения', 2024, 'Сообщество культурной архитектуры'),
(366, 175, 'Оценка за культурные прорывы', 2024, 'Академия культурных инноваций'),
(367, 124, 'Заслуженная медаль за междисциплинарность', 2024, 'Академия междисциплинарного строительства'),
(368, 152, 'Творческая лента за технологическое развитие', 2024, 'Ассоциация технологических нововведений'),
(369, 22, 'Декоративная гармония', 2024, 'Организация декоративного строительства'),
(370, 228, 'Достижение в международных связях', 2024, 'Совет международных связей'),
(371, 22, 'Трофей за модернизацию', 2024, 'Академия модернизации архитектуры'),
(372, 214, 'Ценность за интеграцию технологий', 2024, 'Гильдия технологической интеграции'),
(373, 137, 'Исключительные согражданства', 2024, 'Академия культурного сосуществования'),
(374, 110, 'Фантастическая лента за новаторскую архитектуру', 2024, 'Альянс фантастической архитектуры'),
(375, 76, 'Ключ к эволюции', 2024, 'Сообщество эволюционного развития'),
(376, 220, 'Престижное признание', 2024, 'Организация престижного проектирования'),
(377, 208, 'Медаль за эмоциональные контексты', 2024, 'Академия эмоционального проектирования'),
(378, 176, 'Лидерство за уникальные подходы', 2024, 'Комитет оригинальных решений'),
(379, 113, 'Образцовое признание', 2024, 'Институт высоких стандартов'),
(380, 201, 'Золотое достижение за эстетику', 2024, 'Союз эстетической архитектуры'),
(381, 163, 'Серебряная звезда за инновационные принципы', 2024, 'Федерация инновационного строительства'),
(382, 89, 'Премия за пространство', 2024, 'Творческое сообщество пространственных решений'),
(383, 106, 'Кубок за культурное наследие', 2024, 'Центр культурного наследия'),
(384, 162, 'Выдающаяся награда за новейшие технологии', 2024, 'Ассоциация новейших технологий'),
(385, 28, 'Национальный приз за зодчество', 2024, 'Национальная организация архитекторов'),
(386, 83, 'Почетное звание за целеустремленность', 2024, 'Организация целеустремленного проектирования'),
(387, 62, 'Уважение за традиционные решения', 2024, 'Академия традиционного проектирования'),
(388, 198, 'Восторг за креативную реконструкцию', 2024, 'Комитет креативной реконструкции'),
(389, 62, 'Замечательное достижение в сегрегации пространства', 2024, 'Центр пространственной организации'),
(390, 102, 'Трофей за культурное инженерное сотрудничество', 2024, 'Объединение культурного проектирования'),
(391, 160, 'Серебряная медаль за методику', 2024, 'Академия современного анализа'),
(392, 206, 'Признание за инновации в коммунальных пространствах', 2024, 'Сообщество коммунального взаимодействия'),
(393, 80, 'Государственная награда за честный вклад', 2024, 'Национальный институт архитектурной честности'),
(394, 185, 'Орден за эстетическое совершенство', 2024, 'Гильдия эстетического совершенства'),
(395, 33, 'Легендарная заслуга за межкультурное партнерство', 2024, 'Фонд межкультурного сотрудничества'),
(396, 58, 'Выдающееся мастерство в проектировании', 2024, 'Академия проектного мастерства'),
(397, 147, 'Трофей за приверженность и понимание', 2024, 'Общество преданных архитекторов'),
(398, 240, 'Высокая награда за синергию', 2024, 'Консорциум синергетического проектирования'),
(399, 38, 'Марка за эксклюзивные проекты', 2024, 'Ассоциация уникальных архитекторов'),
(400, 53, 'Памятный знак за многообразие', 2024, 'Центр многообразного зодчества'),
(401, 247, 'Элита архитектурной мысли', 2024, 'Всемирная ассоциация архитекторов'),
(402, 169, 'Золотой ореол за структурные инновации', 2024, 'Институт архитектурных структур'),
(403, 193, 'Уникальность за дизайн и концепцию', 2024, 'Комиссия концептуального дизайна'),
(404, 108, 'Возвышенное признание в рейтинговой архитектуре', 2024, 'Рейтинг-академия архитектурного мастерства'),
(405, 234, 'Ренессансный трофей за уникальные вкладки', 2024, 'Свободное общество ренессансной архитектуры'),
(406, 205, 'Гран-пассион архитектурных переломов', 2024, 'Альянс архитектурных перемен'),
(407, 216, 'Феноменальный успех', 2024, 'Сообщество феноменальной архитектуры'),
(408, 237, 'Премия за культовые проекты', 2024, 'Академия культового проектирования'),
(409, 125, 'Почетная медаль за структуру', 2024, 'Общество структурной гармонии'),
(410, 10, 'Рыцарский крест за аристократическую форму', 2024, 'Клуб формальной аристократии'),
(411, 127, 'Диплом международной кооперации', 2024, 'Международное архитектурное сообщество'),
(412, 64, 'Признание за изобретательность и ремесло', 2024, 'Центр ремесленного зодчества'),
(413, 188, 'Трофей за архитектурные инстинкты', 2024, 'Фонд интуитивной архитектуры'),
(414, 69, 'Серебряный ландыш урбанистики', 2024, 'Союз урбанистических инноваторов'),
(415, 198, 'Высшая оценка за воображение', 2024, 'Институт архитектурного воображения'),
(416, 133, 'Престижный шеврон за инженерное искусство', 2024, 'Ассоциация шедевров инженерии'),
(417, 85, 'Почетная грамота за сохранение традиций', 2024, 'Академия архитектурной традиции'),
(418, 32, 'Кубок для мастеров структурной эстетики', 2024, 'Общество архитектурной красоты и гармонии'),
(419, 167, 'Награда за вклад в глобальные инновации', 2024, 'Всемирная корпорация инновационного проектирования'),
(420, 125, 'Медаль за интеграцию', 2024, 'Комиссия инженерно-архитектурных целостностей'),
(421, 175, 'Лента за следование культурным ценностям', 2024, 'Совет культурных лидеров'),
(422, 214, 'Орден за простоту и утонченность', 2024, 'Академия неоднозначной архитектуры'),
(423, 84, 'Премия за отражение эпох и стилей', 2024, 'Времен общества злободневного дизайна'),
(424, 200, 'Диплом за художественное восприятие', 2024, 'Цветочная лига дизайнеров'),
(425, 60, 'Титул за соучастие в общественных мышлениях', 2024, 'Институт коллективных идей'),
(426, 168, 'Награда за адаптацию архитектурных решений', 2024, 'Сообщество адаптивной архитектуры'),
(427, 91, 'Декоративная гипнотика за эстетику', 2024, 'Специальный альянс декораторов'),
(428, 197, 'Медаль за нежные формы в проектировании', 2024, 'Федерация пластичной архитектуры'),
(429, 118, 'Грамота за монументальную практику', 2024, 'Совет крупных форматов'),
(430, 96, 'Орден за сложное решение и гармонию', 2024, 'Совет многими темами настоенного зодчества'),
(431, 91, 'Престижная активность в создании', 2024, 'Институт внезапных решений'),
(432, 172, 'Трофей за возрождение исторической архитектуры', 2024, 'Общество возрождающейся архитектуры'),
(433, 23, 'Лента за предводительство модернизма', 2024, 'Институт современных кульминаций'),
(434, 18, 'Мистическое признание за проектное богатство', 2024, 'Организация многообразия форм'),
(435, 183, 'Премия за мастерство в создании аркад', 2024, 'Центр уникальной архитектуры'),
(436, 66, 'Медаль за авторитет в проектировании', 2024, 'Гильдия сложных замыслов'),
(437, 28, 'Почетный трофей инноваций', 2024, 'Совет конфедерации технологического развития'),
(438, 180, 'Вместе с природой', 2024, 'Комиссия для гармонии с природой'),
(439, 11, 'Признание за прирожно-урбанистические формы', 2024, 'Академия соединений форм и пространства'),
(440, 4, 'Орден мировой оценки за уникальность проектирования', 2024, 'Всемирная коалиция уникальных проектировщиков'),
(441, 216, 'Почетная градация за роль лидера', 2024, 'Лига руководящих архетипов'),
(442, 230, 'Заслуга за интроспективный подход', 2024, 'Объединение проектных самоанализов'),
(443, 222, 'Феноменальные модели за эклектичность', 2024, 'Академическая клиника эклектики'),
(444, 154, 'Мировое признание инженерных достоинств', 2024, 'Международный институт инженерии'),
(445, 31, 'Дипломальный трофей за головокружительные эффекты', 2024, 'Центр неподражаемого эффекта'),
(446, 72, 'Глобальное сотрудничество за общность и стиль', 2024, 'Союз архитектурных стандартов'),
(447, 104, 'Архитектурный эталон', 2024, 'Центр эталонных архитекторов'),
(448, 201, 'Престижный почёт архитектора', 2024, 'Институт признания высоких достижений'),
(449, 18, 'Премьера на национальной сцене', 2024, 'Ассоциация культовых проекций'),
(450, 206, 'Орден за визуальную и интуитивную экспертизу', 2024, 'Гильдия творческого анализа'),
(451, 190, 'Декоративный форум', 2024, 'Комиссия форумных декораторов'),
(452, 77, 'Приветствие за художественное совершенство', 2024, 'Фонд аплодисментов совершенной архитектуры'),
(453, 165, 'Скандинавская медаль за ясность и целостность', 2024, 'Общество скандинавского проектирования'),
(454, 147, 'Премийная лента', 2024, 'Центр премийного проектирования'),
(455, 188, 'Лучшие архитектурные перспективы', 2024, 'Комиссия по перспективам'),
(456, 227, 'Хранители современных форм', 2024, 'Альянс современных структур'),
(457, 221, 'Энергетика и мудрость', 2024, 'Научное общество инженерного сознания'),
(458, 242, 'Руководство за внутреннее развитие', 2024, 'Лига внутреннего проектирования'),
(459, 154, 'Цвета и атмосфера', 2024, 'Фонд атмосферных прекраций'),
(460, 172, 'Социальная компетенция', 2024, 'Комиссия социокультурной архитектурной программы'),
(461, 215, 'Престижная инициатива за прорыв инноваций', 2024, 'Альянс идеальных архитектурных решений'),
(462, 117, 'Достижение за смешанные культуры', 2024, 'Общество этнического проектирования'),
(463, 166, 'Медаль за уникальную виртуозность', 2024, 'Виртуозный клуб архитекторов'),
(464, 45, 'Орден за металлические инициативы', 2024, 'Академия технологического сплава'),
(465, 89, 'Почетный медалист за интеграцию ремесла', 2024, 'Институт художественной интеграции'),
(466, 80, 'Карт-бланш за мысленное управление', 2024, 'Центр мысленной архитектуры'),
(467, 240, 'Рекордной власти орден', 2024, 'Организация рекордного управления'),
(468, 132, 'Творческая арена за сказочные формы', 2024, 'Клуб невероятных идей'),
(469, 166, 'Монументальные завоевания', 2024, 'Лига монументального возрождения'),
(470, 50, 'Лавры природы за формативность', 2024, 'Гильдия прерафаэлитского зодчества'),
(471, 249, 'Универсальная медаль', 2024, 'Академия неизменного архитектурного союза'),
(472, 220, 'Олимпийское признание', 2024, 'Фонд олимпийского вмешательства'),
(473, 70, 'Престиж за фасадные открытия', 2024, 'Институт фасадного вдохновения'),
(474, 32, 'Культовая медаль', 2024, 'Центр культового признания'),
(475, 193, 'Эндемическое наследие', 2024, 'Группа традиционного влияния'),
(476, 29, 'Премиальная статичность', 2024, 'Академия рефлексной архитектуры'),
(477, 16, 'Паритетное лидерство', 2024, 'Союз передового проектирования'),
(478, 78, 'Архитектурное исцеление', 2024, 'Организация архитектурного возобновления'),
(479, 80, 'Формативные перспективы', 2024, 'Институт перспективного дизайна'),
(480, 218, 'Почетный сертифицированный лидер', 2024, 'Альянс сертифицированной проекции'),
(481, 12, 'Национальный капитолий', 2024, 'Комиссия капитальных норм развития'),
(482, 204, 'Лавры за умный город', 2024, 'Академия умного зодчества'),
(483, 3, 'Кубок за живые фасады', 2024, 'Фонд живой архитектуры'),
(484, 18, 'Награда за удивительное сотрудничество', 2024, 'Совет партнеров гармонии'),
(485, 97, 'Труд праведных форм', 2024, 'Совет воплощения добродетели'),
(486, 218, 'Престиж социального вызова', 2024, 'Комиссия социальных начинаний'),
(487, 191, 'Мудрость планирования', 2024, 'Фонд планировочных дерзаний'),
(488, 173, 'Памятный знак за инновационное общество', 2024, 'Центр культурного единства'),
(489, 75, 'Гранатовый символ', 2024, 'Общество гранатовой символики'),
(490, 50, 'Серебряный титул за натуральные элементы', 2024, 'Союз естественного инструментария'),
(491, 117, 'Амфитеатральные перспективы', 2024, 'Организация исторического осмысления'),
(492, 237, 'Изумрудный звенящий образ', 2024, 'Ассоциация изумрудного планирования'),
(493, 31, 'Овация за изысканность', 2024, 'Коалиция изысканного вкуса'),
(494, 189, 'Почетная грамота за отход от cтандарта', 2024, 'Фонд инновационного соединения'),
(495, 33, 'Лавры за молодость дизайна', 2024, 'Академия прорыва и открытия'),
(496, 79, 'Заслуга предводителя 3D-реальности', 2024, 'Центр псевдореального проектирования'),
(497, 134, 'Лидер полутора века', 2024, 'Университет мощного зодчества'),
(498, 232, 'Эмпирическое пробуждение', 2024, 'Институт осмысленного преображения'),
(499, 193, 'Световое благословение', 2024, 'Коалиция светового взаимодействия'),
(500, 105, 'Достижение в проектировании коммун', 2024, 'Союз коммунальных архитекторов');
